isoform	n_disc	cov_GluC	cov_LysC	cov_Trypsin	cov_union	n_junc	jcov_GluC	jcov_LysC	jcov_Trypsin	jcov_union
A0AVT1-2	0	0	0	0	0	1	1	0	0	1
A0AVT1-3	21	0	0	0	0	0	0	0	0	0
A0AVT1-4	17	0	0	0	0	0	0	0	0	0
A0FGR8-2	57	0	0	28	28	0	0	0	0	0
A0FGR8-4	23	0	0	0	0	1	0	0	0	0
A0FGR8-5	6	0	0	0	0	0	0	0	0	0
A0FGR8-6	21	0	8	11	19	0	0	0	0	0
A0JLT2-2	4	0	0	0	0	0	0	0	0	0
A0JNW5-2	3	0	0	0	0	0	0	0	0	0
A0MZ66-7	0	0	0	0	0	1	0	0	0	0
A0MZ66-2	3	3	0	0	3	0	0	0	0	0
A0MZ66-3	27	0	0	0	0	0	0	0	0	0
A0MZ66-5	0	0	0	0	0	1	0	0	0	0
A0MZ66-6	6	0	0	0	0	0	0	0	0	0
A0MZ66-8	0	0	0	0	0	1	0	0	0	0
A1A5C7-2	0	0	0	0	0	1	0	0	0	0
A1A5C7-3	0	0	0	0	0	1	0	0	0	0
A1L390-2	0	0	0	0	0	1	0	0	0	0
A1L390-3	0	0	0	0	0	1	0	0	0	0
A1L4H1-2	17	0	0	0	0	0	0	0	0	0
A1XBS5-2	0	0	0	0	0	1	0	0	0	0
A1XBS5-3	12	0	0	0	0	0	0	0	0	0
A1XBS5-4	43	0	0	0	0	0	0	0	0	0
A1XBS5-5	9	0	0	0	0	0	0	0	0	0
A1Z1Q3-1	23	23	23	23	23	0	0	0	0	0
A1Z1Q3-4	23	23	23	23	23	1	0	0	0	0
A1Z1Q3-5	0	0	0	0	0	1	0	0	0	0
A1Z1Q3-6	23	19	23	23	23	1	0	0	0	0
A2A3K4-2	79	0	30	37	67	0	0	0	0	0
A2RRP1-2	0	0	0	0	0	1	0	0	0	0
A2RTX5-2	0	0	0	0	0	1	0	0	0	0
A2RU30-2	0	0	0	0	0	1	0	0	0	0
A2RU30-3	13	0	0	0	0	1	0	0	0	0
A3KMH1-3	0	0	0	0	0	1	0	0	0	0
A4D126-2	0	0	0	0	0	1	0	0	0	0
A4D161-2	0	0	0	0	0	1	1	0	1	1
A4D161-3	0	0	0	0	0	2	1	1	1	2
A4D1E9-2	0	0	0	0	0	1	0	0	0	0
A4D1E9-3	10	0	0	0	0	0	0	0	0	0
A4D1P6-2	47	0	0	0	0	0	0	0	0	0
A4D1P6-3	12	0	0	0	0	0	0	0	0	0
A4FU69-2	11	0	0	0	0	1	0	0	0	0
A4FU69-3	0	0	0	0	0	1	0	0	0	0
A4FU69-4	0	0	0	0	0	1	0	0	0	0
A4FU69-5	46	0	0	0	0	1	0	0	0	0
A4FU69-6	46	0	0	0	0	1	0	0	0	0
A5PKW4-2	0	0	0	0	0	1	0	0	0	0
A5PLN9-2	0	0	0	0	0	1	0	1	0	1
A5PLN9-4	1	0	0	1	1	1	0	1	0	1
A5PLN9-5	1	0	0	1	1	0	0	0	0	0
A5PLN9-7	13	0	0	0	0	1	0	1	0	1
A5YKK6-2	1	0	0	0	0	0	0	0	0	0
A5YKK6-3	5	0	0	0	0	0	0	0	0	0
A5YKK6-4	69	0	0	0	0	0	0	0	0	0
A5YM72-2	0	0	0	0	0	1	0	0	0	0
A5YM72-3	139	0	0	42	42	0	0	0	0	0
A5YM72-4	123	0	16	58	58	1	0	0	0	0
A5YM72-5	123	0	16	58	58	0	0	0	0	0
A6H8Y1-2	6	0	0	0	0	0	0	0	0	0
A6H8Y1-3	29	0	0	0	0	0	0	0	0	0
A6H8Y1-4	13	0	0	0	0	2	0	0	0	0
A6H8Y1-5	29	0	0	0	0	1	0	0	0	0
A6H8Y1-6	0	0	0	0	0	1	0	0	0	0
A6H8Y1-7	3	0	0	0	0	1	0	0	0	0
A6H8Y1-8	51	0	0	0	0	2	0	0	0	0
A6NC98-2	38	0	0	0	0	0	0	0	0	0
A6NC98-3	53	0	0	0	0	0	0	0	0	0
A6NC98-4	0	0	0	0	0	1	0	0	0	0
A6NC98-5	239	0	0	0	0	0	0	0	0	0
A6NC98-6	26	0	0	0	0	1	0	0	0	0
A6XGL0-2	0	0	0	0	0	1	1	0	1	1
A7E2V4-2	184	0	0	0	0	0	0	0	0	0
A7E2V4-3	13	0	0	0	0	0	0	0	0	0
A7E2V4-4	5	0	0	0	0	0	0	0	0	0
A7E2V4-5	1	0	0	0	0	0	0	0	0	0
A7E2Y1-2	0	0	0	0	0	1	0	0	0	0
A7E2Y1-3	1	0	0	0	0	0	0	0	0	0
A7KAX9-2	0	0	0	0	0	1	0	0	0	0
A7KAX9-3	37	0	0	0	0	1	0	0	0	0
A8MTZ0-2	0	0	0	0	0	1	0	0	0	0
A8MTZ0-3	0	0	0	0	0	1	0	0	0	0
A8MTZ0-4	90	0	0	0	0	0	0	0	0	0
A8MWY0-2	2	0	0	0	0	0	0	0	0	0
A8MWY0-3	1	0	0	0	0	0	0	0	0	0
A9UHW6-2	34	0	0	0	0	0	0	0	0	0
A9UHW6-3	41	0	0	0	0	0	0	0	0	0
B2RTY4-2	0	0	0	0	0	1	0	0	0	0
B2RTY4-3	1	0	0	0	0	0	0	0	0	0
B2RTY4-4	71	0	0	0	0	0	0	0	0	0
B2RTY4-5	0	0	0	0	0	1	0	0	0	0
B4DS77-2	0	0	0	0	0	1	0	0	0	0
B4DS77-3	24	0	0	0	0	0	0	0	0	0
O00115-2	0	0	0	0	0	1	0	0	0	0
O00139-1	0	0	0	0	0	1	0	0	0	0
O00139-2	1	0	0	0	0	1	0	0	0	0
O00139-4	38	38	1	1	38	0	0	0	0	0
O00139-5	0	0	0	0	0	1	0	0	0	0
O00142-2	9	0	0	0	0	0	0	0	0	0
O00142-3	0	0	0	0	0	1	0	0	0	0
O00142-4	0	0	0	0	0	1	0	0	0	0
O00142-5	0	0	0	0	0	1	0	0	0	0
O00142-6	42	0	0	0	0	0	0	0	0	0
O00154-4	14	14	14	14	14	0	0	0	0	0
O00154-2	15	14	14	14	14	0	0	0	0	0
O00154-3	53	14	14	14	14	0	0	0	0	0
O00154-5	27	0	0	0	0	0	0	0	0	0
O00154-6	5	0	5	0	5	0	0	0	0	0
O00154-7	46	14	14	14	14	0	0	0	0	0
O00161-2	1	0	0	0	0	0	0	0	0	0
O00165-2	8	0	0	0	0	0	0	0	0	0
O00165-3	0	0	0	0	0	1	0	0	0	0
O00165-4	19	0	0	0	0	0	0	0	0	0
O00165-5	0	0	0	0	0	1	0	0	0	0
O00165-6	101	0	0	0	0	0	0	0	0	0
O00192-2	5	0	0	0	0	0	0	0	0	0
O00203-3	0	0	0	0	0	1	0	0	0	0
O00213-2	0	0	0	0	0	1	0	0	0	0
O00213-3	15	0	0	0	0	1	0	0	0	0
O00213-4	0	0	0	0	0	1	0	0	0	0
O00213-5	15	0	0	0	0	0	0	0	0	0
O00213-6	4	0	0	0	0	0	0	0	0	0
O00214-2	42	0	10	4	10	0	0	0	0	0
O00231-2	1	0	0	0	0	0	0	0	0	0
O00232-2	0	0	0	0	0	1	0	0	0	0
O00233-2	24	0	0	0	0	0	0	0	0	0
O00233-3	0	0	0	0	0	1	0	0	0	0
O00241-2	0	0	0	0	0	1	0	0	0	0
O00264-2	1	0	0	0	0	0	0	0	0	0
O00267-2	0	0	0	0	0	1	0	0	0	0
O00273-2	7	0	0	0	0	0	0	0	0	0
O00291-3	0	0	0	0	0	1	0	0	0	0
O00291-4	7	0	0	0	0	0	0	0	0	0
O00305-2	14	0	0	0	0	0	0	0	0	0
O00305-3	2	0	0	0	0	0	0	0	0	0
O00305-4	0	0	0	0	0	1	0	0	0	0
O00308-2	0	0	0	0	0	1	0	0	0	0
O00308-3	0	0	0	0	0	1	0	0	0	0
O00330-2	0	0	0	0	0	1	0	0	0	0
O00330-3	34	0	0	0	0	1	0	0	0	0
O00339-2	0	0	0	0	0	1	0	0	0	0
O00339-3	0	0	0	0	0	1	0	0	0	0
O00339-4	0	0	0	0	0	1	0	0	0	0
O00408-3	16	0	0	0	0	0	0	0	0	0
O00408-2	23	23	10	0	23	0	0	0	0	0
O00408-4	14	0	0	0	0	0	0	0	0	0
O00408-5	16	0	0	0	0	1	0	0	0	0
O00408-6	81	23	10	0	23	0	0	0	0	0
O00410-2	0	0	0	0	0	1	0	0	0	0
O00410-3	18	0	0	0	0	0	0	0	0	0
O00422-2	19	0	1	0	1	0	0	0	0	0
O00423-3	19	0	19	12	19	0	0	0	0	0
O00429-2	0	0	0	0	0	1	1	0	0	1
O00429-3	0	0	0	0	0	1	0	0	1	1
O00429-4	0	0	0	0	0	1	0	0	0	0
O00429-5	0	0	0	0	0	1	0	0	0	0
O00429-6	13	0	6	6	6	0	0	0	0	0
O00429-7	39	0	0	0	0	0	0	0	0	0
O00429-8	13	0	6	6	6	1	1	0	0	1
O00429-9	13	0	6	6	6	1	0	0	0	0
O00442-2	13	0	0	0	0	0	0	0	0	0
O00445-2	77	0	0	0	0	1	0	0	0	0
O00451-2	0	0	0	0	0	1	0	0	0	0
O00451-3	0	0	0	0	0	1	0	0	0	0
O00468-2	46	0	0	0	0	0	0	0	0	0
O00468-3	0	0	0	0	0	1	1	1	1	1
O00468-4	0	0	0	0	0	1	0	0	0	0
O00468-5	0	0	0	0	0	1	0	0	0	0
O00468-6	0	0	0	0	0	2	0	2	2	2
O00468-7	0	0	0	0	0	1	0	1	1	1
O00478-2	0	0	0	0	0	2	0	0	0	0
O00499-10	15	0	0	0	0	2	2	0	0	2
O00499-11	15	0	0	0	0	2	2	0	0	2
O00499-2	0	0	0	0	0	2	2	0	0	2
O00499-3	0	0	0	0	0	1	0	0	0	0
O00499-4	0	0	0	0	0	2	1	0	0	1
O00499-5	0	0	0	0	0	1	0	0	0	0
O00499-6	0	0	0	0	0	2	2	0	0	2
O00499-7	0	0	0	0	0	2	2	0	0	2
O00499-8	15	0	0	0	0	2	2	0	0	2
O00499-9	0	0	0	0	0	2	2	0	0	2
O00506-2	0	0	0	0	0	1	0	0	0	0
O00506-3	0	0	0	0	0	1	0	0	0	0
O00522-2	0	0	0	0	0	1	0	0	0	0
O00522-3	0	0	0	0	0	1	0	0	0	0
O00533-2	17	0	2	2	2	0	0	0	0	0
O00534-2	34	0	0	0	0	0	0	0	0	0
O00534-4	2	0	0	0	0	0	0	0	0	0
O00555-2	6	0	0	1	1	0	0	0	0	0
O00555-3	16	0	6	10	10	0	0	0	0	0
O00555-4	16	0	6	10	10	1	0	0	0	0
O00555-5	1	0	0	1	1	1	0	0	0	0
O00555-6	1	0	0	1	1	2	0	0	0	0
O00559-2	45	0	0	0	0	0	0	0	0	0
O00560-2	0	0	0	0	0	1	0	0	1	1
O00560-3	0	0	0	0	0	1	0	0	0	0
O00562-2	0	0	0	0	0	1	0	0	0	0
O00571-2	1	0	0	0	0	0	0	0	0	0
O00584-2	31	0	0	0	0	0	0	0	0	0
O00592-2	1	0	0	0	0	0	0	0	0	0
O00743-2	0	0	0	0	0	1	0	0	0	0
O00743-3	37	0	0	0	0	0	0	0	0	0
O00754-2	0	0	0	0	0	1	0	0	0	0
O00764-2	0	0	0	0	0	1	0	0	0	0
O00764-3	0	0	0	0	0	1	0	0	0	0
O14490-2	12	0	12	12	12	0	0	0	0	0
O14490-3	33	0	12	12	12	0	0	0	0	0
O14490-4	20	0	0	0	0	0	0	0	0	0
O14490-5	27	0	0	0	0	1	0	0	0	0
O14490-6	22	0	18	22	22	0	0	0	0	0
O14490-7	21	0	0	0	0	0	0	0	0	0
O14497-2	0	0	0	0	0	1	0	0	0	0
O14497-3	0	0	0	0	0	1	0	0	0	0
O14522-1	22	0	0	0	0	0	0	0	0	0
O14523-2	2	0	0	0	0	0	0	0	0	0
O14525-2	0	0	0	0	0	1	0	0	0	0
O14525-3	0	0	0	0	0	1	0	0	0	0
O14526-2	6	0	0	0	0	0	0	0	0	0
O14526-3	0	0	0	0	0	1	0	0	0	0
O14530-2	1	0	0	0	0	0	0	0	0	0
O14545-2	22	0	0	0	0	0	0	0	0	0
O14576-2	0	0	0	0	0	1	1	1	1	1
O14576-3	0	0	0	0	0	2	1	2	1	2
O14576-4	30	0	0	0	0	2	1	2	1	2
O14576-5	0	0	0	0	0	1	0	1	0	1
O14578-2	2	0	0	0	0	0	0	0	0	0
O14578-3	0	0	0	0	0	3	0	2	2	3
O14578-4	42	13	34	29	42	0	0	0	0	0
O14579-2	1	0	0	0	0	0	0	0	0	0
O14579-3	0	0	0	0	0	1	0	0	0	0
O14617-2	50	0	50	16	50	1	0	0	0	0
O14617-3	0	0	0	0	0	1	0	0	0	0
O14617-4	0	0	0	0	0	1	0	0	0	0
O14617-5	62	0	17	17	17	0	0	0	0	0
O14639-4	0	0	0	0	0	3	0	0	1	1
O14639-2	20	0	0	0	0	0	0	0	0	0
O14639-3	0	0	0	0	0	2	0	0	1	1
O14639-5	28	0	0	0	0	2	0	0	1	1
O14639-6	50	0	2	2	2	0	0	0	0	0
O14647-2	21	0	0	0	0	0	0	0	0	0
O14653-2	18	0	0	0	0	0	0	0	0	0
O14653-3	36	0	0	0	0	0	0	0	0	0
O14656-2	39	0	0	0	0	0	0	0	0	0
O14662-5	0	0	0	0	0	1	0	0	0	0
O14662-2	0	0	0	0	0	1	0	0	0	0
O14662-3	1	0	0	0	0	1	0	0	0	0
O14662-4	0	0	0	0	0	1	0	0	0	0
O14662-6	0	0	0	0	0	1	0	1	1	1
O14668-2	24	0	0	0	0	0	0	0	0	0
O14672-2	0	0	0	0	0	1	0	0	0	0
O14730-2	0	0	0	0	0	1	0	0	0	0
O14733-2	43	0	0	0	0	0	0	0	0	0
O14733-3	17	0	0	0	0	0	0	0	0	0
O14733-4	7	0	0	0	0	0	0	0	0	0
O14737-2	41	0	0	0	0	0	0	0	0	0
O14744-2	16	0	0	0	0	0	0	0	0	0
O14744-3	16	0	0	0	0	1	0	0	0	0
O14744-4	16	0	0	0	0	1	0	0	0	0
O14744-5	0	0	0	0	0	1	0	0	0	0
O14745-2	0	0	0	0	0	1	0	0	0	0
O14763-2	0	0	0	0	0	1	0	0	0	0
O14773-2	0	0	0	0	0	1	0	0	0	0
O14775-2	0	0	0	0	0	1	0	0	0	0
O14775-3	0	0	0	0	0	2	0	0	0	0
O14776-2	0	0	0	0	0	1	0	0	0	0
O14787-2	0	0	0	0	0	1	0	0	0	0
O14791-2	16	0	0	1	1	0	0	0	0	0
O14791-3	0	0	0	0	0	1	0	0	0	0
O14795-2	19	0	0	0	0	0	0	0	0	0
O14807-2	0	0	0	0	0	1	0	0	0	0
O14818-2	0	0	0	0	0	1	0	0	0	0
O14818-4	33	0	0	0	0	0	0	0	0	0
O14828-2	0	0	0	0	0	1	0	0	0	0
O14829-2	0	0	0	0	0	1	0	0	0	0
O14829-3	0	0	0	0	0	1	0	0	0	0
O14829-4	21	0	0	0	0	0	0	0	0	0
O14829-5	0	0	0	0	0	1	0	0	0	0
O14893-2	0	0	0	0	0	1	0	0	0	0
O14893-3	2	0	0	0	0	0	0	0	0	0
O14893-4	14	0	0	0	0	0	0	0	0	0
O14893-5	0	0	0	0	0	1	0	0	0	0
O14908-2	0	0	0	0	0	1	0	0	0	0
O14917-2	14	0	0	0	0	0	0	0	0	0
O14920-2	28	0	0	0	0	0	0	0	0	0
O14920-3	19	0	0	0	0	0	0	0	0	0
O14920-4	5	0	0	0	0	0	0	0	0	0
O14924-5	20	0	0	0	0	0	0	0	0	0
O14924-2	4	0	0	0	0	1	0	0	0	0
O14924-3	17	0	0	0	0	0	0	0	0	0
O14924-4	4	0	0	0	0	0	0	0	0	0
O14924-6	40	0	0	0	0	1	0	0	0	0
O14924-7	24	0	0	0	0	1	0	0	0	0
O14929-2	0	0	0	0	0	1	0	0	0	0
O14933-2	0	0	0	0	0	1	0	0	0	0
O14936-4	0	0	0	0	0	2	0	2	2	2
O14936-2	0	0	0	0	0	1	0	1	1	1
O14936-3	0	0	0	0	0	2	0	1	1	1
O14936-5	0	0	0	0	0	2	0	1	1	1
O14936-6	0	0	0	0	0	2	0	1	1	1
O14939-4	1	0	0	0	0	0	0	0	0	0
O14964-2	0	0	0	0	0	1	0	0	0	0
O14967-2	0	0	0	0	0	2	0	0	0	0
O14972-2	0	0	0	0	0	1	0	0	0	0
O14974-2	0	0	0	0	0	1	0	0	0	0
O14974-3	0	0	0	0	0	1	0	1	0	1
O14974-4	0	0	0	0	0	1	0	0	1	1
O14974-5	0	0	0	0	0	1	0	0	0	0
O14976-2	0	0	0	0	0	1	0	1	1	1
O14979-2	0	0	0	0	0	1	0	1	1	1
O14979-3	0	0	0	0	0	2	0	1	1	1
O15013-4	0	0	0	0	0	1	0	0	0	0
O15013-5	0	0	0	0	0	2	1	0	0	1
O15013-6	0	0	0	0	0	1	0	0	0	0
O15013-7	0	0	0	0	0	2	1	0	0	1
O15018-2	4	0	0	0	0	3	0	0	0	0
O15020-2	52	0	0	0	0	0	0	0	0	0
O15021-2	27	0	0	0	0	0	0	0	0	0
O15021-3	19	0	0	0	0	0	0	0	0	0
O15021-4	22	0	0	0	0	0	0	0	0	0
O15021-6	41	0	0	0	0	0	0	0	0	0
O15027-2	0	0	0	0	0	1	0	0	0	0
O15027-3	0	0	0	0	0	1	0	0	0	0
O15027-4	0	0	0	0	0	1	0	0	0	0
O15027-5	22	0	0	0	0	0	0	0	0	0
O15034-2	0	0	0	0	0	2	0	0	0	0
O15034-3	5	0	0	0	0	1	0	0	0	0
O15040-2	4	0	0	0	0	0	0	0	0	0
O15042-2	0	0	0	0	0	1	0	0	0	0
O15042-3	11	0	0	0	0	0	0	0	0	0
O15056-2	0	0	0	0	0	1	0	0	0	0
O15056-3	37	0	0	0	0	0	0	0	0	0
O15061-2	0	0	0	0	0	1	1	0	1	1
O15061-3	4	0	0	0	0	0	0	0	0	0
O15066-2	0	0	0	0	0	2	0	0	0	0
O15068-10	51	16	0	0	16	0	0	0	0	0
O15068-2	58	0	0	0	0	0	0	0	0	0
O15068-3	29	0	0	0	0	0	0	0	0	0
O15068-4	24	0	0	0	0	0	0	0	0	0
O15068-5	0	0	0	0	0	1	0	0	0	0
O15068-6	24	0	0	7	7	0	0	0	0	0
O15068-8	31	0	0	0	0	0	0	0	0	0
O15068-9	52	16	0	7	23	0	0	0	0	0
O15075-2	43	0	0	8	8	0	0	0	0	0
O15075-3	48	0	0	8	8	0	0	0	0	0
O15075-4	5	0	0	0	0	0	0	0	0	0
O15079-2	44	0	0	36	36	0	0	0	0	0
O15084-1	41	0	0	0	0	0	0	0	0	0
O15084-2	0	0	0	0	0	1	0	0	0	0
O15084-4	38	0	0	0	0	0	0	0	0	0
O15085-2	40	15	0	37	37	0	0	0	0	0
O15117-2	46	0	11	11	11	0	0	0	0	0
O15117-3	56	0	11	11	11	0	0	0	0	0
O15160-2	35	0	0	0	0	0	0	0	0	0
O15164-2	0	0	0	0	0	1	0	0	0	0
O15165-2	0	0	0	0	0	1	0	0	0	0
O15165-3	2	0	0	0	0	0	0	0	0	0
O15165-4	2	0	0	0	0	1	0	0	0	0
O15165-5	0	0	0	0	0	1	0	0	0	0
O15165-6	23	0	0	0	0	0	0	0	0	0
O15165-7	23	0	0	0	0	1	0	0	0	0
O15165-8	12	0	0	0	0	0	0	0	0	0
O15173-2	24	0	0	0	0	0	0	0	0	0
O15194-2	0	0	0	0	0	1	0	0	0	0
O15197-2	0	0	0	0	0	1	0	0	0	0
O15197-3	45	0	0	0	0	1	0	0	0	0
O15211-2	39	0	0	0	0	1	0	0	0	0
O15228-2	0	0	0	0	0	1	0	0	0	0
O15230-2	58	0	0	0	0	0	0	0	0	0
O15231-2	4	0	1	1	1	2	0	0	0	0
O15231-3	1	0	1	1	1	0	0	0	0	0
O15231-4	0	0	0	0	0	1	0	0	0	0
O15231-5	2	0	0	0	0	2	0	0	0	0
O15231-6	32	0	0	0	0	0	0	0	0	0
O15231-7	0	0	0	0	0	1	0	0	0	0
O15231-8	32	0	0	0	0	1	0	0	0	0
O15231-9	33	0	0	0	0	1	0	0	0	0
O15254-2	15	0	0	0	0	0	0	0	0	0
O15259-2	0	0	0	0	0	1	0	0	0	0
O15259-3	0	0	0	0	0	2	0	0	0	0
O15259-4	1	0	0	0	0	0	0	0	0	0
O15260-2	3	0	0	0	0	0	0	0	0	0
O15260-3	9	0	0	0	0	0	0	0	0	0
O15269-2	1	0	0	0	0	0	0	0	0	0
O15294-2	46	0	0	0	0	0	0	0	0	0
O15294-3	0	0	0	0	0	1	1	0	1	1
O15294-4	0	0	0	0	0	1	0	0	0	0
O15305-2	3	0	0	0	0	0	0	0	0	0
O15321-2	11	0	0	0	0	0	0	0	0	0
O15327-2	7	0	0	0	0	0	0	0	0	0
O15357-2	0	0	0	0	0	1	0	0	0	0
O15371-2	0	0	0	0	0	1	0	0	0	0
O15371-3	0	0	0	0	0	1	0	0	0	0
O15379-2	15	0	0	15	15	0	0	0	0	0
O15394-2	43	0	0	0	0	0	0	0	0	0
O15400-2	8	0	0	0	0	0	0	0	0	0
O15446-2	2	0	0	0	0	0	0	0	0	0
O15488-2	0	0	0	0	0	1	0	0	0	0
O15488-3	0	0	0	0	0	1	0	0	0	0
O15488-4	0	0	0	0	0	1	0	0	1	1
O15488-6	0	0	0	0	0	1	0	0	0	0
O15498-2	0	0	0	0	0	1	0	0	0	0
O15511-2	4	0	0	0	0	0	0	0	0	0
O15523-2	11	0	0	0	0	0	0	0	0	0
O15523-3	5	0	0	0	0	0	0	0	0	0
O15530-2	0	0	0	0	0	1	0	1	1	1
O15530-3	0	0	0	0	0	1	0	0	0	0
O15530-4	1	0	0	0	0	0	0	0	0	0
O15530-5	7	0	0	0	0	0	0	0	0	0
O15540-2	50	0	0	0	0	0	0	0	0	0
O43148-2	40	0	0	0	0	0	0	0	0	0
O43149-2	17	0	0	0	0	1	0	0	0	0
O43149-3	7	0	0	1	1	0	0	0	0	0
O43150-2	1	0	0	0	0	0	0	0	0	0
O43157-2	0	0	0	0	0	1	0	0	0	0
O43157-3	46	0	0	0	0	0	0	0	0	0
O43164-2	0	0	0	0	0	1	0	0	0	0
O43166-2	0	0	0	0	0	1	0	0	0	0
O43166-3	0	0	0	0	0	2	0	0	0	0
O43172-2	0	0	0	0	0	1	1	1	0	1
O43236-6	24	0	0	0	0	1	1	0	0	1
O43236-2	0	0	0	0	0	1	1	0	0	1
O43236-3	11	0	0	0	0	0	0	0	0	0
O43236-4	34	0	0	0	0	0	0	0	0	0
O43236-5	0	0	0	0	0	1	0	1	0	1
O43236-7	534	0	0	0	0	0	0	0	0	0
O43236-8	553	0	0	0	0	0	0	0	0	0
O43237-2	1	0	0	0	0	0	0	0	0	0
O43242-2	2	0	0	0	0	1	0	0	0	0
O43251-10	7	0	0	0	0	0	0	0	0	0
O43251-2	8	0	0	0	0	0	0	0	0	0
O43251-3	8	0	0	0	0	1	0	0	0	0
O43251-4	73	0	0	0	0	0	0	0	0	0
O43251-5	8	0	0	0	0	0	0	0	0	0
O43251-6	60	0	0	22	22	0	0	0	0	0
O43251-7	79	0	0	0	0	0	0	0	0	0
O43251-8	61	0	0	22	22	0	0	0	0	0
O43251-9	75	0	0	0	0	0	0	0	0	0
O43272-1	10	0	0	0	0	0	0	0	0	0
O43272-2	0	0	0	0	0	1	0	0	0	0
O43281-2	0	0	0	0	0	1	0	0	0	0
O43281-3	0	0	0	0	0	2	0	0	0	0
O43293-2	10	0	0	0	0	0	0	0	0	0
O43294-2	0	0	0	0	0	1	0	0	0	0
O43295-2	10	0	0	2	2	0	0	0	0	0
O43295-3	5	0	0	0	0	0	0	0	0	0
O43303-2	24	0	0	0	0	0	0	0	0	0
O43307-2	9	0	0	0	0	0	0	0	0	0
O43307-3	0	0	0	0	0	1	0	0	0	0
O43310-2	2	0	2	2	2	0	0	0	0	0
O43312-2	0	0	0	0	0	2	1	0	0	1
O43312-4	33	0	0	0	0	0	0	0	0	0
O43312-5	4	0	0	0	0	0	0	0	0	0
O43318-2	0	0	0	0	0	1	0	0	0	0
O43318-3	10	0	0	0	0	0	0	0	0	0
O43318-4	10	0	0	0	0	1	0	0	0	0
O43324-2	11	0	0	0	0	0	0	0	0	0
O43353-2	0	0	0	0	0	1	0	0	0	0
O43390-2	3	0	3	3	3	0	0	0	0	0
O43390-3	0	0	0	0	0	1	0	0	0	0
O43390-4	3	0	3	3	3	1	1	0	0	1
O43395-3	15	0	0	0	0	1	0	0	0	0
O43399-2	0	0	0	0	0	1	1	1	1	1
O43399-3	23	0	0	21	21	1	1	1	1	1
O43399-4	14	0	0	14	14	1	1	1	1	1
O43399-5	14	0	0	14	14	0	0	0	0	0
O43399-6	0	0	0	0	0	2	1	1	1	1
O43399-7	23	0	0	23	23	0	0	0	0	0
O43405-2	2	0	0	0	0	0	0	0	0	0
O43424-2	0	0	0	0	0	1	0	0	0	0
O43426-2	3	3	0	3	3	0	0	0	0	0
O43426-4	3	3	0	3	3	1	0	0	0	0
O43426-5	3	0	0	0	0	1	0	1	0	1
O43432-2	17	0	0	0	0	0	0	0	0	0
O43432-3	7	0	0	0	0	1	1	0	0	1
O43432-4	0	0	0	0	0	1	0	0	0	0
O43447-2	7	0	0	0	0	0	0	0	0	0
O43464-2	0	0	0	0	0	2	0	0	0	0
O43464-3	10	0	0	0	0	1	0	0	0	0
O43464-4	58	0	0	0	0	0	0	0	0	0
O43491-2	0	0	0	0	0	1	1	0	0	1
O43491-3	0	0	0	0	0	1	1	1	1	1
O43491-4	0	0	0	0	0	2	2	0	1	2
O43493-3	17	0	0	0	0	0	0	0	0	0
O43493-5	11	0	0	0	0	0	0	0	0	0
O43493-4	0	0	0	0	0	1	0	0	1	1
O43493-6	0	0	0	0	0	2	0	0	1	1
O43493-7	18	0	0	0	0	0	0	0	0	0
O43526-2	0	0	0	0	0	1	0	1	1	1
O43526-3	0	0	0	0	0	2	0	1	1	1
O43526-4	0	0	0	0	0	2	0	0	0	0
O43526-5	0	0	0	0	0	2	0	1	1	1
O43526-6	18	0	0	0	0	0	0	0	0	0
O43556-3	27	0	0	0	0	1	0	0	0	0
O43556-4	25	0	0	0	0	0	0	0	0	0
O43566-4	3	0	0	0	0	1	0	0	0	0
O43566-5	1	1	1	1	1	1	0	0	0	0
O43566-6	1	1	1	1	1	1	0	0	0	0
O43567-2	16	0	0	0	0	0	0	0	0	0
O43570-2	0	0	0	0	0	1	0	0	0	0
O43581-2	75	0	45	52	55	0	0	0	0	0
O43581-3	284	11	73	136	139	0	0	0	0	0
O43581-4	209	11	0	83	83	0	0	0	0	0
O43581-5	119	0	45	81	84	0	0	0	0	0
O43581-6	44	0	19	29	32	0	0	0	0	0
O43586-2	11	0	0	0	0	0	0	0	0	0
O43598-2	23	0	0	0	0	0	0	0	0	0
O43602-2	0	0	0	0	0	1	0	0	0	0
O43617-2	0	0	0	0	0	1	0	0	1	1
O43660-2	0	0	0	0	0	1	0	0	0	0
O43663-2	0	0	0	0	0	2	0	0	0	0
O43663-3	9	0	0	0	0	1	0	0	0	0
O43663-4	0	0	0	0	0	1	0	0	0	0
O43665-1	7	0	0	0	0	0	0	0	0	0
O43665-2	2	0	2	2	2	0	0	0	0	0
O43670-2	16	0	0	0	0	1	0	0	0	0
O43670-3	16	0	0	0	0	1	0	0	0	0
O43670-4	16	0	0	0	0	0	0	0	0	0
O43674-2	0	0	0	0	0	1	0	0	0	0
O43678-2	6	0	0	0	0	0	0	0	0	0
O43684-2	0	0	0	0	0	1	0	0	0	0
O43707-2	0	0	0	0	0	1	0	0	0	0
O43707-3	0	0	0	0	0	1	0	0	0	0
O43708-2	0	0	0	0	0	1	0	0	0	0
O43708-3	0	0	0	0	0	1	0	0	0	0
O43739-2	0	0	0	0	0	1	0	0	0	0
O43741-2	24	0	0	0	0	0	0	0	0	0
O43747-2	3	0	0	1	1	0	0	0	0	0
O43752-2	0	0	0	0	0	1	0	0	0	0
O43766-2	3	0	0	0	0	0	0	0	0	0
O43766-3	0	0	0	0	0	1	0	0	0	0
O43768-8	44	0	0	0	0	0	0	0	0	0
O43768-3	16	0	0	0	0	0	0	0	0	0
O43768-4	23	0	0	0	0	0	0	0	0	0
O43768-5	14	0	0	0	0	0	0	0	0	0
O43768-6	14	0	0	0	0	0	0	0	0	0
O43768-7	30	0	0	0	0	0	0	0	0	0
O43768-9	16	0	0	0	0	0	0	0	0	0
O43776-2	27	0	0	0	0	0	0	0	0	0
O43795-2	0	0	0	0	0	1	0	1	0	1
O43815-2	1	0	0	0	0	1	0	0	0	0
O43822-2	0	0	0	0	0	2	0	0	0	0
O43822-3	0	0	0	0	0	1	0	0	0	0
O43822-4	120	0	0	0	0	1	0	0	0	0
O43837-2	18	9	0	0	9	0	0	0	0	0
O43837-3	21	0	0	0	0	0	0	0	0	0
O43847-2	68	0	0	0	0	0	0	0	0	0
O43852-10	9	0	0	0	0	0	0	0	0	0
O43852-11	6	0	0	0	0	0	0	0	0	0
O43852-13	1	0	0	0	0	0	0	0	0	0
O43852-14	9	0	0	0	0	0	0	0	0	0
O43852-15	0	0	0	0	0	1	0	0	0	0
O43852-2	38	16	7	7	18	0	0	0	0	0
O43852-3	8	0	0	0	0	0	0	0	0	0
O43852-4	46	16	7	7	18	0	0	0	0	0
O43852-5	0	0	0	0	0	1	0	0	0	0
O43852-6	0	0	0	0	0	1	0	0	0	0
O43852-7	46	16	7	7	18	0	0	0	0	0
O43852-8	38	16	7	7	18	1	1	1	1	1
O43852-9	0	0	0	0	0	1	0	1	1	1
O43865-2	0	0	0	0	0	1	0	0	0	0
O60229-2	11	0	0	0	0	0	0	0	0	0
O60229-4	20	0	0	6	6	0	0	0	0	0
O60229-5	9	0	0	0	0	2	0	0	1	1
O60229-6	20	0	0	6	6	1	0	0	1	1
O60237-2	6	0	0	0	0	0	0	0	0	0
O60237-3	44	0	0	11	11	1	0	0	0	0
O60237-4	0	0	0	0	0	1	0	0	0	0
O60237-5	26	0	0	0	0	0	0	0	0	0
O60237-6	61	0	0	13	13	0	0	0	0	0
O60238-2	0	0	0	0	0	1	0	0	0	0
O60239-2	0	0	0	0	0	1	1	0	0	1
O60241-2	0	0	0	0	0	1	0	1	1	1
O60241-3	0	0	0	0	0	1	0	0	0	0
O60241-4	0	0	0	0	0	2	0	1	1	1
O60242-2	0	0	0	0	0	1	0	0	0	0
O60245-2	13	0	0	0	0	0	0	0	0	0
O60256-2	0	0	0	0	0	1	0	0	0	0
O60256-3	0	0	0	0	0	1	0	0	0	0
O60256-4	0	0	0	0	0	1	0	0	0	0
O60260-5	26	0	0	0	0	0	0	0	0	0
O60260-2	0	0	0	0	0	1	0	0	0	0
O60260-3	4	0	0	0	0	1	0	0	0	0
O60260-4	0	0	0	0	0	1	0	0	0	0
O60260-6	0	0	0	0	0	1	0	0	0	0
O60260-7	0	0	0	0	0	2	0	0	0	0
O60260-8	0	0	0	0	0	1	0	0	0	0
O60266-2	22	0	0	0	0	2	0	0	0	0
O60268-3	0	0	0	0	0	1	0	0	0	0
O60271-3	8	0	0	0	0	0	0	0	0	0
O60271-5	8	0	0	0	0	1	1	0	1	1
O60271-2	4	0	0	0	0	1	1	0	1	1
O60271-4	0	0	0	0	0	1	1	0	1	1
O60271-9	62	0	0	0	0	1	1	0	1	1
O60281-2	0	0	0	0	0	2	0	0	0	0
O60282-2	4	0	0	0	0	0	0	0	0	0
O60285-2	21	0	0	0	0	0	0	0	0	0
O60291-2	37	0	0	0	0	0	0	0	0	0
O60291-3	37	0	0	0	0	1	0	0	0	0
O60291-4	0	0	0	0	0	1	0	0	0	0
O60296-2	11	0	0	0	0	0	0	0	0	0
O60299-2	0	0	0	0	0	1	0	0	0	0
O60313-10	55	10	35	36	37	0	0	0	0	0
O60313-2	37	10	35	34	35	0	0	0	0	0
O60313-9	37	10	35	36	37	1	0	0	0	0
O60313-11	18	0	0	0	0	0	0	0	0	0
O60313-13	0	0	0	0	0	1	0	0	0	0
O60315-2	0	0	0	0	0	1	0	0	0	0
O60331-2	60	0	0	0	0	0	0	0	0	0
O60331-3	64	0	0	0	0	0	0	0	0	0
O60333-2	1	0	0	0	0	1	0	0	0	0
O60333-3	463	0	0	0	0	1	0	0	0	0
O60333-4	20	0	0	0	0	0	0	0	0	0
O60341-2	24	0	0	0	0	0	0	0	0	0
O60343-2	0	0	0	0	0	1	0	0	1	1
O60343-3	0	0	0	0	0	1	0	0	0	0
O60343-4	0	0	0	0	0	2	0	0	0	0
O60343-5	0	0	0	0	0	1	0	0	0	0
O60346-2	0	0	0	0	0	1	0	0	0	0
O60443-2	0	0	0	0	0	1	0	0	0	0
O60443-3	0	0	0	0	0	1	0	0	0	0
O60447-2	11	0	11	0	11	0	0	0	0	0
O60462-2	0	0	0	0	0	1	0	0	0	0
O60462-3	0	0	0	0	0	1	0	0	0	0
O60462-4	89	0	8	0	8	0	0	0	0	0
O60462-5	90	0	8	0	8	0	0	0	0	0
O60462-6	8	0	0	0	0	0	0	0	0	0
O60488-2	0	0	0	0	0	1	0	0	0	0
O60493-2	0	0	0	0	0	1	0	0	0	0
O60493-3	24	0	0	0	0	0	0	0	0	0
O60493-4	0	0	0	0	0	1	0	0	0	0
O60499-2	0	0	0	0	0	1	0	0	0	0
O60502-2	0	0	0	0	0	2	0	0	0	0
O60502-3	13	0	0	0	0	0	0	0	0	0
O60502-4	0	0	0	0	0	1	0	0	0	0
O60504-2	0	0	0	0	0	1	0	0	1	1
O60506-4	13	0	0	0	0	1	0	0	0	0
O60506-2	0	0	0	0	0	1	0	0	0	0
O60506-3	13	0	0	0	0	0	0	0	0	0
O60506-5	23	0	0	0	0	0	0	0	0	0
O60524-2	14	0	0	0	0	0	0	0	0	0
O60524-3	0	0	0	0	0	1	0	0	0	0
O60524-4	0	0	0	0	0	1	0	0	0	0
O60524-5	0	0	0	0	0	1	0	0	0	0
O60547-2	3	0	0	0	0	0	0	0	0	0
O60610-2	0	0	0	0	0	3	0	0	0	0
O60610-3	0	0	0	0	0	1	0	0	0	0
O60613-2	19	0	0	0	0	0	0	0	0	0
O60641-3	1	0	0	0	0	2	0	0	0	0
O60641-4	1	0	0	0	0	1	0	0	0	0
O60664-2	0	0	0	0	0	1	0	0	0	0
O60664-3	0	0	0	0	0	1	0	0	0	0
O60664-4	0	0	0	0	0	1	0	1	1	1
O60701-2	0	0	0	0	0	1	0	0	0	0
O60701-3	0	0	0	0	0	1	0	0	0	0
O60711-2	8	0	0	0	0	0	0	0	0	0
O60716-10	0	0	0	0	0	2	0	0	0	0
O60716-11	0	0	0	0	0	2	0	1	1	1
O60716-12	0	0	0	0	0	2	0	0	1	1
O60716-13	0	0	0	0	0	3	0	1	1	1
O60716-14	0	0	0	0	0	3	0	0	1	1
O60716-15	0	0	0	0	0	3	0	1	2	2
O60716-16	0	0	0	0	0	4	0	1	2	2
O60716-17	0	0	0	0	0	1	0	1	1	1
O60716-18	0	0	0	0	0	2	0	1	1	1
O60716-19	0	0	0	0	0	2	0	2	2	2
O60716-2	0	0	0	0	0	1	0	0	0	0
O60716-20	0	0	0	0	0	2	0	1	2	2
O60716-21	0	0	0	0	0	3	0	2	2	2
O60716-22	0	0	0	0	0	3	0	1	2	2
O60716-23	0	0	0	0	0	3	0	2	3	3
O60716-24	0	0	0	0	0	4	0	2	3	3
O60716-25	0	0	0	0	0	1	0	0	0	0
O60716-26	0	0	0	0	0	2	0	0	0	0
O60716-27	0	0	0	0	0	2	0	1	1	1
O60716-28	0	0	0	0	0	2	0	0	1	1
O60716-29	0	0	0	0	0	3	0	1	1	1
O60716-3	0	0	0	0	0	1	0	1	1	1
O60716-30	0	0	0	0	0	3	0	0	1	1
O60716-31	0	0	0	0	0	3	0	1	2	2
O60716-32	0	0	0	0	0	4	0	1	2	2
O60716-4	0	0	0	0	0	1	0	0	1	1
O60716-5	0	0	0	0	0	2	0	1	1	1
O60716-6	0	0	0	0	0	2	0	0	1	1
O60716-7	0	0	0	0	0	2	0	1	2	2
O60716-8	0	0	0	0	0	3	0	1	2	2
O60716-9	0	0	0	0	0	1	0	0	0	0
O60733-2	1	0	1	1	1	0	0	0	0	0
O60733-3	3	0	0	0	0	0	0	0	0	0
O60733-4	44	0	0	0	0	1	0	0	0	0
O60749-2	0	0	0	0	0	1	0	0	0	0
O60763-2	11	0	0	0	0	0	0	0	0	0
O60784-2	2	2	0	2	2	0	0	0	0	0
O60784-3	0	0	0	0	0	1	0	0	0	0
O60784-4	2	2	0	2	2	1	0	0	0	0
O60825-2	18	18	0	18	18	0	0	0	0	0
O60828-10	1	0	0	0	0	0	0	0	0	0
O60828-2	0	0	0	0	0	1	0	0	0	0
O60828-3	32	0	0	0	0	0	0	0	0	0
O60828-4	0	0	0	0	0	1	0	0	0	0
O60828-5	0	0	0	0	0	1	0	0	0	0
O60828-6	1	0	0	0	0	0	0	0	0	0
O60828-7	24	0	0	0	0	0	0	0	0	0
O60828-8	19	0	0	0	0	0	0	0	0	0
O60828-9	7	0	0	0	0	0	0	0	0	0
O60832-2	1	0	0	0	0	0	0	0	0	0
O60861-1	0	0	0	0	0	1	0	0	0	0
O60861-2	11	0	0	0	0	1	0	0	0	0
O60861-4	0	0	0	0	0	1	1	0	0	1
O60869-2	10	0	0	0	0	0	0	0	0	0
O60869-3	13	0	0	0	0	0	0	0	0	0
O60879-2	16	0	0	0	0	0	0	0	0	0
O60879-3	7	0	0	0	0	1	0	0	0	0
O60885-2	3	0	0	0	0	0	0	0	0	0
O60885-3	69	0	0	0	0	0	0	0	0	0
O60888-2	29	0	0	0	0	0	0	0	0	0
O60888-3	0	0	0	0	0	1	0	0	0	0
O60890-2	31	0	0	0	0	0	0	0	0	0
O60941-5	1	0	0	1	1	2	0	0	0	0
O60941-2	1	0	0	1	1	1	0	0	0	0
O60941-3	30	0	0	0	0	0	0	0	0	0
O60941-4	0	0	0	0	0	1	0	0	0	0
O60941-6	0	0	0	0	0	3	0	0	0	0
O60941-7	0	0	0	0	0	1	0	0	0	0
O75027-2	1	0	0	0	0	0	0	0	0	0
O75027-3	0	0	0	0	0	1	0	0	0	0
O75037-2	0	0	0	0	0	1	0	0	0	0
O75037-3	16	0	0	0	0	1	0	0	0	0
O75037-4	16	0	0	0	0	0	0	0	0	0
O75038-2	150	30	9	56	86	0	0	0	0	0
O75038-3	0	0	0	0	0	1	0	0	0	0
O75038-4	186	17	0	43	60	0	0	0	0	0
O75038-5	186	17	0	43	60	2	0	0	0	0
O75051-2	89	0	0	0	0	0	0	0	0	0
O75061-2	63	16	8	0	16	0	0	0	0	0
O75061-3	0	0	0	0	0	1	0	1	1	1
O75061-4	0	0	0	0	0	1	0	1	1	1
O75069-2	0	0	0	0	0	1	0	1	0	1
O75069-3	7	0	0	0	0	0	0	0	0	0
O75069-5	20	0	0	0	0	0	0	0	0	0
O75077-2	25	0	0	0	0	0	0	0	0	0
O75077-3	43	0	0	0	0	0	0	0	0	0
O75078-2	33	0	0	0	0	0	0	0	0	0
O75083-3	0	0	0	0	0	1	0	0	0	0
O75093-2	10	0	0	0	0	1	0	0	0	0
O75094-2	0	0	0	0	0	1	0	0	0	0
O75094-3	24	0	0	0	0	0	0	0	0	0
O75094-4	7	0	0	0	0	0	0	0	0	0
O75110-2	0	0	0	0	0	1	0	0	0	0
O75112-2	66	0	0	13	13	1	0	0	1	1
O75112-4	97	0	0	30	30	0	0	0	0	0
O75112-6	95	0	0	24	24	0	0	0	0	0
O75112-3	0	0	0	0	0	1	0	0	0	0
O75112-5	29	0	0	11	11	0	0	0	0	0
O75112-7	68	0	0	19	19	1	0	0	1	1
O75121-2	0	0	0	0	0	1	0	0	0	0
O75121-3	2	0	0	0	0	0	0	0	0	0
O75122-2	24	0	0	0	0	0	0	0	0	0
O75122-3	243	8	27	69	76	1	0	0	1	1
O75128-2	83	0	0	8	8	0	0	0	0	0
O75128-3	0	0	0	0	0	1	0	0	0	0
O75128-4	90	0	0	0	0	0	0	0	0	0
O75128-5	10	0	0	0	0	0	0	0	0	0
O75128-6	9	0	0	0	0	0	0	0	0	0
O75128-7	58	0	0	8	8	1	0	0	0	0
O75129-2	0	0	0	0	0	1	0	0	0	0
O75129-3	0	0	0	0	0	1	0	1	0	1
O75129-4	26	0	0	0	0	0	0	0	0	0
O75129-6	10	0	0	0	0	1	0	0	0	0
O75140-2	1	0	0	0	0	1	0	0	0	0
O75140-1	1	0	0	0	0	1	0	0	0	0
O75140-4	0	0	0	0	0	1	0	0	0	0
O75140-5	87	0	0	0	0	0	0	0	0	0
O75140-6	72	0	0	0	0	1	0	0	0	0
O75140-8	0	0	0	0	0	2	0	0	0	0
O75140-9	1	0	0	0	0	0	0	0	0	0
O75143-2	0	0	0	0	0	1	0	0	0	0
O75143-3	15	0	0	0	0	1	0	0	0	0
O75143-4	0	0	0	0	0	2	0	0	0	0
O75143-5	33	0	0	26	26	0	0	0	0	0
O75144-2	10	0	0	0	0	0	0	0	0	0
O75144-3	0	0	0	0	0	1	0	0	0	0
O75145-2	0	0	0	0	0	1	0	0	0	0
O75146-2	10	0	0	0	0	0	0	0	0	0
O75147-1	83	0	0	0	0	1	0	0	0	0
O75147-2	30	0	0	0	0	0	0	0	0	0
O75147-4	4	0	0	0	0	0	0	0	0	0
O75150-3	14	0	0	0	0	0	0	0	0	0
O75150-4	0	0	0	0	0	1	0	0	0	0
O75155-2	1	0	0	0	0	1	0	0	0	0
O75157-2	0	0	0	0	0	1	0	0	0	0
O75167-2	14	0	0	0	0	1	0	0	0	0
O75167-4	14	0	0	0	0	0	0	0	0	0
O75167-5	0	0	0	0	0	1	0	0	0	0
O75170-2	11	0	1	1	1	1	0	0	0	0
O75170-3	2	0	1	1	1	1	0	0	0	0
O75170-4	1	0	1	1	1	1	0	0	0	0
O75170-5	1	0	1	1	1	0	0	0	0	0
O75170-6	1	0	1	1	1	2	0	0	0	0
O75177-5	51	0	0	0	0	0	0	0	0	0
O75177-2	0	0	0	0	0	1	0	0	0	0
O75177-3	0	0	0	0	0	1	0	0	0	0
O75177-4	0	0	0	0	0	1	0	0	0	0
O75179-2	0	0	0	0	0	1	0	0	0	0
O75179-3	9	0	0	0	0	0	0	0	0	0
O75179-4	25	0	0	0	0	0	0	0	0	0
O75179-5	7	0	0	0	0	0	0	0	0	0
O75179-6	0	0	0	0	0	1	0	0	0	0
O75179-7	12	0	0	0	0	0	0	0	0	0
O75190-2	7	5	6	0	6	0	0	0	0	0
O75190-3	22	0	0	16	16	0	0	0	0	0
O75190-4	9	0	0	0	0	0	0	0	0	0
O75191-2	0	0	0	0	0	1	0	0	0	0
O75208-2	9	0	0	0	0	0	0	0	0	0
O75223-2	18	0	0	0	0	0	0	0	0	0
O75223-3	0	0	0	0	0	1	0	0	0	0
O75223-4	70	0	0	0	0	0	0	0	0	0
O75298-2	0	0	0	0	0	1	0	0	1	1
O75298-3	0	0	0	0	0	1	0	0	0	0
O75306-2	4	0	0	0	0	0	0	0	0	0
O75323-2	28	0	0	0	0	0	0	0	0	0
O75326-2	0	0	0	0	0	1	0	0	0	0
O75334-2	13	0	4	13	13	1	0	0	0	0
O75334-3	0	0	0	0	0	1	0	0	0	0
O75334-4	0	0	0	0	0	1	0	0	0	0
O75334-5	23	0	0	0	0	2	0	0	0	0
O75334-6	23	0	0	0	0	2	0	0	0	0
O75334-7	9	0	0	9	9	2	0	1	0	1
O75334-8	0	0	0	0	0	2	0	0	1	1
O75335-1	67	2	0	0	2	1	0	0	0	0
O75335-2	67	2	0	0	2	2	0	0	0	0
O75347-2	47	0	0	0	0	0	0	0	0	0
O75355-2	1	0	0	0	0	0	0	0	0	0
O75363-2	66	18	39	29	40	2	1	1	2	2
O75367-1	29	29	29	3	29	0	0	0	0	0
O75367-3	29	29	29	3	29	1	0	0	0	0
O75369-2	0	0	0	0	0	1	0	0	0	0
O75369-3	0	0	0	0	0	1	0	0	0	0
O75369-6	0	0	0	0	0	2	0	0	0	0
O75369-4	22	0	0	0	0	0	0	0	0	0
O75369-5	21	0	0	0	0	0	0	0	0	0
O75369-7	11	0	0	0	0	1	0	0	0	0
O75369-8	31	0	8	17	18	0	0	0	0	0
O75369-9	0	0	0	0	0	1	0	0	0	0
O75376-2	17	0	0	0	0	0	0	0	0	0
O75376-3	18	0	0	0	0	1	0	0	0	0
O75381-2	0	0	0	0	0	1	0	0	0	0
O75382-2	0	0	0	0	0	1	0	0	0	0
O75382-3	0	0	0	0	0	1	0	0	0	0
O75382-4	0	0	0	0	0	1	0	0	0	0
O75400-2	15	0	0	0	0	1	0	0	0	0
O75400-3	0	0	0	0	0	1	0	1	0	1
O75400-5	17	0	0	0	0	1	0	0	0	0
O75410-5	21	0	0	0	0	0	0	0	0	0
O75410-7	7	0	0	0	0	1	0	0	0	0
O75410-10	1	0	1	0	1	1	0	0	0	0
O75410-2	12	3	6	12	12	0	0	0	0	0
O75410-3	0	0	0	0	0	1	0	0	0	0
O75410-4	33	0	6	6	6	0	0	0	0	0
O75410-6	1	0	1	0	1	0	0	0	0	0
O75410-8	0	0	0	0	0	1	0	0	0	0
O75410-9	0	0	0	0	0	1	0	0	0	0
O75414-2	0	0	0	0	0	1	0	0	0	0
O75414-3	92	0	0	0	0	0	0	0	0	0
O75431-2	2	0	0	0	0	0	0	0	0	0
O75436-2	8	0	0	0	0	0	0	0	0	0
O75438-2	47	0	0	1	1	0	0	0	0	0
O75448-2	0	0	0	0	0	1	0	0	0	0
O75475-2	8	0	0	0	0	0	0	0	0	0
O75475-3	4	0	4	4	4	0	0	0	0	0
O75487-2	0	0	0	0	0	1	0	0	0	0
O75489-2	5	0	0	0	0	0	0	0	0	0
O75494-2	0	0	0	0	0	1	0	0	0	0
O75494-3	16	0	0	0	0	0	0	0	0	0
O75494-4	10	0	0	0	0	0	0	0	0	0
O75494-5	17	0	0	0	0	0	0	0	0	0
O75494-6	16	0	0	0	0	1	0	0	0	0
O75521-2	0	0	0	0	0	1	0	0	0	0
O75525-2	2	0	0	0	0	0	0	0	0	0
O75533-2	5	0	0	0	0	0	0	0	0	0
O75534-2	0	0	0	0	0	1	1	0	0	1
O75534-3	46	0	0	0	0	1	1	0	0	1
O75534-4	46	0	0	0	0	0	0	0	0	0
O75553-2	14	0	0	0	0	0	0	0	0	0
O75553-3	0	0	0	0	0	1	0	0	0	0
O75553-4	0	0	0	0	0	2	0	0	0	0
O75553-5	0	0	0	0	0	1	0	0	0	0
O75553-6	0	0	0	0	0	1	1	0	0	1
O75554-2	0	0	0	0	0	1	0	0	0	0
O75569-2	9	0	0	0	0	0	0	0	0	0
O75569-3	0	0	0	0	0	1	0	0	1	1
O75575-2	0	0	0	0	0	1	0	0	0	0
O75575-3	26	0	0	0	0	1	1	0	0	1
O75575-4	0	0	0	0	0	1	0	0	0	0
O75582-2	1	0	0	0	0	0	0	0	0	0
O75582-3	0	0	0	0	0	1	0	0	0	0
O75592-2	0	0	0	0	0	1	0	0	0	0
O75600-2	26	0	0	0	0	0	0	0	0	0
O75608-2	0	0	0	0	0	1	0	0	0	0
O75616-2	20	0	0	0	0	0	0	0	0	0
O75643-2	0	0	0	0	0	1	0	0	0	0
O75663-2	6	0	0	0	0	0	0	0	0	0
O75674-2	2	0	0	0	0	0	0	0	0	0
O75674-3	0	0	0	0	0	1	0	0	0	0
O75676-2	0	0	0	0	0	1	0	0	0	0
O75688-2	9	9	0	9	9	0	0	0	0	0
O75688-3	0	0	0	0	0	1	0	0	0	0
O75688-4	2	0	0	0	0	0	0	0	0	0
O75688-5	6	0	0	0	0	0	0	0	0	0
O75689-2	37	0	0	0	0	0	0	0	0	0
O75689-3	0	0	0	0	0	1	0	0	0	0
O75694-2	0	0	0	0	0	1	0	0	0	0
O75746-2	0	0	0	0	0	1	0	0	0	0
O75781-2	0	0	0	0	0	1	0	1	1	1
O75783-2	8	8	0	0	8	0	0	0	0	0
O75800-2	29	0	0	0	0	0	0	0	0	0
O75815-2	0	0	0	0	0	1	0	0	0	0
O75815-3	25	0	0	0	0	0	0	0	0	0
O75822-2	1	0	0	0	0	0	0	0	0	0
O75822-3	0	0	0	0	0	1	0	0	0	0
O75832-2	2	2	0	0	2	0	0	0	0	0
O75882-2	5	0	0	0	0	0	0	0	0	0
O75882-3	5	0	0	0	0	1	0	0	0	0
O75884-2	19	0	0	0	0	0	0	0	0	0
O75891-2	0	0	0	0	0	1	0	0	0	0
O75891-3	10	1	0	0	1	0	0	0	0	0
O75891-4	14	0	0	0	0	0	0	0	0	0
O75914-2	0	0	0	0	0	1	1	0	1	1
O75914-3	21	0	1	12	13	0	0	0	0	0
O75914-4	21	0	0	12	12	0	0	0	0	0
O75916-3	15	0	0	0	0	1	0	0	1	1
O75916-4	0	0	0	0	0	1	0	0	0	0
O75916-5	0	0	0	0	0	1	0	0	1	1
O75923-13	81	0	0	0	0	0	0	0	0	0
O75923-10	49	0	0	0	0	0	0	0	0	0
O75923-11	60	0	0	0	0	0	0	0	0	0
O75923-12	50	0	0	0	0	0	0	0	0	0
O75923-14	28	0	0	0	0	0	0	0	0	0
O75923-15	33	0	0	0	0	0	0	0	0	0
O75923-2	31	0	0	0	0	0	0	0	0	0
O75923-3	1	0	0	0	0	0	0	0	0	0
O75923-4	21	0	0	0	0	0	0	0	0	0
O75923-5	32	0	0	0	0	0	0	0	0	0
O75923-6	22	0	0	0	0	0	0	0	0	0
O75923-7	53	0	0	0	0	0	0	0	0	0
O75923-8	59	0	0	0	0	0	0	0	0	0
O75923-9	29	0	0	0	0	0	0	0	0	0
O75935-2	39	0	0	0	0	0	0	0	0	0
O75935-3	0	0	0	0	0	1	0	0	0	0
O75947-2	0	0	0	0	0	1	0	0	0	0
O75955-2	0	0	0	0	0	1	0	0	0	0
O75962-2	1	0	0	0	0	0	0	0	0	0
O75962-3	30	0	0	0	0	1	0	0	0	0
O75962-4	0	0	0	0	0	1	1	0	0	1
O75962-5	16	0	0	0	0	0	0	0	0	0
O75970-2	0	0	0	0	0	1	1	0	0	1
O75970-3	0	0	0	0	0	1	0	0	0	0
O75970-5	0	0	0	0	0	2	1	0	0	1
O75971-2	0	0	0	0	0	1	0	0	0	0
O76039-1	123	0	0	0	0	0	0	0	0	0
O76041-2	88	82	75	69	88	3	1	2	3	3
O76054-4	32	0	0	0	0	0	0	0	0	0
O76054-5	0	0	0	0	0	1	0	0	0	0
O76081-6	19	0	19	18	19	0	0	0	0	0
O76081-2	0	0	0	0	0	1	0	0	0	0
O76081-3	11	0	0	0	0	0	0	0	0	0
O76081-4	10	0	0	9	9	0	0	0	0	0
O76081-5	0	0	0	0	0	1	0	0	0	0
O76083-2	0	0	0	0	0	1	0	0	0	0
O76083-14	4	0	0	0	0	0	0	0	0	0
O76083-3	5	0	0	0	0	1	0	0	0	0
O76083-4	14	0	0	0	0	0	0	0	0	0
O76083-10	0	0	0	0	0	1	0	0	0	0
O76083-11	4	0	0	0	0	1	0	0	0	0
O76083-12	40	0	0	0	0	0	0	0	0	0
O76083-13	5	0	0	0	0	0	0	0	0	0
O76083-15	0	0	0	0	0	1	0	0	0	0
O76083-16	24	0	0	0	0	1	0	0	0	0
O76083-5	36	0	0	0	0	0	0	0	0	0
O76083-6	4	0	0	0	0	1	0	0	0	0
O76083-7	0	0	0	0	0	1	0	0	0	0
O76083-8	0	0	0	0	0	2	0	0	0	0
O76083-9	4	0	0	0	0	0	0	0	0	0
O76094-2	0	0	0	0	0	1	0	1	1	1
O94760-2	0	0	0	0	0	1	0	0	0	0
O94763-2	0	0	0	0	0	1	0	0	0	0
O94763-3	24	0	0	0	0	0	0	0	0	0
O94763-4	38	0	0	0	0	0	0	0	0	0
O94766-2	12	0	12	0	12	0	0	0	0	0
O94776-2	0	0	0	0	0	1	0	0	0	0
O94779-2	0	0	0	0	0	1	0	0	0	0
O94822-3	46	0	0	0	0	0	0	0	0	0
O94830-2	0	0	0	0	0	1	0	0	0	0
O94842-2	0	0	0	0	0	1	0	0	0	0
O94842-3	0	0	0	0	0	1	0	0	0	0
O94854-4	11	0	0	0	0	0	0	0	0	0
O94856-10	0	0	0	0	0	3	1	0	1	1
O94856-11	18	0	0	8	8	2	0	0	0	0
O94856-12	1	1	0	1	1	1	0	0	0	0
O94856-13	0	0	0	0	0	1	0	0	0	0
O94856-2	9	0	0	0	0	0	0	0	0	0
O94856-3	18	0	0	8	8	3	1	0	1	1
O94856-4	1	1	0	1	1	1	0	0	0	0
O94856-5	11	0	0	0	0	1	1	0	1	1
O94856-6	1	0	0	0	0	0	0	0	0	0
O94856-7	0	0	0	0	0	1	0	0	0	0
O94856-8	18	0	0	8	8	3	1	0	1	1
O94856-9	1	1	0	1	1	0	0	0	0	0
O94874-2	0	0	0	0	0	1	0	0	0	0
O94874-3	2	0	0	0	0	0	0	0	0	0
O94875-10	251	19	17	42	78	1	0	0	0	0
O94875-6	13	0	6	6	6	0	0	0	0	0
O94875-11	100	0	20	42	45	0	0	0	0	0
O94875-12	158	0	36	71	91	1	0	0	0	0
O94875-2	93	0	12	18	21	1	0	0	0	0
O94875-3	72	0	17	33	50	1	0	0	0	0
O94875-4	118	0	29	42	62	1	0	0	0	0
O94875-5	123	0	29	42	62	1	0	0	0	0
O94875-7	7	0	6	6	6	1	0	0	0	0
O94875-8	88	0	12	19	22	1	0	0	0	0
O94875-9	86	0	19	38	41	2	0	0	0	0
O94876-2	9	0	0	0	0	1	0	0	0	0
O94901-9	131	0	9	0	9	0	0	0	0	0
O94901-2	34	0	0	0	0	0	0	0	0	0
O94901-3	108	0	9	0	9	1	0	0	0	0
O94901-4	1	0	0	0	0	0	0	0	0	0
O94901-5	1	0	0	0	0	1	0	0	0	0
O94901-6	0	0	0	0	0	1	0	0	0	0
O94901-7	55	0	0	0	0	0	0	0	0	0
O94905-2	8	0	0	0	0	1	0	0	0	0
O94905-3	61	0	0	0	0	0	0	0	0	0
O94906-2	0	0	0	0	0	1	0	0	0	0
O94910-2	1	0	1	1	1	0	0	0	0	0
O94911-1	0	0	0	0	0	1	0	0	0	0
O94915-2	0	0	0	0	0	2	0	0	0	0
O94916-2	0	0	0	0	0	1	0	0	0	0
O94916-3	30	0	0	0	0	0	0	0	0	0
O94916-4	18	0	0	0	0	1	0	0	0	0
O94916-5	18	0	0	0	0	0	0	0	0	0
O94921-2	22	0	0	0	0	0	0	0	0	0
O94921-3	0	0	0	0	0	1	0	0	0	0
O94925-2	8	0	0	0	0	0	0	0	0	0
O94925-3	48	32	18	35	41	0	0	0	0	0
O94929-2	9	0	0	0	0	2	0	0	0	0
O94929-3	0	0	0	0	0	2	0	0	0	0
O94929-4	0	0	0	0	0	1	0	0	0	0
O94952-1	0	0	0	0	0	1	0	0	0	0
O94964-4	17	0	0	0	0	0	0	0	0	0
O94964-2	238	19	0	30	47	0	0	0	0	0
O94964-3	57	0	0	0	0	0	0	0	0	0
O94966-2	103	18	0	31	49	1	0	1	0	1
O94966-3	35	9	0	30	34	0	0	0	0	0
O94966-4	37	9	0	30	34	1	0	1	0	1
O94966-5	101	18	0	31	49	0	0	0	0	0
O94966-6	138	27	0	61	83	0	0	0	0	0
O94966-7	136	27	0	61	83	0	0	0	0	0
O94967-2	0	0	0	0	0	1	0	1	0	1
O94967-3	1	1	0	1	1	0	0	0	0	0
O94967-4	8	1	0	1	1	0	0	0	0	0
O94973-2	1	0	1	1	1	0	0	0	0	0
O94973-3	4	0	1	1	1	0	0	0	0	0
O94979-10	0	0	0	0	0	2	0	0	0	0
O94979-2	0	0	0	0	0	1	0	0	0	0
O94979-3	1	0	0	0	0	0	0	0	0	0
O94979-4	0	0	0	0	0	1	0	0	0	0
O94979-5	6	0	0	0	0	0	0	0	0	0
O94979-6	1	0	0	0	0	1	0	0	0	0
O94979-7	59	0	0	0	0	2	0	0	0	0
O94979-8	13	0	0	0	0	0	0	0	0	0
O94979-9	20	0	0	0	0	1	0	0	0	0
O94985-2	0	0	0	0	0	1	1	1	1	1
O94991-2	24	0	0	0	0	1	0	0	0	0
O95081-2	12	0	0	0	0	0	0	0	0	0
O95139-2	0	0	0	0	0	1	0	0	0	0
O95140-2	52	0	0	0	0	0	0	0	0	0
O95153-2	0	0	0	0	0	1	0	0	0	0
O95153-3	59	0	0	0	0	0	0	0	0	0
O95155-2	0	0	0	0	0	1	0	0	0	0
O95155-3	5	0	0	0	0	2	0	0	0	0
O95155-4	51	0	0	0	0	0	0	0	0	0
O95168-2	11	0	0	0	0	0	0	0	0	0
O95169-2	16	0	0	0	0	0	0	0	0	0
O95169-3	0	0	0	0	0	1	0	0	0	0
O95185-2	20	0	0	0	0	0	0	0	0	0
O95196-2	0	0	0	0	0	1	1	1	1	1
O95196-3	0	0	0	0	0	2	1	1	1	1
O95197-3	0	0	0	0	0	1	0	1	1	1
O95197-2	0	0	0	0	0	1	0	0	0	0
O95197-4	0	0	0	0	0	1	0	1	0	1
O95197-5	39	0	0	0	0	1	0	1	1	1
O95197-6	97	0	0	0	0	1	0	1	1	1
O95197-7	0	0	0	0	0	1	0	0	0	0
O95202-2	10	0	0	0	0	0	0	0	0	0
O95202-3	3	0	0	0	0	0	0	0	0	0
O95206-2	0	0	0	0	0	1	0	0	0	0
O95208-2	0	0	0	0	0	1	1	0	1	1
O95208-3	0	0	0	0	0	2	1	0	1	1
O95208-5	0	0	0	0	0	1	0	0	0	0
O95218-2	11	0	0	9	9	0	0	0	0	0
O95219-2	0	0	0	0	0	1	0	0	0	0
O95232-2	21	0	0	0	0	0	0	0	0	0
O95248-4	26	0	0	19	19	0	0	0	0	0
O95248-5	26	0	0	19	19	1	0	0	0	0
O95249-2	0	0	0	0	0	1	0	0	1	1
O95251-2	0	0	0	0	0	2	0	0	0	0
O95251-3	0	0	0	0	0	2	0	0	0	0
O95251-4	0	0	0	0	0	1	0	0	0	0
O95251-5	0	0	0	0	0	1	0	0	0	0
O95259-2	0	0	0	0	0	1	0	0	0	0
O95260-2	35	10	33	33	33	0	0	0	0	0
O95267-2	0	0	0	0	0	1	0	0	0	0
O95267-3	8	0	0	0	0	1	0	0	0	0
O95267-4	4	0	0	0	0	1	0	0	0	0
O95267-5	8	0	0	0	0	1	0	0	0	0
O95278-2	7	0	0	0	0	0	0	0	0	0
O95278-7	4	0	0	0	0	0	0	0	0	0
O95278-4	48	0	0	0	0	0	0	0	0	0
O95278-5	62	0	0	0	0	0	0	0	0	0
O95278-6	0	0	0	0	0	1	0	0	0	0
O95278-8	0	0	0	0	0	1	0	0	0	0
O95292-2	26	0	0	0	0	0	0	0	0	0
O95294-2	0	0	0	0	0	1	0	0	0	0
O95294-3	2	0	0	1	1	0	0	0	0	0
O95294-4	1	0	0	1	1	0	0	0	0	0
O95297-2	0	0	0	0	0	1	0	0	0	0
O95297-3	7	0	7	7	7	0	0	0	0	0
O95297-4	0	0	0	0	0	1	0	0	0	0
O95297-5	0	0	0	0	0	1	0	0	0	0
O95298-2	0	0	0	0	0	1	0	0	0	0
O95298-3	12	0	0	0	0	0	0	0	0	0
O95299-2	103	0	0	0	0	1	0	0	0	0
O95302-2	0	0	0	0	0	1	0	0	0	0
O95302-3	53	0	0	0	0	0	0	0	0	0
O95319-2	6	0	0	0	0	1	0	1	0	1
O95319-3	30	0	0	0	0	0	0	0	0	0
O95319-4	18	0	0	0	0	0	0	0	0	0
O95319-5	4	0	0	0	0	1	0	1	0	1
O95347-2	9	0	0	0	0	0	0	0	0	0
O95352-2	0	0	0	0	0	1	0	0	0	0
O95352-3	0	0	0	0	0	2	0	0	0	0
O95359-1	11	0	0	0	0	1	0	0	0	0
O95359-2	0	0	0	0	0	3	0	0	0	0
O95359-3	0	0	0	0	0	1	0	0	0	0
O95359-5	0	0	0	0	0	2	0	0	0	0
O95359-6	11	0	0	0	0	2	0	1	0	1
O95394-3	25	0	0	0	0	0	0	0	0	0
O95394-4	28	0	1	1	1	0	0	0	0	0
O95398-2	60	0	0	0	0	0	0	0	0	0
O95398-3	0	0	0	0	0	1	0	0	0	0
O95405-2	0	0	0	0	0	1	0	0	0	0
O95405-3	3	0	0	0	0	0	0	0	0	0
O95415-2	16	0	0	0	0	0	0	0	0	0
O95425-2	0	0	0	0	0	2	0	0	0	0
O95425-3	0	0	0	0	0	1	0	0	0	0
O95425-4	0	0	0	0	0	1	0	0	0	0
O95428-2	88	0	0	0	0	1	0	0	0	0
O95428-3	3	0	0	0	0	0	0	0	0	0
O95428-4	22	0	0	0	0	0	0	0	0	0
O95428-5	0	0	0	0	0	1	0	0	0	0
O95428-6	0	0	0	0	0	1	0	0	0	0
O95429-2	0	0	0	0	0	1	0	0	0	0
O95433-2	6	0	0	0	0	0	0	0	0	0
O95445-2	0	0	0	0	0	1	0	0	0	0
O95466-2	33	0	0	3	3	0	0	0	0	0
O95466-3	58	0	0	0	0	0	0	0	0	0
O95479-2	11	0	0	0	0	0	0	0	0	0
O95486-2	20	0	0	0	0	0	0	0	0	0
O95487-2	0	0	0	0	0	1	0	0	0	0
O95487-3	31	0	0	0	0	1	0	0	0	0
O95490-2	0	0	0	0	0	2	0	0	0	0
O95490-3	3	0	0	0	0	1	0	0	0	0
O95490-4	21	0	0	0	0	1	0	0	0	0
O95490-5	0	0	0	0	0	1	0	0	0	0
O95490-6	16	0	0	0	0	0	0	0	0	0
O95490-7	16	0	0	0	0	1	0	0	0	0
O95551-2	30	0	0	2	2	0	0	0	0	0
O95551-3	0	0	0	0	0	1	0	0	0	0
O95613-2	0	0	0	0	0	2	0	1	0	1
O95622-2	24	0	0	0	0	0	0	0	0	0
O95628-10	168	0	14	13	14	0	0	0	0	0
O95628-2	1	0	1	0	1	0	0	0	0	0
O95628-3	0	0	0	0	0	1	0	0	0	0
O95628-4	96	0	14	13	14	0	0	0	0	0
O95628-5	15	0	0	0	0	0	0	0	0	0
O95628-6	219	0	0	0	0	0	0	0	0	0
O95628-7	129	0	0	0	0	0	0	0	0	0
O95628-8	97	0	15	13	15	0	0	0	0	0
O95628-9	169	0	15	13	15	0	0	0	0	0
O95630-2	13	0	0	0	0	0	0	0	0	0
O95639-2	0	0	0	0	0	1	0	0	0	0
O95639-3	0	0	0	0	0	1	0	0	0	0
O95670-2	0	0	0	0	0	1	1	0	0	1
O95670-3	0	0	0	0	0	1	0	0	1	1
O95671-2	0	0	0	0	0	1	0	0	0	0
O95671-3	0	0	0	0	0	1	0	0	0	0
O95674-2	8	0	0	0	0	1	0	0	0	0
O95684-2	0	0	0	0	0	1	0	0	0	0
O95684-3	23	0	0	0	0	1	0	0	0	0
O95741-2	55	0	0	0	0	0	0	0	0	0
O95749-2	0	0	0	0	0	1	0	0	0	0
O95760-2	0	0	0	0	0	1	0	0	0	0
O95760-3	0	0	0	0	0	1	0	0	0	0
O95760-4	1	0	0	0	0	0	0	0	0	0
O95772-2	0	0	0	0	0	1	0	0	1	1
O95782-2	0	0	0	0	0	1	1	0	0	1
O95786-2	0	0	0	0	0	1	0	0	0	0
O95793-2	0	0	0	0	0	1	0	0	0	0
O95793-3	6	0	0	0	0	1	0	0	0	0
O95816-2	4	0	0	0	0	0	0	0	0	0
O95819-2	4	3	3	4	4	1	0	0	1	1
O95819-3	81	3	30	33	51	0	0	0	0	0
O95819-4	11	3	6	5	6	2	0	0	1	1
O95819-5	82	3	42	38	57	1	0	0	1	1
O95819-6	65	12	5	6	18	1	0	0	1	1
O95822-2	0	0	0	0	0	1	0	0	0	0
O95825-2	6	0	0	0	0	0	0	0	0	0
O95831-3	32	0	0	0	0	0	0	0	0	0
O95831-4	2	0	0	0	0	0	0	0	0	0
O95831-5	0	0	0	0	0	1	0	0	0	0
O95831-2	0	0	0	0	0	1	0	0	0	0
O95831-6	7	0	0	0	0	0	0	0	0	0
O95834-2	151	9	18	47	55	0	0	0	0	0
O95834-3	206	9	18	80	88	0	0	0	0	0
O95847-2	10	0	0	0	0	0	0	0	0	0
O95861-2	46	0	0	0	0	0	0	0	0	0
O95861-3	0	0	0	0	0	1	0	0	0	0
O95861-4	0	0	0	0	0	1	0	0	0	0
O95926-2	0	0	0	0	0	1	0	0	0	0
O95970-2	9	0	0	0	0	0	0	0	0	0
O95970-3	0	0	0	0	0	1	0	0	0	0
O95983-2	0	0	0	0	0	1	0	0	0	0
O95985-2	24	0	0	0	0	0	0	0	0	0
O95985-3	4	0	0	0	0	0	0	0	0	0
O95990-3	28	1	0	0	1	0	0	0	0	0
O95990-4	31	1	0	0	1	0	0	0	0	0
O95990-2	26	0	0	0	0	0	0	0	0	0
O95996-2	0	0	0	0	0	1	0	0	0	0
O95996-3	0	0	0	0	0	1	0	0	0	0
O95998-3	30	0	0	0	0	0	0	0	0	0
O95998-4	29	0	0	0	0	0	0	0	0	0
O96000-2	32	0	0	0	0	0	0	0	0	0
O96005-3	0	0	0	0	0	1	0	0	0	0
O96005-4	9	0	0	0	0	0	0	0	0	0
O96008-2	13	0	0	0	0	0	0	0	0	0
O96013-2	1	0	0	0	0	0	0	0	0	0
O96013-3	0	0	0	0	0	1	0	0	0	0
O96013-4	0	0	0	0	0	1	0	0	0	0
O96019-2	0	0	0	0	0	1	0	0	0	0
P00167-2	1	0	0	0	0	0	0	0	0	0
P00167-3	0	0	0	0	0	1	0	0	0	0
P00325-2	0	0	0	0	0	1	0	0	0	0
P00338-3	29	0	0	0	0	0	0	0	0	0
P00338-2	42	0	0	0	0	0	0	0	0	0
P00338-4	0	0	0	0	0	1	0	0	0	0
P00338-5	5	0	0	0	0	0	0	0	0	0
P00367-2	0	0	0	0	0	1	0	0	0	0
P00367-3	15	0	0	0	0	0	0	0	0	0
P00387-2	0	0	0	0	0	1	0	0	0	0
P00387-3	39	0	0	0	0	0	0	0	0	0
P00390-2	0	0	0	0	0	1	1	0	0	1
P00390-3	0	0	0	0	0	1	0	0	0	0
P00390-4	0	0	0	0	0	1	0	0	0	0
P00390-5	0	0	0	0	0	1	0	0	0	0
P00505-2	0	0	0	0	0	1	0	0	0	0
P00519-2	44	14	0	0	14	0	0	0	0	0
P00533-2	2	0	0	0	0	0	0	0	0	0
P00533-3	72	0	0	0	0	0	0	0	0	0
P00533-4	1	0	0	0	0	0	0	0	0	0
P00558-2	0	0	0	0	0	1	0	0	0	0
P00738-2	0	0	0	0	0	1	1	1	1	1
P00739-2	37	0	0	0	0	0	0	0	0	0
P00750-2	20	0	0	0	0	0	0	0	0	0
P00750-3	1	0	0	0	0	0	0	0	0	0
P00750-4	2	0	0	0	0	1	0	0	0	0
P00751-2	76	0	0	0	0	0	0	0	0	0
P01009-2	4	0	0	0	0	0	0	0	0	0
P01011-2	2	0	0	0	0	0	0	0	0	0
P01011-3	29	0	0	0	0	0	0	0	0	0
P01042-2	22	21	20	15	22	0	0	0	0	0
P01042-3	22	21	20	15	22	1	0	0	0	0
P01112-2	19	0	0	0	0	0	0	0	0	0
P01116-2	25	3	4	3	4	0	0	0	0	0
P01344-2	4	0	0	0	0	0	0	0	0	0
P01344-3	56	0	0	0	0	0	0	0	0	0
P01859-1	2	0	0	0	0	0	0	0	0	0
P01860-1	2	0	0	0	0	0	0	0	0	0
P01861-1	2	0	0	0	0	0	0	0	0	0
P01871-1	20	0	18	0	18	0	0	0	0	0
P01876-1	19	0	19	0	19	0	0	0	0	0
P02545-2	3	0	3	2	3	0	0	0	0	0
P02545-3	0	0	0	0	0	1	0	0	0	0
P02545-4	29	0	0	0	0	0	0	0	0	0
P02545-5	19	0	0	0	0	0	0	0	0	0
P02545-6	0	0	0	0	0	1	0	0	0	0
P02549-2	0	0	0	0	0	1	0	0	0	0
P02671-2	14	0	0	0	0	0	0	0	0	0
P02679-2	4	4	0	0	4	0	0	0	0	0
P02686-2	5	0	0	0	0	0	0	0	0	0
P02686-3	26	0	20	26	26	1	0	0	0	0
P02686-4	26	0	21	26	26	2	0	0	1	1
P02686-5	0	0	0	0	0	1	0	0	0	0
P02686-6	0	0	0	0	0	2	0	0	1	1
P02724-2	0	0	0	0	0	1	0	0	0	0
P02724-3	0	0	0	0	0	1	0	0	0	0
P02730-2	0	0	0	0	0	1	0	0	0	0
P02741-2	0	0	0	0	0	1	0	0	0	0
P02751-1	0	0	0	0	0	1	0	0	1	1
P02751-10	1	0	0	0	0	2	0	0	1	1
P02751-11	0	0	0	0	0	1	0	0	0	0
P02751-12	1	0	0	0	0	3	0	0	0	0
P02751-13	1	0	0	0	0	1	0	0	0	0
P02751-14	1	0	0	0	0	2	0	0	1	1
P02751-16	6	0	0	0	0	0	0	0	0	0
P02751-17	0	0	0	0	0	3	0	0	1	1
P02751-2	10	0	0	0	0	0	0	0	0	0
P02751-3	0	0	0	0	0	2	0	0	1	1
P02751-4	4	0	0	0	0	2	0	0	1	1
P02751-5	0	0	0	0	0	3	0	0	1	1
P02751-6	0	0	0	0	0	2	0	0	1	1
P02751-7	0	0	0	0	0	1	0	0	0	0
P02751-8	1	0	0	0	0	1	0	0	1	1
P02751-9	1	0	0	0	0	3	0	0	1	1
P02768-3	0	0	0	0	0	1	0	0	0	0
P02768-2	0	0	0	0	0	1	0	1	0	1
P02774-2	0	0	0	0	0	1	0	0	0	0
P02774-3	19	0	0	0	0	0	0	0	0	0
P02788-2	0	0	0	0	0	1	0	0	0	0
P02808-2	0	0	0	0	0	1	0	0	0	0
P04075-2	54	7	1	1	7	0	0	0	0	0
P04150-2	15	0	0	0	0	0	0	0	0	0
P04150-10	0	0	0	0	0	1	0	0	0	0
P04150-11	0	0	0	0	0	1	0	0	0	0
P04150-12	0	0	0	0	0	1	0	0	0	0
P04150-13	0	0	0	0	0	1	0	0	0	0
P04150-14	0	0	0	0	0	1	0	0	0	0
P04150-15	0	0	0	0	0	1	0	0	0	0
P04150-16	0	0	0	0	0	1	0	0	0	0
P04150-3	1	0	0	0	0	0	0	0	0	0
P04150-6	16	0	0	0	0	0	0	0	0	0
P04150-8	0	0	0	0	0	1	0	0	0	0
P04150-9	15	0	0	0	0	1	0	0	0	0
P04150-5	0	0	0	0	0	1	0	0	0	0
P04150-7	15	0	0	0	0	1	0	0	0	0
P04179-2	0	0	0	0	0	1	0	1	1	1
P04179-3	0	0	0	0	0	1	0	0	0	0
P04179-4	0	0	0	0	0	1	0	1	0	1
P04181-2	0	0	0	0	0	1	0	0	0	0
P04217-2	0	0	0	0	0	1	0	1	0	1
P04233-2	0	0	0	0	0	1	0	0	1	1
P04233-4	0	0	0	0	0	1	0	0	0	0
P04233-3	13	0	0	0	0	0	0	0	0	0
P04233-5	0	0	0	0	0	2	0	0	1	1
P04275-2	55	0	0	0	0	1	0	0	0	0
P04406-2	0	0	0	0	0	1	0	1	1	1
P04424-2	0	0	0	0	0	1	0	0	0	0
P04424-3	0	0	0	0	0	1	0	0	0	0
P04439-2	11	3	0	2	3	0	0	0	0	0
P04626-2	0	0	0	0	0	1	0	0	0	0
P04626-3	0	0	0	0	0	1	0	0	0	0
P04626-4	7	0	0	0	0	0	0	0	0	0
P04626-5	0	0	0	0	0	1	0	0	0	0
P04626-6	127	0	0	0	0	1	0	0	0	0
P04732-2	95	0	0	0	0	0	0	0	0	0
P04844-2	16	0	12	8	12	1	0	0	0	0
P04899-2	22	0	0	0	0	0	0	0	0	0
P04899-3	1	0	0	0	0	0	0	0	0	0
P04899-4	35	0	0	0	0	0	0	0	0	0
P04899-5	22	0	0	0	0	0	0	0	0	0
P04899-6	0	0	0	0	0	1	0	0	0	0
P04920-2	2	0	0	0	0	0	0	0	0	0
P04920-3	7	0	0	0	0	0	0	0	0	0
P04921-2	0	0	0	0	0	1	0	0	0	0
P04921-3	0	0	0	0	0	1	0	0	0	0
P05023-2	34	0	0	0	0	0	0	0	0	0
P05023-3	0	0	0	0	0	1	0	0	0	0
P05023-4	3	0	0	0	0	0	0	0	0	0
P05026-2	2	0	0	0	0	0	0	0	0	0
P05067-2	13	0	0	0	0	0	0	0	0	0
P05067-4	1	0	0	1	1	0	0	0	0	0
P05067-10	1	0	0	1	1	1	0	0	0	0
P05067-11	14	1	0	1	1	0	0	0	0	0
P05067-3	1	0	0	1	1	1	0	0	0	0
P05067-5	1	0	0	0	0	1	0	0	0	0
P05067-6	1	0	0	0	0	0	0	0	0	0
P05067-7	1	1	0	1	1	1	0	0	0	0
P05067-8	1	1	0	1	1	0	0	0	0	0
P05067-9	0	0	0	0	0	1	0	0	0	0
P05091-2	0	0	0	0	0	1	0	0	0	0
P05129-2	19	0	0	0	0	1	0	0	0	0
P05155-2	0	0	0	0	0	1	0	0	0	0
P05155-3	5	0	0	0	0	0	0	0	0	0
P05164-2	0	0	0	0	0	1	0	0	0	0
P05164-3	32	0	0	0	0	0	0	0	0	0
P05165-2	0	0	0	0	0	1	1	0	0	1
P05165-3	0	0	0	0	0	1	0	0	0	0
P05166-2	20	0	0	0	0	0	0	0	0	0
P05186-2	21	0	0	0	0	0	0	0	0	0
P05186-3	0	0	0	0	0	1	0	0	0	0
P05230-2	4	0	0	0	0	0	0	0	0	0
P05386-2	0	0	0	0	0	1	0	0	0	0
P05408-2	0	0	0	0	0	1	1	1	1	1
P05556-2	12	0	0	0	0	0	0	0	0	0
P05556-5	17	0	0	0	0	0	0	0	0	0
P05556-3	48	0	7	0	7	0	0	0	0	0
P05556-4	42	0	7	0	7	0	0	0	0	0
P05771-2	40	40	39	36	40	0	0	0	0	0
P05937-2	0	0	0	0	0	1	1	0	0	1
P06213-2	0	0	0	0	0	1	0	0	0	0
P06241-3	0	0	0	0	0	1	0	0	0	0
P06241-2	45	0	0	1	1	0	0	0	0	0
P06396-2	0	0	0	0	0	1	0	1	0	1
P06396-3	7	6	5	5	6	0	0	0	0	0
P06396-4	4	0	0	0	0	0	0	0	0	0
P06454-2	0	0	0	0	0	1	0	0	0	0
P06730-2	31	0	0	0	0	0	0	0	0	0
P06730-3	25	0	0	0	0	0	0	0	0	0
P06733-2	0	0	0	0	0	1	0	1	1	1
P06744-2	39	0	1	0	1	1	0	0	0	0
P06748-2	0	0	0	0	0	1	0	0	0	0
P06748-3	2	0	0	0	0	0	0	0	0	0
P06753-2	82	75	50	77	82	1	1	1	1	1
P06753-3	85	78	56	78	85	0	0	0	0	0
P06753-4	65	58	36	60	65	0	0	0	0	0
P06753-5	62	55	30	59	62	1	1	1	1	1
P06753-6	59	52	30	54	59	0	0	0	0	0
P06753-7	23	23	20	23	23	2	1	1	1	1
P06756-2	1	0	0	0	0	0	0	0	0	0
P06756-3	12	0	0	0	0	0	0	0	0	0
P06865-2	2	0	0	0	0	1	0	0	0	0
P07093-2	1	0	1	0	1	0	0	0	0	0
P07093-3	13	0	1	0	1	0	0	0	0	0
P07101-3	0	0	0	0	0	1	1	1	1	1
P07101-5	0	0	0	0	0	2	0	0	0	0
P07101-6	0	0	0	0	0	2	1	1	1	1
P07101-2	0	0	0	0	0	1	0	0	0	0
P07101-4	0	0	0	0	0	1	0	0	0	0
P07108-2	19	0	0	0	0	0	0	0	0	0
P07108-3	3	0	3	0	3	0	0	0	0	0
P07108-4	42	0	0	0	0	0	0	0	0	0
P07108-5	63	0	0	0	0	0	0	0	0	0
P07108-6	81	0	0	0	0	0	0	0	0	0
P07197-2	0	0	0	0	0	1	1	0	0	1
P07203-2	10	0	0	0	0	0	0	0	0	0
P07311-2	27	0	0	0	0	0	0	0	0	0
P07333-2	7	0	0	0	0	0	0	0	0	0
P07355-2	18	0	0	0	0	0	0	0	0	0
P07492-2	17	0	0	0	0	0	0	0	0	0
P07492-3	0	0	0	0	0	1	0	0	0	0
P07585-2	0	0	0	0	0	1	0	0	0	0
P07585-3	0	0	0	0	0	1	0	0	0	0
P07585-4	0	0	0	0	0	1	0	0	0	0
P07585-5	4	0	0	0	0	0	0	0	0	0
P07602-2	2	2	2	0	2	0	0	0	0	0
P07602-3	3	3	3	3	3	0	0	0	0	0
P07711-3	0	0	0	0	0	1	0	0	0	0
P07741-2	1	0	0	0	0	0	0	0	0	0
P07900-2	122	0	0	0	0	0	0	0	0	0
P07902-2	13	0	0	0	0	0	0	0	0	0
P07910-2	0	0	0	0	0	1	0	0	1	1
P07910-3	1	0	0	0	0	0	0	0	0	0
P07910-4	0	0	0	0	0	2	0	0	1	1
P07948-2	0	0	0	0	0	1	0	1	1	1
P07951-2	42	39	42	39	42	0	0	0	0	0
P07951-3	76	39	42	39	42	0	0	0	0	0
P07954-2	0	0	0	0	0	1	0	0	0	0
P07996-2	0	0	0	0	0	1	0	0	0	0
P08047-2	0	0	0	0	0	1	0	0	0	0
P08047-3	0	0	0	0	0	1	0	0	0	0
P08133-2	0	0	0	0	0	1	1	0	0	1
P08138-2	0	0	0	0	0	1	0	0	0	0
P08174-2	79	0	0	13	13	0	0	0	0	0
P08174-3	24	0	0	0	0	0	0	0	0	0
P08174-4	4	0	0	0	0	0	0	0	0	0
P08174-5	79	0	0	0	0	0	0	0	0	0
P08174-6	145	0	0	0	0	0	0	0	0	0
P08174-7	170	0	0	0	0	0	0	0	0	0
P08195-4	31	0	0	0	0	0	0	0	0	0
P08195-2	0	0	0	0	0	1	0	0	0	0
P08195-3	0	0	0	0	0	1	1	0	0	1
P08195-5	32	0	0	0	0	1	0	0	0	0
P08237-2	0	0	0	0	0	1	0	0	0	0
P08237-3	71	0	18	18	36	0	0	0	0	0
P08247-2	0	0	0	0	0	1	0	0	0	0
P08397-2	0	0	0	0	0	1	0	0	0	0
P08397-3	0	0	0	0	0	1	0	0	0	0
P08397-4	0	0	0	0	0	2	0	0	0	0
P08559-2	7	0	0	0	0	0	0	0	0	0
P08559-3	0	0	0	0	0	1	0	0	0	0
P08559-4	38	0	0	0	0	0	0	0	0	0
P08575-10	0	0	0	0	0	1	0	0	0	0
P08575-4	0	0	0	0	0	1	0	0	0	0
P08575-5	0	0	0	0	0	1	0	0	0	0
P08575-6	0	0	0	0	0	1	0	0	0	0
P08575-7	0	0	0	0	0	1	0	0	0	0
P08575-8	0	0	0	0	0	1	0	0	0	0
P08575-9	0	0	0	0	0	2	0	0	0	0
P08582-2	59	0	0	0	0	0	0	0	0	0
P08603-2	1	0	0	0	0	1	0	0	0	0
P08621-2	0	0	0	0	0	1	0	0	0	0
P08621-3	7	0	0	0	0	0	0	0	0	0
P08621-4	62	0	0	0	0	0	0	0	0	0
P08651-2	0	0	0	0	0	1	0	0	0	0
P08651-3	16	0	0	0	0	1	0	0	0	0
P08651-4	16	0	0	0	0	2	0	0	0	0
P08651-5	0	0	0	0	0	1	0	0	0	0
P08651-6	16	0	0	0	0	0	0	0	0	0
P08697-2	3	0	0	0	0	0	0	0	0	0
P09038-1	0	0	0	0	0	1	0	0	0	0
P09038-2	0	0	0	0	0	1	0	0	0	0
P09038-3	0	0	0	0	0	1	0	0	0	0
P09104-2	1	0	0	0	0	0	0	0	0	0
P09110-2	0	0	0	0	0	2	0	0	0	0
P09132-2	10	0	0	0	0	0	0	0	0	0
P09132-3	61	0	0	0	0	0	0	0	0	0
P09417-2	0	0	0	0	0	1	0	0	0	0
P09455-2	69	0	0	0	0	0	0	0	0	0
P09455-3	73	0	0	0	0	0	0	0	0	0
P09471-2	25	8	7	6	15	0	0	0	0	0
P09488-2	0	0	0	0	0	1	0	0	0	0
P09493-10	22	5	22	22	22	0	0	0	0	0
P09493-5	54	47	51	39	54	0	0	0	0	0
P09493-2	71	20	26	34	34	0	0	0	0	0
P09493-3	48	19	43	43	43	0	0	0	0	0
P09493-4	21	4	21	21	21	0	0	0	0	0
P09493-6	37	26	35	26	36	0	0	0	0	0
P09493-7	64	41	57	48	58	0	0	0	0	0
P09493-8	85	45	78	69	79	0	0	0	0	0
P09493-9	27	15	22	22	22	0	0	0	0	0
P09496-2	0	0	0	0	0	1	1	1	0	1
P09496-3	0	0	0	0	0	1	1	0	1	1
P09496-4	1	0	0	0	0	0	0	0	0	0
P09496-5	0	0	0	0	0	2	2	1	0	2
P09497-2	0	0	0	0	0	1	1	1	0	1
P09525-2	0	0	0	0	0	1	0	0	0	0
P09525-3	2	0	0	0	0	0	0	0	0	0
P09543-2	0	0	0	0	0	1	0	0	0	0
P09619-2	23	0	0	0	0	0	0	0	0	0
P09622-2	0	0	0	0	0	1	0	0	0	0
P09622-3	0	0	0	0	0	1	0	0	0	0
P09651-2	0	0	0	0	0	1	0	0	0	0
P09651-3	0	0	0	0	0	1	0	0	0	0
P09914-2	0	0	0	0	0	1	0	0	0	0
P09960-2	22	0	0	0	0	0	0	0	0	0
P09960-3	44	0	0	0	0	0	0	0	0	0
P09960-4	22	0	0	0	0	0	0	0	0	0
P0C0L4-2	0	0	0	0	0	1	1	0	0	1
P0C1Z6-2	0	0	0	0	0	1	0	0	0	0
P0CAP2-2	0	0	0	0	0	1	0	0	0	0
P0CAP2-3	38	0	0	0	0	0	0	0	0	0
P0DJI9-2	6	0	0	0	0	0	0	0	0	0
P10155-2	11	0	0	0	0	0	0	0	0	0
P10155-3	4	0	0	0	0	0	0	0	0	0
P10155-4	6	0	0	0	0	0	0	0	0	0
P10155-5	11	0	0	0	0	0	0	0	0	0
P10321-2	4	2	0	0	2	0	0	0	0	0
P10451-3	0	0	0	0	0	1	0	1	0	1
P10451-4	0	0	0	0	0	1	0	0	0	0
P10451-5	0	0	0	0	0	1	0	1	1	1
P10586-2	0	0	0	0	0	1	0	0	0	0
P10599-2	0	0	0	0	0	1	0	0	0	0
P10619-2	0	0	0	0	0	1	0	0	0	0
P10636-8	0	0	0	0	0	2	0	1	1	1
P10636-6	0	0	0	0	0	3	1	2	2	2
P10636-2	0	0	0	0	0	4	1	2	3	3
P10636-3	9	0	0	0	0	3	0	0	1	1
P10636-4	0	0	0	0	0	4	1	2	3	3
P10636-5	0	0	0	0	0	3	0	1	2	2
P10636-7	0	0	0	0	0	3	1	2	2	2
P10636-9	18	0	0	0	0	0	0	0	0	0
P10644-2	12	0	0	0	0	0	0	0	0	0
P10721-2	0	0	0	0	0	1	0	0	0	0
P10721-4	21	0	0	0	0	0	0	0	0	0
P10809-2	12	0	0	0	0	0	0	0	0	0
P10827-2	40	0	0	0	0	0	0	0	0	0
P10827-3	0	0	0	0	0	1	0	0	0	0
P10827-4	0	0	0	0	0	1	0	0	0	0
P10909-4	0	0	0	0	0	1	1	0	0	1
P10909-6	0	0	0	0	0	1	0	0	0	0
P10909-2	52	0	0	0	0	0	0	0	0	0
P10909-3	0	0	0	0	0	1	0	0	0	0
P10909-5	11	0	0	0	0	0	0	0	0	0
P11117-2	7	0	0	0	0	0	0	0	0	0
P11137-2	0	0	0	0	0	1	0	0	0	0
P11137-4	88	0	41	51	60	1	0	0	0	0
P11137-3	0	0	0	0	0	1	0	1	1	1
P11142-2	0	0	0	0	0	1	0	0	0	0
P11171-2	0	0	0	0	0	1	0	0	0	0
P11171-7	6	0	0	0	0	1	0	0	0	0
P11171-3	0	0	0	0	0	2	1	0	0	1
P11171-4	0	0	0	0	0	3	1	0	0	1
P11171-5	0	0	0	0	0	2	0	0	0	0
P11171-6	0	0	0	0	0	3	1	0	0	1
P11172-2	0	0	0	0	0	1	0	1	1	1
P11172-3	0	0	0	0	0	1	0	0	0	0
P11172-4	0	0	0	0	0	2	0	1	1	1
P11177-2	0	0	0	0	0	1	0	0	0	0
P11177-3	0	0	0	0	0	1	0	0	0	0
P11215-2	1	0	0	0	0	0	0	0	0	0
P11217-2	0	0	0	0	0	1	0	0	0	0
P11234-2	22	0	0	0	0	0	0	0	0	0
P11234-3	23	0	0	0	0	0	0	0	0	0
P11274-2	0	0	0	0	0	1	0	0	0	0
P11277-2	210	14	131	128	146	0	0	0	0	0
P11277-3	33	0	0	0	0	0	0	0	0	0
P11310-2	4	0	0	0	0	0	0	0	0	0
P11413-2	46	0	0	0	0	0	0	0	0	0
P11413-3	30	0	0	0	0	0	0	0	0	0
P11498-2	64	0	0	0	0	1	0	0	0	0
P11532-5	33	0	1	32	32	1	1	0	1	1
P11532-11	6	0	0	0	0	0	0	0	0	0
P11532-12	0	0	0	0	0	1	0	0	0	0
P11532-13	0	0	0	0	0	2	0	0	0	0
P11532-14	31	0	0	31	31	1	0	0	0	0
P11532-15	31	0	0	31	31	2	1	0	1	1
P11532-16	31	0	0	31	31	2	0	0	0	0
P11532-17	5	0	0	0	0	0	0	0	0	0
P11532-18	2	0	1	1	1	0	0	0	0	0
P11532-2	12	0	0	0	0	0	0	0	0	0
P11532-3	6	0	0	0	0	0	0	0	0	0
P11532-4	2	0	0	0	0	0	0	0	0	0
P11532-6	33	0	1	32	32	0	0	0	0	0
P11532-7	2	0	1	1	1	0	0	0	0	0
P11532-8	2	0	1	1	1	1	1	0	1	1
P11532-9	33	0	1	32	32	1	0	0	0	0
P11802-2	0	0	0	0	0	1	0	0	0	0
P11908-2	3	0	0	0	0	0	0	0	0	0
P11940-2	0	0	0	0	0	1	0	0	0	0
P12036-2	0	0	0	0	0	1	0	0	0	0
P12081-2	0	0	0	0	0	1	0	0	0	0
P12081-3	0	0	0	0	0	2	0	0	0	0
P12081-4	0	0	0	0	0	1	0	0	0	0
P12110-2	91	0	10	0	10	1	0	1	0	1
P12110-3	4	0	0	0	0	0	0	0	0	0
P12111-2	0	0	0	0	0	1	0	0	0	0
P12111-3	12	0	0	0	0	1	0	0	0	0
P12111-4	0	0	0	0	0	2	0	0	1	1
P12111-5	12	0	0	0	0	1	0	0	0	0
P12270-2	1	0	0	0	0	0	0	0	0	0
P12318-2	0	0	0	0	0	1	0	0	0	0
P12532-2	31	0	0	0	0	0	0	0	0	0
P12694-2	25	0	0	0	0	1	0	0	0	0
P12814-2	17	0	2	16	17	0	0	0	0	0
P12814-3	22	0	2	22	22	0	0	0	0	0
P12814-4	60	0	2	16	17	0	0	0	0	0
P12821-3	56	0	0	0	0	0	0	0	0	0
P12821-2	9	0	0	0	0	0	0	0	0	0
P12821-4	56	0	0	0	0	1	0	0	0	0
P12931-2	6	0	2	1	2	0	0	0	0	0
P12931-3	17	0	2	13	13	0	0	0	0	0
P12955-2	0	0	0	0	0	1	0	0	0	0
P12955-3	0	0	0	0	0	1	0	0	0	0
P12956-2	0	0	0	0	0	1	0	0	0	0
P13473-2	35	0	0	28	28	0	0	0	0	0
P13473-3	36	0	0	0	0	0	0	0	0	0
P13591-1	0	0	0	0	0	1	0	0	0	0
P13591-3	58	0	0	0	0	1	0	0	0	0
P13591-4	22	0	0	0	0	1	0	0	0	0
P13591-5	54	0	0	0	0	0	0	0	0	0
P13591-6	1	0	0	0	0	0	0	0	0	0
P13611-2	1	0	1	0	1	0	0	0	0	0
P13611-3	0	0	0	0	0	1	0	0	0	0
P13611-4	1	0	0	0	0	0	0	0	0	0
P13611-5	16	0	0	0	0	0	0	0	0	0
P13637-2	11	0	0	0	0	0	0	0	0	0
P13637-3	13	0	13	0	13	0	0	0	0	0
P13674-2	17	0	17	0	17	0	0	0	0	0
P13674-3	17	0	17	0	17	1	0	0	0	0
P13693-2	0	0	0	0	0	1	0	1	0	1
P13716-2	66	0	0	0	0	0	0	0	0	0
P13726-2	40	0	0	0	0	0	0	0	0	0
P13796-2	15	0	0	0	0	0	0	0	0	0
P13797-2	10	0	9	9	9	0	0	0	0	0
P13797-3	0	0	0	0	0	1	0	0	0	0
P13804-2	0	0	0	0	0	1	0	0	0	0
P13861-2	0	0	0	0	0	1	0	0	0	0
P13929-2	0	0	0	0	0	1	0	0	0	0
P13929-3	1	0	0	0	0	0	0	0	0	0
P13987-2	25	0	0	0	0	0	0	0	0	0
P14136-3	38	6	26	0	29	0	0	0	0	0
P14136-2	45	0	0	11	11	0	0	0	0	0
P14209-2	2	0	0	0	0	0	0	0	0	0
P14209-3	0	0	0	0	0	1	0	0	0	0
P14314-2	7	0	7	0	7	0	0	0	0	0
P14316-2	0	0	0	0	0	1	0	0	0	0
P14317-2	73	0	0	0	0	0	0	0	0	0
P14324-2	0	0	0	0	0	1	0	1	0	1
P14543-2	0	0	0	0	0	1	0	0	0	0
P14618-2	32	26	25	32	32	0	0	0	0	0
P14618-3	65	0	0	0	0	0	0	0	0	0
P14735-2	0	0	0	0	0	1	0	0	0	0
P14866-2	0	0	0	0	0	1	0	0	0	0
P14868-2	0	0	0	0	0	1	0	0	0	0
P14927-2	54	0	0	0	0	0	0	0	0	0
P15151-2	0	0	0	0	0	1	0	0	0	0
P15151-3	1	0	0	0	0	0	0	0	0	0
P15151-4	8	0	0	0	0	0	0	0	0	0
P15170-2	138	25	0	33	33	1	0	0	0	0
P15170-3	138	25	0	33	33	0	0	0	0	0
P15260-2	27	0	0	0	0	0	0	0	0	0
P15289-2	0	0	0	0	0	1	0	0	1	1
P15529-3	23	0	22	21	22	1	0	0	0	0
P15529-10	0	0	0	0	0	1	0	0	0	0
P15529-11	0	0	0	0	0	1	0	0	0	0
P15529-12	0	0	0	0	0	1	0	0	0	0
P15529-13	0	0	0	0	0	1	0	0	0	0
P15529-14	0	0	0	0	0	2	0	0	0	0
P15529-15	0	0	0	0	0	1	0	0	0	0
P15529-16	24	0	22	21	22	0	0	0	0	0
P15529-2	23	0	22	21	22	0	0	0	0	0
P15529-4	23	0	22	21	22	1	0	0	0	0
P15529-5	23	0	22	21	22	1	0	0	0	0
P15529-6	23	0	22	21	22	2	0	0	0	0
P15529-7	23	0	22	21	22	1	0	0	0	0
P15529-8	25	0	0	0	0	1	0	0	0	0
P15529-9	25	0	0	0	0	1	0	0	0	0
P15531-2	25	0	0	0	0	0	0	0	0	0
P15559-2	0	0	0	0	0	1	0	0	0	0
P15559-3	0	0	0	0	0	1	0	0	0	0
P15735-2	13	0	0	0	0	0	0	0	0	0
P15848-2	9	0	0	0	0	0	0	0	0	0
P15882-2	54	0	0	25	25	0	0	0	0	0
P15882-3	0	0	0	0	0	1	0	0	0	0
P15924-2	0	0	0	0	0	1	0	0	0	0
P15924-3	0	0	0	0	0	1	0	0	0	0
P15927-2	11	0	0	0	0	0	0	0	0	0
P15927-3	88	0	0	0	0	0	0	0	0	0
P16070-10	1	0	0	0	0	0	0	0	0	0
P16070-11	0	0	0	0	0	1	0	0	0	0
P16070-12	1	0	0	0	0	0	0	0	0	0
P16070-13	2	0	0	0	0	0	0	0	0	0
P16070-14	3	0	0	0	0	0	0	0	0	0
P16070-15	2	0	0	0	0	0	0	0	0	0
P16070-16	2	0	0	0	0	0	0	0	0	0
P16070-17	1	0	0	0	0	1	0	0	0	0
P16070-18	1	0	0	0	0	0	0	0	0	0
P16070-19	54	0	0	0	0	0	0	0	0	0
P16070-2	4	0	0	0	0	0	0	0	0	0
P16070-3	1	0	0	0	0	0	0	0	0	0
P16070-4	1	0	0	0	0	0	0	0	0	0
P16070-5	0	0	0	0	0	1	0	0	0	0
P16070-6	1	0	0	0	0	0	0	0	0	0
P16070-7	1	0	0	0	0	0	0	0	0	0
P16070-8	1	0	0	0	0	0	0	0	0	0
P16070-9	1	0	0	0	0	0	0	0	0	0
P16112-2	0	0	0	0	0	1	0	0	1	1
P16112-3	1	0	0	0	0	1	0	0	1	1
P16144-2	0	0	0	0	0	1	0	0	0	0
P16144-3	53	0	0	36	36	1	0	0	0	0
P16144-4	1	0	0	0	0	1	0	0	0	0
P16144-5	98	0	0	0	0	1	0	0	0	0
P16152-2	38	0	0	0	0	0	0	0	0	0
P16157-10	0	0	0	0	0	1	0	0	0	0
P16157-11	0	0	0	0	0	2	0	0	0	0
P16157-12	32	0	0	0	0	0	0	0	0	0
P16157-13	32	0	0	0	0	1	0	0	0	0
P16157-14	110	0	0	0	0	0	0	0	0	0
P16157-15	110	0	0	0	0	1	0	0	0	0
P16157-16	32	0	0	0	0	0	0	0	0	0
P16157-17	87	0	0	0	0	1	0	0	0	0
P16157-18	88	0	0	0	0	1	0	0	0	0
P16157-19	55	0	0	0	0	1	0	0	0	0
P16157-2	1	0	0	0	0	0	0	0	0	0
P16157-20	63	0	0	0	0	0	0	0	0	0
P16157-21	49	0	11	14	14	1	0	1	0	1
P16157-22	56	0	0	0	0	2	0	0	0	0
P16157-23	56	0	0	0	0	1	0	0	0	0
P16157-3	31	0	0	0	0	0	0	0	0	0
P16157-4	0	0	0	0	0	1	0	0	0	0
P16157-5	0	0	0	0	0	1	0	1	0	1
P16157-6	0	0	0	0	0	2	0	1	0	1
P16157-7	31	0	0	0	0	1	0	0	0	0
P16157-8	0	0	0	0	0	1	0	0	0	0
P16157-9	0	0	0	0	0	2	0	0	0	0
P16220-1	14	0	7	0	7	0	0	0	0	0
P16220-3	14	0	7	0	7	1	0	0	0	0
P16284-6	6	0	0	0	0	0	0	0	0	0
P16284-2	0	0	0	0	0	1	0	0	0	0
P16284-3	0	0	0	0	0	1	0	0	0	0
P16284-4	0	0	0	0	0	1	0	0	0	0
P16284-5	6	0	0	0	0	0	0	0	0	0
P16298-2	59	0	0	0	0	0	0	0	0	0
P16298-3	1	1	1	1	1	1	0	0	0	0
P16298-4	1	1	1	1	1	0	0	0	0	0
P16333-2	11	0	0	0	0	0	0	0	0	0
P16383-2	1	0	0	0	0	0	0	0	0	0
P16383-3	7	0	0	0	0	0	0	0	0	0
P16383-4	12	0	0	0	0	1	0	0	0	0
P16389-2	55	0	0	0	0	0	0	0	0	0
P16452-2	30	0	0	0	0	0	0	0	0	0
P16452-3	0	0	0	0	0	1	0	0	0	0
P16519-2	0	0	0	0	0	1	0	0	0	0
P16519-3	0	0	0	0	0	1	0	0	0	0
P16591-2	0	0	0	0	0	1	0	0	0	0
P16591-3	32	0	0	0	0	0	0	0	0	0
P16615-2	4	0	4	0	4	0	0	0	0	0
P16615-3	6	0	6	6	6	0	0	0	0	0
P16615-4	0	0	0	0	0	1	0	0	0	0
P16615-5	4	0	0	0	0	0	0	0	0	0
P16870-2	0	0	0	0	0	1	0	0	0	0
P16930-2	0	0	0	0	0	1	0	0	0	0
P16949-2	48	0	0	0	0	0	0	0	0	0
P17010-2	0	0	0	0	0	1	0	0	0	0
P17010-3	39	0	0	0	0	0	0	0	0	0
P17028-2	4	0	0	0	0	0	0	0	0	0
P17174-2	17	0	10	0	10	0	0	0	0	0
P17480-2	0	0	0	0	0	1	0	0	0	0
P17544-4	0	0	0	0	0	1	0	0	0	0
P17544-5	25	0	0	0	0	0	0	0	0	0
P17544-1	11	0	0	0	0	0	0	0	0	0
P17544-2	0	0	0	0	0	1	0	0	0	0
P17544-3	11	0	0	0	0	1	0	0	0	0
P17600-2	9	0	9	1	9	0	0	0	0	0
P17612-2	6	0	0	0	0	0	0	0	0	0
P17655-2	0	0	0	0	0	1	0	0	0	0
P17676-2	0	0	0	0	0	1	0	0	0	0
P17676-3	0	0	0	0	0	1	0	0	0	0
P17677-2	45	0	0	0	0	0	0	0	0	0
P17812-2	0	0	0	0	0	1	0	0	0	0
P17813-2	7	0	0	0	0	0	0	0	0	0
P17844-2	0	0	0	0	0	1	1	0	0	1
P17858-2	74	0	0	0	0	0	0	0	0	0
P18206-2	0	0	0	0	0	1	0	0	0	0
P18206-3	30	0	0	0	0	1	0	0	0	0
P18433-6	0	0	0	0	0	1	0	0	0	0
P18507-1	0	0	0	0	0	1	0	0	1	1
P18507-3	41	0	0	0	0	0	0	0	0	0
P18583-10	23	0	0	0	0	0	0	0	0	0
P18583-2	51	0	0	10	10	0	0	0	0	0
P18583-3	84	0	0	0	0	0	0	0	0	0
P18583-4	26	0	0	0	0	0	0	0	0	0
P18583-5	50	0	0	10	10	0	0	0	0	0
P18583-6	1	0	0	0	0	0	0	0	0	0
P18583-7	0	0	0	0	0	1	0	0	0	0
P18583-8	3	0	0	0	0	0	0	0	0	0
P18583-9	40	0	0	0	0	0	0	0	0	0
P18615-3	7	0	1	1	1	0	0	0	0	0
P18615-4	0	0	0	0	0	1	0	0	1	1
P18621-2	0	0	0	0	0	1	0	0	0	0
P18621-3	59	0	0	0	0	0	0	0	0	0
P18754-2	31	0	0	0	0	0	0	0	0	0
P18859-2	8	0	0	0	0	0	0	0	0	0
P19021-3	0	0	0	0	0	1	0	0	0	0
P19021-4	0	0	0	0	0	1	0	0	0	0
P19021-2	0	0	0	0	0	1	0	0	0	0
P19021-5	1	0	0	1	1	0	0	0	0	0
P19021-6	0	0	0	0	0	1	0	0	0	0
P19022-2	25	0	0	0	0	0	0	0	0	0
P19174-2	1	0	0	0	0	0	0	0	0	0
P19256-2	2	0	0	0	0	0	0	0	0	0
P19256-3	1	0	0	0	0	0	0	0	0	0
P19320-2	1	0	0	0	0	0	0	0	0	0
P19320-3	0	0	0	0	0	1	0	0	0	0
P19367-2	19	0	0	0	0	0	0	0	0	0
P19367-3	21	0	0	0	0	0	0	0	0	0
P19367-4	8	0	0	0	0	0	0	0	0	0
P19440-3	0	0	0	0	0	1	0	0	0	0
P19440-2	23	0	0	0	0	0	0	0	0	0
P19474-2	0	0	0	0	0	1	0	0	0	0
P19484-2	0	0	0	0	0	1	0	0	0	0
P19525-2	0	0	0	0	0	1	0	0	0	0
P19532-2	26	0	0	0	0	0	0	0	0	0
P19634-2	53	0	0	0	0	1	0	0	0	0
P19827-2	0	0	0	0	0	1	0	0	0	0
P19827-3	0	0	0	0	0	1	0	0	0	0
P19838-2	1	0	0	0	0	0	0	0	0	0
P19838-3	5	0	0	0	0	1	0	0	0	0
P19971-2	5	0	0	0	0	0	0	0	0	0
P20020-1	38	0	0	38	38	0	0	0	0	0
P20020-2	48	0	0	48	48	0	0	0	0	0
P20020-4	29	0	0	29	29	0	0	0	0	0
P20020-5	43	0	0	10	10	0	0	0	0	0
P20020-6	0	0	0	0	0	1	0	0	0	0
P20073-2	0	0	0	0	0	1	0	0	0	0
P20290-2	0	0	0	0	0	1	0	0	1	1
P20339-2	0	0	0	0	0	1	0	0	0	0
P20340-2	3	0	0	3	3	0	0	0	0	0
P20340-3	0	0	0	0	0	1	0	0	0	0
P20340-4	3	0	0	3	3	1	0	1	0	1
P20366-2	1	0	0	0	0	0	0	0	0	0
P20366-3	0	0	0	0	0	1	0	0	0	0
P20366-4	1	0	0	0	0	1	0	0	0	0
P20591-2	74	0	0	0	0	1	0	0	0	0
P20711-2	20	0	0	0	0	0	0	0	0	0
P20711-3	0	0	0	0	0	1	0	0	0	0
P20711-4	0	0	0	0	0	1	0	0	0	0
P20718-2	0	0	0	0	0	1	0	0	0	0
P20718-3	0	0	0	0	0	1	0	0	0	0
P20810-10	83	1	47	60	60	1	1	0	0	1
P20810-2	0	0	0	0	0	1	1	0	1	1
P20810-3	0	0	0	0	0	2	1	1	1	1
P20810-4	0	0	0	0	0	2	1	0	0	1
P20810-5	83	1	47	60	60	2	2	1	1	2
P20810-6	83	0	47	60	60	0	0	0	0	0
P20810-7	83	0	47	60	60	1	0	0	0	0
P20810-8	0	0	0	0	0	1	1	0	0	1
P20810-9	83	1	47	60	60	2	1	0	0	1
P20827-2	0	0	0	0	0	1	0	0	0	0
P20839-3	49	0	0	0	0	0	0	0	0	0
P20839-2	0	0	0	0	0	1	0	0	0	0
P20839-4	0	0	0	0	0	1	0	0	0	0
P20839-5	75	0	0	0	0	0	0	0	0	0
P20839-6	85	0	0	0	0	0	0	0	0	0
P20839-7	81	0	0	0	0	0	0	0	0	0
P20851-2	0	0	0	0	0	1	0	0	0	0
P20916-2	9	0	8	0	8	0	0	0	0	0
P20916-3	0	0	0	0	0	1	0	0	0	0
P20936-2	2	0	0	0	0	0	0	0	0	0
P20936-3	2	0	0	0	0	0	0	0	0	0
P20936-4	12	0	0	0	0	0	0	0	0	0
P21333-2	0	0	0	0	0	1	0	0	0	0
P21359-2	0	0	0	0	0	1	0	0	1	1
P21359-3	4	0	0	0	0	0	0	0	0	0
P21359-4	5	0	0	0	0	1	0	0	0	0
P21359-5	17	0	0	0	0	0	0	0	0	0
P21359-6	18	0	0	0	0	1	0	0	1	1
P21397-2	0	0	0	0	0	1	0	0	0	0
P21583-2	1	0	0	0	0	0	0	0	0	0
P21583-3	7	0	0	0	0	0	0	0	0	0
P21589-2	0	0	0	0	0	1	0	0	0	0
P21695-2	0	0	0	0	0	1	0	0	0	0
P21860-2	33	0	0	0	0	0	0	0	0	0
P21860-3	1	0	0	0	0	0	0	0	0	0
P21860-4	0	0	0	0	0	1	0	0	0	0
P21860-5	0	0	0	0	0	1	0	0	0	0
P21953-2	7	0	0	0	0	0	0	0	0	0
P21964-2	0	0	0	0	0	1	0	0	0	0
P21980-2	10	0	0	0	0	0	0	0	0	0
P21980-3	60	0	0	0	0	0	0	0	0	0
P22061-2	3	3	3	0	3	0	0	0	0	0
P22105-1	0	0	0	0	0	1	0	0	0	0
P22105-2	0	0	0	0	0	1	0	0	0	0
P22105-4	3	0	0	0	0	1	0	0	0	0
P22234-2	8	0	0	0	0	0	0	0	0	0
P22303-2	42	0	0	0	0	0	0	0	0	0
P22303-3	0	0	0	0	0	1	0	0	0	0
P22303-4	29	0	0	0	0	0	0	0	0	0
P22304-2	7	0	0	0	0	0	0	0	0	0
P22304-3	19	0	0	0	0	0	0	0	0	0
P22307-2	0	0	0	0	0	1	0	0	1	1
P22307-3	5	0	0	0	0	1	0	0	0	0
P22307-4	0	0	0	0	0	1	0	0	0	0
P22307-5	16	0	0	0	0	1	0	0	1	1
P22307-6	0	0	0	0	0	2	0	0	0	0
P22307-7	0	0	0	0	0	1	0	0	0	0
P22307-8	0	0	0	0	0	1	0	0	0	0
P22314-2	0	0	0	0	0	1	0	0	0	0
P22392-2	115	59	95	93	114	0	0	0	0	0
P22415-2	0	0	0	0	0	1	0	0	0	0
P22570-2	6	0	0	0	0	0	0	0	0	0
P22570-3	43	0	1	0	1	0	0	0	0	0
P22570-4	6	0	0	0	0	0	0	0	0	0
P22570-5	0	0	0	0	0	1	0	0	0	0
P22570-6	1	0	1	0	1	1	0	0	0	0
P22570-7	39	0	0	0	0	0	0	0	0	0
P22607-2	47	0	0	0	0	0	0	0	0	0
P22607-3	0	0	0	0	0	1	0	0	0	0
P22607-4	132	0	0	0	0	0	0	0	0	0
P22626-2	0	0	0	0	0	1	0	0	0	0
P22692-2	0	0	0	0	0	1	0	0	0	0
P22694-10	16	15	12	13	16	1	0	0	0	0
P22694-2	62	0	0	16	16	0	0	0	0	0
P22694-3	2	0	0	0	0	0	0	0	0	0
P22694-4	0	0	0	0	0	1	0	0	0	0
P22694-5	16	15	12	13	16	0	0	0	0	0
P22694-6	20	20	16	17	20	0	0	0	0	0
P22694-7	16	15	12	13	16	0	0	0	0	0
P22694-8	1	0	0	0	0	0	0	0	0	0
P22694-9	20	20	16	17	20	0	0	0	0	0
P22748-2	13	0	0	0	0	0	0	0	0	0
P22794-2	23	0	0	0	0	0	0	0	0	0
P22830-2	6	0	0	0	0	0	0	0	0	0
P23141-3	0	0	0	0	0	1	0	0	0	0
P23141-2	1	0	0	0	0	0	0	0	0	0
P23142-4	107	12	37	78	95	0	0	0	0	0
P23142-3	35	0	0	0	0	0	0	0	0	0
P23193-2	0	0	0	0	0	1	0	0	0	0
P23229-2	29	15	19	12	26	1	0	0	0	0
P23229-4	29	15	19	12	26	1	0	0	0	0
P23229-6	29	15	19	12	26	0	0	0	0	0
P23229-3	0	0	0	0	0	1	0	0	0	0
P23229-5	0	0	0	0	0	1	0	0	0	0
P23229-7	29	15	19	12	26	2	0	0	0	0
P23229-9	29	15	19	12	26	1	0	0	0	0
P23246-2	7	0	0	0	0	0	0	0	0	0
P23368-2	6	0	0	0	0	0	0	0	0	0
P23381-2	0	0	0	0	0	1	0	0	0	0
P23396-2	16	0	0	0	0	0	0	0	0	0
P23468-2	0	0	0	0	0	3	0	0	1	1
P23468-3	0	0	0	0	0	1	0	0	0	0
P23468-4	15	0	0	1	1	2	0	0	1	1
P23468-5	5	0	0	1	1	0	0	0	0	0
P23468-6	6	0	0	1	1	0	0	0	0	0
P23468-7	5	0	0	1	1	1	0	1	0	1
P23469-2	11	0	0	0	0	0	0	0	0	0
P23469-3	0	0	0	0	0	1	0	0	0	0
P23470-2	0	0	0	0	0	1	0	0	0	0
P23471-2	0	0	0	0	0	1	0	0	0	0
P23471-3	0	0	0	0	0	2	0	0	0	0
P23497-2	3	3	0	0	3	0	0	0	0	0
P23497-3	3	0	0	0	0	0	0	0	0	0
P23497-4	178	0	0	0	0	0	0	0	0	0
P23497-5	17	0	0	0	0	1	0	0	0	0
P23497-6	3	3	0	0	3	2	0	0	0	0
P23497-7	3	3	0	0	3	1	0	0	0	0
P23508-2	208	0	0	0	0	0	0	0	0	0
P23511-2	0	0	0	0	0	1	0	0	0	0
P23526-2	0	0	0	0	0	1	0	0	0	0
P23560-2	8	0	0	0	0	0	0	0	0	0
P23560-3	15	0	0	0	0	0	0	0	0	0
P23560-4	82	0	0	0	0	0	0	0	0	0
P23560-5	29	0	0	0	0	0	0	0	0	0
P23588-2	0	0	0	0	0	1	0	0	0	0
P23634-2	28	0	28	28	28	0	0	0	0	0
P23634-3	28	0	28	28	28	1	0	0	0	0
P23634-4	28	0	28	28	28	1	0	0	0	0
P23634-5	28	0	28	28	28	2	0	0	0	0
P23634-6	0	0	0	0	0	1	0	0	0	0
P23634-7	0	0	0	0	0	2	0	0	0	0
P23634-8	0	0	0	0	0	1	0	0	0	0
P23743-2	1	0	0	0	0	0	0	0	0	0
P23743-3	5	0	0	0	0	0	0	0	0	0
P23763-3	4	0	0	0	0	0	0	0	0	0
P23763-2	3	0	0	0	0	0	0	0	0	0
P23919-2	0	0	0	0	0	1	0	0	0	0
P23975-2	18	0	0	0	0	0	0	0	0	0
P23975-3	26	0	0	0	0	1	0	0	0	0
P24386-2	6	0	0	0	0	0	0	0	0	0
P24557-2	0	0	0	0	0	1	0	0	0	0
P24557-3	46	0	0	0	0	0	0	0	0	0
P24557-4	4	0	0	0	0	0	0	0	0	0
P24666-2	31	0	0	0	0	0	0	0	0	0
P24666-3	0	0	0	0	0	1	0	0	0	0
P24666-4	35	0	0	0	0	0	0	0	0	0
P24723-2	0	0	0	0	0	1	0	0	0	0
P24752-2	17	0	0	0	0	0	0	0	0	0
P24821-2	0	0	0	0	0	2	1	0	1	2
P24821-3	0	0	0	0	0	1	1	0	0	1
P24821-4	0	0	0	0	0	1	0	0	1	1
P24821-5	0	0	0	0	0	1	0	0	0	0
P24821-6	0	0	0	0	0	1	0	0	0	0
P24844-2	0	0	0	0	0	1	0	0	0	0
P24941-2	0	0	0	0	0	1	0	0	0	0
P25054-2	0	0	0	0	0	1	0	0	0	0
P25054-3	51	0	0	0	0	1	0	0	0	0
P25325-2	20	1	0	8	8	0	0	0	0	0
P25445-2	35	0	0	0	0	0	0	0	0	0
P25445-3	18	0	0	0	0	0	0	0	0	0
P25445-4	35	5	0	0	5	0	0	0	0	0
P25445-5	18	5	0	0	5	0	0	0	0	0
P25445-6	0	0	0	0	0	1	0	0	0	0
P25445-7	3	0	0	0	0	0	0	0	0	0
P25685-2	0	0	0	0	0	1	0	0	0	0
P25686-2	3	3	0	0	3	0	0	0	0	0
P25705-2	0	0	0	0	0	1	1	0	1	1
P25705-3	0	0	0	0	0	1	0	0	0	0
P25786-2	6	0	0	0	0	0	0	0	0	0
P25788-2	0	0	0	0	0	1	0	0	0	0
P25789-2	0	0	0	0	0	1	0	0	0	0
P25942-2	34	0	0	0	0	0	0	0	0	0
P26012-2	0	0	0	0	0	1	0	0	0	0
P26232-2	0	0	0	0	0	1	0	1	1	1
P26232-3	0	0	0	0	0	1	0	0	0	0
P26232-4	0	0	0	0	0	2	0	1	1	1
P26232-5	34	0	0	0	0	1	0	1	1	1
P26232-6	27	0	0	0	0	1	0	1	1	1
P26368-2	0	0	0	0	0	1	0	0	0	0
P26373-2	0	0	0	0	0	1	0	1	1	1
P26378-2	1	0	0	0	0	1	0	0	0	0
P26378-1	1	0	0	0	0	0	0	0	0	0
P26378-3	18	0	0	0	0	1	0	0	0	0
P26378-4	1	0	0	0	0	1	0	0	0	0
P26378-5	5	0	0	0	0	1	0	0	0	0
P26440-2	0	0	0	0	0	1	0	0	0	0
P26599-1	0	0	0	0	0	1	0	0	0	0
P26599-2	0	0	0	0	0	1	0	0	0	0
P26639-2	33	0	0	0	0	0	0	0	0	0
P26640-2	4	0	0	0	0	1	0	0	0	0
P26641-2	52	0	0	0	0	0	0	0	0	0
P27105-2	0	0	0	0	0	1	0	0	0	0
P27338-2	45	0	0	0	0	1	0	0	0	0
P27361-2	0	0	0	0	0	1	0	0	0	0
P27361-3	18	0	0	0	0	0	0	0	0	0
P27448-2	23	0	0	0	0	1	0	0	0	0
P27448-3	0	0	0	0	0	1	0	0	0	0
P27448-4	0	0	0	0	0	1	0	0	1	1
P27448-6	0	0	0	0	0	2	0	0	0	0
P27448-7	23	0	0	0	0	1	0	0	0	0
P27448-8	0	0	0	0	0	2	0	0	0	0
P27701-2	0	0	0	0	0	1	0	0	0	0
P27815-2	74	0	0	0	0	1	0	0	0	0
P27815-4	18	0	18	0	18	0	0	0	0	0
P27815-3	8	0	0	0	0	0	0	0	0	0
P27815-6	42	0	0	0	0	0	0	0	0	0
P27815-7	78	0	0	0	0	0	0	0	0	0
P27815-5	39	0	0	0	0	0	0	0	0	0
P27816-2	0	0	0	0	0	1	0	0	0	0
P27816-3	486	351	291	337	436	0	0	0	0	0
P27816-4	369	105	167	74	235	1	0	0	0	0
P27816-5	70	1	29	11	30	1	0	1	0	1
P27816-6	48	2	0	23	25	0	0	0	0	0
P27816-7	2	0	2	0	2	0	0	0	0	0
P27824-2	35	0	0	0	0	0	0	0	0	0
P27824-3	0	0	0	0	0	1	0	0	0	0
P27986-2	30	0	0	0	0	0	0	0	0	0
P27986-3	5	0	0	0	0	0	0	0	0	0
P27986-4	9	0	0	0	0	0	0	0	0	0
P27986-5	0	0	0	0	0	1	0	1	1	1
P28062-2	44	0	0	0	0	0	0	0	0	0
P28065-2	0	0	0	0	0	1	0	0	0	0
P28066-2	0	0	0	0	0	1	0	0	0	0
P28074-2	35	0	0	0	0	0	0	0	0	0
P28074-3	0	0	0	0	0	1	0	0	1	1
P28161-2	2	0	0	0	0	0	0	0	0	0
P28288-2	0	0	0	0	0	1	0	0	0	0
P28288-3	5	0	0	0	0	1	0	0	0	0
P28289-2	4	0	0	0	0	0	0	0	0	0
P28290-2	0	0	0	0	0	1	0	0	0	0
P28290-3	31	0	0	0	0	0	0	0	0	0
P28329-3	0	0	0	0	0	1	0	0	0	0
P28329-2	12	0	0	0	0	0	0	0	0	0
P28331-2	14	0	0	0	0	0	0	0	0	0
P28331-3	1	0	0	0	0	0	0	0	0	0
P28331-4	0	0	0	0	0	1	1	0	0	1
P28331-5	0	0	0	0	0	1	0	0	0	0
P28370-2	0	0	0	0	0	1	0	0	0	0
P28472-2	25	0	0	0	0	0	0	0	0	0
P28472-3	7	0	0	0	0	0	0	0	0	0
P28472-4	0	0	0	0	0	1	0	0	0	0
P28482-2	0	0	0	0	0	1	0	0	0	0
P28799-2	0	0	0	0	0	1	0	0	0	0
P28799-3	60	0	0	0	0	1	0	0	0	0
P28838-2	0	0	0	0	0	1	0	0	0	0
P28906-2	4	0	0	0	0	0	0	0	0	0
P28907-2	1	0	0	0	0	0	0	0	0	0
P29120-2	11	0	0	0	0	0	0	0	0	0
P29218-3	59	0	0	0	0	0	0	0	0	0
P29218-2	43	0	0	0	0	0	0	0	0	0
P29353-2	0	0	0	0	0	1	0	0	0	0
P29353-7	1	0	0	0	0	1	0	0	0	0
P29353-3	0	0	0	0	0	1	0	0	0	0
P29353-5	6	0	0	0	0	0	0	0	0	0
P29353-6	1	0	0	0	0	0	0	0	0	0
P29374-2	0	0	0	0	0	1	0	0	0	0
P29374-3	1	0	0	0	0	0	0	0	0	0
P29401-2	8	0	0	0	0	0	0	0	0	0
P29466-3	0	0	0	0	0	1	0	0	0	0
P29466-4	0	0	0	0	0	2	0	0	0	0
P29466-5	0	0	0	0	0	1	0	0	0	0
P29466-2	0	0	0	0	0	1	0	0	0	0
P29475-2	0	0	0	0	0	1	0	0	0	0
P29475-3	0	0	0	0	0	1	0	1	0	1
P29475-4	113	0	0	0	0	0	0	0	0	0
P29475-5	34	0	0	0	0	0	0	0	0	0
P29536-2	0	0	0	0	0	1	0	0	0	0
P29558-2	0	0	0	0	0	1	0	0	0	0
P29558-4	13	0	0	0	0	0	0	0	0	0
P29590-10	11	0	0	0	0	1	0	0	0	0
P29590-11	0	0	0	0	0	1	0	0	1	1
P29590-12	10	0	0	0	0	2	0	0	1	1
P29590-13	252	0	0	0	0	1	0	0	1	1
P29590-14	5	0	0	0	0	0	0	0	0	0
P29590-2	35	0	0	0	0	1	0	0	0	0
P29590-3	247	0	0	0	0	0	0	0	0	0
P29590-4	5	0	0	0	0	0	0	0	0	0
P29590-5	10	0	0	0	0	1	0	0	0	0
P29590-8	252	0	0	0	0	0	0	0	0	0
P29590-9	58	0	0	0	0	0	0	0	0	0
P29692-2	366	82	57	135	178	0	0	0	0	0
P29692-3	0	0	0	0	0	1	0	0	1	1
P29692-4	0	0	0	0	0	1	0	0	0	0
P29972-2	38	0	0	0	0	0	0	0	0	0
P29972-3	70	0	0	0	0	0	0	0	0	0
P29972-4	12	0	0	0	0	0	0	0	0	0
P30038-2	0	0	0	0	0	1	0	0	1	1
P30038-3	0	0	0	0	0	1	0	0	0	0
P30039-2	29	0	0	0	0	0	0	0	0	0
P30040-2	5	0	0	0	0	0	0	0	0	0
P30044-2	0	0	0	0	0	1	0	0	0	0
P30044-3	0	0	0	0	0	1	0	0	0	0
P30044-4	0	0	0	0	0	1	0	1	0	1
P30046-2	12	0	0	0	0	0	0	0	0	0
P30047-2	0	0	0	0	0	1	0	0	0	0
P30048-2	0	0	0	0	0	1	0	0	0	0
P30050-2	0	0	0	0	0	1	0	0	0	0
P30085-3	32	1	1	2	2	0	0	0	0	0
P30085-2	0	0	0	0	0	1	0	0	0	0
P30260-2	6	0	0	0	0	0	0	0	0	0
P30405-2	13	0	0	0	0	0	0	0	0	0
P30419-2	0	0	0	0	0	1	0	1	1	1
P30519-2	0	0	0	0	0	1	0	1	1	1
P30566-2	0	0	0	0	0	1	0	0	0	0
P30622-1	0	0	0	0	0	1	0	0	0	0
P30622-2	0	0	0	0	0	1	0	1	1	1
P30626-2	1	0	0	0	0	0	0	0	0	0
P30626-3	6	0	0	0	0	0	0	0	0	0
P30740-2	0	0	0	0	0	1	0	0	0	0
P31040-2	0	0	0	0	0	1	0	0	0	0
P31040-3	0	0	0	0	0	1	0	0	0	0
P31153-2	0	0	0	0	0	1	0	0	0	0
P31327-2	0	0	0	0	0	1	0	0	0	0
P31327-3	6	0	0	0	0	0	0	0	0	0
P31431-2	5	0	0	0	0	0	0	0	0	0
P31689-2	5	0	0	0	0	0	0	0	0	0
P31749-2	0	0	0	0	0	1	0	0	0	0
P31751-2	0	0	0	0	0	1	0	0	0	0
P31939-2	4	0	0	4	4	0	0	0	0	0
P31942-2	0	0	0	0	0	1	0	0	0	0
P31942-3	0	0	0	0	0	1	0	0	0	0
P31942-4	0	0	0	0	0	1	0	0	0	0
P31942-5	18	0	0	0	0	1	0	0	0	0
P31942-6	25	0	0	0	0	0	0	0	0	0
P31946-2	0	0	0	0	0	1	1	0	1	1
P31947-2	0	0	0	0	0	1	0	0	0	0
P31948-2	48	0	0	0	0	0	0	0	0	0
P31948-3	0	0	0	0	0	1	1	0	0	1
P32004-2	0	0	0	0	0	1	0	0	0	0
P32004-3	1	0	0	0	0	1	0	0	0	0
P32119-2	53	0	0	0	0	0	0	0	0	0
P32189-1	0	0	0	0	0	2	0	0	0	0
P32189-2	0	0	0	0	0	1	0	0	0	0
P32189-4	0	0	0	0	0	1	0	0	0	0
P32321-2	11	0	0	0	0	0	0	0	0	0
P32322-2	27	0	0	0	0	0	0	0	0	0
P32322-3	27	0	0	0	0	0	0	0	0	0
P32418-2	28	0	12	12	12	1	0	1	1	1
P32418-3	28	0	12	12	12	1	0	1	1	1
P32418-4	28	0	12	12	12	0	0	0	0	0
P32418-5	0	0	0	0	0	1	0	1	1	1
P32519-2	0	0	0	0	0	1	0	0	0	0
P32754-2	0	0	0	0	0	1	0	1	1	1
P32856-2	21	0	0	0	0	0	0	0	0	0
P32856-3	15	0	0	0	0	0	0	0	0	0
P32929-2	0	0	0	0	0	1	0	0	0	0
P32929-3	0	0	0	0	0	1	0	0	0	0
P33121-2	0	0	0	0	0	1	0	0	0	0
P33121-3	21	0	0	0	0	0	0	0	0	0
P33151-2	0	0	0	0	0	1	0	0	0	0
P33240-2	0	0	0	0	0	1	0	0	0	0
P33241-2	0	0	0	0	0	1	0	0	0	0
P33241-3	144	0	0	0	0	0	0	0	0	0
P33316-2	4	0	0	0	0	0	0	0	0	0
P33402-2	31	0	0	0	0	0	0	0	0	0
P33402-3	21	0	0	0	0	0	0	0	0	0
P34896-2	0	0	0	0	0	1	0	0	0	0
P34896-3	0	0	0	0	0	1	0	0	0	0
P34896-4	0	0	0	0	0	1	0	0	0	0
P34897-2	0	0	0	0	0	1	0	0	0	0
P34897-3	0	0	0	0	0	1	0	0	0	0
P34913-2	0	0	0	0	0	1	0	0	0	0
P34913-3	0	0	0	0	0	1	0	0	0	0
P34932-2	0	0	0	0	0	1	0	0	0	0
P34949-2	1	0	0	0	0	0	0	0	0	0
P35052-2	59	0	0	0	0	1	0	0	0	0
P35080-2	13	9	13	9	13	0	0	0	0	0
P35221-2	24	0	0	0	0	0	0	0	0	0
P35221-3	0	0	0	0	0	1	0	0	0	0
P35232-2	0	0	0	0	0	1	0	0	0	0
P35236-2	39	0	0	0	0	0	0	0	0	0
P35236-3	105	0	0	0	0	0	0	0	0	0
P35240-4	11	0	0	0	0	1	0	0	0	0
P35240-10	37	0	0	0	0	3	0	0	0	0
P35240-2	41	0	0	0	0	0	0	0	0	0
P35240-3	11	0	0	0	0	0	0	0	0	0
P35240-5	11	0	0	0	0	1	0	0	0	0
P35240-6	11	0	0	0	0	1	0	0	0	0
P35240-7	1	0	0	0	0	0	0	0	0	0
P35240-8	11	0	0	0	0	1	0	0	0	0
P35240-9	0	0	0	0	0	1	0	0	1	1
P35241-2	21	0	1	1	1	1	0	0	0	0
P35241-3	21	0	1	1	1	2	0	0	0	0
P35241-4	16	0	0	0	0	0	0	0	0	0
P35241-5	21	0	0	0	0	0	0	0	0	0
P35249-2	35	0	0	0	0	0	0	0	0	0
P35250-2	0	0	0	0	0	1	0	0	0	0
P35398-1	95	0	0	0	0	0	0	0	0	0
P35398-3	42	0	0	0	0	0	0	0	0	0
P35398-4	9	0	0	0	0	0	0	0	0	0
P35498-2	0	0	0	0	0	1	0	0	0	0
P35498-3	0	0	0	0	0	1	0	0	0	0
P35520-2	15	0	0	0	0	0	0	0	0	0
P35573-2	9	0	0	0	0	0	0	0	0	0
P35573-3	10	0	0	0	0	0	0	0	0	0
P35579-2	0	0	0	0	0	2	1	0	0	1
P35580-2	16	0	8	8	8	0	0	0	0	0
P35580-3	21	0	21	21	21	0	0	0	0	0
P35580-4	31	0	31	31	31	0	0	0	0	0
P35580-5	9	0	9	9	9	0	0	0	0	0
P35606-2	0	0	0	0	0	1	0	0	0	0
P35609-2	9	0	9	9	9	0	0	0	0	0
P35611-2	11	11	11	6	11	0	0	0	0	0
P35611-3	31	0	31	11	31	0	0	0	0	0
P35611-4	42	27	36	32	42	0	0	0	0	0
P35611-5	39	0	11	11	11	0	0	0	0	0
P35611-6	42	11	42	17	42	0	0	0	0	0
P35612-2	28	0	0	0	0	0	0	0	0	0
P35612-3	56	0	0	0	0	0	0	0	0	0
P35612-4	6	0	0	0	0	0	0	0	0	0
P35612-5	6	0	0	0	0	1	0	0	0	0
P35612-6	6	0	0	0	0	1	0	0	0	0
P35612-7	6	0	0	0	0	1	0	0	0	0
P35612-8	43	0	0	0	0	0	0	0	0	0
P35612-9	44	0	0	0	0	0	0	0	0	0
P35613-2	0	0	0	0	0	1	0	0	0	0
P35613-3	0	0	0	0	0	1	0	0	0	0
P35613-4	10	0	0	0	0	0	0	0	0	0
P35637-2	1	0	0	0	0	0	0	0	0	0
P35658-2	1	0	0	0	0	0	0	0	0	0
P35658-3	1	0	0	0	0	0	0	0	0	0
P35658-4	2	0	0	0	0	0	0	0	0	0
P35658-5	87	0	0	0	0	1	0	0	0	0
P35659-2	0	0	0	0	0	1	0	0	0	0
P35749-2	7	0	7	7	7	0	0	0	0	0
P35749-3	13	0	13	7	13	0	0	0	0	0
P35749-4	6	0	6	0	6	0	0	0	0	0
P35813-2	7	0	0	0	0	0	0	0	0	0
P35813-3	73	0	0	0	0	0	0	0	0	0
P35914-2	0	0	0	0	0	1	1	0	0	1
P35914-3	0	0	0	0	0	1	0	0	0	0
P35998-2	0	0	0	0	0	1	0	0	0	0
P36269-2	0	0	0	0	0	1	0	0	0	0
P36269-3	1	0	0	0	0	0	0	0	0	0
P36404-2	0	0	0	0	0	1	0	0	1	1
P36543-2	0	0	0	0	0	1	0	0	0	0
P36543-3	0	0	0	0	0	1	0	0	0	0
P36551-2	16	0	0	0	0	0	0	0	0	0
P36639-1	41	0	0	0	0	0	0	0	0	0
P36639-2	23	0	0	0	0	0	0	0	0	0
P36639-3	15	0	1	0	1	0	0	0	0	0
P36776-2	0	0	0	0	0	1	0	0	0	0
P36776-3	0	0	0	0	0	1	0	0	0	0
P36871-2	68	0	0	0	0	0	0	0	0	0
P36871-3	0	0	0	0	0	1	0	1	0	1
P36873-2	23	0	0	11	11	0	0	0	0	0
P36897-2	4	0	0	0	0	0	0	0	0	0
P36897-3	0	0	0	0	0	1	0	0	0	0
P36915-2	5	0	0	0	0	0	0	0	0	0
P36957-2	22	0	0	0	0	0	0	0	0	0
P36969-2	0	0	0	0	0	1	0	0	0	0
P37275-2	2	0	0	0	0	0	0	0	0	0
P37275-3	1	0	0	0	0	0	0	0	0	0
P37275-4	1	0	0	0	0	0	0	0	0	0
P37275-5	3	0	0	0	0	0	0	0	0	0
P37802-2	21	0	0	0	0	0	0	0	0	0
P37837-2	0	0	0	0	0	1	0	0	1	1
P37840-2	0	0	0	0	0	1	0	0	0	0
P37840-3	0	0	0	0	0	1	0	1	0	1
P38117-2	109	0	0	0	0	0	0	0	0	0
P38159-2	0	0	0	0	0	1	0	0	0	0
P38159-3	121	0	0	0	0	0	0	0	0	0
P38405-2	113	0	5	0	5	0	0	0	0	0
P38405-3	0	0	0	0	0	1	0	1	0	1
P38435-2	0	0	0	0	0	1	0	0	0	0
P38571-2	19	0	0	0	0	0	0	0	0	0
P38606-2	0	0	0	0	0	1	0	0	0	0
P39060-1	0	0	0	0	0	1	0	0	0	0
P39060-2	26	0	0	0	0	0	0	0	0	0
P39656-2	0	0	0	0	0	1	0	0	0	0
P39656-3	0	0	0	0	0	1	0	0	0	0
P39748-2	0	0	0	0	0	1	0	0	0	0
P40121-2	0	0	0	0	0	1	0	0	0	0
P40123-2	0	0	0	0	0	1	0	0	0	0
P40123-3	0	0	0	0	0	1	0	0	0	0
P40189-2	5	0	0	0	0	0	0	0	0	0
P40189-3	0	0	0	0	0	1	0	0	0	0
P40227-2	0	0	0	0	0	1	0	0	0	0
P40763-2	0	0	0	0	0	1	0	1	1	1
P40763-3	7	0	0	0	0	0	0	0	0	0
P40818-2	0	0	0	0	0	2	0	1	1	1
P40855-6	17	0	0	0	0	0	0	0	0	0
P40925-2	0	0	0	0	0	1	0	0	0	0
P40925-3	18	0	0	10	10	0	0	0	0	0
P40926-2	0	0	0	0	0	1	0	0	0	0
P40939-2	19	0	0	0	0	0	0	0	0	0
P41217-2	2	0	0	0	0	0	0	0	0	0
P41217-3	27	0	0	0	0	0	0	0	0	0
P41219-2	1	0	0	0	0	0	0	0	0	0
P41227-2	1	0	0	0	0	0	0	0	0	0
P41229-2	0	0	0	0	0	1	0	0	0	0
P41229-3	0	0	0	0	0	2	0	0	0	0
P41229-4	26	0	0	0	0	2	0	0	0	0
P41229-5	0	0	0	0	0	1	0	0	0	0
P41250-2	0	0	0	0	0	1	0	1	1	1
P41271-2	35	0	0	0	0	0	0	0	0	0
P41440-2	22	0	0	0	0	0	0	0	0	0
P41440-3	51	0	0	0	0	0	0	0	0	0
P41586-2	28	0	0	8	8	0	0	0	0	0
P41586-3	0	0	0	0	0	1	0	0	1	1
P41586-4	28	0	0	8	8	1	0	0	1	1
P41586-5	0	0	0	0	0	1	0	0	0	0
P41594-2	0	0	0	0	0	1	0	0	0	0
P41594-3	0	0	0	0	0	1	0	0	0	0
P42167-2	0	0	0	0	0	1	0	1	1	1
P42167-3	21	0	0	0	0	0	0	0	0	0
P42226-2	2	0	0	0	0	0	0	0	0	0
P42226-3	0	0	0	0	0	1	0	0	0	0
P42261-2	8	0	2	1	3	0	0	0	0	0
P42261-3	1	0	0	0	0	0	0	0	0	0
P42261-4	0	0	0	0	0	1	0	0	0	0
P42261-5	37	0	0	0	0	0	0	0	0	0
P42261-6	45	0	2	1	3	0	0	0	0	0
P42262-2	9	0	0	6	6	0	0	0	0	0
P42262-3	54	0	0	0	0	0	0	0	0	0
P42262-4	9	0	0	6	6	1	0	0	0	0
P42263-2	9	0	4	2	4	0	0	0	0	0
P42330-2	0	0	0	0	0	1	0	0	0	0
P42331-2	72	0	0	1	1	0	0	0	0	0
P42331-3	9	0	0	0	0	0	0	0	0	0
P42331-4	1	0	0	1	1	0	0	0	0	0
P42331-5	0	0	0	0	0	1	0	0	0	0
P42331-6	10	0	0	1	1	0	0	0	0	0
P42356-2	0	0	0	0	0	1	0	0	0	0
P42566-2	25	0	0	0	0	0	0	0	0	0
P42658-2	18	18	7	18	18	0	0	0	0	0
P42684-10	36	0	0	0	0	1	0	0	0	0
P42684-2	36	0	0	0	0	0	0	0	0	0
P42684-3	36	0	0	0	0	0	0	0	0	0
P42684-4	36	0	0	0	0	1	0	0	0	0
P42684-5	0	0	0	0	0	1	0	0	0	0
P42684-6	0	0	0	0	0	1	1	0	1	1
P42684-7	0	0	0	0	0	2	1	0	1	1
P42684-8	13	0	0	0	0	1	1	0	1	1
P42694-2	27	0	0	0	0	1	0	0	0	0
P42785-2	21	0	0	0	0	0	0	0	0	0
P42857-2	0	0	0	0	0	1	0	0	0	0
P42898-2	41	0	0	0	0	0	0	0	0	0
P43003-2	1	0	0	0	0	0	0	0	0	0
P43004-2	0	0	0	0	0	1	0	0	0	0
P43004-3	11	0	11	11	11	0	0	0	0	0
P43007-2	1	0	0	0	0	1	0	0	0	0
P43034-2	1	0	0	0	0	2	0	0	0	0
P43121-2	149	0	0	0	0	0	0	0	0	0
P43155-2	0	0	0	0	0	1	0	0	0	0
P43155-3	0	0	0	0	0	1	0	0	0	0
P43243-2	15	0	0	6	6	0	0	0	0	0
P43246-2	0	0	0	0	0	1	0	0	0	0
P43250-2	30	0	0	10	10	0	0	0	0	0
P43250-3	1	0	0	0	0	0	0	0	0	0
P43304-2	0	0	0	0	0	1	0	0	0	0
P43307-2	0	0	0	0	0	1	0	0	0	0
P43405-2	0	0	0	0	0	1	0	0	0	0
P43487-2	0	0	0	0	0	1	1	0	0	1
P43686-2	0	0	0	0	0	1	0	0	0	0
P43897-2	21	0	0	0	0	0	0	0	0	0
P43897-3	6	0	0	0	0	0	0	0	0	0
P43897-4	24	0	0	0	0	0	0	0	0	0
P45844-2	24	0	0	0	0	1	0	0	0	0
P45844-3	15	0	0	4	4	1	0	0	0	0
P45844-4	0	0	0	0	0	1	0	0	0	0
P45844-5	10	0	0	0	0	1	0	0	0	0
P45844-6	0	0	0	0	0	2	0	0	0	0
P45844-7	0	0	0	0	0	2	0	0	0	0
P45844-8	192	0	0	0	0	0	0	0	0	0
P45880-1	25	0	0	0	0	0	0	0	0	0
P45880-2	0	0	0	0	0	1	0	0	0	0
P45954-2	0	0	0	0	0	1	0	0	0	0
P45974-2	1	0	0	0	0	0	0	0	0	0
P45983-2	5	0	0	0	0	0	0	0	0	0
P45983-3	14	0	0	0	0	0	0	0	0	0
P45983-4	9	0	0	0	0	0	0	0	0	0
P45983-5	5	0	0	0	0	1	0	0	0	0
P45984-2	5	0	0	0	0	0	0	0	0	0
P45984-3	20	0	8	0	8	0	0	0	0	0
P45984-4	15	0	8	0	8	0	0	0	0	0
P45984-5	10	0	0	0	0	0	0	0	0	0
P45985-2	11	0	0	0	0	0	0	0	0	0
P46020-2	0	0	0	0	0	1	0	0	0	0
P46020-3	1	0	0	0	0	1	0	0	0	0
P46100-2	0	0	0	0	0	1	0	0	0	0
P46100-3	0	0	0	0	0	1	0	0	0	0
P46100-4	0	0	0	0	0	1	0	0	0	0
P46100-5	0	0	0	0	0	2	0	0	0	0
P46100-6	0	0	0	0	0	2	0	1	0	1
P46108-2	1	1	1	1	1	0	0	0	0	0
P46379-2	0	0	0	0	0	1	0	0	0	0
P46379-3	36	0	0	0	0	1	0	0	0	0
P46379-4	0	0	0	0	0	5	0	0	0	0
P46379-5	0	0	0	0	0	2	0	0	0	0
P46459-2	0	0	0	0	0	1	0	0	0	0
P46736-2	0	0	0	0	0	1	0	1	0	1
P46736-3	1	0	1	0	1	1	0	1	0	1
P46736-4	0	0	0	0	0	1	0	0	0	0
P46736-5	1	0	0	0	0	0	0	0	0	0
P46926-2	0	0	0	0	0	1	0	0	0	0
P46934-3	0	0	0	0	0	1	0	0	0	0
P46934-4	92	0	0	17	17	0	0	0	0	0
P46934-2	0	0	0	0	0	1	0	0	0	0
P46937-3	3	0	0	0	0	1	0	0	0	0
P46937-2	0	0	0	0	0	1	0	0	0	0
P46937-4	0	0	0	0	0	1	0	0	0	0
P46937-5	0	0	0	0	0	2	0	0	0	0
P46937-6	0	0	0	0	0	1	0	0	0	0
P46937-7	4	0	0	0	0	1	0	0	0	0
P46937-8	3	0	0	0	0	0	0	0	0	0
P46937-9	4	0	0	0	0	0	0	0	0	0
P46939-2	26	0	0	0	0	0	0	0	0	0
P46939-3	14	0	0	0	0	0	0	0	0	0
P46939-4	0	0	0	0	0	1	0	0	0	0
P46976-2	0	0	0	0	0	1	0	1	0	1
P46976-3	70	0	0	0	0	0	0	0	0	0
P47736-2	26	0	26	19	26	1	0	1	0	1
P47736-3	31	1	7	7	7	1	0	0	0	0
P47736-4	64	1	7	21	21	0	0	0	0	0
P47755-2	30	0	0	0	0	0	0	0	0	0
P47756-1	32	16	30	26	30	0	0	0	0	0
P47897-2	1	0	0	0	0	0	0	0	0	0
P48059-3	62	0	0	26	26	0	0	0	0	0
P48059-2	12	12	12	12	12	0	0	0	0	0
P48059-4	4	0	0	0	0	0	0	0	0	0
P48059-5	37	0	0	0	0	0	0	0	0	0
P48163-2	0	0	0	0	0	1	0	1	0	1
P48426-2	0	0	0	0	0	1	0	1	1	1
P48444-2	0	0	0	0	0	1	0	0	0	0
P48449-2	0	0	0	0	0	1	0	0	0	0
P48449-3	0	0	0	0	0	1	0	0	0	0
P48454-2	0	0	0	0	0	1	0	0	0	0
P48454-3	9	0	0	0	0	0	0	0	0	0
P48507-2	0	0	0	0	0	1	0	0	0	0
P48547-2	84	12	10	0	22	0	0	0	0	0
P48553-2	13	0	0	0	0	0	0	0	0	0
P48634-2	131	0	0	0	0	1	0	0	0	0
P48634-3	131	0	0	0	0	0	0	0	0	0
P48634-4	0	0	0	0	0	1	0	0	0	0
P48637-2	0	0	0	0	0	1	0	0	0	0
P48643-2	0	0	0	0	0	2	0	0	0	0
P48728-2	0	0	0	0	0	1	0	0	0	0
P48728-3	0	0	0	0	0	1	0	0	0	0
P48728-4	7	0	0	0	0	0	0	0	0	0
P48729-2	28	0	0	0	0	0	0	0	0	0
P48729-3	0	0	0	0	0	1	0	1	0	1
P48730-2	10	0	0	0	0	0	0	0	0	0
P48735-2	0	0	0	0	0	1	0	0	0	0
P48739-2	9	0	0	2	2	0	0	0	0	0
P48739-3	8	0	0	0	0	0	0	0	0	0
P48751-2	2	0	0	0	0	0	0	0	0	0
P48751-3	27	0	0	6	6	0	0	0	0	0
P48960-2	0	0	0	0	0	1	0	0	0	0
P48960-3	0	0	0	0	0	1	0	0	0	0
P49023-2	0	0	0	0	0	1	0	0	0	0
P49023-3	48	0	0	0	0	0	0	0	0	0
P49023-4	0	0	0	0	0	2	0	0	0	0
P49116-2	19	0	0	0	0	0	0	0	0	0
P49137-2	17	0	0	0	0	0	0	0	0	0
P49189-2	0	0	0	0	0	1	0	0	0	0
P49189-3	24	1	1	21	21	0	0	0	0	0
P49321-2	0	0	0	0	0	1	0	0	0	0
P49321-3	37	0	0	0	0	0	0	0	0	0
P49321-4	0	0	0	0	0	1	0	0	0	0
P49354-2	0	0	0	0	0	1	0	0	0	0
P49356-2	1	0	0	0	0	0	0	0	0	0
P49368-2	0	0	0	0	0	1	0	0	0	0
P49407-2	0	0	0	0	0	1	0	1	1	1
P49418-2	0	0	0	0	0	1	0	0	0	0
P49419-2	0	0	0	0	0	1	1	1	1	1
P49419-4	0	0	0	0	0	1	0	0	0	0
P49458-2	35	0	0	0	0	0	0	0	0	0
P49588-2	24	0	0	0	0	0	0	0	0	0
P49589-2	22	0	13	11	13	0	0	0	0	0
P49589-3	84	0	0	72	72	0	0	0	0	0
P49590-2	0	0	0	0	0	1	0	0	0	0
P49593-2	11	0	0	0	0	0	0	0	0	0
P49641-1	87	0	0	0	0	0	0	0	0	0
P49711-2	0	0	0	0	0	1	0	0	0	0
P49715-4	35	0	0	0	0	0	0	0	0	0
P49715-2	0	0	0	0	0	1	0	0	0	0
P49715-3	0	0	0	0	0	1	0	0	0	0
P49748-2	0	0	0	0	0	1	0	0	0	0
P49748-3	39	0	0	0	0	1	0	0	0	0
P49750-1	2	0	0	0	0	0	0	0	0	0
P49750-3	22	0	0	0	0	0	0	0	0	0
P49753-2	0	0	0	0	0	2	0	0	0	0
P49754-2	1	0	0	0	0	0	0	0	0	0
P49754-3	0	0	0	0	0	1	0	0	0	0
P49756-2	5	0	0	0	0	0	0	0	0	0
P49756-3	11	0	0	0	0	0	0	0	0	0
P49756-4	41	0	0	0	0	0	0	0	0	0
P49757-3	0	0	0	0	0	1	0	0	0	0
P49757-8	0	0	0	0	0	2	0	0	0	0
P49757-2	0	0	0	0	0	1	0	1	0	1
P49757-4	0	0	0	0	0	2	0	1	0	1
P49757-5	0	0	0	0	0	2	0	1	0	1
P49757-6	0	0	0	0	0	3	0	1	0	1
P49757-7	0	0	0	0	0	1	0	0	0	0
P49757-9	0	0	0	0	0	2	0	1	0	1
P49758-10	29	0	13	0	13	1	0	0	0	0
P49758-11	11	0	0	0	0	1	0	0	0	0
P49758-12	29	0	13	0	13	1	0	0	0	0
P49758-13	19	0	13	0	13	0	0	0	0	0
P49758-14	21	0	13	0	13	0	0	0	0	0
P49758-15	24	0	13	0	13	0	0	0	0	0
P49758-16	4	0	0	0	0	0	0	0	0	0
P49758-2	29	0	13	0	13	0	0	0	0	0
P49758-3	18	0	13	0	13	0	0	0	0	0
P49758-5	9	0	0	0	0	0	0	0	0	0
P49758-6	9	0	0	0	0	1	0	0	0	0
P49758-7	0	0	0	0	0	1	0	0	0	0
P49758-8	11	0	0	0	0	0	0	0	0	0
P49758-9	18	0	13	0	13	1	0	0	0	0
P49768-2	0	0	0	0	0	1	0	0	0	0
P49768-3	56	0	0	0	0	1	0	0	0	0
P49768-5	56	0	0	0	0	0	0	0	0	0
P49768-4	17	0	0	0	0	0	0	0	0	0
P49768-6	0	0	0	0	0	1	0	0	0	0
P49768-7	0	0	0	0	0	1	0	0	0	0
P49790-2	0	0	0	0	0	1	0	0	0	0
P49790-3	31	0	0	0	0	0	0	0	0	0
P49796-1	0	0	0	0	0	1	0	0	0	0
P49796-2	0	0	0	0	0	1	0	0	0	0
P49796-4	17	0	0	0	0	0	0	0	0	0
P49796-5	56	0	0	0	0	0	0	0	0	0
P49796-6	0	0	0	0	0	1	0	0	0	0
P49796-7	118	0	0	0	0	0	0	0	0	0
P49796-8	126	0	0	0	0	0	0	0	0	0
P49796-9	17	0	0	0	0	1	0	0	0	0
P49798-2	1	0	0	0	0	0	0	0	0	0
P49798-3	97	0	0	0	0	0	0	0	0	0
P49798-4	22	0	0	0	0	0	0	0	0	0
P49798-5	0	0	0	0	0	1	0	0	0	0
P49802-2	16	0	9	0	9	0	0	0	0	0
P49802-3	0	0	0	0	0	1	0	0	0	0
P49802-4	0	0	0	0	0	2	0	0	0	0
P49802-5	15	0	9	0	9	0	0	0	0	0
P49815-2	0	0	0	0	0	1	0	1	0	1
P49815-3	0	0	0	0	0	1	0	0	0	0
P49815-4	0	0	0	0	0	1	0	0	0	0
P49815-5	0	0	0	0	0	2	0	0	0	0
P49815-6	0	0	0	0	0	3	0	1	0	1
P49815-7	0	0	0	0	0	3	0	1	0	1
P49815-8	104	0	0	0	0	1	0	0	0	0
P49821-2	0	0	0	0	0	1	0	0	0	0
P49841-2	13	0	0	13	13	0	0	0	0	0
P49902-2	3	0	0	0	0	0	0	0	0	0
P49903-2	0	0	0	0	0	1	0	0	0	0
P49903-3	0	0	0	0	0	1	0	0	0	0
P49903-4	3	0	0	0	0	0	0	0	0	0
P49914-2	13	0	0	0	0	0	0	0	0	0
P49915-2	0	0	0	0	0	1	0	0	0	0
P49916-2	17	0	0	0	0	0	0	0	0	0
P49916-3	0	0	0	0	0	1	0	0	0	0
P49916-4	17	0	0	0	0	1	0	0	0	0
P49918-2	0	0	0	0	0	1	0	0	0	0
P49959-2	0	0	0	0	0	1	0	0	0	0
P49959-3	9	0	0	0	0	0	0	0	0	0
P49961-2	10	0	0	0	0	0	0	0	0	0
P49961-3	38	0	0	0	0	0	0	0	0	0
P49961-4	0	0	0	0	0	1	0	0	1	1
P49961-5	0	0	0	0	0	1	0	0	0	0
P49961-6	16	0	0	0	0	0	0	0	0	0
P50135-2	57	0	0	0	0	0	0	0	0	0
P50135-3	5	0	0	0	0	0	0	0	0	0
P50213-2	0	0	0	0	0	1	0	0	0	0
P50395-2	0	0	0	0	0	1	0	0	0	0
P50416-2	11	0	0	0	0	0	0	0	0	0
P50440-2	4	0	0	0	0	0	0	0	0	0
P50440-3	4	0	0	0	0	0	0	0	0	0
P50479-2	22	0	0	0	0	0	0	0	0	0
P50542-3	0	0	0	0	0	1	0	0	0	0
P50542-2	0	0	0	0	0	1	0	0	0	0
P50542-4	15	1	0	0	1	0	0	0	0	0
P50570-2	0	0	0	0	0	1	0	0	1	1
P50570-3	16	0	10	11	12	1	0	0	1	1
P50570-4	16	0	10	11	12	0	0	0	0	0
P50570-5	0	0	0	0	0	1	0	0	1	1
P50579-2	1	0	0	0	0	1	0	1	0	1
P50579-3	1	0	0	0	0	0	0	0	0	0
P50607-2	67	0	0	0	0	0	0	0	0	0
P50747-2	147	0	0	6	6	0	0	0	0	0
P50750-2	117	3	0	0	3	0	0	0	0	0
P50851-2	0	0	0	0	0	2	0	1	1	1
P50897-2	0	0	0	0	0	1	0	0	0	0
P50990-2	0	0	0	0	0	1	0	0	0	0
P50990-3	3	0	0	0	0	0	0	0	0	0
P50991-2	0	0	0	0	0	1	0	1	1	1
P50995-2	0	0	0	0	0	1	0	0	0	0
P51114-2	5	0	0	0	0	0	0	0	0	0
P51114-3	0	0	0	0	0	1	0	0	0	0
P51148-2	33	0	0	0	0	0	0	0	0	0
P51157-2	26	0	0	0	0	0	0	0	0	0
P51157-3	13	0	0	0	0	0	0	0	0	0
P51159-2	0	0	0	0	0	1	0	0	0	0
P51161-2	49	0	7	7	7	0	0	0	0	0
P51178-2	31	0	0	9	9	0	0	0	0	0
P51398-2	0	0	0	0	0	1	0	0	0	0
P51398-3	0	0	0	0	0	1	0	0	0	0
P51452-2	0	0	0	0	0	1	0	0	0	0
P51513-2	5	0	0	0	0	0	0	0	0	0
P51513-5	0	0	0	0	0	1	0	0	0	0
P51531-2	0	0	0	0	0	1	0	1	0	1
P51532-2	0	0	0	0	0	1	0	0	1	1
P51532-3	3	0	0	0	0	2	0	0	1	1
P51532-4	3	0	0	0	0	1	0	0	1	1
P51532-5	0	0	0	0	0	2	0	0	1	1
P51553-2	20	0	0	0	0	0	0	0	0	0
P51572-2	67	0	0	0	0	0	0	0	0	0
P51608-2	20	18	20	20	20	0	0	0	0	0
P51610-2	0	0	0	0	0	1	0	0	0	0
P51610-3	1	0	0	0	0	0	0	0	0	0
P51610-4	44	0	0	22	22	0	0	0	0	0
P51648-2	27	0	0	0	0	0	0	0	0	0
P51649-2	13	0	0	0	0	0	0	0	0	0
P51659-2	62	0	0	0	0	0	0	0	0	0
P51659-3	0	0	0	0	0	1	0	0	0	0
P51674-2	4	0	0	0	0	0	0	0	0	0
P51674-3	0	0	0	0	0	1	0	0	1	1
P51689-2	43	0	0	0	0	0	0	0	0	0
P51693-2	1	0	1	1	1	0	0	0	0	0
P51797-2	75	0	0	0	0	0	0	0	0	0
P51797-3	32	0	0	0	0	0	0	0	0	0
P51797-4	66	0	0	0	0	0	0	0	0	0
P51797-5	107	0	0	0	0	0	0	0	0	0
P51797-6	0	0	0	0	0	1	0	0	0	0
P51798-2	0	0	0	0	0	1	0	0	0	0
P51809-2	113	0	0	0	0	0	0	0	0	0
P51809-3	0	0	0	0	0	1	0	0	0	0
P51858-2	21	0	0	0	0	0	0	0	0	0
P51858-3	44	0	0	0	0	0	0	0	0	0
P51911-2	0	0	0	0	0	1	0	0	0	0
P51991-2	0	0	0	0	0	1	1	1	1	1
P52209-2	0	0	0	0	0	1	0	0	0	0
P52272-2	0	0	0	0	0	1	0	0	0	0
P52298-2	7	0	0	0	0	0	0	0	0	0
P52298-3	1	0	0	0	0	0	0	0	0	0
P52306-5	1	1	1	1	1	0	0	0	0	0
P52306-2	0	0	0	0	0	1	0	1	1	1
P52306-3	1	1	1	1	1	1	0	1	1	1
P52306-4	1	1	1	1	1	1	0	1	1	1
P52306-6	2	1	1	2	2	0	0	0	0	0
P52564-2	0	0	0	0	0	1	0	0	0	0
P52565-2	1	0	0	0	0	0	0	0	0	0
P52594-2	0	0	0	0	0	1	0	0	0	0
P52594-3	0	0	0	0	0	1	0	0	0	0
P52594-4	25	0	0	0	0	1	0	0	0	0
P52630-4	0	0	0	0	0	1	0	0	0	0
P52655-2	0	0	0	0	0	1	0	0	0	0
P52701-2	7	0	0	0	0	0	0	0	0	0
P52701-3	0	0	0	0	0	1	0	0	0	0
P52701-4	0	0	0	0	0	1	0	0	0	0
P52747-2	0	0	0	0	0	1	0	0	0	0
P52747-3	1	0	0	0	0	0	0	0	0	0
P52756-2	3	0	0	0	0	0	0	0	0	0
P52756-3	47	0	0	0	0	1	0	0	0	0
P52756-5	8	0	0	0	0	1	0	0	0	0
P52788-2	0	0	0	0	0	1	0	0	0	0
P52888-2	58	0	0	0	0	1	0	0	0	0
P52895-2	16	0	0	0	0	0	0	0	0	0
P52943-2	87	0	0	0	0	0	0	0	0	0
P52948-2	1	0	0	0	0	1	0	0	0	0
P52948-3	3	0	0	0	0	0	0	0	0	0
P52948-4	3	0	0	0	0	1	0	0	0	0
P52948-5	0	0	0	0	0	1	0	0	0	0
P52948-6	1	0	0	0	0	0	0	0	0	0
P53355-2	33	0	0	0	0	1	0	0	0	0
P53355-3	10	0	0	0	0	0	0	0	0	0
P53355-4	0	0	0	0	0	1	0	0	0	0
P53365-2	19	0	0	0	0	0	0	0	0	0
P53365-3	0	0	0	0	0	1	0	0	0	0
P53367-2	0	0	0	0	0	1	0	1	1	1
P53367-3	0	0	0	0	0	1	0	0	0	0
P53384-2	0	0	0	0	0	1	0	0	0	0
P53396-2	0	0	0	0	0	1	0	1	1	1
P53396-3	0	0	0	0	0	2	0	1	1	1
P53609-2	0	0	0	0	0	1	0	0	0	0
P53621-2	9	0	0	0	0	0	0	0	0	0
P53634-2	28	0	0	0	0	0	0	0	0	0
P53634-3	32	0	0	0	0	0	0	0	0	0
P53667-2	0	0	0	0	0	1	0	0	1	1
P53667-3	12	0	0	0	0	0	0	0	0	0
P53667-4	16	0	0	0	0	0	0	0	0	0
P53677-2	6	0	0	0	0	0	0	0	0	0
P53680-2	0	0	0	0	0	1	0	0	0	0
P53778-2	0	0	0	0	0	1	0	0	0	0
P53779-2	5	0	5	5	5	0	0	0	0	0
P53779-3	0	0	0	0	0	1	1	0	0	1
P53804-2	0	0	0	0	0	1	0	0	0	0
P53804-3	0	0	0	0	0	1	1	0	0	1
P53805-2	24	0	0	0	0	0	0	0	0	0
P53805-3	2	0	0	0	0	0	0	0	0	0
P53805-4	0	0	0	0	0	1	0	0	0	0
P53814-2	0	0	0	0	0	1	0	0	0	0
P53814-5	44	0	0	0	0	0	0	0	0	0
P53814-6	23	0	0	0	0	0	0	0	0	0
P53990-3	78	0	0	0	0	0	0	0	0	0
P53990-2	2	0	0	0	0	1	0	1	1	1
P53990-4	2	0	0	0	0	0	0	0	0	0
P53990-5	15	0	0	0	0	0	0	0	0	0
P53990-6	2	0	0	0	0	1	0	0	0	0
P53992-2	0	0	0	0	0	1	0	0	0	0
P54136-2	0	0	0	0	0	1	1	1	1	1
P54252-1	33	0	0	0	0	0	0	0	0	0
P54252-3	0	0	0	0	0	1	0	0	0	0
P54252-4	0	0	0	0	0	1	0	0	0	0
P54252-5	0	0	0	0	0	1	0	0	0	0
P54284-2	8	0	0	0	0	0	0	0	0	0
P54284-3	1	0	0	0	0	0	0	0	0	0
P54284-4	13	0	0	0	0	0	0	0	0	0
P54284-5	0	0	0	0	0	1	0	0	0	0
P54289-2	8	8	3	3	8	1	0	0	0	0
P54289-3	8	8	3	3	8	1	0	0	0	0
P54289-4	0	0	0	0	0	1	0	0	0	0
P54289-5	0	0	0	0	0	1	0	0	0	0
P54578-2	0	0	0	0	0	1	0	0	0	0
P54578-3	0	0	0	0	0	1	0	0	0	0
P54619-2	0	0	0	0	0	1	0	0	0	0
P54619-3	9	0	0	0	0	0	0	0	0	0
P54687-4	0	0	0	0	0	1	0	1	0	1
P54687-2	0	0	0	0	0	2	0	0	0	0
P54687-3	0	0	0	0	0	1	0	0	0	0
P54687-5	13	0	0	0	0	0	0	0	0	0
P54709-2	34	0	0	0	0	0	0	0	0	0
P54725-2	0	0	0	0	0	1	0	0	0	0
P54725-3	0	0	0	0	0	1	0	0	0	0
P54727-2	0	0	0	0	0	1	0	0	0	0
P54750-2	17	0	0	0	0	0	0	0	0	0
P54750-3	36	0	0	0	0	0	0	0	0	0
P54750-4	24	15	18	24	24	0	0	0	0	0
P54750-5	28	0	0	0	0	0	0	0	0	0
P54750-6	41	15	18	24	24	0	0	0	0	0
P54750-7	45	0	0	0	0	0	0	0	0	0
P54750-8	60	15	18	24	24	0	0	0	0	0
P54750-9	64	0	0	0	0	0	0	0	0	0
P54756-2	1	0	0	0	0	0	0	0	0	0
P54756-3	2	0	0	0	0	1	0	0	0	0
P54762-5	0	0	0	0	0	1	0	0	0	0
P54762-6	76	0	0	0	0	0	0	0	0	0
P54764-2	1	0	0	0	0	0	0	0	0	0
P54819-2	1	0	0	0	0	0	0	0	0	0
P54819-3	22	0	0	0	0	0	0	0	0	0
P54819-4	2	0	0	0	0	1	0	0	0	0
P54819-5	1	0	0	0	0	1	0	0	0	0
P54819-6	0	0	0	0	0	1	0	0	0	0
P54829-2	0	0	0	0	0	1	0	0	0	0
P54829-3	0	0	0	0	0	1	0	0	0	0
P54886-2	0	0	0	0	0	1	0	0	0	0
P55001-2	0	0	0	0	0	1	0	0	0	0
P55001-3	0	0	0	0	0	1	0	0	0	0
P55008-2	0	0	0	0	0	1	0	0	0	0
P55008-3	66	0	0	0	0	1	0	0	0	0
P55011-3	0	0	0	0	0	1	0	0	0	0
P55036-2	14	0	0	3	3	0	0	0	0	0
P55058-2	1	0	0	0	0	0	0	0	0	0
P55058-3	0	0	0	0	0	1	0	0	0	0
P55058-4	0	0	0	0	0	1	0	0	0	0
P55060-2	6	0	0	0	0	0	0	0	0	0
P55060-3	3	0	0	0	0	0	0	0	0	0
P55060-4	0	0	0	0	0	1	0	0	0	0
P55084-2	12	0	0	0	0	0	0	0	0	0
P55087-2	0	0	0	0	0	1	0	0	0	0
P55160-2	0	0	0	0	0	1	0	0	0	0
P55196-1	87	0	0	0	0	3	0	1	1	1
P55196-2	24	0	0	0	0	2	0	1	1	1
P55196-3	0	0	0	0	0	4	0	1	1	1
P55196-5	11	0	0	0	0	1	0	0	0	0
P55196-6	4	0	0	0	0	1	0	0	0	0
P55201-2	6	0	0	0	0	0	0	0	0	0
P55201-3	0	0	0	0	0	1	0	0	0	0
P55201-4	0	0	0	0	0	1	0	0	0	0
P55209-2	5	0	0	5	5	0	0	0	0	0
P55209-3	0	0	0	0	0	2	1	0	1	1
P55210-2	101	0	0	0	0	0	0	0	0	0
P55210-3	33	0	0	0	0	0	0	0	0	0
P55210-4	10	0	0	0	0	0	0	0	0	0
P55211-2	0	0	0	0	0	1	0	0	0	0
P55211-3	3	0	0	0	0	0	0	0	0	0
P55211-4	0	0	0	0	0	1	0	0	1	1
P55263-2	3	0	0	0	0	0	0	0	0	0
P55263-3	0	0	0	0	0	1	0	0	0	0
P55263-4	3	0	0	0	0	1	0	0	0	0
P55265-2	0	0	0	0	0	1	0	0	1	1
P55265-3	0	0	0	0	0	2	0	0	1	1
P55265-4	47	0	0	0	0	0	0	0	0	0
P55265-5	0	0	0	0	0	1	0	0	0	0
P55283-2	0	0	0	0	0	1	0	0	0	0
P55285-2	36	0	0	0	0	0	0	0	0	0
P55287-2	62	0	0	0	0	0	0	0	0	0
P55290-2	22	0	0	0	0	0	0	0	0	0
P55290-3	14	0	0	0	0	0	0	0	0	0
P55290-4	60	0	0	0	0	0	0	0	0	0
P55290-5	0	0	0	0	0	1	0	0	0	0
P55327-2	4	1	4	3	4	0	0	0	0	0
P55327-3	69	1	6	3	6	0	0	0	0	0
P55327-4	27	1	4	26	27	0	0	0	0	0
P55327-5	15	0	0	15	15	0	0	0	0	0
P55327-6	23	0	0	23	23	0	0	0	0	0
P55327-7	9	0	0	0	0	0	0	0	0	0
P55327-8	16	0	0	0	0	0	0	0	0	0
P55345-4	12	0	0	0	0	0	0	0	0	0
P55345-5	80	0	0	0	0	0	0	0	0	0
P55345-6	0	0	0	0	0	1	0	0	0	0
P55345-2	63	0	0	0	0	0	0	0	0	0
P55345-3	0	0	0	0	0	1	0	0	0	0
P55735-3	46	0	0	0	0	0	0	0	0	0
P55735-2	0	0	0	0	0	1	0	0	0	0
P55735-4	3	0	0	0	0	0	0	0	0	0
P55786-2	0	0	0	0	0	2	0	0	0	0
P55789-2	0	0	0	0	0	1	0	0	0	0
P55809-2	0	0	0	0	0	1	0	0	1	1
P55822-2	0	0	0	0	0	1	0	0	0	0
P55884-2	62	0	0	0	0	0	0	0	0	0
P55957-2	46	0	0	0	0	0	0	0	0	0
P55957-3	60	0	0	0	0	0	0	0	0	0
P55957-4	0	0	0	0	0	1	0	0	0	0
P56134-2	0	0	0	0	0	1	1	0	1	1
P56134-3	1	0	0	0	0	0	0	0	0	0
P56134-4	1	0	0	0	0	1	1	0	1	1
P56181-2	366	174	267	212	330	0	0	0	0	0
P56192-2	1	0	0	0	0	0	0	0	0	0
P56211-2	0	0	0	0	0	1	1	0	1	1
P56270-2	62	0	0	0	0	0	0	0	0	0
P56270-3	10	0	0	0	0	0	0	0	0	0
P56270-4	0	0	0	0	0	1	0	0	0	0
P56377-2	60	0	1	19	19	0	0	0	0	0
P56524-2	5	0	0	0	0	1	1	0	0	1
P56537-2	66	0	0	0	0	0	0	0	0	0
P56545-3	86	0	0	0	0	0	0	0	0	0
P56545-2	559	8	0	69	77	0	0	0	0	0
P56559-2	9	0	0	0	0	0	0	0	0	0
P56693-2	0	0	0	0	0	1	0	0	0	0
P56945-2	21	0	0	0	0	0	0	0	0	0
P56945-3	18	0	0	0	0	0	0	0	0	0
P56945-4	3	0	0	0	0	1	0	0	0	0
P56945-5	1	0	0	0	0	0	0	0	0	0
P56945-6	49	0	0	0	0	0	0	0	0	0
P56945-7	21	0	0	0	0	0	0	0	0	0
P56945-8	3	3	0	0	3	0	0	0	0	0
P57087-2	0	0	0	0	0	1	0	0	0	0
P57087-3	24	0	0	0	0	0	0	0	0	0
P57103-2	0	0	0	0	0	1	0	1	1	1
P57103-3	18	0	0	0	0	0	0	0	0	0
P57103-4	0	0	0	0	0	1	0	0	0	0
P57103-5	0	0	0	0	0	2	0	0	1	1
P57103-6	0	0	0	0	0	1	0	0	0	0
P57103-7	32	0	0	0	0	1	0	0	0	0
P57721-2	0	0	0	0	0	2	0	0	0	0
P57721-3	0	0	0	0	0	1	0	0	0	0
P57721-4	0	0	0	0	0	1	0	0	0	0
P57721-5	0	0	0	0	0	1	0	0	0	0
P57723-2	0	0	0	0	0	1	0	0	0	0
P57737-2	0	0	0	0	0	1	0	0	0	0
P57737-3	124	38	43	80	94	0	0	0	0	0
P57737-4	0	0	0	0	0	1	0	0	0	0
P57740-2	33	0	0	0	0	0	0	0	0	0
P57740-3	0	0	0	0	0	2	0	0	0	0
P57768-2	0	0	0	0	0	1	0	0	0	0
P57771-2	26	0	0	0	0	0	0	0	0	0
P58340-2	0	0	0	0	0	2	0	0	0	0
P58340-3	45	0	0	0	0	0	0	0	0	0
P58340-4	15	0	0	0	0	1	0	0	0	0
P58340-5	0	0	0	0	0	1	0	0	0	0
P58872-2	0	0	0	0	0	1	0	0	0	0
P58872-3	0	0	0	0	0	1	0	0	0	0
P59190-2	100	0	0	0	0	0	0	0	0	0
P59998-2	506	0	0	0	0	0	0	0	0	0
P59998-3	19	0	0	0	0	0	0	0	0	0
P59998-4	0	0	0	0	0	1	0	0	0	0
P60006-2	4	0	0	0	0	0	0	0	0	0
P60174-3	37	0	0	28	28	0	0	0	0	0
P60174-4	0	0	0	0	0	1	0	0	0	0
P60201-2	0	0	0	0	0	1	0	0	0	0
P60604-2	0	0	0	0	0	1	0	0	0	0
P60660-2	8	8	0	4	8	0	0	0	0	0
P60842-2	15	0	0	0	0	0	0	0	0	0
P60866-2	31	0	0	0	0	0	0	0	0	0
P60880-2	12	8	11	12	12	0	0	0	0	0
P60891-2	0	0	0	0	0	1	0	0	0	0
P60900-2	5	0	0	0	0	0	0	0	0	0
P60900-3	0	0	0	0	0	1	0	0	0	0
P60953-1	11	1	5	5	5	0	0	0	0	0
P60981-2	0	0	0	0	0	1	0	0	0	0
P61006-2	45	0	0	0	0	0	0	0	0	0
P61011-2	7	0	1	0	1	0	0	0	0	0
P61018-2	39	0	0	0	0	0	0	0	0	0
P61019-2	0	0	0	0	0	1	0	0	1	1
P61020-2	0	0	0	0	0	1	0	0	0	0
P61077-2	4	0	0	0	0	0	0	0	0	0
P61077-3	8	0	0	0	0	0	0	0	0	0
P61086-2	0	0	0	0	0	1	0	0	0	0
P61086-3	0	0	0	0	0	1	0	0	0	0
P61160-2	5	0	0	2	2	0	0	0	0	0
P61201-2	7	0	0	0	0	0	0	0	0	0
P61204-2	0	0	0	0	0	1	0	0	0	0
P61224-2	0	0	0	0	0	1	0	0	0	0
P61224-3	0	0	0	0	0	1	0	0	0	0
P61224-4	0	0	0	0	0	1	0	1	0	1
P61244-4	33	0	0	0	0	0	0	0	0	0
P61244-2	0	0	0	0	0	1	1	1	1	1
P61244-3	1	0	0	0	0	1	0	0	0	0
P61244-5	39	0	0	0	0	0	0	0	0	0
P61244-6	26	0	0	0	0	0	0	0	0	0
P61266-2	12	0	0	0	0	0	0	0	0	0
P61289-2	13	0	0	0	0	0	0	0	0	0
P61289-3	23	0	0	0	0	0	0	0	0	0
P61328-2	3	0	0	3	3	0	0	0	0	0
P61619-3	0	0	0	0	0	1	0	0	0	0
P61758-2	24	0	0	0	0	0	0	0	0	0
P61764-2	28	28	28	17	28	0	0	0	0	0
P61916-2	0	0	0	0	0	1	0	0	0	0
P61923-2	32	0	0	0	0	1	0	0	0	0
P61923-3	0	0	0	0	0	1	0	0	0	0
P61923-4	13	0	0	0	0	0	0	0	0	0
P61923-5	0	0	0	0	0	1	0	0	0	0
P61956-2	0	0	0	0	0	1	0	0	0	0
P61960-2	37	0	0	0	0	0	0	0	0	0
P61966-2	6	0	0	0	0	0	0	0	0	0
P61978-2	5	0	0	0	0	0	0	0	0	0
P61978-3	5	0	0	0	0	1	1	1	1	1
P62068-2	8	0	0	0	0	1	0	0	0	0
P62068-3	4	0	0	0	0	0	0	0	0	0
P62068-4	0	0	0	0	0	1	0	0	0	0
P62070-2	0	0	0	0	0	1	0	0	0	0
P62070-3	0	0	0	0	0	1	0	0	0	0
P62070-4	6	0	0	0	0	0	0	0	0	0
P62136-2	11	0	0	0	0	0	0	0	0	0
P62136-3	0	0	0	0	0	1	0	0	0	0
P62166-2	3	0	0	0	0	0	0	0	0	0
P62191-2	0	0	0	0	0	1	0	0	0	0
P62195-2	0	0	0	0	0	1	0	0	0	0
P62256-2	0	0	0	0	0	1	0	0	0	0
P62258-2	0	0	0	0	0	1	1	0	0	1
P62316-2	0	0	0	0	0	1	0	0	0	0
P62318-2	14	0	0	0	0	0	0	0	0	0
P62491-2	9	0	0	0	0	0	0	0	0	0
P62495-2	0	0	0	0	0	1	0	0	0	0
P62633-2	0	0	0	0	0	1	0	0	1	1
P62633-4	1	1	1	1	1	0	0	0	0	0
P62633-5	2	0	0	0	0	1	0	0	1	1
P62633-6	2	0	0	0	0	0	0	0	0	0
P62633-8	1	1	1	1	1	1	0	0	1	1
P62633-3	0	0	0	0	0	1	0	0	0	0
P62633-7	0	0	0	0	0	1	0	0	0	0
P62820-2	0	0	0	0	0	1	0	0	0	0
P62820-3	0	0	0	0	0	1	0	0	0	0
P62837-2	0	0	0	0	0	1	0	0	0	0
P62873-2	4	0	0	0	0	0	0	0	0	0
P62913-2	0	0	0	0	0	1	0	0	0	0
P62937-2	0	0	0	0	0	1	0	0	1	1
P62993-2	0	0	0	0	0	1	0	0	0	0
P62995-2	26	0	0	0	0	0	0	0	0	0
P62995-3	0	0	0	0	0	1	0	0	0	0
P63000-2	19	0	0	0	0	0	0	0	0	0
P63010-2	14	0	0	0	0	0	0	0	0	0
P63010-3	0	0	0	0	0	1	0	1	1	1
P63096-2	0	0	0	0	0	1	0	0	0	0
P63104-2	22	0	0	0	0	0	0	0	0	0
P63151-2	11	0	0	0	0	0	0	0	0	0
P63165-2	0	0	0	0	0	1	0	0	0	0
P63208-2	7	0	0	0	0	0	0	0	0	0
P63241-2	30	0	0	0	0	0	0	0	0	0
P67775-2	0	0	0	0	0	1	0	0	0	0
P67936-2	73	27	11	40	45	0	0	0	0	0
P68036-2	0	0	0	0	0	1	0	0	0	0
P68036-3	66	0	0	0	0	0	0	0	0	0
P68106-2	14	0	0	0	0	0	0	0	0	0
P68366-2	0	0	0	0	0	1	0	0	0	0
P68402-2	18	0	0	0	0	0	0	0	0	0
P68402-4	64	0	0	0	0	0	0	0	0	0
P78310-2	5	0	0	0	0	0	0	0	0	0
P78310-3	16	0	0	0	0	0	0	0	0	0
P78310-4	59	0	0	0	0	0	0	0	0	0
P78310-5	59	0	0	0	0	0	0	0	0	0
P78310-6	12	0	0	0	0	0	0	0	0	0
P78310-7	1	0	0	0	0	0	0	0	0	0
P78316-2	35	0	0	0	0	0	0	0	0	0
P78324-2	4	0	4	4	4	0	0	0	0	0
P78324-4	0	0	0	0	0	1	0	0	0	0
P78344-2	0	0	0	0	0	1	0	0	0	0
P78347-2	0	0	0	0	0	2	0	0	0	0
P78347-3	0	0	0	0	0	1	0	0	0	0
P78347-4	0	0	0	0	0	1	0	1	0	1
P78347-5	1	0	0	0	0	1	0	0	0	0
P78348-1	46	0	0	0	0	0	0	0	0	0
P78348-3	180	0	0	0	0	0	0	0	0	0
P78352-2	52	0	0	0	0	0	0	0	0	0
P78352-3	0	0	0	0	0	1	0	0	0	0
P78356-2	9	0	0	0	0	0	0	0	0	0
P78362-2	22	0	0	8	8	0	0	0	0	0
P78371-2	0	0	0	0	0	1	0	0	0	0
P78417-2	0	0	0	0	0	1	0	0	0	0
P78417-3	0	0	0	0	0	1	1	0	0	1
P78527-2	0	0	0	0	0	1	0	0	0	0
P78537-2	0	0	0	0	0	1	1	1	0	1
P78559-2	2	0	0	0	0	0	0	0	0	0
P80188-2	5	0	0	0	0	0	0	0	0	0
P80192-4	14	0	0	0	0	0	0	0	0	0
P80217-2	2	0	0	0	0	0	0	0	0	0
P80303-2	2	0	0	0	0	0	0	0	0	0
P80723-2	0	0	0	0	0	1	0	0	0	0
P81605-2	24	0	0	0	0	0	0	0	0	0
P81605-3	45	0	0	0	0	0	0	0	0	0
P82094-2	3	0	0	0	0	0	0	0	0	0
P82650-2	1	0	0	0	0	1	0	0	0	0
P82663-2	35	0	0	0	0	0	0	0	0	0
P82663-3	49	0	0	0	0	0	0	0	0	0
P82673-2	19	0	0	0	0	0	0	0	0	0
P84022-2	22	0	0	0	0	0	0	0	0	0
P84022-3	0	0	0	0	0	1	0	0	0	0
P84022-4	0	0	0	0	0	1	0	0	0	0
P84103-2	10	0	0	0	0	0	0	0	0	0
P84157-2	3	0	3	3	3	0	0	0	0	0
P84157-3	10	0	10	10	10	0	0	0	0	0
P85037-2	19	0	0	0	0	0	0	0	0	0
P85299-2	5	0	0	0	0	0	0	0	0	0
P85299-3	0	0	0	0	0	1	0	0	0	0
P85299-4	0	0	0	0	0	1	0	0	0	0
P85299-5	27	0	0	0	0	0	0	0	0	0
P98095-2	47	0	0	0	0	0	0	0	0	0
P98153-2	0	0	0	0	0	1	0	0	0	0
P98153-3	13	0	0	0	0	0	0	0	0	0
P98155-2	1	0	0	0	0	0	0	0	0	0
P98171-2	40	0	0	0	0	0	0	0	0	0
P98175-2	0	0	0	0	0	1	0	0	0	0
P98175-3	0	0	0	0	0	1	0	0	0	0
P98175-4	0	0	0	0	0	2	0	0	0	0
P98175-5	65	16	0	19	20	0	0	0	0	0
P98194-2	12	0	0	0	0	0	0	0	0	0
P98194-3	29	11	0	29	29	1	1	1	1	1
P98194-4	0	0	0	0	0	1	1	1	1	1
P98194-5	29	11	0	29	29	0	0	0	0	0
P98194-6	40	12	0	25	25	0	0	0	0	0
P98194-7	64	11	0	29	29	0	0	0	0	0
P98194-8	65	11	1	30	30	1	0	0	0	0
P98194-9	30	12	0	30	30	0	0	0	0	0
Q00005-2	23	0	0	0	0	0	0	0	0	0
Q00005-3	26	0	7	7	7	0	0	0	0	0
Q00005-4	58	1	1	1	1	0	0	0	0	0
Q00005-5	66	1	1	1	1	0	0	0	0	0
Q00005-6	11	0	0	0	0	0	0	0	0	0
Q00005-7	106	1	1	1	1	0	0	0	0	0
Q00013-2	3	0	0	0	0	0	0	0	0	0
Q00013-3	0	0	0	0	0	1	0	0	1	1
Q00059-2	0	0	0	0	0	1	0	0	0	0
Q00325-2	16	0	10	10	10	1	0	0	0	0
Q00341-2	36	0	0	0	0	1	0	0	0	0
Q00535-2	0	0	0	0	0	1	0	0	0	0
Q00536-2	74	0	0	0	0	0	0	0	0	0
Q00536-3	6	0	6	0	6	0	0	0	0	0
Q00537-2	11	11	0	10	11	0	0	0	0	0
Q00587-2	0	0	0	0	0	1	0	0	0	0
Q00610-2	4	0	0	0	0	0	0	0	0	0
Q00613-2	28	0	0	0	0	0	0	0	0	0
Q00722-2	0	0	0	0	0	1	0	0	0	0
Q00722-3	0	0	0	0	0	1	0	0	0	0
Q00765-2	10	0	0	0	0	0	0	0	0	0
Q00796-2	10	0	0	0	0	0	0	0	0	0
Q00839-2	0	0	0	0	0	1	0	0	0	0
Q00973-2	0	0	0	0	0	1	0	0	0	0
Q00973-3	84	0	0	13	13	0	0	0	0	0
Q00975-2	65	0	0	0	0	0	0	0	0	0
Q01064-2	17	0	0	0	0	0	0	0	0	0
Q01081-2	8	0	0	0	0	0	0	0	0	0
Q01081-3	17	0	0	0	0	0	0	0	0	0
Q01081-4	0	0	0	0	0	1	1	0	0	1
Q01082-2	28	0	0	8	8	0	0	0	0	0
Q01082-3	63	0	0	8	8	0	0	0	0	0
Q01085-2	17	0	0	17	17	0	0	0	0	0
Q01105-2	20	20	10	10	20	1	1	1	1	1
Q01105-3	8	0	0	0	0	0	0	0	0	0
Q01105-4	14	0	0	0	0	0	0	0	0	0
Q01130-2	0	0	0	0	0	1	0	0	0	0
Q01415-2	5	0	0	0	0	0	0	0	0	0
Q01432-2	9	0	9	0	9	0	0	0	0	0
Q01432-3	7	0	0	0	0	0	0	0	0	0
Q01432-4	9	0	9	0	9	0	0	0	0	0
Q01432-5	7	0	0	0	0	0	0	0	0	0
Q01432-6	0	0	0	0	0	1	0	0	0	0
Q01433-2	0	0	0	0	0	1	0	0	0	0
Q01433-4	48	0	0	0	0	0	0	0	0	0
Q01433-5	0	0	0	0	0	1	1	0	0	1
Q01484-2	0	0	0	0	0	1	1	0	1	1
Q01484-5	17	5	0	12	17	1	1	0	1	1
Q01484-7	31	0	0	27	27	2	1	0	1	1
Q01518-2	0	0	0	0	0	1	0	0	0	0
Q01543-2	9	0	0	0	0	0	0	0	0	0
Q01543-3	0	0	0	0	0	1	0	0	0	0
Q01543-4	2	0	0	0	0	0	0	0	0	0
Q01780-2	0	0	0	0	0	1	0	0	0	0
Q01804-3	0	0	0	0	0	1	0	1	0	1
Q01804-4	0	0	0	0	0	1	0	1	0	1
Q01804-5	0	0	0	0	0	2	0	1	0	1
Q01813-2	75	0	0	0	0	0	0	0	0	0
Q01814-2	49	0	0	33	33	1	0	0	0	0
Q01814-3	49	0	0	33	33	2	0	0	0	0
Q01814-4	49	0	0	33	33	2	0	0	0	0
Q01814-5	0	0	0	0	0	1	0	0	0	0
Q01814-6	0	0	0	0	0	1	0	0	0	0
Q01814-7	49	0	0	33	33	2	0	0	0	0
Q01814-8	0	0	0	0	0	1	0	0	0	0
Q01831-2	0	0	0	0	0	1	0	0	0	0
Q01831-3	3	0	0	0	0	0	0	0	0	0
Q01844-4	29	0	0	0	0	0	0	0	0	0
Q01844-2	0	0	0	0	0	1	0	0	0	0
Q01844-3	0	0	0	0	0	1	0	0	0	0
Q01844-5	6	0	0	0	0	1	0	0	0	0
Q01844-6	0	0	0	0	0	1	0	0	0	0
Q01955-2	52	0	0	0	0	0	0	0	0	0
Q01955-3	11	0	0	0	0	0	0	0	0	0
Q01955-4	7	0	0	0	0	0	0	0	0	0
Q01955-5	7	0	0	0	0	0	0	0	0	0
Q01968-2	0	0	0	0	0	1	0	0	0	0
Q01970-2	0	0	0	0	0	1	0	0	0	0
Q02040-3	57	0	0	0	0	0	0	0	0	0
Q02040-2	1	0	0	0	0	0	0	0	0	0
Q02083-3	2	0	0	0	0	0	0	0	0	0
Q02153-2	0	0	0	0	0	1	0	0	0	0
Q02153-3	5	0	0	0	0	0	0	0	0	0
Q02218-2	20	0	0	0	0	0	0	0	0	0
Q02218-3	21	0	0	0	0	0	0	0	0	0
Q02252-2	0	0	0	0	0	1	0	0	0	0
Q02297-10	233	0	0	0	0	1	0	0	0	0
Q02297-11	33	0	0	0	0	1	0	0	0	0
Q02297-12	15	0	0	0	0	0	0	0	0	0
Q02297-2	8	0	0	0	0	0	0	0	0	0
Q02297-3	39	6	0	0	6	0	0	0	0	0
Q02297-4	11	0	0	0	0	0	0	0	0	0
Q02297-6	24	0	0	0	0	0	0	0	0	0
Q02297-7	15	0	0	0	0	0	0	0	0	0
Q02297-8	19	0	0	0	0	1	0	0	0	0
Q02297-9	264	0	0	0	0	1	0	0	0	0
Q02410-2	0	0	0	0	0	1	0	0	1	1
Q02413-2	0	0	0	0	0	1	0	0	0	0
Q02447-2	0	0	0	0	0	1	1	0	0	1
Q02447-3	0	0	0	0	0	1	0	0	0	0
Q02447-4	0	0	0	0	0	1	0	0	0	0
Q02447-5	0	0	0	0	0	1	0	0	0	0
Q02447-6	0	0	0	0	0	2	1	0	0	1
Q02641-2	83	0	0	0	0	0	0	0	0	0
Q02641-3	31	0	0	0	0	0	0	0	0	0
Q02750-2	0	0	0	0	0	1	0	0	0	0
Q02880-2	0	0	0	0	0	1	0	0	0	0
Q02930-3	0	0	0	0	0	1	0	0	0	0
Q02930-2	0	0	0	0	0	1	0	0	0	0
Q02930-4	15	0	0	0	0	0	0	0	0	0
Q02952-2	7	0	0	0	0	0	0	0	0	0
Q02952-3	0	0	0	0	0	1	0	0	0	0
Q03001-11	204	0	50	52	75	0	0	0	0	0
Q03001-12	26	0	0	0	0	0	0	0	0	0
Q03001-13	244	0	56	64	88	0	0	0	0	0
Q03001-3	1511	0	0	0	0	1	0	0	0	0
Q03001-10	14	0	0	0	0	1	0	0	0	0
Q03001-14	0	0	0	0	0	2	1	0	0	1
Q03001-8	88	10	24	13	24	3	0	1	1	1
Q03001-9	51	0	0	0	0	1	0	0	0	0
Q03060-1	16	0	0	0	0	1	0	0	0	0
Q03060-10	4	0	0	0	0	1	0	0	0	0
Q03060-11	4	0	0	0	0	1	0	0	0	0
Q03060-12	25	2	0	0	2	1	0	0	0	0
Q03060-13	26	2	0	0	2	1	0	0	0	0
Q03060-14	1	0	0	0	0	2	0	0	0	0
Q03060-15	16	0	0	0	0	1	0	0	0	0
Q03060-16	16	0	0	0	0	2	0	0	0	0
Q03060-17	16	0	0	0	0	2	0	0	0	0
Q03060-19	16	0	0	0	0	1	0	0	0	0
Q03060-2	17	0	0	0	0	1	0	0	0	0
Q03060-20	16	0	0	0	0	1	0	0	0	0
Q03060-21	30	0	0	0	0	1	0	0	0	0
Q03060-22	25	2	0	0	2	0	0	0	0	0
Q03060-23	14	0	0	0	0	1	0	0	0	0
Q03060-24	22	0	0	0	0	0	0	0	0	0
Q03060-25	14	0	0	0	0	1	0	0	0	0
Q03060-26	31	0	0	0	0	1	0	0	0	0
Q03060-27	8	0	0	0	0	0	0	0	0	0
Q03060-28	0	0	0	0	0	2	0	0	0	0
Q03060-29	8	0	0	0	0	0	0	0	0	0
Q03060-30	1	0	0	0	0	1	0	0	0	0
Q03060-31	30	0	0	0	0	2	0	0	0	0
Q03060-32	31	0	0	0	0	1	0	0	0	0
Q03060-6	30	0	0	0	0	1	0	0	0	0
Q03060-7	0	0	0	0	0	2	0	0	0	0
Q03060-8	18	0	0	0	0	1	0	0	0	0
Q03060-9	18	0	0	0	0	1	0	0	0	0
Q03135-2	0	0	0	0	0	1	0	0	0	0
Q03154-2	0	0	0	0	0	1	1	0	0	1
Q03154-3	0	0	0	0	0	1	0	0	0	0
Q03154-4	0	0	0	0	0	1	0	0	0	0
Q03164-2	0	0	0	0	0	1	0	0	0	0
Q03164-3	3	0	0	0	0	0	0	0	0	0
Q03188-2	4	0	0	0	0	0	0	0	0	0
Q03405-2	26	0	0	0	0	0	0	0	0	0
Q03405-3	1	0	0	0	0	0	0	0	0	0
Q03518-2	60	0	0	0	0	0	0	0	0	0
Q04206-2	0	0	0	0	0	2	0	0	0	0
Q04206-3	0	0	0	0	0	1	0	0	0	0
Q04206-4	0	0	0	0	0	1	0	0	0	0
Q04323-2	30	0	0	0	0	0	0	0	0	0
Q04609-6	0	0	0	0	0	1	0	0	0	0
Q04609-8	1	0	0	0	0	0	0	0	0	0
Q04609-10	0	0	0	0	0	1	0	1	1	1
Q04609-3	36	0	0	0	0	0	0	0	0	0
Q04609-4	27	0	0	0	0	0	0	0	0	0
Q04609-7	23	0	0	0	0	0	0	0	0	0
Q04609-9	24	0	0	0	0	0	0	0	0	0
Q04637-9	7	0	0	0	0	0	0	0	0	0
Q04637-3	0	0	0	0	0	1	0	0	0	0
Q04637-4	0	0	0	0	0	1	0	0	0	0
Q04637-5	0	0	0	0	0	1	1	1	1	1
Q04637-6	0	0	0	0	0	1	0	0	0	0
Q04637-7	1	0	0	1	1	1	0	0	0	0
Q04637-8	1	0	0	1	1	0	0	0	0	0
Q04727-2	0	0	0	0	0	1	0	0	0	0
Q04727-3	32	0	0	0	0	0	0	0	0	0
Q04727-4	0	0	0	0	0	1	0	0	0	0
Q04760-2	0	0	0	0	0	1	0	0	0	0
Q05084-2	29	0	7	0	7	0	0	0	0	0
Q05084-3	0	0	0	0	0	1	0	0	0	0
Q05086-2	0	0	0	0	0	1	1	0	0	1
Q05086-3	6	0	1	0	1	0	0	0	0	0
Q05193-2	21	21	10	10	21	0	0	0	0	0
Q05193-3	7	0	0	0	0	0	0	0	0	0
Q05193-5	28	21	10	10	21	0	0	0	0	0
Q05209-2	0	0	0	0	0	1	0	0	0	0
Q05209-3	0	0	0	0	0	1	0	0	0	0
Q05397-2	33	0	0	0	0	2	0	0	0	0
Q05397-3	59	0	0	0	0	1	0	0	0	0
Q05397-4	38	0	0	0	0	1	0	0	0	0
Q05397-5	14	3	3	0	3	0	0	0	0	0
Q05397-6	0	0	0	0	0	1	0	0	0	0
Q05397-7	0	0	0	0	0	1	0	0	0	0
Q05469-2	0	0	0	0	0	1	0	0	0	0
Q05513-2	0	0	0	0	0	1	0	0	0	0
Q05513-3	7	0	0	0	0	0	0	0	0	0
Q05516-2	0	0	0	0	0	1	0	0	0	0
Q05519-2	0	0	0	0	0	1	0	0	0	0
Q05586-2	22	0	0	0	0	0	0	0	0	0
Q05586-3	0	0	0	0	0	1	0	0	0	0
Q05586-4	22	0	0	0	0	0	0	0	0	0
Q05586-5	21	0	0	0	0	0	0	0	0	0
Q05586-6	43	0	0	0	0	0	0	0	0	0
Q05586-7	43	0	0	0	0	0	0	0	0	0
Q05655-2	31	0	0	0	0	0	0	0	0	0
Q05682-2	0	0	0	0	0	1	0	0	0	0
Q05682-3	17	0	0	16	16	1	0	0	0	0
Q05682-4	0	0	0	0	0	1	0	1	1	1
Q05682-5	17	0	0	16	16	1	0	1	1	1
Q05682-6	0	0	0	0	0	2	0	0	0	0
Q05707-2	10	0	0	0	0	0	0	0	0	0
Q05707-3	0	0	0	0	0	1	0	0	0	0
Q06033-2	16	0	0	0	0	0	0	0	0	0
Q06124-1	4	4	0	4	4	0	0	0	0	0
Q06124-3	0	0	0	0	0	1	0	0	0	0
Q06136-2	0	0	0	0	0	1	0	0	0	0
Q06265-2	17	0	0	0	0	0	0	0	0	0
Q06265-3	0	0	0	0	0	1	0	0	0	0
Q06265-4	17	0	0	0	0	1	0	0	0	0
Q06323-2	27	0	0	0	0	0	0	0	0	0
Q06323-3	10	0	0	0	0	0	0	0	0	0
Q06330-2	0	0	0	0	0	1	0	0	0	0
Q06330-3	5	0	0	0	0	0	0	0	0	0
Q06330-4	4	0	0	0	0	0	0	0	0	0
Q06330-5	0	0	0	0	0	1	0	0	0	0
Q06330-6	5	0	0	0	0	0	0	0	0	0
Q06330-7	5	0	0	0	0	0	0	0	0	0
Q06481-5	0	0	0	0	0	2	0	1	0	1
Q06481-2	0	0	0	0	0	1	0	0	0	0
Q06481-3	0	0	0	0	0	1	0	0	0	0
Q06481-4	1	0	1	0	1	1	0	0	0	0
Q06481-6	44	0	0	0	0	1	0	0	0	0
Q06547-2	0	0	0	0	0	1	0	0	0	0
Q06547-3	15	0	0	0	0	0	0	0	0	0
Q06547-4	15	0	0	0	0	1	0	0	0	0
Q06587-2	0	0	0	0	0	1	0	0	0	0
Q06787-7	0	0	0	0	0	1	0	1	1	1
Q06787-10	109	0	0	0	0	0	0	0	0	0
Q06787-11	109	0	0	0	0	1	0	1	0	1
Q06787-2	0	0	0	0	0	2	0	2	1	2
Q06787-3	0	0	0	0	0	1	0	0	0	0
Q06787-4	0	0	0	0	0	2	0	1	1	1
Q06787-5	0	0	0	0	0	1	0	0	0	0
Q06787-6	0	0	0	0	0	2	0	1	1	1
Q06787-8	0	0	0	0	0	2	0	1	0	1
Q06787-9	0	0	0	0	0	1	0	1	0	1
Q07002-3	30	0	0	8	8	0	0	0	0	0
Q07092-2	0	0	0	0	0	2	0	0	0	0
Q07157-2	0	0	0	0	0	1	0	1	1	1
Q07343-4	11	0	0	0	0	0	0	0	0	0
Q07343-2	34	0	0	0	0	0	0	0	0	0
Q07343-3	74	23	28	30	56	0	0	0	0	0
Q07617-2	45	0	0	0	0	0	0	0	0	0
Q07666-2	0	0	0	0	0	1	0	0	0	0
Q07666-3	0	0	0	0	0	1	0	0	0	0
Q07812-8	0	0	0	0	0	1	0	0	0	0
Q07812-2	60	0	0	0	0	0	0	0	0	0
Q07812-3	30	0	0	0	0	0	0	0	0	0
Q07812-4	0	0	0	0	0	1	0	0	0	0
Q07812-5	40	0	0	0	0	0	0	0	0	0
Q07812-6	0	0	0	0	0	1	0	0	1	1
Q07812-7	0	0	0	0	0	1	0	0	0	0
Q07817-2	0	0	0	0	0	1	0	0	0	0
Q07817-3	39	0	0	0	0	0	0	0	0	0
Q07820-2	41	0	0	0	0	0	0	0	0	0
Q07866-10	65	0	0	0	0	0	0	0	0	0
Q07866-2	10	10	0	0	10	0	0	0	0	0
Q07866-3	0	0	0	0	0	1	0	1	1	1
Q07866-4	84	0	0	12	12	0	0	0	0	0
Q07866-5	43	0	0	0	0	0	0	0	0	0
Q07866-6	84	0	7	20	20	0	0	0	0	0
Q07866-7	40	0	0	10	10	0	0	0	0	0
Q07866-8	10	10	3	3	10	0	0	0	0	0
Q07866-9	66	0	0	12	12	0	0	0	0	0
Q07889-2	13	0	0	0	0	1	0	0	0	0
Q07890-2	0	0	0	0	0	1	0	0	0	0
Q07912-2	34	0	0	0	0	0	0	0	0	0
Q07912-3	39	0	0	0	0	1	0	0	0	0
Q07954-2	6	0	0	0	0	1	0	0	0	0
Q07955-2	108	0	0	0	0	0	0	0	0	0
Q07955-3	17	0	0	0	0	0	0	0	0	0
Q08117-2	72	0	0	0	0	0	0	0	0	0
Q08174-2	201	102	117	149	173	0	0	0	0	0
Q08209-2	0	0	0	0	0	1	1	1	0	1
Q08209-3	0	0	0	0	0	2	0	1	0	1
Q08209-4	0	0	0	0	0	1	0	0	0	0
Q08209-5	0	0	0	0	0	1	0	0	0	0
Q08211-2	0	0	0	0	0	1	0	0	0	0
Q08257-2	4	0	0	0	0	0	0	0	0	0
Q08257-3	0	0	0	0	0	1	0	0	0	0
Q08289-10	37	0	0	0	0	0	0	0	0	0
Q08289-2	15	0	0	0	0	0	0	0	0	0
Q08289-3	16	0	0	0	0	0	0	0	0	0
Q08289-4	11	0	0	0	0	0	0	0	0	0
Q08289-5	22	0	0	0	0	0	0	0	0	0
Q08289-6	21	0	0	0	0	0	0	0	0	0
Q08289-7	6	0	0	0	0	0	0	0	0	0
Q08289-8	21	0	0	0	0	0	0	0	0	0
Q08289-9	32	0	0	0	0	0	0	0	0	0
Q08345-2	0	0	0	0	0	1	0	0	0	0
Q08345-4	47	0	0	0	0	0	0	0	0	0
Q08345-5	6	0	0	0	0	0	0	0	0	0
Q08345-6	18	0	0	0	0	1	0	0	0	0
Q08378-2	5	0	0	0	0	0	0	0	0	0
Q08378-4	39	0	0	0	0	0	0	0	0	0
Q08379-2	0	0	0	0	0	1	0	0	0	0
Q08426-2	0	0	0	0	0	1	0	0	0	0
Q08493-2	0	0	0	0	0	1	0	0	0	0
Q08493-3	45	0	0	0	0	0	0	0	0	0
Q08495-2	0	0	0	0	0	1	1	0	1	1
Q08495-3	0	0	0	0	0	2	1	0	1	1
Q08495-4	0	0	0	0	0	2	1	0	0	1
Q08499-2	15	0	0	0	0	0	0	0	0	0
Q08499-8	11	0	0	0	0	0	0	0	0	0
Q08499-10	21	0	0	0	0	0	0	0	0	0
Q08499-11	84	0	26	15	41	1	0	0	0	0
Q08499-12	95	0	0	0	0	0	0	0	0	0
Q08499-3	0	0	0	0	0	1	0	0	0	0
Q08499-4	34	0	0	0	0	0	0	0	0	0
Q08499-5	0	0	0	0	0	1	0	0	0	0
Q08499-6	84	0	0	0	0	0	0	0	0	0
Q08499-7	94	0	0	0	0	0	0	0	0	0
Q08499-9	23	0	0	0	0	0	0	0	0	0
Q08554-2	11	0	0	0	0	0	0	0	0	0
Q08623-2	0	0	0	0	0	1	0	0	0	0
Q08623-3	38	0	0	0	0	0	0	0	0	0
Q08623-4	23	0	0	0	0	0	0	0	0	0
Q08722-3	2	0	2	0	2	0	0	0	0	0
Q08AD1-2	0	0	0	0	0	2	1	0	0	1
Q08AD1-3	0	0	0	0	0	1	1	0	0	1
Q08AE8-2	0	0	0	0	0	1	0	1	1	1
Q08AE8-3	0	0	0	0	0	2	0	1	1	1
Q08AE8-4	13	0	0	0	0	2	0	1	1	1
Q08AE8-5	0	0	0	0	0	2	0	1	1	1
Q08AM6-2	0	0	0	0	0	1	0	0	0	0
Q08J23-2	1	0	0	0	0	0	0	0	0	0
Q08J23-3	0	0	0	0	0	1	0	0	0	0
Q09028-2	0	0	0	0	0	1	0	0	0	0
Q09028-3	6	0	0	0	0	0	0	0	0	0
Q09028-4	0	0	0	0	0	1	0	0	0	0
Q09666-2	18	0	0	0	0	1	0	0	0	0
Q0D2I5-5	4	0	0	0	0	0	0	0	0	0
Q0D2I5-2	0	0	0	0	0	1	0	0	0	0
Q0D2I5-3	6	0	0	0	0	0	0	0	0	0
Q0D2I5-4	3	0	0	0	0	0	0	0	0	0
Q0D2I5-6	1	0	0	0	0	1	0	0	0	0
Q0D2I5-7	3	0	0	0	0	0	0	0	0	0
Q0JRZ9-2	63	0	0	0	0	0	0	0	0	0
Q0JRZ9-3	0	0	0	0	0	1	0	0	0	0
Q0VD83-2	0	0	0	0	0	1	0	0	0	0
Q0VD83-3	23	0	0	0	0	0	0	0	0	0
Q0VDG4-2	19	0	0	0	0	0	0	0	0	0
Q0VF96-2	0	0	0	0	0	1	0	0	0	0
Q0ZGT2-2	4	0	0	0	0	1	0	1	1	1
Q0ZGT2-3	0	0	0	0	0	1	0	0	0	0
Q0ZGT2-4	0	0	0	0	0	1	0	0	0	0
Q10471-2	47	0	0	0	0	1	0	0	0	0
Q10567-3	0	0	0	0	0	2	1	1	1	1
Q10567-2	0	0	0	0	0	1	0	0	0	0
Q10567-4	0	0	0	0	0	3	1	1	1	1
Q10588-2	0	0	0	0	0	1	0	0	0	0
Q10589-2	0	0	0	0	0	1	0	0	0	0
Q10713-2	39	7	0	0	7	0	0	0	0	0
Q12756-2	110	0	9	32	32	0	0	0	0	0
Q12756-3	102	0	9	21	21	0	0	0	0	0
Q12765-2	20	0	0	0	0	0	0	0	0	0
Q12765-3	0	0	0	0	0	1	1	0	0	1
Q12767-2	30	0	0	0	0	0	0	0	0	0
Q12767-3	17	0	0	0	0	0	0	0	0	0
Q12769-2	37	0	0	0	0	0	0	0	0	0
Q12769-3	42	0	0	0	0	1	0	0	0	0
Q12789-3	0	0	0	0	0	1	0	0	0	0
Q12791-2	42	0	1	1	1	0	0	0	0	0
Q12791-3	4	0	1	0	1	0	0	0	0	0
Q12791-4	30	0	12	6	12	0	0	0	0	0
Q12791-5	1	0	1	1	1	0	0	0	0	0
Q12791-6	34	0	0	0	0	1	0	0	0	0
Q12791-7	59	0	12	6	12	0	0	0	0	0
Q12792-3	7	0	0	0	0	0	0	0	0	0
Q12792-4	0	0	0	0	0	1	0	1	1	1
Q12797-6	2	0	0	0	0	1	1	0	0	1
Q12797-8	20	3	0	8	8	0	0	0	0	0
Q12797-10	3	0	0	0	0	0	0	0	0	0
Q12797-11	2	0	0	0	0	1	0	0	0	0
Q12797-2	2	0	0	0	0	0	0	0	0	0
Q12797-3	130	0	0	8	8	1	0	0	0	0
Q12797-4	115	0	0	0	0	1	0	0	0	0
Q12797-5	20	3	0	8	8	1	0	0	0	0
Q12797-7	81	12	2	10	22	0	0	0	0	0
Q12797-9	20	3	0	8	8	1	1	0	0	1
Q12800-2	0	0	0	0	0	2	0	0	0	0
Q12800-3	0	0	0	0	0	1	0	0	0	0
Q12800-4	0	0	0	0	0	1	0	0	0	0
Q12802-2	20	0	0	0	0	0	0	0	0	0
Q12802-4	0	0	0	0	0	2	0	0	0	0
Q12802-5	17	0	0	0	0	0	0	0	0	0
Q12805-2	0	0	0	0	0	1	0	0	0	0
Q12805-3	0	0	0	0	0	1	0	0	0	0
Q12805-4	0	0	0	0	0	1	0	0	0	0
Q12805-5	0	0	0	0	0	2	0	0	1	1
Q12824-2	0	0	0	0	0	1	0	1	1	1
Q12830-2	0	0	0	0	0	1	0	0	0	0
Q12830-4	0	0	0	0	0	1	0	0	0	0
Q12841-2	0	0	0	0	0	1	0	0	0	0
Q12846-2	38	0	0	0	0	0	0	0	0	0
Q12849-5	0	0	0	0	0	1	0	0	0	0
Q12851-2	0	0	0	0	0	1	0	0	0	0
Q12852-2	34	0	0	0	0	0	0	0	0	0
Q12857-2	25	0	0	0	0	0	0	0	0	0
Q12857-3	0	0	0	0	0	1	0	0	1	1
Q12857-4	45	0	0	0	0	0	0	0	0	0
Q12860-2	0	0	0	0	0	1	0	0	0	0
Q12860-3	25	0	1	0	1	0	0	0	0	0
Q12872-2	52	0	0	0	0	0	0	0	0	0
Q12888-2	5	5	0	0	5	0	0	0	0	0
Q12888-3	5	5	0	0	5	1	0	0	0	0
Q12904-2	24	0	0	0	0	0	0	0	0	0
Q12906-2	12	0	0	0	0	0	0	0	0	0
Q12906-3	72	0	0	0	0	0	0	0	0	0
Q12906-4	11	0	4	1	4	0	0	0	0	0
Q12906-5	4	0	0	0	0	0	0	0	0	0
Q12906-6	16	0	4	1	4	0	0	0	0	0
Q12906-7	4	0	4	1	4	0	0	0	0	0
Q12912-2	0	0	0	0	0	1	0	0	0	0
Q12913-2	1	0	0	0	0	0	0	0	0	0
Q12913-3	55	0	0	0	0	0	0	0	0	0
Q12923-2	0	0	0	0	0	1	0	0	0	0
Q12923-3	0	0	0	0	0	1	0	0	0	0
Q12923-4	5	0	0	0	0	0	0	0	0	0
Q12926-2	0	0	0	0	0	1	0	0	0	0
Q12929-2	0	0	0	0	0	1	0	0	0	0
Q12931-2	0	0	0	0	0	1	0	0	0	0
Q12933-2	52	0	0	0	0	0	0	0	0	0
Q12933-3	0	0	0	0	0	1	0	0	0	0
Q12933-4	0	0	0	0	0	1	0	0	0	0
Q12955-4	133	47	1	2	49	1	0	0	0	0
Q12955-5	133	47	0	1	48	1	0	0	0	0
Q12955-6	108	47	1	2	49	1	0	0	0	0
Q12955-7	16	0	0	0	0	4	0	0	0	0
Q12959-2	34	0	0	14	14	0	0	0	0	0
Q12959-3	0	0	0	0	0	1	0	0	0	0
Q12959-4	34	0	0	14	14	1	0	0	0	0
Q12959-5	0	0	0	0	0	1	0	0	0	0
Q12959-6	0	0	0	0	0	1	0	0	0	0
Q12959-7	13	0	12	12	12	0	0	0	0	0
Q12959-8	70	0	0	25	25	1	0	0	0	0
Q12959-9	83	13	13	38	38	1	0	0	0	0
Q12967-6	0	0	0	0	0	1	0	0	0	0
Q12967-2	206	0	0	0	0	0	0	0	0	0
Q12967-3	5	0	0	0	0	0	0	0	0	0
Q12967-4	43	0	0	0	0	1	0	0	0	0
Q12967-5	58	0	0	0	0	0	0	0	0	0
Q12972-2	0	0	0	0	0	1	0	1	1	1
Q12972-3	0	0	0	0	0	1	0	0	0	0
Q12974-2	16	0	0	0	0	0	0	0	0	0
Q12974-3	0	0	0	0	0	1	0	0	0	0
Q12974-4	0	0	0	0	0	1	0	0	0	0
Q12979-2	43	18	43	43	43	0	0	0	0	0
Q12979-3	37	0	0	0	0	1	0	0	0	0
Q12979-4	0	0	0	0	0	1	0	0	0	0
Q12981-1	43	0	0	0	0	0	0	0	0	0
Q12981-2	0	0	0	0	0	1	0	0	0	0
Q12981-3	43	0	0	0	0	1	0	0	0	0
Q12982-2	62	0	0	0	0	0	0	0	0	0
Q12986-2	11	0	0	0	0	0	0	0	0	0
Q12986-3	22	0	0	0	0	0	0	0	0	0
Q12996-2	22	0	0	0	0	0	0	0	0	0
Q12996-3	1	0	0	0	0	0	0	0	0	0
Q13002-2	15	0	0	0	0	0	0	0	0	0
Q13002-4	0	0	0	0	0	1	0	0	0	0
Q13002-5	37	0	0	0	0	0	0	0	0	0
Q13002-6	15	0	0	0	0	1	0	0	0	0
Q13002-7	37	0	0	0	0	1	0	0	0	0
Q13003-2	17	0	0	0	0	0	0	0	0	0
Q13009-2	0	0	0	0	0	2	0	0	0	0
Q13017-2	0	0	0	0	0	1	0	0	0	0
Q13017-3	19	0	0	0	0	1	0	0	0	0
Q13017-4	0	0	0	0	0	1	0	0	0	0
Q13023-2	26	0	0	0	0	0	0	0	0	0
Q13033-2	0	0	0	0	0	1	0	0	1	1
Q13042-2	0	0	0	0	0	1	0	0	0	0
Q13042-3	0	0	0	0	0	2	0	0	0	0
Q13042-4	0	0	0	0	0	1	0	0	0	0
Q13043-2	26	0	0	0	0	0	0	0	0	0
Q13045-2	0	0	0	0	0	2	0	0	1	1
Q13045-3	9	0	0	0	0	0	0	0	0	0
Q13057-2	29	0	0	0	0	0	0	0	0	0
Q13085-2	13	0	0	0	0	1	0	0	0	0
Q13085-3	0	0	0	0	0	1	0	0	0	0
Q13085-4	37	0	0	1	1	0	0	0	0	0
Q13087-2	0	0	0	0	0	1	0	0	0	0
Q13098-5	0	0	0	0	0	1	1	1	0	1
Q13098-6	161	0	0	23	23	1	0	0	0	0
Q13098-7	50	0	0	23	23	1	1	1	1	1
Q13107-2	1	0	0	0	0	0	0	0	0	0
Q13107-3	71	0	0	0	0	0	0	0	0	0
Q13114-2	0	0	0	0	0	1	0	0	1	1
Q13118-2	0	0	0	0	0	1	0	0	0	0
Q13118-3	8	0	0	0	0	2	0	0	0	0
Q13118-4	37	1	0	0	1	1	0	0	0	0
Q13126-2	75	0	0	0	0	0	0	0	0	0
Q13126-3	63	0	0	0	0	0	0	0	0	0
Q13126-4	9	0	0	0	0	0	0	0	0	0
Q13126-5	75	0	0	0	0	0	0	0	0	0
Q13126-6	63	0	0	0	0	0	0	0	0	0
Q13126-7	8	0	0	0	0	0	0	0	0	0
Q13131-2	15	0	0	0	0	0	0	0	0	0
Q13136-2	1	0	0	0	0	0	0	0	0	0
Q13137-2	0	0	0	0	0	1	0	0	0	0
Q13137-3	21	0	0	0	0	0	0	0	0	0
Q13137-4	24	0	0	0	0	0	0	0	0	0
Q13137-5	0	0	0	0	0	1	0	0	0	0
Q13153-2	33	0	0	0	0	0	0	0	0	0
Q13155-2	0	0	0	0	0	1	0	0	1	1
Q13164-2	0	0	0	0	0	1	0	0	0	0
Q13164-3	35	0	0	0	0	0	0	0	0	0
Q13164-4	78	0	0	0	0	0	0	0	0	0
Q13188-2	35	0	0	0	0	0	0	0	0	0
Q13190-2	0	0	0	0	0	1	0	0	0	0
Q13190-3	19	0	0	0	0	1	0	0	0	0
Q13190-4	19	0	0	0	0	0	0	0	0	0
Q13200-2	3	0	0	0	0	0	0	0	0	0
Q13200-3	0	0	0	0	0	1	0	0	0	0
Q13228-2	0	0	0	0	0	1	0	0	0	0
Q13228-3	0	0	0	0	0	1	0	0	0	0
Q13228-4	42	0	0	0	0	0	0	0	0	0
Q13243-2	8	0	0	0	0	0	0	0	0	0
Q13243-3	0	0	0	0	0	1	0	0	0	0
Q13247-2	50	0	0	0	0	0	0	0	0	0
Q13247-3	23	0	0	0	0	0	0	0	0	0
Q13263-2	0	0	0	0	0	1	0	0	0	0
Q13277-3	12	0	0	0	0	0	0	0	0	0
Q13277-2	0	0	0	0	0	1	0	0	0	0
Q13283-2	5	0	0	0	0	0	0	0	0	0
Q13303-2	0	0	0	0	0	1	0	0	0	0
Q13303-3	82	0	9	4	13	0	0	0	0	0
Q13303-4	0	0	0	0	0	1	0	0	0	0
Q13303-5	56	0	0	0	0	0	0	0	0	0
Q13304-2	0	0	0	0	0	1	0	0	0	0
Q13308-2	0	0	0	0	0	1	0	0	0	0
Q13308-3	1	0	0	0	0	0	0	0	0	0
Q13308-4	0	0	0	0	0	1	0	0	0	0
Q13308-5	13	0	0	0	0	0	0	0	0	0
Q13308-6	32	0	0	0	0	0	0	0	0	0
Q13310-2	15	0	0	8	8	0	0	0	0	0
Q13310-3	16	0	0	10	10	0	0	0	0	0
Q13325-2	0	0	0	0	0	1	0	1	1	1
Q13330-2	30	0	0	0	0	0	0	0	0	0
Q13330-3	1	0	0	0	0	0	0	0	0	0
Q13332-2	0	0	0	0	0	1	0	0	1	1
Q13332-3	1	0	1	1	1	1	0	0	0	0
Q13332-4	0	0	0	0	0	1	0	0	0	0
Q13332-5	1	0	0	0	0	0	0	0	0	0
Q13332-6	1	0	1	1	1	3	0	0	1	1
Q13332-7	2	0	1	1	1	2	0	0	1	1
Q13362-2	7	0	0	0	0	0	0	0	0	0
Q13362-3	0	0	0	0	0	1	0	0	1	1
Q13362-4	82	18	54	46	67	1	0	0	1	1
Q13362-5	57	18	0	0	18	0	0	0	0	0
Q13363-2	1	0	1	0	1	0	0	0	0	0
Q13367-2	0	0	0	0	0	1	0	0	0	0
Q13367-3	0	0	0	0	0	1	0	0	0	0
Q13367-4	19	0	0	0	0	0	0	0	0	0
Q13371-2	0	0	0	0	0	1	0	0	0	0
Q13393-2	1	0	0	0	0	0	0	0	0	0
Q13393-3	72	0	0	0	0	1	0	0	0	0
Q13393-4	7	0	0	0	0	0	0	0	0	0
Q13404-1	79	0	0	0	0	0	0	0	0	0
Q13404-2	36	0	0	0	0	0	0	0	0	0
Q13404-6	12	0	0	0	0	0	0	0	0	0
Q13404-7	29	0	0	0	0	0	0	0	0	0
Q13404-8	0	0	0	0	0	1	0	0	0	0
Q13409-3	0	0	0	0	0	2	1	2	1	2
Q13409-2	0	0	0	0	0	1	1	1	1	1
Q13409-5	0	0	0	0	0	1	0	0	1	1
Q13409-6	0	0	0	0	0	3	1	2	2	3
Q13409-7	18	0	0	18	18	1	0	1	0	1
Q13418-2	22	0	0	0	0	1	0	0	0	0
Q13418-3	0	0	0	0	0	1	0	0	0	0
Q13424-2	0	0	0	0	0	1	0	0	0	0
Q13425-2	2	0	0	2	2	0	0	0	0	0
Q13426-2	1	1	1	0	1	0	0	0	0	0
Q13426-3	10	0	0	0	0	0	0	0	0	0
Q13427-2	18	0	0	0	0	0	0	0	0	0
Q13428-5	2	0	0	0	0	0	0	0	0	0
Q13428-2	0	0	0	0	0	1	0	0	0	0
Q13428-3	1	0	0	1	1	0	0	0	0	0
Q13428-4	36	0	0	0	0	0	0	0	0	0
Q13428-6	0	0	0	0	0	1	0	0	0	0
Q13428-7	1	0	0	1	1	1	0	0	0	0
Q13428-8	1	0	0	1	1	1	0	0	0	0
Q13432-2	17	0	0	0	0	0	0	0	0	0
Q13433-2	1	0	0	0	0	1	0	0	0	0
Q13438-2	0	0	0	0	0	1	0	1	1	1
Q13438-3	0	0	0	0	0	2	0	1	1	1
Q13438-4	0	0	0	0	0	1	0	0	0	0
Q13438-5	1	0	0	0	0	2	0	1	1	1
Q13438-6	0	0	0	0	0	2	0	1	1	1
Q13438-7	1	0	0	0	0	1	0	1	1	1
Q13438-8	0	0	0	0	0	3	0	1	1	1
Q13439-3	0	0	0	0	0	1	0	0	0	0
Q13439-4	7	7	0	0	7	0	0	0	0	0
Q13439-5	29	7	0	0	7	1	0	0	0	0
Q13444-2	0	0	0	0	0	1	0	0	0	0
Q13444-10	34	0	0	0	0	0	0	0	0	0
Q13444-11	0	0	0	0	0	2	0	0	0	0
Q13444-12	10	0	0	0	0	1	0	0	0	0
Q13444-13	48	0	0	0	0	1	0	0	0	0
Q13444-3	0	0	0	0	0	1	0	0	0	0
Q13444-4	0	0	0	0	0	1	0	0	0	0
Q13444-5	0	0	0	0	0	1	0	0	0	0
Q13444-6	11	0	0	0	0	0	0	0	0	0
Q13444-7	11	0	0	0	0	1	0	0	0	0
Q13444-8	11	0	0	0	0	1	0	0	0	0
Q13444-9	48	0	0	0	0	1	0	0	0	0
Q13451-2	46	0	0	0	0	0	0	0	0	0
Q13459-2	2	0	0	0	0	0	0	0	0	0
Q13480-2	30	0	20	20	22	0	0	0	0	0
Q13490-2	0	0	0	0	0	1	0	0	1	1
Q13491-2	0	0	0	0	0	1	0	1	0	1
Q13491-3	40	8	20	36	40	0	0	0	0	0
Q13491-4	89	24	43	66	70	0	0	0	0	0
Q13492-2	0	0	0	0	0	1	0	0	0	0
Q13492-3	8	0	0	0	0	1	0	0	0	0
Q13492-4	0	0	0	0	0	2	0	0	0	0
Q13492-5	0	0	0	0	0	1	0	0	0	0
Q13495-3	371	0	0	0	0	1	0	0	0	0
Q13495-4	0	0	0	0	0	1	0	0	0	0
Q13496-2	0	0	0	0	0	1	0	1	0	1
Q13501-2	0	0	0	0	0	1	0	0	0	0
Q13508-2	1	0	0	0	0	0	0	0	0	0
Q13508-3	0	0	0	0	0	1	0	0	0	0
Q13509-2	0	0	0	0	0	1	0	0	0	0
Q13510-2	41	0	9	0	9	0	0	0	0	0
Q13510-3	48	0	9	0	9	1	0	0	0	0
Q13546-2	0	0	0	0	0	1	0	0	0	0
Q13554-3	1	0	1	0	1	2	1	2	2	2
Q13554-2	0	0	0	0	0	1	1	1	1	1
Q13554-4	1	0	1	0	1	2	1	1	1	1
Q13554-5	1	0	1	0	1	1	1	1	1	1
Q13554-6	0	0	0	0	0	3	1	1	1	1
Q13554-7	1	0	1	0	1	0	0	0	0	0
Q13554-8	0	0	0	0	0	2	1	2	1	2
Q13555-5	22	1	21	19	22	1	0	1	1	1
Q13555-10	1	1	0	1	1	1	0	0	1	1
Q13555-11	22	1	21	19	22	1	0	1	1	1
Q13555-2	0	0	0	0	0	1	0	1	1	1
Q13555-3	0	0	0	0	0	1	0	0	1	1
Q13555-4	1	1	0	1	1	0	0	0	0	0
Q13555-6	31	0	21	24	27	0	0	0	0	0
Q13555-7	10	0	0	6	6	1	0	0	1	1
Q13555-8	10	0	0	6	6	1	0	1	1	1
Q13555-9	10	0	0	6	6	2	0	2	2	2
Q13557-10	14	0	14	1	14	0	0	0	0	0
Q13557-11	25	0	14	0	14	0	0	0	0	0
Q13557-12	1	0	1	0	1	0	0	0	0	0
Q13557-3	11	0	0	0	0	0	0	0	0	0
Q13557-4	20	0	8	8	8	0	0	0	0	0
Q13557-5	20	0	8	8	8	0	0	0	0	0
Q13557-6	14	0	14	1	14	0	0	0	0	0
Q13557-9	11	0	0	0	0	0	0	0	0	0
Q13561-2	5	5	0	0	5	0	0	0	0	0
Q13561-3	2	2	0	0	2	0	0	0	0	0
Q13564-2	10	0	0	0	0	0	0	0	0	0
Q13564-3	0	0	0	0	0	1	0	0	0	0
Q13564-4	3	0	0	0	0	0	0	0	0	0
Q13572-2	13	0	0	0	0	0	0	0	0	0
Q13574-1	234	0	0	0	0	0	0	0	0	0
Q13574-3	66	0	0	16	16	0	0	0	0	0
Q13574-4	1	0	0	0	0	0	0	0	0	0
Q13574-5	6	0	0	0	0	0	0	0	0	0
Q13574-6	1	0	0	0	0	1	0	0	0	0
Q13574-7	59	0	0	0	0	1	0	0	0	0
Q13576-2	5	0	0	0	0	1	0	0	0	0
Q13576-3	5	0	0	0	0	1	0	0	0	0
Q13586-2	23	0	0	0	0	0	0	0	0	0
Q13596-2	0	0	0	0	0	1	0	0	0	0
Q13596-3	51	0	0	0	0	0	0	0	0	0
Q13601-2	0	0	0	0	0	1	0	0	0	0
Q13610-2	12	0	0	0	0	0	0	0	0	0
Q13613-2	13	0	0	0	0	0	0	0	0	0
Q13614-2	0	0	0	0	0	1	0	1	1	1
Q13615-2	9	0	0	0	0	1	0	0	0	0
Q13615-3	0	0	0	0	0	1	0	0	0	0
Q13617-2	19	0	0	0	0	0	0	0	0	0
Q13618-2	0	0	0	0	0	1	0	0	0	0
Q13618-3	0	0	0	0	0	1	0	0	0	0
Q13619-2	0	0	0	0	0	1	0	0	0	0
Q13620-1	3	0	0	0	0	0	0	0	0	0
Q13620-3	6	0	0	0	0	0	0	0	0	0
Q13625-3	6	0	0	0	0	0	0	0	0	0
Q13625-2	0	0	0	0	0	1	0	0	0	0
Q13627-2	0	0	0	0	0	1	0	0	0	0
Q13627-3	13	0	0	0	0	0	0	0	0	0
Q13627-4	8	0	0	0	0	0	0	0	0	0
Q13627-5	19	0	0	0	0	1	0	0	0	0
Q13634-2	31	0	0	0	0	0	0	0	0	0
Q13635-3	0	0	0	0	0	1	0	0	0	0
Q13635-2	60	0	0	0	0	0	0	0	0	0
Q13635-4	0	0	0	0	0	1	0	0	0	0
Q13639-2	28	0	0	0	0	0	0	0	0	0
Q13639-3	1	0	0	0	0	0	0	0	0	0
Q13639-4	22	0	0	0	0	0	0	0	0	0
Q13639-5	20	0	0	0	0	0	0	0	0	0
Q13639-6	14	0	0	0	0	0	0	0	0	0
Q13639-8	40	0	0	0	0	0	0	0	0	0
Q13639-9	53	0	0	0	0	0	0	0	0	0
Q13642-1	50	11	48	48	50	0	0	0	0	0
Q13642-3	0	0	0	0	0	1	0	0	0	0
Q13642-4	79	11	48	48	50	0	0	0	0	0
Q13642-5	66	11	48	49	51	0	0	0	0	0
Q13683-10	50	0	0	0	0	0	0	0	0	0
Q13683-13	36	0	0	0	0	1	0	0	1	1
Q13683-3	0	0	0	0	0	1	0	0	1	1
Q13683-7	0	0	0	0	0	1	0	1	1	1
Q13683-9	0	0	0	0	0	1	0	0	0	0
Q13740-2	1	0	0	1	1	0	0	0	0	0
Q13740-3	2	0	0	0	0	0	0	0	0	0
Q13740-4	0	0	0	0	0	2	1	0	0	1
Q13772-3	16	0	0	0	0	0	0	0	0	0
Q13772-2	0	0	0	0	0	1	0	0	0	0
Q13772-4	37	0	0	0	0	0	0	0	0	0
Q13813-2	5	5	3	3	5	0	0	0	0	0
Q13813-3	0	0	0	0	0	1	1	1	1	1
Q13822-2	52	0	0	0	0	0	0	0	0	0
Q13822-3	25	2	0	0	2	0	0	0	0	0
Q13825-2	0	0	0	0	0	1	0	0	0	0
Q13838-2	15	0	0	0	0	0	0	0	0	0
Q13873-2	1	0	0	0	0	0	0	0	0	0
Q13875-3	12	0	0	7	7	0	0	0	0	0
Q13875-4	24	0	0	0	0	0	0	0	0	0
Q13884-2	4	0	0	0	0	0	0	0	0	0
Q13905-2	0	0	0	0	0	1	0	0	0	0
Q13905-3	20	0	0	0	0	0	0	0	0	0
Q13905-4	19	0	1	0	1	0	0	0	0	0
Q13907-2	57	0	0	0	0	0	0	0	0	0
Q13936-10	19	0	0	0	0	0	0	0	0	0
Q13936-11	0	0	0	0	0	1	0	0	0	0
Q13936-12	0	0	0	0	0	3	0	0	0	0
Q13936-13	19	0	0	0	0	3	0	0	0	0
Q13936-14	41	0	0	0	0	3	0	0	0	0
Q13936-15	19	0	0	0	0	4	0	0	0	0
Q13936-16	17	0	0	0	0	3	0	0	0	0
Q13936-17	17	0	0	0	0	4	0	0	0	0
Q13936-18	87	0	0	0	0	3	0	0	0	0
Q13936-19	0	0	0	0	0	4	0	0	0	0
Q13936-2	70	0	0	0	0	0	0	0	0	0
Q13936-20	0	0	0	0	0	3	0	0	0	0
Q13936-21	0	0	0	0	0	3	0	0	0	0
Q13936-22	0	0	0	0	0	3	0	0	0	0
Q13936-23	17	0	0	0	0	3	0	0	0	0
Q13936-24	19	0	0	0	0	3	0	0	0	0
Q13936-25	19	0	0	0	0	4	0	0	0	0
Q13936-26	78	0	0	0	0	3	0	0	0	0
Q13936-27	19	0	0	0	0	3	0	0	0	0
Q13936-28	87	0	0	0	0	4	0	0	0	0
Q13936-29	19	0	0	0	0	4	0	0	0	0
Q13936-3	17	0	0	0	0	0	0	0	0	0
Q13936-30	0	0	0	0	0	2	0	0	0	0
Q13936-31	0	0	0	0	0	2	0	0	0	0
Q13936-32	0	0	0	0	0	3	0	0	0	0
Q13936-33	0	0	0	0	0	2	0	0	0	0
Q13936-34	45	0	0	0	0	0	0	0	0	0
Q13936-35	0	0	0	0	0	4	0	0	0	0
Q13936-36	17	0	0	0	0	2	0	0	0	0
Q13936-37	17	0	0	0	0	3	0	0	0	0
Q13936-4	0	0	0	0	0	1	0	0	0	0
Q13936-5	0	0	0	0	0	1	0	0	0	0
Q13936-6	0	0	0	0	0	1	0	0	0	0
Q13936-7	0	0	0	0	0	1	0	0	0	0
Q13936-8	0	0	0	0	0	1	0	0	0	0
Q13936-9	78	0	0	0	0	0	0	0	0	0
Q13938-3	0	0	0	0	0	1	0	0	0	0
Q13938-4	0	0	0	0	0	1	1	1	1	1
Q13948-10	0	0	0	0	0	1	0	0	0	0
Q13948-2	0	0	0	0	0	1	0	0	1	1
Q13948-9	0	0	0	0	0	2	0	0	1	1
Q13951-2	22	22	0	17	22	0	0	0	0	0
Q13972-2	0	0	0	0	0	1	0	0	0	0
Q13972-3	0	0	0	0	0	2	0	0	1	1
Q13976-2	92	35	76	56	89	0	0	0	0	0
Q13976-3	14	0	0	0	0	0	0	0	0	0
Q14005-2	0	0	0	0	0	1	0	0	0	0
Q14005-3	0	0	0	0	0	1	0	0	0	0
Q14005-4	18	0	0	0	0	3	0	0	0	0
Q14008-2	0	0	0	0	0	1	0	0	0	0
Q14008-3	7	0	0	0	0	0	0	0	0	0
Q14011-2	125	0	0	0	0	1	0	0	0	0
Q14011-3	140	0	0	0	0	0	0	0	0	0
Q14103-4	1	0	0	1	1	1	1	1	1	1
Q14103-2	0	0	0	0	0	1	1	1	1	1
Q14103-3	1	0	0	1	1	0	0	0	0	0
Q14108-2	0	0	0	0	0	1	0	0	0	0
Q14112-2	1	0	0	0	0	1	0	0	0	0
Q14116-2	0	0	0	0	0	1	0	0	0	0
Q14123-2	4	0	0	0	0	0	0	0	0	0
Q14123-3	94	0	0	0	0	0	0	0	0	0
Q14137-2	0	0	0	0	0	1	0	0	0	0
Q14139-2	8	0	0	0	0	0	0	0	0	0
Q14141-3	5	0	0	0	0	0	0	0	0	0
Q14141-4	2	0	0	0	0	0	0	0	0	0
Q14142-2	18	0	0	0	0	0	0	0	0	0
Q14142-3	26	0	0	0	0	0	0	0	0	0
Q14142-4	104	0	0	0	0	1	0	0	0	0
Q14151-2	19	0	0	0	0	0	0	0	0	0
Q14152-2	0	0	0	0	0	1	0	0	0	0
Q14155-1	89	44	75	49	78	1	0	0	0	0
Q14155-2	0	0	0	0	0	1	0	0	0	0
Q14155-3	0	0	0	0	0	1	0	0	1	1
Q14155-5	89	44	75	49	78	1	0	0	0	0
Q14155-6	0	0	0	0	0	1	0	0	0	0
Q14156-2	0	0	0	0	0	1	0	0	0	0
Q14156-3	0	0	0	0	0	1	0	0	0	0
Q14157-1	12	0	0	0	0	0	0	0	0	0
Q14157-3	12	0	0	0	0	0	0	0	0	0
Q14157-4	13	0	0	0	0	0	0	0	0	0
Q14157-5	17	0	0	5	5	0	0	0	0	0
Q14160-2	0	0	0	0	0	1	0	0	0	0
Q14160-3	25	0	0	0	0	0	0	0	0	0
Q14161-10	3	0	0	2	2	2	0	1	2	2
Q14161-11	0	0	0	0	0	1	0	0	0	0
Q14161-2	5	0	0	0	0	0	0	0	0	0
Q14161-3	0	0	0	0	0	1	0	1	1	1
Q14161-4	0	0	0	0	0	1	0	1	1	1
Q14161-5	0	0	0	0	0	1	0	0	1	1
Q14161-6	0	0	0	0	0	1	0	0	0	0
Q14161-7	0	0	0	0	0	1	0	0	0	0
Q14161-8	0	0	0	0	0	2	0	0	1	1
Q14161-9	0	0	0	0	0	2	0	0	1	1
Q14168-4	45	0	0	0	0	1	1	0	0	1
Q14168-2	0	0	0	0	0	1	1	0	0	1
Q14168-3	26	11	0	0	11	1	1	0	0	1
Q14168-5	0	0	0	0	0	1	0	0	0	0
Q14168-6	0	0	0	0	0	2	1	0	0	1
Q14183-2	7	0	0	0	0	1	0	0	0	0
Q14192-2	89	0	0	0	0	0	0	0	0	0
Q14194-2	126	0	45	95	101	0	0	0	0	0
Q14195-2	126	80	71	95	114	0	0	0	0	0
Q14203-5	3	0	3	0	3	1	0	1	1	1
Q14203-2	3	0	3	0	3	0	0	0	0	0
Q14203-3	0	0	0	0	0	3	0	1	1	1
Q14203-4	0	0	0	0	0	2	0	1	1	1
Q14203-6	0	0	0	0	0	1	0	0	0	0
Q14206-2	73	0	0	9	9	0	0	0	0	0
Q14232-2	58	0	0	0	0	0	0	0	0	0
Q14240-2	1	1	0	1	1	0	0	0	0	0
Q14242-2	16	0	0	0	0	0	0	0	0	0
Q14244-2	0	0	0	0	0	1	0	0	0	0
Q14244-3	0	0	0	0	0	1	0	0	0	0
Q14244-4	43	0	0	25	25	1	0	0	0	0
Q14244-5	0	0	0	0	0	1	0	0	0	0
Q14244-6	7	0	0	0	0	0	0	0	0	0
Q14244-7	43	0	0	25	25	0	0	0	0	0
Q14247-2	134	0	0	0	0	1	0	0	0	0
Q14247-3	0	0	0	0	0	1	0	0	0	0
Q14257-2	18	0	0	0	0	0	0	0	0	0
Q14289-2	0	0	0	0	0	1	0	0	0	0
Q14315-2	0	0	0	0	0	1	0	0	0	0
Q14318-2	1	0	1	1	1	0	0	0	0	0
Q14318-3	0	0	0	0	0	1	0	0	0	0
Q14344-2	0	0	0	0	0	1	0	0	0	0
Q14353-2	79	0	0	0	0	0	0	0	0	0
Q14376-2	4	0	0	0	0	0	0	0	0	0
Q14444-2	5	0	0	0	0	0	0	0	0	0
Q14498-3	0	0	0	0	0	1	0	0	0	0
Q14498-2	0	0	0	0	0	1	0	0	0	0
Q14515-2	0	0	0	0	0	1	0	0	0	0
Q14527-2	0	0	0	0	0	1	0	0	0	0
Q14558-2	29	1	0	0	1	0	0	0	0	0
Q14571-2	3	0	0	0	0	0	0	0	0	0
Q14576-2	0	0	0	0	0	1	0	0	0	0
Q14596-2	28	0	0	0	0	0	0	0	0	0
Q14624-2	14	0	0	0	0	1	0	0	1	1
Q14624-3	0	0	0	0	0	1	0	0	1	1
Q14624-4	0	0	0	0	0	3	0	0	1	1
Q14643-2	0	0	0	0	0	1	0	0	0	0
Q14643-3	0	0	0	0	0	2	0	0	0	0
Q14643-4	0	0	0	0	0	3	0	0	0	0
Q14643-5	0	0	0	0	0	2	0	0	0	0
Q14643-6	0	0	0	0	0	1	0	0	0	0
Q14643-7	0	0	0	0	0	2	0	0	0	0
Q14643-8	0	0	0	0	0	3	0	0	0	0
Q14644-2	0	0	0	0	0	1	0	1	0	1
Q14653-2	0	0	0	0	0	1	0	0	0	0
Q14653-3	0	0	0	0	0	2	0	0	0	0
Q14653-4	122	0	0	0	0	0	0	0	0	0
Q14653-5	43	0	0	0	0	0	0	0	0	0
Q14667-2	0	0	0	0	0	1	0	0	0	0
Q14667-3	1	0	0	0	0	0	0	0	0	0
Q14667-4	21	0	0	0	0	1	0	0	0	0
Q14669-2	33	0	0	17	17	0	0	0	0	0
Q14669-3	48	0	0	12	12	0	0	0	0	0
Q14669-4	33	0	0	17	17	1	0	0	0	0
Q14671-2	3	0	2	2	2	1	0	0	0	0
Q14671-3	2	0	2	2	2	0	0	0	0	0
Q14671-4	37	0	0	0	0	1	0	0	0	0
Q14676-2	0	0	0	0	0	1	0	0	0	0
Q14676-3	0	0	0	0	0	1	0	0	0	0
Q14676-4	0	0	0	0	0	2	0	0	0	0
Q14677-2	18	0	6	18	18	1	0	0	0	0
Q14677-3	18	0	7	18	18	0	0	0	0	0
Q14678-2	0	0	0	0	0	1	0	0	0	0
Q14689-6	0	0	0	0	0	1	0	0	0	0
Q14689-3	0	0	0	0	0	1	0	0	0	0
Q14689-4	7	0	0	0	0	0	0	0	0	0
Q14689-5	8	0	0	0	0	1	0	0	0	0
Q14693-3	36	0	0	0	0	0	0	0	0	0
Q14693-4	26	0	0	0	0	0	0	0	0	0
Q14693-2	6	0	0	0	0	0	0	0	0	0
Q14693-5	42	0	0	0	0	0	0	0	0	0
Q14693-6	43	0	0	0	0	0	0	0	0	0
Q14693-7	85	0	0	0	0	0	0	0	0	0
Q14694-2	48	0	0	0	0	0	0	0	0	0
Q14694-3	9	0	0	0	0	0	0	0	0	0
Q14696-2	64	0	0	0	0	0	0	0	0	0
Q14697-2	22	0	16	11	16	0	0	0	0	0
Q14697-3	4	0	0	0	0	0	0	0	0	0
Q14722-2	66	0	12	36	36	0	0	0	0	0
Q14722-3	73	0	0	0	0	0	0	0	0	0
Q14738-2	0	0	0	0	0	1	0	0	0	0
Q14738-3	0	0	0	0	0	1	0	0	0	0
Q14789-2	10	0	0	0	0	0	0	0	0	0
Q14789-3	5	0	0	0	0	1	0	0	1	1
Q14789-4	0	0	0	0	0	2	0	0	1	1
Q14814-2	42	0	0	0	0	0	0	0	0	0
Q14814-3	0	0	0	0	0	1	0	0	0	0
Q14814-4	0	0	0	0	0	1	0	0	0	0
Q14814-5	42	0	0	0	0	1	0	0	0	0
Q14814-6	0	0	0	0	0	2	0	0	0	0
Q14831-2	23	0	0	0	0	0	0	0	0	0
Q14831-3	11	0	0	0	0	0	0	0	0	0
Q14831-4	12	0	0	0	0	0	0	0	0	0
Q14831-5	6	0	0	0	0	0	0	0	0	0
Q14832-2	90	0	0	0	0	0	0	0	0	0
Q14839-2	28	0	0	0	0	0	0	0	0	0
Q14847-2	120	0	0	0	0	0	0	0	0	0
Q14847-3	23	0	0	0	0	0	0	0	0	0
Q14914-2	8	0	0	0	0	0	0	0	0	0
Q14938-5	26	0	0	20	20	0	0	0	0	0
Q14938-2	0	0	0	0	0	1	0	0	0	0
Q14938-3	20	0	0	20	20	0	0	0	0	0
Q14938-4	0	0	0	0	0	1	0	0	0	0
Q14938-6	20	0	0	20	20	1	0	0	0	0
Q14966-2	19	0	0	0	0	0	0	0	0	0
Q14966-3	0	0	0	0	0	1	0	0	0	0
Q14966-4	34	0	0	0	0	0	0	0	0	0
Q14966-5	0	0	0	0	0	1	0	0	0	0
Q14966-6	116	0	0	0	0	0	0	0	0	0
Q14974-2	0	0	0	0	0	1	0	0	0	0
Q14980-3	41	0	0	0	0	0	0	0	0	0
Q14980-4	22	0	0	0	0	0	0	0	0	0
Q14980-2	0	0	0	0	0	1	1	1	1	1
Q14980-5	0	0	0	0	0	1	0	0	0	0
Q14982-2	16	0	0	0	0	0	0	0	0	0
Q14982-3	0	0	0	0	0	1	0	0	0	0
Q14982-4	9	0	0	0	0	0	0	0	0	0
Q14BN4-2	1	1	1	0	1	0	0	0	0	0
Q14BN4-3	0	0	0	0	0	1	1	0	1	1
Q14BN4-4	30	0	0	0	0	2	1	0	0	1
Q14BN4-5	27	0	0	0	0	1	0	0	1	1
Q14BN4-6	45	0	0	0	0	0	0	0	0	0
Q14BN4-7	30	0	0	0	0	0	0	0	0	0
Q14BN4-8	25	0	0	0	0	2	0	0	1	1
Q14C86-2	0	0	0	0	0	1	0	0	1	1
Q14C86-3	0	0	0	0	0	2	0	0	1	1
Q14C86-4	0	0	0	0	0	2	0	0	1	1
Q14C86-5	0	0	0	0	0	1	1	0	0	1
Q14C86-6	28	0	0	0	0	1	0	0	1	1
Q14CN4-2	0	0	0	0	0	1	0	0	0	0
Q14CN4-3	0	0	0	0	0	1	0	0	0	0
Q14CX7-2	13	0	0	0	0	0	0	0	0	0
Q14CZ8-2	66	0	0	22	22	0	0	0	0	0
Q14DG7-2	21	0	0	0	0	0	0	0	0	0
Q14DG7-3	0	0	0	0	0	1	0	0	0	0
Q15007-2	1	0	0	0	0	0	0	0	0	0
Q15008-2	10	0	0	0	0	0	0	0	0	0
Q15008-3	1	0	0	0	0	0	0	0	0	0
Q15008-4	53	0	0	0	0	0	0	0	0	0
Q15019-3	10	0	0	0	0	0	0	0	0	0
Q15019-2	35	0	0	0	0	0	0	0	0	0
Q15020-2	11	0	0	0	0	0	0	0	0	0
Q15020-3	22	0	0	0	0	0	0	0	0	0
Q15020-4	0	0	0	0	0	1	0	0	0	0
Q15025-2	9	0	0	0	0	0	0	0	0	0
Q15025-3	0	0	0	0	0	1	0	0	0	0
Q15025-4	0	0	0	0	0	1	0	0	0	0
Q15025-5	27	0	0	0	0	0	0	0	0	0
Q15025-6	9	0	0	0	0	1	0	0	0	0
Q15025-7	13	0	0	0	0	0	0	0	0	0
Q15025-8	23	0	0	0	0	0	0	0	0	0
Q15029-2	0	0	0	0	0	1	0	0	0	0
Q15029-3	0	0	0	0	0	1	0	0	0	0
Q15032-2	1	0	0	0	0	2	0	0	0	0
Q15032-3	1	0	0	0	0	0	0	0	0	0
Q15032-4	44	0	0	0	0	0	0	0	0	0
Q15036-2	0	0	0	0	0	1	0	0	0	0
Q15041-2	0	0	0	0	0	1	0	0	0	0
Q15041-3	0	0	0	0	0	1	0	0	0	0
Q15042-3	7	0	7	7	7	0	0	0	0	0
Q15042-4	13	0	0	0	0	0	0	0	0	0
Q15046-2	45	0	7	0	7	0	0	0	0	0
Q15047-2	11	0	0	0	0	0	0	0	0	0
Q15047-3	0	0	0	0	0	1	0	0	0	0
Q15049-2	0	0	0	0	0	1	0	0	0	0
Q15052-2	0	0	0	0	0	1	0	0	0	0
Q15056-2	0	0	0	0	0	1	0	0	0	0
Q15059-2	8	0	0	0	0	0	0	0	0	0
Q15067-2	35	10	0	30	30	0	0	0	0	0
Q15067-3	35	10	0	30	30	1	0	0	0	0
Q15070-2	4	0	0	0	0	0	0	0	0	0
Q15070-3	36	0	0	0	0	0	0	0	0	0
Q15084-2	57	0	0	0	0	0	0	0	0	0
Q15084-3	1	0	0	0	0	0	0	0	0	0
Q15084-4	10	0	0	0	0	0	0	0	0	0
Q15084-5	53	0	0	0	0	0	0	0	0	0
Q15111-2	0	0	0	0	0	1	0	0	0	0
Q15119-2	0	0	0	0	0	1	0	0	0	0
Q15120-2	9	0	0	0	0	0	0	0	0	0
Q15121-2	21	0	0	0	0	0	0	0	0	0
Q15147-2	10	0	0	0	0	0	0	0	0	0
Q15147-4	41	0	33	0	33	0	0	0	0	0
Q15147-5	12	0	0	0	0	0	0	0	0	0
Q15149-2	57	0	0	10	10	0	0	0	0	0
Q15149-3	57	0	0	10	10	1	0	0	1	1
Q15149-4	30	0	13	20	24	0	0	0	0	0
Q15149-5	33	0	0	6	6	0	0	0	0	0
Q15149-6	33	0	0	0	0	0	0	0	0	0
Q15149-7	1	0	0	0	0	1	0	0	0	0
Q15149-8	11	6	11	8	11	0	0	0	0	0
Q15149-9	15	0	15	11	15	0	0	0	0	0
Q15154-3	39	7	0	0	7	0	0	0	0	0
Q15154-2	1	0	0	0	0	0	0	0	0	0
Q15154-4	2	0	0	0	0	1	0	0	0	0
Q15154-5	0	0	0	0	0	1	0	0	1	1
Q15165-1	14	0	0	0	0	0	0	0	0	0
Q15165-3	0	0	0	0	0	1	0	0	0	0
Q15172-2	3	0	0	0	0	0	0	0	0	0
Q15173-2	15	0	15	0	15	0	0	0	0	0
Q15185-2	0	0	0	0	0	1	0	0	0	0
Q15185-3	0	0	0	0	0	1	0	0	0	0
Q15185-4	0	0	0	0	0	1	0	0	0	0
Q15223-2	116	0	0	14	14	0	0	0	0	0
Q15223-3	18	0	0	0	0	0	0	0	0	0
Q15233-2	0	0	0	0	0	1	0	0	0	0
Q15257-2	0	0	0	0	0	1	0	1	1	1
Q15257-3	0	0	0	0	0	1	0	0	0	0
Q15257-4	0	0	0	0	0	1	0	0	0	0
Q15262-2	1	0	1	1	1	0	0	0	0	0
Q15262-3	7	0	1	1	1	0	0	0	0	0
Q15262-4	24	0	1	1	1	0	0	0	0	0
Q15276-2	0	0	0	0	0	1	0	0	0	0
Q15283-2	0	0	0	0	0	1	0	0	0	0
Q15286-2	35	0	0	0	0	0	0	0	0	0
Q15287-2	0	0	0	0	0	1	0	0	0	0
Q15287-3	0	0	0	0	0	2	0	0	0	0
Q15293-2	33	0	0	0	0	0	0	0	0	0
Q15303-2	10	0	0	0	0	0	0	0	0	0
Q15303-3	0	0	0	0	0	1	0	0	0	0
Q15303-4	10	0	0	0	0	1	0	0	0	0
Q15349-2	56	0	47	47	47	0	0	0	0	0
Q15349-3	39	0	10	10	10	0	0	0	0	0
Q15366-2	1	1	1	1	1	0	0	0	0	0
Q15366-3	1	1	1	1	1	1	0	1	1	1
Q15366-4	1	1	1	1	1	2	0	2	2	2
Q15366-5	1	1	1	1	1	1	0	1	1	1
Q15366-6	0	0	0	0	0	1	0	1	1	1
Q15366-7	1	0	1	1	1	2	0	2	2	2
Q15366-8	1	0	1	1	1	1	0	1	1	1
Q15369-2	0	0	0	0	0	1	0	0	0	0
Q15370-2	44	0	0	0	0	0	0	0	0	0
Q15375-2	0	0	0	0	0	1	0	0	0	0
Q15375-3	2	0	0	0	0	0	0	0	0	0
Q15375-4	1	0	1	1	1	0	0	0	0	0
Q15375-5	8	0	0	0	0	0	0	0	0	0
Q15386-2	7	0	0	0	0	1	0	0	0	0
Q15386-3	0	0	0	0	0	2	0	0	0	0
Q15392-2	34	0	0	0	0	0	0	0	0	0
Q15393-2	20	0	0	0	0	0	0	0	0	0
Q15393-3	0	0	0	0	0	1	0	0	0	0
Q15404-2	0	0	0	0	0	1	0	0	0	0
Q15413-2	0	0	0	0	0	1	0	0	0	0
Q15413-3	3	0	0	0	0	0	0	0	0	0
Q15417-2	0	0	0	0	0	1	0	0	1	1
Q15417-3	0	0	0	0	0	1	0	0	0	0
Q15418-2	41	0	0	0	0	0	0	0	0	0
Q15418-3	0	0	0	0	0	1	0	0	0	0
Q15418-4	15	0	0	0	0	0	0	0	0	0
Q15424-2	2	0	0	0	0	1	0	0	0	0
Q15424-3	2	0	0	0	0	0	0	0	0	0
Q15424-4	2	0	0	0	0	1	0	0	0	0
Q15435-2	0	0	0	0	0	1	0	0	1	1
Q15435-3	7	0	0	0	0	0	0	0	0	0
Q15435-4	7	0	0	0	0	1	0	0	1	1
Q15435-5	7	0	0	0	0	1	0	0	0	0
Q15436-2	0	0	0	0	0	1	0	0	0	0
Q15438-2	0	0	0	0	0	1	0	0	0	0
Q15438-3	0	0	0	0	0	1	0	0	0	0
Q15459-2	0	0	0	0	0	1	0	0	0	0
Q15464-2	15	0	0	0	0	0	0	0	0	0
Q15493-2	1	0	0	0	0	0	0	0	0	0
Q15526-2	0	0	0	0	0	1	0	0	0	0
Q15528-2	3	0	0	0	0	0	0	0	0	0
Q15555-2	8	0	0	0	0	0	0	0	0	0
Q15555-3	27	0	0	9	9	0	0	0	0	0
Q15555-4	29	0	0	0	0	0	0	0	0	0
Q15555-5	0	0	0	0	0	1	0	0	0	0
Q15599-2	0	0	0	0	0	1	0	1	1	1
Q15599-3	22	0	0	1	1	0	0	0	0	0
Q155Q3-2	7	0	0	0	0	0	0	0	0	0
Q155Q3-4	1	0	0	0	0	0	0	0	0	0
Q155Q3-5	19	0	0	0	0	0	0	0	0	0
Q15631-2	19	0	0	0	0	0	0	0	0	0
Q15633-2	0	0	0	0	0	1	0	0	0	0
Q15637-4	18	0	0	0	0	0	0	0	0	0
Q15637-2	42	0	0	0	0	0	0	0	0	0
Q15637-3	34	0	0	0	0	0	0	0	0	0
Q15637-5	143	0	24	26	37	0	0	0	0	0
Q15637-6	118	0	0	13	13	0	0	0	0	0
Q15637-7	0	0	0	0	0	1	0	0	0	0
Q15642-2	0	0	0	0	0	1	0	0	0	0
Q15642-3	91	0	0	0	0	1	0	0	0	0
Q15642-4	1	0	0	0	0	1	0	0	0	0
Q15642-5	12	0	0	0	0	0	0	0	0	0
Q15643-2	0	0	0	0	0	1	0	0	0	0
Q15651-2	2	0	0	0	0	0	0	0	0	0
Q15653-2	15	0	0	0	0	0	0	0	0	0
Q15654-2	60	0	0	0	0	0	0	0	0	0
Q15654-3	35	0	0	0	0	0	0	0	0	0
Q15700-2	118	0	44	21	44	0	0	0	0	0
Q15700-3	46	22	15	25	37	1	0	0	0	0
Q15700-4	106	0	0	17	17	0	0	0	0	0
Q15700-5	15	0	15	13	15	1	0	1	1	1
Q15714-2	33	0	0	15	15	0	0	0	0	0
Q15714-5	0	0	0	0	0	1	1	0	0	1
Q15714-3	0	0	0	0	0	1	0	0	0	0
Q15714-4	14	0	0	0	0	0	0	0	0	0
Q15717-2	27	0	0	0	0	0	0	0	0	0
Q15735-2	0	0	0	0	0	1	0	0	0	0
Q15735-3	0	0	0	0	0	1	0	0	0	0
Q15746-7	0	0	0	0	0	1	0	1	0	1
Q15746-10	0	0	0	0	0	2	0	1	1	1
Q15746-11	0	0	0	0	0	2	0	2	1	2
Q15746-2	1	0	0	0	0	0	0	0	0	0
Q15746-3	0	0	0	0	0	1	0	0	0	0
Q15746-4	1	0	0	0	0	1	0	0	0	0
Q15746-5	0	0	0	0	0	1	0	0	0	0
Q15746-6	0	0	0	0	0	1	0	1	1	1
Q15746-8	0	0	0	0	0	1	0	0	0	0
Q15746-9	0	0	0	0	0	1	0	0	0	0
Q15750-2	23	0	1	0	1	0	0	0	0	0
Q15772-4	2	0	0	0	0	1	0	0	0	0
Q15772-1	15	0	0	0	0	0	0	0	0	0
Q15772-3	2	0	0	0	0	1	0	0	0	0
Q15788-2	14	0	0	0	0	0	0	0	0	0
Q15788-3	0	0	0	0	0	1	0	0	0	0
Q15796-2	0	0	0	0	0	1	0	0	0	0
Q15811-10	0	0	0	0	0	2	1	0	1	1
Q15811-11	0	0	0	0	0	2	0	0	0	0
Q15811-12	0	0	0	0	0	3	1	0	1	1
Q15811-13	10	0	0	0	0	1	1	0	1	1
Q15811-3	0	0	0	0	0	2	1	0	1	1
Q15811-4	0	0	0	0	0	1	0	0	0	0
Q15811-5	109	0	0	0	0	1	1	0	1	1
Q15811-6	12	0	0	0	0	1	1	0	1	1
Q15811-7	0	0	0	0	0	1	1	0	1	1
Q15811-8	0	0	0	0	0	1	1	0	1	1
Q15811-9	0	0	0	0	0	2	1	0	1	1
Q15813-2	51	0	0	0	0	0	0	0	0	0
Q15853-2	0	0	0	0	0	1	0	0	0	0
Q15853-3	0	0	0	0	0	1	0	0	0	0
Q15853-4	0	0	0	0	0	1	0	0	0	0
Q15878-2	0	0	0	0	0	2	0	0	1	1
Q15878-3	0	0	0	0	0	1	0	0	1	1
Q15907-2	9	0	0	0	0	0	0	0	0	0
Q15942-2	0	0	0	0	0	1	0	0	0	0
Q16134-3	0	0	0	0	0	1	0	0	0	0
Q16181-2	0	0	0	0	0	1	1	0	1	1
Q16222-2	0	0	0	0	0	1	0	0	0	0
Q16222-3	0	0	0	0	0	1	0	0	0	0
Q16270-2	2	0	0	0	0	0	0	0	0	0
Q16288-2	81	29	30	42	66	0	0	0	0	0
Q16288-3	0	0	0	0	0	1	0	0	0	0
Q16288-4	1	0	0	0	0	0	0	0	0	0
Q16288-5	1	0	0	0	0	1	0	0	0	0
Q16348-2	0	0	0	0	0	1	0	0	0	0
Q16363-2	0	0	0	0	0	1	0	0	0	0
Q16363-3	46	0	0	0	0	0	0	0	0	0
Q16401-2	0	0	0	0	0	1	0	0	0	0
Q16512-2	11	0	0	0	0	0	0	0	0	0
Q16512-3	1	0	0	0	0	0	0	0	0	0
Q16513-2	0	0	0	0	0	1	0	0	0	0
Q16513-3	0	0	0	0	0	1	0	0	0	0
Q16513-4	0	0	0	0	0	1	0	0	0	0
Q16513-5	2	0	0	0	0	0	0	0	0	0
Q16514-2	0	0	0	0	0	1	0	0	0	0
Q16531-2	0	0	0	0	0	1	0	0	0	0
Q16537-2	1	0	0	0	0	0	0	0	0	0
Q16537-3	0	0	0	0	0	1	0	1	0	1
Q16555-2	0	0	0	0	0	1	1	1	1	1
Q16563-2	0	0	0	0	0	1	0	0	1	1
Q16576-2	48	0	0	2	2	0	0	0	0	0
Q16595-2	11	0	0	0	0	0	0	0	0	0
Q16595-3	33	0	0	0	0	0	0	0	0	0
Q16610-2	0	0	0	0	0	1	0	0	0	0
Q16610-3	14	0	0	0	0	0	0	0	0	0
Q16610-4	28	0	0	0	0	0	0	0	0	0
Q16620-2	7	0	5	0	5	0	0	0	0	0
Q16620-3	9	0	0	0	0	0	0	0	0	0
Q16620-4	16	0	9	9	9	0	0	0	0	0
Q16620-5	25	0	9	9	9	0	0	0	0	0
Q16620-6	23	0	0	0	0	0	0	0	0	0
Q16620-7	7	0	5	0	5	1	0	0	0	0
Q16623-2	34	0	0	0	0	0	0	0	0	0
Q16623-3	22	0	0	0	0	0	0	0	0	0
Q16625-2	0	0	0	0	0	1	0	0	0	0
Q16625-3	3	0	0	0	0	0	0	0	0	0
Q16625-4	0	0	0	0	0	1	0	0	0	0
Q16625-5	0	0	0	0	0	1	0	0	0	0
Q16625-6	17	0	0	0	0	0	0	0	0	0
Q16625-7	16	0	0	0	0	0	0	0	0	0
Q16629-2	3	0	0	0	0	0	0	0	0	0
Q16629-3	3	0	0	0	0	0	0	0	0	0
Q16629-4	0	0	0	0	0	1	0	0	0	0
Q16630-2	37	0	0	0	0	0	0	0	0	0
Q16630-3	0	0	0	0	0	1	0	0	0	0
Q16637-3	4	0	0	0	0	0	0	0	0	0
Q16637-2	0	0	0	0	0	1	0	0	0	0
Q16637-4	4	0	0	0	0	1	0	0	0	0
Q16643-2	28	0	0	0	0	0	0	0	0	0
Q16643-3	46	0	8	46	46	0	0	0	0	0
Q16653-10	26	0	0	0	0	0	0	0	0	0
Q16653-11	9	0	0	0	0	0	0	0	0	0
Q16653-12	12	0	0	0	0	1	0	0	0	0
Q16653-13	51	13	7	20	25	0	0	0	0	0
Q16653-2	0	0	0	0	0	1	0	0	0	0
Q16653-3	12	0	0	0	0	0	0	0	0	0
Q16653-4	0	0	0	0	0	1	0	0	0	0
Q16653-5	9	0	0	0	0	0	0	0	0	0
Q16653-6	9	0	0	0	0	1	0	0	0	0
Q16653-7	21	0	0	0	0	0	0	0	0	0
Q16653-8	9	0	0	0	0	0	0	0	0	0
Q16653-9	6	0	0	0	0	0	0	0	0	0
Q16656-4	19	0	0	0	0	0	0	0	0	0
Q16656-2	0	0	0	0	0	1	0	0	0	0
Q16656-3	0	0	0	0	0	1	0	0	0	0
Q16698-2	13	0	0	0	0	0	0	0	0	0
Q16718-2	6	0	0	0	0	0	0	0	0	0
Q16719-2	5	0	0	0	0	0	0	0	0	0
Q16720-2	56	0	0	18	18	0	0	0	0	0
Q16720-3	56	0	0	18	18	1	0	0	0	0
Q16720-4	0	0	0	0	0	1	0	0	0	0
Q16720-5	51	0	0	50	50	0	0	0	0	0
Q16720-6	51	0	0	50	50	1	0	0	0	0
Q16720-7	15	0	0	0	0	0	0	0	0	0
Q16720-8	15	0	0	0	0	1	0	0	0	0
Q16760-2	7	0	0	0	0	0	0	0	0	0
Q16773-2	0	0	0	0	0	1	0	0	0	0
Q16773-3	18	0	0	0	0	0	0	0	0	0
Q16774-2	21	0	0	19	19	0	0	0	0	0
Q16774-3	83	0	0	19	19	0	0	0	0	0
Q16775-2	0	0	0	0	0	1	1	1	1	1
Q16775-3	85	0	0	0	0	1	0	0	0	0
Q16787-1	49	0	0	0	0	0	0	0	0	0
Q16787-3	1	0	0	0	0	0	0	0	0	0
Q16787-4	50	0	0	0	0	0	0	0	0	0
Q16798-2	31	0	0	0	0	0	0	0	0	0
Q16799-2	0	0	0	0	0	1	0	0	0	0
Q16799-3	16	0	16	16	16	0	0	0	0	0
Q16816-2	32	0	0	0	0	0	0	0	0	0
Q16822-2	26	0	0	0	0	0	0	0	0	0
Q16822-3	0	0	0	0	0	1	0	0	0	0
Q16836-2	76	0	0	0	0	0	0	0	0	0
Q16836-3	17	0	0	0	0	0	0	0	0	0
Q16849-3	0	0	0	0	0	1	0	0	0	0
Q16849-2	1	0	0	0	0	0	0	0	0	0
Q16851-2	0	0	0	0	0	1	1	1	1	1
Q16853-2	5	0	0	0	0	0	0	0	0	0
Q16853-3	0	0	0	0	0	1	0	0	0	0
Q16854-2	0	0	0	0	0	1	0	0	0	0
Q16854-3	0	0	0	0	0	1	0	0	1	1
Q16854-4	0	0	0	0	0	2	0	0	1	1
Q16854-5	16	0	0	0	0	0	0	0	0	0
Q16854-6	39	0	0	0	0	0	0	0	0	0
Q16864-2	28	0	0	0	0	0	0	0	0	0
Q16875-2	9	0	0	0	0	0	0	0	0	0
Q16875-3	4	0	0	0	0	0	0	0	0	0
Q16875-4	39	0	0	0	0	0	0	0	0	0
Q16881-4	2	0	0	0	0	0	0	0	0	0
Q16881-5	0	0	0	0	0	1	0	0	0	0
Q16881-2	31	0	0	0	0	0	0	0	0	0
Q16881-3	42	0	0	0	0	0	0	0	0	0
Q16881-6	96	0	0	0	0	0	0	0	0	0
Q16881-7	0	0	0	0	0	1	0	0	0	0
Q16890-2	2	0	0	0	0	0	0	0	0	0
Q16890-3	3	0	0	0	0	0	0	0	0	0
Q16890-4	3	0	0	0	0	1	0	0	0	0
Q16890-5	0	0	0	0	0	1	0	0	0	0
Q16891-2	0	0	0	0	0	1	1	1	1	1
Q16891-3	1	0	0	0	0	0	0	0	0	0
Q16891-4	0	0	0	0	0	1	0	1	1	1
Q17R31-2	0	0	0	0	0	1	0	0	0	0
Q17R31-3	7	0	0	0	0	0	0	0	0	0
Q17R31-4	0	0	0	0	0	1	0	0	0	0
Q17R31-5	13	0	0	0	0	0	0	0	0	0
Q17R89-2	2	0	0	0	0	1	0	0	0	0
Q17R89-3	0	0	0	0	0	1	0	0	0	0
Q17RD7-3	0	0	0	0	0	1	0	0	0	0
Q17RD7-2	0	0	0	0	0	1	0	0	0	0
Q17RD7-4	43	0	0	0	0	0	0	0	0	0
Q17RN3-2	0	0	0	0	0	2	0	0	0	0
Q17RY0-2	0	0	0	0	0	1	0	0	0	0
Q17RY0-3	0	0	0	0	0	2	0	0	0	0
Q1L5Z9-2	0	0	0	0	0	1	0	0	0	0
Q1MSJ5-1	0	0	0	0	0	1	0	0	0	0
Q1MSJ5-2	1	0	0	0	0	1	0	0	0	0
Q24JP5-2	1	0	0	0	0	0	0	0	0	0
Q24JP5-3	37	0	0	0	0	0	0	0	0	0
Q24JP5-4	1	0	0	0	0	1	0	0	0	0
Q27J81-2	9	0	0	5	5	0	0	0	0	0
Q29RF7-3	7	0	0	0	0	0	0	0	0	0
Q2KHT3-2	40	0	0	0	0	2	0	0	0	0
Q2KHT3-3	15	0	0	0	0	1	0	0	0	0
Q2KHT4-3	0	0	0	0	0	1	0	0	0	0
Q2KHT4-2	0	0	0	0	0	1	0	0	0	0
Q2KHT4-4	155	0	0	0	0	2	0	0	0	0
Q2KHT4-5	0	0	0	0	0	2	0	0	0	0
Q2KHT4-6	15	0	0	0	0	1	0	0	0	0
Q2KHT4-7	175	0	0	0	0	1	0	0	0	0
Q2KHT4-8	144	0	0	0	0	2	0	0	0	0
Q2LD37-2	7	0	0	0	0	1	0	0	0	0
Q2LD37-4	0	0	0	0	0	1	0	0	0	0
Q2LD37-5	43	0	0	0	0	0	0	0	0	0
Q2LD37-6	6	0	0	0	0	1	0	0	0	0
Q2LD37-7	7	0	0	0	0	0	0	0	0	0
Q2M2I8-2	41	0	0	0	0	0	0	0	0	0
Q2M389-2	10	0	0	0	0	0	0	0	0	0
Q2M3C6-2	0	0	0	0	0	1	0	0	0	0
Q2M3C7-2	0	0	0	0	0	1	0	0	0	0
Q2M3G4-2	0	0	0	0	0	1	0	0	0	0
Q2NKQ1-4	0	0	0	0	0	1	0	0	0	0
Q2NKQ1-3	158	0	54	95	100	3	0	0	0	0
Q2TAA2-2	0	0	0	0	0	1	0	0	0	0
Q2TAY7-2	0	0	0	0	0	1	0	0	0	0
Q2TAZ0-3	2	0	0	0	0	0	0	0	0	0
Q2TAZ0-4	93	0	0	0	0	0	0	0	0	0
Q2TAZ0-5	48	0	0	0	0	0	0	0	0	0
Q2TBE0-2	8	0	0	0	0	0	0	0	0	0
Q2TBE0-3	45	0	0	0	0	0	0	0	0	0
Q2VPK5-3	0	0	0	0	0	1	0	0	0	0
Q2VPK5-5	12	0	0	0	0	0	0	0	0	0
Q2Y0W8-4	17	0	0	0	0	1	0	0	0	0
Q2Y0W8-3	17	0	0	0	0	0	0	0	0	0
Q2Y0W8-5	0	0	0	0	0	1	0	0	0	0
Q2Y0W8-2	59	0	0	0	0	0	0	0	0	0
Q2Y0W8-6	18	0	0	0	0	0	0	0	0	0
Q2Y0W8-7	70	0	0	0	0	1	0	0	0	0
Q2Y0W8-8	18	0	0	0	0	1	0	0	0	0
Q32MZ4-2	0	0	0	0	0	1	1	0	1	1
Q32MZ4-3	0	0	0	0	0	2	1	1	2	2
Q32MZ4-4	349	136	170	124	224	1	1	0	0	1
Q32NB8-2	9	0	0	0	0	1	0	0	0	0
Q32NB8-3	3	0	0	0	0	0	0	0	0	0
Q32NB8-4	2	0	0	0	0	0	0	0	0	0
Q32P44-2	121	0	0	0	0	0	0	0	0	0
Q32P44-3	62	0	0	0	0	1	1	0	0	1
Q3KQU3-2	0	0	0	0	0	2	0	0	0	0
Q3KQU3-3	4	0	0	0	0	2	0	1	1	1
Q3KQU3-4	0	0	0	0	0	2	0	0	1	1
Q3KQV9-2	34	0	0	0	0	0	0	0	0	0
Q3KR37-2	0	0	0	0	0	1	0	0	0	0
Q3KR37-3	38	0	0	0	0	1	0	0	0	0
Q3KR37-4	7	0	0	0	0	0	0	0	0	0
Q3LXA3-2	9	0	0	0	0	0	0	0	0	0
Q3MHD2-2	4	0	0	0	0	0	0	0	0	0
Q3SXM5-2	0	0	0	0	0	1	0	0	0	0
Q3SYG4-2	1	0	0	0	0	0	0	0	0	0
Q3SYG4-3	10	0	0	0	0	0	0	0	0	0
Q3SYG4-4	1	0	0	0	0	0	0	0	0	0
Q3SYG4-5	14	0	0	0	0	1	0	0	0	0
Q3SYG4-6	4	0	0	0	0	0	0	0	0	0
Q3SYG4-7	0	0	0	0	0	1	0	0	0	0
Q3V6T2-2	1	0	0	0	0	0	0	0	0	0
Q3V6T2-3	0	0	0	0	0	1	1	1	1	1
Q3V6T2-4	1	0	0	0	0	1	1	1	1	1
Q3V6T2-5	0	0	0	0	0	2	1	1	1	1
Q3YEC7-3	140	0	0	0	0	2	0	0	0	0
Q3YEC7-2	1	0	0	0	0	0	0	0	0	0
Q3YEC7-4	19	0	0	0	0	0	0	0	0	0
Q3YEC7-5	20	0	0	0	0	0	0	0	0	0
Q3YEC7-6	65	0	0	0	0	0	0	0	0	0
Q3ZCQ8-2	103	0	0	0	0	0	0	0	0	0
Q3ZCQ8-3	10	0	0	0	0	0	0	0	0	0
Q49A26-4	0	0	0	0	0	1	0	0	0	0
Q49A26-2	0	0	0	0	0	1	0	0	0	0
Q49A26-3	0	0	0	0	0	1	0	0	0	0
Q49A26-5	0	0	0	0	0	1	0	1	0	1
Q49A92-2	0	0	0	0	0	1	0	0	0	0
Q49A92-3	5	0	0	0	0	1	0	0	0	0
Q49A92-4	49	0	0	0	0	0	0	0	0	0
Q49AR2-2	0	0	0	0	0	1	0	0	0	0
Q49AR2-3	66	0	0	0	0	1	0	0	0	0
Q49MG5-2	4	0	0	0	0	0	0	0	0	0
Q4G0J3-2	0	0	0	0	0	1	0	1	1	1
Q4G0J3-3	7	7	1	1	7	0	0	0	0	0
Q4G0N4-2	0	0	0	0	0	1	0	0	0	0
Q4G0N4-3	0	0	0	0	0	1	0	0	0	0
Q4J6C6-2	0	0	0	0	0	1	0	0	0	0
Q4J6C6-3	0	0	0	0	0	1	0	1	1	1
Q4J6C6-4	0	0	0	0	0	1	1	0	0	1
Q4KMP7-2	0	0	0	0	0	1	0	0	0	0
Q4KMQ1-2	0	0	0	0	0	1	0	0	0	0
Q4KMQ1-3	28	0	0	0	0	1	0	0	0	0
Q4KMQ1-4	5	0	0	0	0	0	0	0	0	0
Q4KMQ2-2	21	0	0	0	0	0	0	0	0	0
Q4KMQ2-3	4	0	0	0	0	0	0	0	0	0
Q4KMQ2-4	84	0	0	0	0	0	0	0	0	0
Q4LDG9-2	0	0	0	0	0	1	0	0	0	0
Q4LDG9-3	0	0	0	0	0	1	0	1	1	1
Q4LE39-3	4	0	0	0	0	0	0	0	0	0
Q4LE39-2	0	0	0	0	0	1	0	0	0	0
Q4LE39-4	11	0	0	0	0	1	0	0	0	0
Q4V328-2	17	0	0	0	0	2	0	0	0	0
Q4V328-4	0	0	0	0	0	1	1	0	1	1
Q4VCS5-2	0	0	0	0	0	1	0	0	0	0
Q52LJ0-1	30	0	0	0	0	0	0	0	0	0
Q53EL6-2	3	0	0	0	0	0	0	0	0	0
Q53EL9-2	0	0	0	0	0	1	0	0	0	0
Q53EL9-3	8	6	0	0	6	0	0	0	0	0
Q53EL9-4	13	0	0	0	0	1	0	0	0	0
Q53FA7-2	39	0	0	0	0	0	0	0	0	0
Q53GG5-2	57	0	22	51	51	0	0	0	0	0
Q53GG5-3	73	0	22	51	51	0	0	0	0	0
Q53GL0-2	0	0	0	0	0	1	0	0	0	0
Q53GQ0-2	4	0	0	0	0	0	0	0	0	0
Q53GS7-2	4	0	0	0	0	0	0	0	0	0
Q53GT1-3	0	0	0	0	0	1	0	0	0	0
Q53H12-2	18	0	0	0	0	0	0	0	0	0
Q53H96-2	0	0	0	0	0	1	0	0	0	0
Q53HC0-2	0	0	0	0	0	1	0	0	0	0
Q53HV7-2	39	0	0	0	0	0	0	0	0	0
Q53S33-2	44	0	0	0	0	0	0	0	0	0
Q53SF7-2	38	0	0	0	0	0	0	0	0	0
Q53SF7-3	40	0	0	0	0	1	0	0	0	0
Q53TN4-2	86	0	0	0	0	0	0	0	0	0
Q53TN4-3	5	0	0	0	0	0	0	0	0	0
Q562E7-2	0	0	0	0	0	2	0	0	0	0
Q562E7-3	0	0	0	0	0	1	0	0	0	0
Q562E7-4	36	0	0	0	0	0	0	0	0	0
Q562E7-5	15	0	0	0	0	0	0	0	0	0
Q562E7-6	0	0	0	0	0	1	0	0	0	0
Q58WW2-2	20	0	0	0	0	0	0	0	0	0
Q58WW2-3	91	0	0	0	0	0	0	0	0	0
Q58WW2-4	91	0	0	0	0	1	0	0	0	0
Q59EK9-3	5	0	0	5	5	0	0	0	0	0
Q59EK9-2	5	0	0	5	5	1	0	0	1	1
Q5BJF6-2	0	0	0	0	0	2	0	0	0	0
Q5BJF6-10	29	0	0	0	0	0	0	0	0	0
Q5BJF6-3	35	0	0	0	0	1	0	0	0	0
Q5BJF6-4	35	0	0	0	0	0	0	0	0	0
Q5BJF6-5	20	0	0	0	0	1	0	0	0	0
Q5BJF6-6	20	0	0	0	0	0	0	0	0	0
Q5BJF6-7	74	0	0	0	0	0	0	0	0	0
Q5BJF6-8	30	0	0	0	0	1	0	0	0	0
Q5BJF6-9	55	0	0	0	0	1	0	0	0	0
Q5BKZ1-3	0	0	0	0	0	1	0	0	0	0
Q5BLP8-2	44	0	0	0	0	0	0	0	0	0
Q5BLP8-3	33	0	0	0	0	0	0	0	0	0
Q5DX21-2	12	0	0	0	0	0	0	0	0	0
Q5DX21-3	13	0	0	0	0	0	0	0	0	0
Q5EBL4-2	30	0	0	0	0	1	0	0	0	0
Q5EBL4-3	1	0	0	0	0	0	0	0	0	0
Q5EBL8-2	31	0	0	0	0	0	0	0	0	0
Q5EBM0-2	24	0	0	0	0	0	0	0	0	0
Q5EBM0-3	35	0	0	0	0	0	0	0	0	0
Q5EG05-2	3	0	0	0	0	0	0	0	0	0
Q5F1R6-2	45	0	0	0	0	0	0	0	0	0
Q5F1R6-3	13	0	0	0	0	0	0	0	0	0
Q5FWE3-2	0	0	0	0	0	1	0	0	0	0
Q5FWE3-3	25	0	0	0	0	0	0	0	0	0
Q5GLZ8-2	0	0	0	0	0	1	0	0	0	0
Q5GLZ8-3	0	0	0	0	0	1	0	0	0	0
Q5GLZ8-4	28	0	0	0	0	0	0	0	0	0
Q5GLZ8-5	32	0	0	0	0	0	0	0	0	0
Q5GLZ8-6	17	0	0	0	0	0	0	0	0	0
Q5H9K5-2	0	0	0	0	0	1	0	0	0	0
Q5H9R7-2	0	0	0	0	0	1	0	0	0	0
Q5H9R7-3	15	0	0	0	0	2	0	0	0	0
Q5H9R7-4	0	0	0	0	0	2	0	0	0	0
Q5H9R7-5	7	7	0	0	7	0	0	0	0	0
Q5H9R7-6	0	0	0	0	0	1	0	0	0	0
Q5HYI7-2	11	0	0	0	0	0	0	0	0	0
Q5HYI7-4	2	0	0	0	0	0	0	0	0	0
Q5HYI7-5	0	0	0	0	0	1	0	0	0	0
Q5HYM0-2	22	0	0	0	0	0	0	0	0	0
Q5HYW2-2	0	0	0	0	0	1	0	0	0	0
Q5JPH6-2	38	0	0	0	0	0	0	0	0	0
Q5JR59-3	17	0	0	0	0	0	0	0	0	0
Q5JR59-4	0	0	0	0	0	1	1	0	0	1
Q5JRA6-2	0	0	0	0	0	1	0	0	0	0
Q5JRA6-3	5	0	0	0	0	0	0	0	0	0
Q5JRA6-4	30	0	0	0	0	0	0	0	0	0
Q5JRX3-2	1	0	0	0	0	0	0	0	0	0
Q5JRX3-3	17	0	0	0	0	1	0	0	0	0
Q5JS54-2	39	0	0	0	0	0	0	0	0	0
Q5JS54-3	21	0	0	0	0	0	0	0	0	0
Q5JSH3-2	0	0	0	0	0	1	0	0	0	0
Q5JSH3-3	22	0	0	0	0	0	0	0	0	0
Q5JSH3-4	0	0	0	0	0	2	0	1	1	1
Q5JSP0-2	36	0	0	0	0	0	0	0	0	0
Q5JSP0-3	0	0	0	0	0	1	0	0	0	0
Q5JSZ5-2	0	0	0	0	0	1	0	0	0	0
Q5JSZ5-3	1	0	0	0	0	1	0	0	0	0
Q5JSZ5-4	13	0	0	0	0	1	0	0	0	0
Q5JSZ5-5	0	0	0	0	0	1	0	0	0	0
Q5JTD0-2	0	0	0	0	0	1	1	0	0	1
Q5JTD0-4	0	0	0	0	0	2	1	0	0	1
Q5JTJ3-2	69	0	0	0	0	0	0	0	0	0
Q5JTJ3-3	0	0	0	0	0	1	0	0	0	0
Q5JTV8-2	1	0	0	1	1	1	0	0	0	0
Q5JTV8-3	1	0	0	1	1	0	0	0	0	0
Q5JTV8-4	0	0	0	0	0	1	0	0	0	0
Q5JU85-3	35	0	0	0	0	1	0	0	0	0
Q5JU85-4	52	0	0	0	0	2	0	0	0	0
Q5JVF3-2	9	0	0	0	0	0	0	0	0	0
Q5JVF3-3	0	0	0	0	0	1	0	0	0	0
Q5JVF3-4	54	0	0	0	0	0	0	0	0	0
Q5JVL4-2	36	0	0	0	0	0	0	0	0	0
Q5JVL4-3	1	0	0	0	0	0	0	0	0	0
Q5JVS0-2	0	0	0	0	0	1	0	0	0	0
Q5JXC2-2	75	0	0	0	0	0	0	0	0	0
Q5M775-3	15	0	0	0	0	1	0	0	0	0
Q5M775-4	12	0	0	0	0	0	0	0	0	0
Q5M775-5	12	0	0	0	0	0	0	0	0	0
Q5M775-2	3	0	0	0	0	1	0	0	0	0
Q5PSV4-2	0	0	0	0	0	1	0	0	0	0
Q5R372-2	69	0	0	0	0	1	0	0	0	0
Q5R372-3	12	0	0	0	0	0	0	0	0	0
Q5R372-4	0	0	0	0	0	1	0	0	0	0
Q5R372-5	241	120	165	128	210	0	0	0	0	0
Q5R372-6	240	120	165	128	210	1	0	0	0	0
Q5R372-7	240	120	165	128	210	1	0	0	0	0
Q5R372-8	281	133	175	152	237	1	0	0	0	0
Q5R372-9	22	0	0	0	0	2	0	0	0	0
Q5RHP9-3	6	0	0	0	0	0	0	0	0	0
Q5RHP9-2	0	0	0	0	0	1	0	0	0	0
Q5RI15-2	12	0	0	0	0	0	0	0	0	0
Q5SGD2-2	0	0	0	0	0	1	0	0	0	0
Q5SGD2-3	5	0	0	0	0	0	0	0	0	0
Q5SGD2-4	3	0	0	0	0	0	0	0	0	0
Q5SQI0-2	23	0	0	0	0	0	0	0	0	0
Q5SQI0-3	1	0	0	1	1	0	0	0	0	0
Q5SQI0-4	8	0	0	0	0	0	0	0	0	0
Q5SQI0-6	9	0	0	1	1	0	0	0	0	0
Q5SQI0-7	1	0	0	1	1	0	0	0	0	0
Q5SQN1-2	30	0	0	0	0	0	0	0	0	0
Q5SQN1-3	30	0	0	0	0	1	0	0	0	0
Q5SQN1-4	0	0	0	0	0	1	0	0	0	0
Q5SRE7-2	0	0	0	0	0	1	0	0	0	0
Q5SRE7-3	145	0	0	0	0	0	0	0	0	0
Q5SSJ5-2	0	0	0	0	0	1	0	0	0	0
Q5SSJ5-3	0	0	0	0	0	1	0	0	0	0
Q5SSJ5-5	17	0	0	0	0	0	0	0	0	0
Q5ST30-4	30	0	0	0	0	0	0	0	0	0
Q5ST30-2	69	0	0	0	0	1	0	0	0	0
Q5ST30-3	0	0	0	0	0	1	0	0	0	0
Q5SW24-2	0	0	0	0	0	1	0	0	0	0
Q5SW24-3	0	0	0	0	0	1	0	0	0	0
Q5SW24-4	52	0	0	0	0	0	0	0	0	0
Q5SW79-2	10	0	0	10	10	2	0	2	2	2
Q5SW79-3	0	0	0	0	0	1	0	1	1	1
Q5SWX8-2	0	0	0	0	0	1	0	0	0	0
Q5SWX8-3	2	0	0	0	0	0	0	0	0	0
Q5SWX8-4	0	0	0	0	0	1	0	0	0	0
Q5SYB0-2	16	0	0	0	0	2	0	0	0	0
Q5SYB0-3	20	0	0	0	0	1	0	0	0	0
Q5SYC1-2	0	0	0	0	0	1	0	0	0	0
Q5SYE7-2	63	0	0	0	0	0	0	0	0	0
Q5T011-5	0	0	0	0	0	1	0	0	0	0
Q5T011-4	3	0	0	0	0	0	0	0	0	0
Q5T011-7	7	0	0	0	0	1	0	0	0	0
Q5T013-2	0	0	0	0	0	1	1	1	0	1
Q5T013-4	0	0	0	0	0	1	1	1	0	1
Q5T0D9-2	0	0	0	0	0	1	0	0	0	0
Q5T0F9-2	0	0	0	0	0	1	0	1	0	1
Q5T0F9-3	16	0	0	0	0	2	0	1	0	1
Q5T0F9-4	23	0	0	0	0	1	0	1	1	1
Q5T0F9-5	17	0	0	0	0	0	0	0	0	0
Q5T0N5-2	0	0	0	0	0	1	0	0	0	0
Q5T0N5-3	0	0	0	0	0	1	0	0	0	0
Q5T0N5-4	5	0	0	0	0	1	0	0	0	0
Q5T0N5-5	5	0	0	0	0	1	0	0	0	0
Q5T1M5-2	0	0	0	0	0	1	0	1	1	1
Q5T1M5-3	8	0	0	0	0	0	0	0	0	0
Q5T2E6-2	0	0	0	0	0	1	0	0	0	0
Q5T2E6-3	13	0	0	0	0	1	0	0	0	0
Q5T2T1-2	27	0	0	0	0	1	0	0	0	0
Q5T4F4-2	0	0	0	0	0	1	0	0	0	0
Q5T4F4-3	5	0	0	0	0	0	0	0	0	0
Q5T4F4-4	12	0	0	0	0	2	0	0	0	0
Q5T4F4-5	1	0	0	0	0	1	0	0	0	0
Q5T4F4-6	0	0	0	0	0	2	0	0	0	0
Q5T4F4-7	5	0	0	0	0	2	0	0	0	0
Q5T4F4-8	0	0	0	0	0	2	0	0	0	0
Q5T4S7-2	21	0	0	0	0	0	0	0	0	0
Q5T4S7-3	11	6	0	0	6	1	0	0	0	0
Q5T4S7-4	28	0	0	0	0	1	0	0	0	0
Q5T4S7-5	42	0	0	0	0	0	0	0	0	0
Q5T4S7-6	18	0	0	0	0	1	0	0	0	0
Q5T5C0-2	0	0	0	0	0	1	0	0	0	0
Q5T5C0-3	0	0	0	0	0	1	0	0	0	0
Q5T5P2-6	4	0	0	0	0	3	0	0	0	0
Q5T5P2-10	0	0	0	0	0	3	0	1	0	1
Q5T5P2-2	0	0	0	0	0	1	0	0	0	0
Q5T5P2-3	4	0	0	0	0	2	0	0	0	0
Q5T5P2-4	4	0	0	0	0	3	0	0	0	0
Q5T5P2-7	0	0	0	0	0	2	0	0	0	0
Q5T5P2-8	4	0	0	0	0	3	0	0	0	0
Q5T5P2-9	0	0	0	0	0	2	0	0	0	0
Q5T5U3-3	10	0	0	0	0	2	0	0	0	0
Q5T5Y3-3	11	0	0	0	0	0	0	0	0	0
Q5T5Y3-2	0	0	0	0	0	1	0	0	0	0
Q5T6F2-2	0	0	0	0	0	1	0	0	0	0
Q5T6J7-2	56	0	0	0	0	0	0	0	0	0
Q5T6J7-3	0	0	0	0	0	1	0	0	0	0
Q5T7N3-2	0	0	0	0	0	1	0	0	0	0
Q5T7P8-2	0	0	0	0	0	1	0	0	0	0
Q5T8D3-2	0	0	0	0	0	2	0	0	1	1
Q5T8D3-3	4	0	0	0	0	1	0	0	1	1
Q5T8D3-4	0	0	0	0	0	2	0	0	1	1
Q5T8I3-2	9	0	0	0	0	0	0	0	0	0
Q5T8P6-2	0	0	0	0	0	1	0	0	0	0
Q5T8P6-3	0	0	0	0	0	2	0	0	0	0
Q5T8P6-4	0	0	0	0	0	2	0	0	0	0
Q5T8P6-5	0	0	0	0	0	3	0	0	0	0
Q5T8P6-6	8	0	8	8	8	0	0	0	0	0
Q5T9A4-2	38	0	0	0	0	0	0	0	0	0
Q5T9A4-3	42	0	0	0	0	0	0	0	0	0
Q5T9S5-2	0	0	0	0	0	1	0	0	0	0
Q5TB80-2	0	0	0	0	0	1	0	0	0	0
Q5TC12-2	0	0	0	0	0	1	0	0	0	0
Q5TC12-3	0	0	0	0	0	1	0	0	0	0
Q5TCQ9-1	25	0	0	0	0	0	0	0	0	0
Q5TCQ9-2	34	0	0	0	0	0	0	0	0	0
Q5TCQ9-3	9	0	0	0	0	0	0	0	0	0
Q5TCY1-2	62	0	0	0	0	2	0	0	0	0
Q5TCZ1-2	0	0	0	0	0	2	0	0	0	0
Q5TCZ1-3	0	0	0	0	0	1	0	0	0	0
Q5TDH0-3	25	0	0	0	0	0	0	0	0	0
Q5TEU4-2	23	0	0	0	0	0	0	0	0	0
Q5TFE4-2	34	0	0	0	0	0	0	0	0	0
Q5THJ4-2	1	0	0	0	0	0	0	0	0	0
Q5TZA2-2	0	0	0	0	0	2	0	0	0	0
Q5TZF3-1	16	0	0	0	0	0	0	0	0	0
Q5UCC4-2	27	0	0	0	0	0	0	0	0	0
Q5VIR6-1	4	0	0	0	0	0	0	0	0	0
Q5VIR6-2	4	0	0	0	0	1	0	0	0	0
Q5VIR6-3	1	0	0	0	0	0	0	0	0	0
Q5VSL9-2	0	0	0	0	0	1	0	0	0	0
Q5VSL9-3	75	0	0	0	0	1	0	0	0	0
Q5VSL9-4	16	0	0	0	0	0	0	0	0	0
Q5VST6-2	7	0	0	0	0	0	0	0	0	0
Q5VST9-3	353	0	0	21	21	2	0	0	0	0
Q5VST9-2	1	0	0	0	0	0	0	0	0	0
Q5VST9-5	14	0	0	0	0	0	0	0	0	0
Q5VST9-6	515	13	50	105	135	0	0	0	0	0
Q5VSY0-2	0	0	0	0	0	1	0	0	0	0
Q5VT25-2	32	0	0	11	11	0	0	0	0	0
Q5VT25-3	0	0	0	0	0	2	0	0	0	0
Q5VT25-4	0	0	0	0	0	1	0	0	0	0
Q5VT25-5	0	0	0	0	0	1	0	0	0	0
Q5VT25-6	62	0	0	28	28	1	0	0	0	0
Q5VT52-2	0	0	0	0	0	1	0	0	0	0
Q5VT52-3	0	0	0	0	0	1	0	0	0	0
Q5VT52-4	0	0	0	0	0	2	0	0	0	0
Q5VT52-5	23	0	0	0	0	1	0	0	0	0
Q5VT66-2	17	0	0	0	0	0	0	0	0	0
Q5VT66-3	17	0	0	0	0	1	0	0	0	0
Q5VTB9-3	26	0	0	0	0	1	0	1	0	1
Q5VTE6-2	0	0	0	0	0	1	0	0	0	0
Q5VU43-2	352	22	31	89	109	1	0	0	0	0
Q5VU43-13	360	22	31	93	113	0	0	0	0	0
Q5VU43-8	146	0	30	49	57	0	0	0	0	0
Q5VU43-10	1	1	0	0	1	0	0	0	0	0
Q5VU43-12	76	1	30	49	58	0	0	0	0	0
Q5VU43-3	75	0	30	49	57	2	0	0	0	0
Q5VU43-4	26	0	0	0	0	0	0	0	0	0
Q5VU43-7	13	0	0	0	0	0	0	0	0	0
Q5VU43-9	147	1	30	49	58	0	0	0	0	0
Q5VU97-2	0	0	0	0	0	1	0	1	1	1
Q5VUA4-2	18	0	0	0	0	0	0	0	0	0
Q5VUJ9-2	45	0	3	0	3	0	0	0	0	0
Q5VUJ9-3	7	0	3	0	3	0	0	0	0	0
Q5VV43-2	9	0	0	0	0	0	0	0	0	0
Q5VV43-3	0	0	0	0	0	1	0	0	0	0
Q5VV43-4	0	0	0	0	0	1	0	0	0	0
Q5VV63-2	15	0	0	0	0	0	0	0	0	0
Q5VVQ6-2	16	0	0	0	0	0	0	0	0	0
Q5VVW2-2	24	0	0	0	0	0	0	0	0	0
Q5VVW2-3	12	0	0	0	0	1	0	0	0	0
Q5VVW2-4	0	0	0	0	0	1	0	0	0	0
Q5VVW2-5	1	0	0	0	0	0	0	0	0	0
Q5VW32-2	0	0	0	0	0	1	0	0	0	0
Q5VWP3-1	20	0	0	0	0	1	0	0	0	0
Q5VWP3-2	10	0	0	0	0	2	0	0	0	0
Q5VWP3-4	40	0	0	0	0	0	0	0	0	0
Q5VWQ8-2	0	0	0	0	0	1	0	0	0	0
Q5VWQ8-3	3	0	0	0	0	1	0	0	0	0
Q5VWQ8-4	3	0	0	0	0	1	0	0	0	0
Q5VWQ8-5	15	0	0	0	0	0	0	0	0	0
Q5VWZ2-2	0	0	0	0	0	1	0	1	0	1
Q5VX71-3	46	0	0	0	0	0	0	0	0	0
Q5VX71-2	13	0	0	0	0	0	0	0	0	0
Q5VX71-4	48	0	0	0	0	0	0	0	0	0
Q5VZ89-3	1	0	0	0	0	0	0	0	0	0
Q5VZ89-5	14	0	0	0	0	0	0	0	0	0
Q5VZ89-7	49	0	0	0	0	0	0	0	0	0
Q5VZE5-2	2	0	0	0	0	0	0	0	0	0
Q5VZF2-2	36	0	0	0	0	0	0	0	0	0
Q5VZF2-3	0	0	0	0	0	1	0	0	0	0
Q5VZK9-2	0	0	0	0	0	1	0	0	0	0
Q5VZK9-3	11	0	0	0	0	0	0	0	0	0
Q5VZK9-4	43	0	0	0	0	1	0	0	0	0
Q5W0U4-2	6	0	0	0	0	0	0	0	0	0
Q5W0V3-2	8	0	0	0	0	0	0	0	0	0
Q5W111-2	0	0	0	0	0	1	0	0	0	0
Q5XKL5-4	4	4	4	4	4	0	0	0	0	0
Q5XUX0-2	4	0	0	0	0	0	0	0	0	0
Q63HQ0-2	0	0	0	0	0	1	0	0	0	0
Q63HR2-2	0	0	0	0	0	1	0	0	0	0
Q63HR2-4	31	0	22	0	22	0	0	0	0	0
Q63HR2-5	0	0	0	0	0	1	0	0	0	0
Q63HR2-6	0	0	0	0	0	1	0	0	0	0
Q63ZY3-2	8	0	0	0	0	0	0	0	0	0
Q63ZY3-3	7	0	0	0	0	0	0	0	0	0
Q641Q2-2	0	0	0	0	0	1	1	0	0	1
Q659C4-6	6	0	0	0	0	1	0	0	0	0
Q659C4-2	1	0	0	0	0	1	0	0	0	0
Q659C4-3	6	0	0	0	0	0	0	0	0	0
Q659C4-4	11	0	0	0	0	1	0	0	0	0
Q659C4-5	13	0	0	0	0	1	0	0	0	0
Q659C4-7	6	0	0	0	0	1	0	0	0	0
Q659C4-8	9	0	0	0	0	0	0	0	0	0
Q659C4-9	14	0	0	0	0	0	0	0	0	0
Q66GS9-2	13	0	0	0	0	0	0	0	0	0
Q66K14-2	0	0	0	0	0	1	1	0	0	1
Q66K74-2	11	0	0	0	0	0	0	0	0	0
Q66PJ3-4	199	0	0	0	0	1	0	0	1	1
Q66PJ3-1	184	0	0	0	0	0	0	0	0	0
Q66PJ3-10	15	0	0	0	0	1	0	0	1	1
Q66PJ3-2	184	0	0	0	0	1	0	0	1	1
Q66PJ3-3	184	0	0	0	0	1	0	0	1	1
Q66PJ3-5	0	0	0	0	0	2	0	0	1	1
Q66PJ3-6	221	0	0	0	0	0	0	0	0	0
Q66PJ3-7	0	0	0	0	0	1	0	0	0	0
Q66PJ3-9	0	0	0	0	0	1	0	0	1	1
Q674X7-2	14	0	14	0	14	0	0	0	0	0
Q674X7-3	76	9	14	17	32	0	0	0	0	0
Q674X7-4	14	0	14	0	14	1	0	0	0	0
Q674X7-5	66	0	0	0	0	0	0	0	0	0
Q676U5-2	0	0	0	0	0	1	0	0	0	0
Q676U5-3	25	0	0	0	0	0	0	0	0	0
Q676U5-4	0	0	0	0	0	2	0	0	0	0
Q676U5-5	0	0	0	0	0	2	0	0	0	0
Q684P5-2	0	0	0	0	0	1	0	0	0	0
Q684P5-3	0	0	0	0	0	1	1	0	0	1
Q68CL5-1	0	0	0	0	0	1	0	0	0	0
Q68CL5-3	8	0	8	0	8	0	0	0	0	0
Q68CL5-4	0	0	0	0	0	1	0	0	0	0
Q68CL5-5	81	0	0	0	0	1	0	0	0	0
Q68CZ2-2	0	0	0	0	0	1	0	0	0	0
Q68CZ2-3	7	0	0	0	0	0	0	0	0	0
Q68CZ2-4	8	0	0	0	0	0	0	0	0	0
Q68D10-2	0	0	0	0	0	1	0	0	0	0
Q68D10-3	27	0	0	0	0	1	0	0	0	0
Q68D91-2	46	0	0	0	0	0	0	0	0	0
Q68DC2-3	40	0	0	0	0	0	0	0	0	0
Q68DC2-4	1	0	0	0	0	0	0	0	0	0
Q68DK7-2	0	0	0	0	0	1	0	0	0	0
Q68DK7-3	0	0	0	0	0	1	0	0	0	0
Q68DQ2-1	0	0	0	0	0	1	0	0	0	0
Q68DQ2-2	1	0	0	0	0	1	0	0	0	0
Q68EM7-2	0	0	0	0	0	1	0	0	0	0
Q68EM7-3	0	0	0	0	0	1	0	0	0	0
Q68EM7-4	6	0	0	0	0	0	0	0	0	0
Q68EM7-5	29	0	0	0	0	0	0	0	0	0
Q68EM7-6	1	0	0	0	0	0	0	0	0	0
Q68EM7-7	25	0	0	0	0	0	0	0	0	0
Q69YQ0-2	0	0	0	0	0	1	0	0	0	0
Q6AWC2-2	0	0	0	0	0	1	0	0	0	0
Q6AWC2-3	0	0	0	0	0	1	0	0	0	0
Q6AWC2-4	1	0	0	0	0	0	0	0	0	0
Q6AWC2-5	25	0	0	0	0	1	0	0	0	0
Q6AWC2-6	24	0	0	0	0	0	0	0	0	0
Q6AWC2-7	14	0	0	0	0	1	0	0	0	0
Q6BCY4-2	17	0	0	0	0	0	0	0	0	0
Q6DHV7-2	10	0	0	0	0	0	0	0	0	0
Q6DHV7-3	0	0	0	0	0	1	0	0	0	0
Q6DKJ4-2	19	0	0	0	0	0	0	0	0	0
Q6DKJ4-3	11	0	0	0	0	0	0	0	0	0
Q6DN90-2	0	0	0	0	0	1	0	0	0	0
Q6DN90-3	186	0	0	34	34	0	0	0	0	0
Q6E0U4-10	13	0	0	0	0	0	0	0	0	0
Q6E0U4-11	1	0	0	0	0	0	0	0	0	0
Q6E0U4-12	15	0	0	0	0	0	0	0	0	0
Q6E0U4-13	0	0	0	0	0	1	0	0	0	0
Q6E0U4-14	14	0	0	0	0	1	0	0	0	0
Q6E0U4-15	20	0	0	0	0	0	0	0	0	0
Q6E0U4-16	50	0	0	0	0	1	0	0	0	0
Q6E0U4-2	51	0	0	0	0	1	0	0	0	0
Q6E0U4-3	8	0	0	0	0	0	0	0	0	0
Q6E0U4-4	34	0	0	0	0	1	0	0	0	0
Q6E0U4-5	20	0	0	0	0	0	0	0	0	0
Q6E0U4-6	58	0	0	0	0	0	0	0	0	0
Q6E0U4-7	8	0	0	0	0	1	0	0	0	0
Q6E0U4-8	18	0	0	0	0	0	0	0	0	0
Q6E0U4-9	31	0	0	0	0	0	0	0	0	0
Q6EEV4-2	0	0	0	0	0	1	1	0	0	1
Q6F5E8-2	0	0	0	0	0	2	0	0	0	0
Q6FI81-2	0	0	0	0	0	1	0	0	0	0
Q6FI81-3	1	0	0	0	0	0	0	0	0	0
Q6FIF0-2	0	0	0	0	0	1	0	0	0	0
Q6GQQ9-2	0	0	0	0	0	1	0	0	0	0
Q6GYQ0-2	49	0	0	0	0	0	0	0	0	0
Q6GYQ0-3	66	2	21	13	23	0	0	0	0	0
Q6GYQ0-4	61	0	0	0	0	0	0	0	0	0
Q6GYQ0-5	39	0	0	0	0	0	0	0	0	0
Q6GYQ0-6	47	2	21	13	23	0	0	0	0	0
Q6GYQ0-7	27	0	0	0	0	0	0	0	0	0
Q6H8Q1-8	2	0	1	1	1	1	0	0	0	0
Q6H8Q1-2	1	0	1	1	1	0	0	0	0	0
Q6H8Q1-3	12	0	12	12	12	1	0	0	0	0
Q6H8Q1-4	12	0	11	11	11	2	0	0	0	0
Q6H8Q1-5	2	0	1	1	1	0	0	0	0	0
Q6H8Q1-6	15	0	11	11	11	1	0	0	0	0
Q6H8Q1-7	0	0	0	0	0	1	0	0	0	0
Q6H8Q1-9	34	0	0	33	33	0	0	0	0	0
Q6IC98-2	0	0	0	0	0	1	0	0	0	0
Q6ICG6-3	0	0	0	0	0	1	0	0	0	0
Q6ICG6-2	25	0	0	0	0	0	0	0	0	0
Q6ICL3-2	0	0	0	0	0	1	0	0	0	0
Q6ICL3-3	22	0	0	0	0	1	0	0	0	0
Q6ICL3-4	58	0	0	0	0	0	0	0	0	0
Q6ICL3-5	24	0	0	0	0	0	0	0	0	0
Q6ICL3-6	65	0	0	0	0	0	0	0	0	0
Q6IMN6-10	19	0	0	0	0	2	0	0	0	0
Q6IMN6-2	0	0	0	0	0	2	0	0	0	0
Q6IMN6-3	19	0	0	0	0	1	0	0	0	0
Q6IMN6-4	0	0	0	0	0	1	0	0	0	0
Q6IMN6-5	5	0	0	0	0	0	0	0	0	0
Q6IMN6-6	1	0	0	0	0	0	0	0	0	0
Q6IMN6-7	19	0	0	0	0	1	0	0	0	0
Q6IMN6-9	0	0	0	0	0	1	0	0	0	0
Q6IN85-2	0	0	0	0	0	1	0	0	0	0
Q6IN85-4	0	0	0	0	0	1	0	0	0	0
Q6IN85-5	0	0	0	0	0	1	0	0	0	0
Q6IPX3-2	9	0	0	0	0	0	0	0	0	0
Q6IQ19-2	7	0	0	0	0	0	0	0	0	0
Q6IQ19-3	7	0	0	0	0	0	0	0	0	0
Q6IQ19-4	18	0	0	0	0	0	0	0	0	0
Q6IQ23-2	1	0	0	1	1	0	0	0	0	0
Q6IQ23-3	21	0	0	1	1	0	0	0	0	0
Q6IQ26-2	26	0	0	0	0	0	0	0	0	0
Q6IQ49-2	0	0	0	0	0	1	0	0	0	0
Q6IQ49-3	43	0	0	0	0	0	0	0	0	0
Q6IQ55-2	6	0	0	0	0	0	0	0	0	0
Q6IQ55-3	9	0	0	0	0	0	0	0	0	0
Q6JBY9-2	0	0	0	0	0	1	0	0	0	0
Q6JQN1-2	8	0	0	0	0	0	0	0	0	0
Q6JQN1-3	22	0	0	0	0	0	0	0	0	0
Q6JQN1-4	1	0	0	0	0	0	0	0	0	0
Q6JQN1-5	31	0	0	0	0	0	0	0	0	0
Q6KC79-2	11	0	0	0	0	0	0	0	0	0
Q6KCM7-2	85	0	0	23	23	0	0	0	0	0
Q6KCM7-3	98	0	13	33	36	0	0	0	0	0
Q6KCM7-4	68	25	23	30	42	0	0	0	0	0
Q6KCM7-5	81	25	36	40	55	0	0	0	0	0
Q6KCM7-6	0	0	0	0	0	1	0	0	0	0
Q6L8Q7-2	6	0	0	0	0	1	0	0	0	0
Q6MZW2-2	0	0	0	0	0	1	0	0	0	0
Q6MZW2-3	5	0	0	0	0	0	0	0	0	0
Q6N043-2	0	0	0	0	0	1	0	0	0	0
Q6N043-3	14	0	0	0	0	0	0	0	0	0
Q6N043-4	28	0	0	0	0	1	0	0	0	0
Q6N043-5	0	0	0	0	0	1	0	0	0	0
Q6N043-6	20	0	0	0	0	0	0	0	0	0
Q6NSI8-2	28	0	0	0	0	0	0	0	0	0
Q6NSI8-3	0	0	0	0	0	1	0	0	0	0
Q6NSI8-4	13	0	0	0	0	0	0	0	0	0
Q6NT04-2	7	0	0	0	0	0	0	0	0	0
Q6NUI6-2	0	0	0	0	0	1	0	0	0	0
Q6NUK1-2	35	0	0	0	0	0	0	0	0	0
Q6NVY1-2	0	0	0	0	0	1	0	0	0	0
Q6NW29-2	0	0	0	0	0	1	0	0	0	0
Q6NWY9-2	0	0	0	0	0	2	1	0	0	1
Q6NWY9-3	0	0	0	0	0	1	0	0	1	1
Q6NWY9-4	104	0	0	0	0	2	0	0	0	0
Q6NXE6-2	0	0	0	0	0	1	0	0	0	0
Q6NXT1-2	58	0	0	0	0	0	0	0	0	0
Q6NXT6-2	12	0	0	0	0	0	0	0	0	0
Q6NY19-1	46	0	0	0	0	0	0	0	0	0
Q6NYC8-2	38	0	0	0	0	0	0	0	0	0
Q6NYC8-3	95	28	0	16	31	1	0	0	0	0
Q6NYC8-4	0	0	0	0	0	1	0	0	0	0
Q6NZI2-2	0	0	0	0	0	1	0	0	0	0
Q6NZI2-3	0	0	0	0	0	1	0	0	0	0
Q6P087-2	0	0	0	0	0	1	0	0	0	0
Q6P1K2-3	43	0	0	0	0	0	0	0	0	0
Q6P1K2-2	37	0	0	0	0	0	0	0	0	0
Q6P1K2-4	0	0	0	0	0	1	0	0	0	0
Q6P1K2-5	86	0	0	0	0	0	0	0	0	0
Q6P1K2-6	55	0	0	0	0	0	0	0	0	0
Q6P1L5-2	7	0	0	0	0	0	0	0	0	0
Q6P1M0-2	72	24	0	0	24	0	0	0	0	0
Q6P1M3-2	30	0	0	0	0	0	0	0	0	0
Q6P1M3-3	4	0	0	0	0	0	0	0	0	0
Q6P1N0-2	0	0	0	0	0	1	0	0	1	1
Q6P1N9-2	0	0	0	0	0	1	0	0	0	0
Q6P2E9-2	0	0	0	0	0	1	0	0	1	1
Q6P2H3-2	0	0	0	0	0	1	0	0	0	0
Q6P2H3-3	0	0	0	0	0	1	0	0	0	0
Q6P2H3-4	1	0	0	0	0	0	0	0	0	0
Q6P2M8-2	24	0	0	0	0	0	0	0	0	0
Q6P2M8-3	0	0	0	0	0	1	0	0	0	0
Q6P2M8-5	83	1	0	12	13	0	0	0	0	0
Q6P2M8-6	17	1	0	0	1	0	0	0	0	0
Q6P499-2	0	0	0	0	0	1	0	0	0	0
Q6P499-3	14	0	0	0	0	0	0	0	0	0
Q6P4A7-2	2	0	0	0	0	1	0	0	0	0
Q6P4A7-3	0	0	0	0	0	1	0	1	1	1
Q6P4E1-2	1	0	0	0	0	0	0	0	0	0
Q6P4E1-3	15	0	0	0	0	0	0	0	0	0
Q6P4E1-5	0	0	0	0	0	1	0	0	0	0
Q6P4F2-2	10	0	0	0	0	0	0	0	0	0
Q6P587-2	14	0	0	0	0	0	0	0	0	0
Q6P587-3	36	0	0	0	0	0	0	0	0	0
Q6P597-3	14	0	0	0	0	0	0	0	0	0
Q6P597-2	0	0	0	0	0	1	0	0	0	0
Q6P6B1-2	0	0	0	0	0	1	0	0	0	0
Q6P6B7-2	21	0	0	0	0	0	0	0	0	0
Q6P6C2-1	82	0	0	0	0	0	0	0	0	0
Q6P6C2-3	20	0	0	0	0	0	0	0	0	0
Q6P995-2	12	0	0	0	0	0	0	0	0	0
Q6P996-2	21	0	0	0	0	1	0	0	0	0
Q6P996-3	0	0	0	0	0	2	0	0	0	0
Q6P996-4	0	0	0	0	0	2	0	0	0	0
Q6P996-5	0	0	0	0	0	1	0	0	0	0
Q6PCB0-2	0	0	0	0	0	1	0	0	0	0
Q6PCB0-3	31	0	0	0	0	0	0	0	0	0
Q6PCB5-2	0	0	0	0	0	1	0	0	0	0
Q6PCB6-2	0	0	0	0	0	1	0	0	0	0
Q6PCB7-2	4	0	0	0	0	0	0	0	0	0
Q6PD74-2	0	0	0	0	0	1	0	0	0	0
Q6PFW1-2	1	0	0	0	0	1	0	0	0	0
Q6PFW1-3	0	0	0	0	0	2	0	0	0	0
Q6PFW1-4	0	0	0	0	0	3	0	0	0	0
Q6PFW1-5	0	0	0	0	0	3	0	0	0	0
Q6PFW1-7	41	0	0	0	0	2	0	0	0	0
Q6PGN9-2	0	0	0	0	0	1	0	0	1	1
Q6PGN9-3	86	0	0	0	0	0	0	0	0	0
Q6PGN9-4	0	0	0	0	0	2	0	0	1	1
Q6PHR2-2	10	0	0	0	0	0	0	0	0	0
Q6PHR2-3	0	0	0	0	0	1	0	1	0	1
Q6PHR2-4	44	0	0	0	0	0	0	0	0	0
Q6PII5-2	82	28	12	43	56	0	0	0	0	0
Q6PII5-3	63	0	0	0	0	0	0	0	0	0
Q6PII5-4	95	0	0	0	0	0	0	0	0	0
Q6PIL6-2	1	0	0	0	0	0	0	0	0	0
Q6PIL6-3	0	0	0	0	0	1	1	0	0	1
Q6PIL6-4	29	0	0	0	0	0	0	0	0	0
Q6PIL6-5	29	0	0	0	0	0	0	0	0	0
Q6PIU2-2	9	0	0	0	0	0	0	0	0	0
Q6PIU2-3	0	0	0	0	0	1	0	0	0	0
Q6PJG6-2	10	0	0	0	0	0	0	0	0	0
Q6PJG6-3	55	0	0	0	0	0	0	0	0	0
Q6PJT7-10	0	0	0	0	0	2	0	0	0	0
Q6PJT7-11	0	0	0	0	0	3	0	0	0	0
Q6PJT7-2	0	0	0	0	0	1	0	0	0	0
Q6PJT7-3	0	0	0	0	0	2	0	0	0	0
Q6PJT7-4	0	0	0	0	0	2	0	0	0	0
Q6PJT7-5	0	0	0	0	0	1	0	0	0	0
Q6PJT7-6	108	0	0	0	0	3	0	0	0	0
Q6PJT7-8	118	0	0	0	0	0	0	0	0	0
Q6PJT7-9	0	0	0	0	0	2	0	0	0	0
Q6PJW8-3	23	0	0	0	0	1	0	0	0	0
Q6PJW8-2	3	0	0	0	0	0	0	0	0	0
Q6PKG0-3	60	0	0	0	0	0	0	0	0	0
Q6QEF8-2	54	0	0	0	0	0	0	0	0	0
Q6QEF8-3	54	0	0	0	0	1	0	0	1	1
Q6QEF8-4	16	0	0	0	0	1	0	0	1	1
Q6QEF8-5	21	2	0	6	8	0	0	0	0	0
Q6QNY1-2	0	0	0	0	0	1	0	0	0	0
Q6R327-3	24	0	0	0	0	0	0	0	0	0
Q6R327-4	3	0	0	0	0	0	0	0	0	0
Q6RFH5-2	0	0	0	0	0	1	0	0	0	0
Q6T4P5-2	1	0	0	0	0	0	0	0	0	0
Q6T4P5-3	28	0	0	0	0	0	0	0	0	0
Q6T4P5-4	0	0	0	0	0	1	0	0	0	0
Q6T4R5-2	0	0	0	0	0	1	0	0	0	0
Q6T4R5-3	8	0	0	0	0	1	0	0	0	0
Q6T4R5-4	10	0	0	0	0	0	0	0	0	0
Q6U841-2	0	0	0	0	0	1	0	0	0	0
Q6U841-3	26	0	0	0	0	1	0	0	0	0
Q6U841-4	33	0	0	0	0	0	0	0	0	0
Q6UB35-2	12	0	0	0	0	0	0	0	0	0
Q6ULP2-6	1	0	0	0	0	1	0	0	0	0
Q6ULP2-7	2	0	0	0	0	0	0	0	0	0
Q6ULP2-8	0	0	0	0	0	1	0	0	0	0
Q6ULP2-9	1	0	0	0	0	0	0	0	0	0
Q6UN15-3	0	0	0	0	0	3	1	1	0	1
Q6UN15-4	1	0	0	0	0	1	0	0	0	0
Q6UN15-5	9	0	0	0	0	1	0	0	0	0
Q6UUV7-3	0	0	0	0	0	1	0	0	0	0
Q6UUV9-2	16	0	0	0	0	0	0	0	0	0
Q6UUV9-3	42	0	0	0	0	1	0	0	0	0
Q6UVY6-2	18	0	0	0	0	0	0	0	0	0
Q6UWE0-2	0	0	0	0	0	1	0	0	0	0
Q6UWE0-3	0	0	0	0	0	1	0	0	0	0
Q6UWP2-2	0	0	0	0	0	1	0	0	0	0
Q6UWP2-3	0	0	0	0	0	1	0	0	0	0
Q6UWP7-2	51	0	0	0	0	0	0	0	0	0
Q6UWP7-3	0	0	0	0	0	1	0	0	0	0
Q6UWT2-2	27	0	0	0	0	0	0	0	0	0
Q6UWU4-2	7	0	0	0	0	0	0	0	0	0
Q6UWU4-3	0	0	0	0	0	1	0	0	0	0
Q6UX04-2	6	0	0	0	0	0	0	0	0	0
Q6UX15-2	0	0	0	0	0	1	0	0	0	0
Q6UX15-3	34	0	0	0	0	0	0	0	0	0
Q6UXB8-2	0	0	0	0	0	1	0	1	0	1
Q6UXD5-2	0	0	0	0	0	1	0	0	0	0
Q6UXD5-3	13	0	11	13	13	1	0	0	0	0
Q6UXD5-4	0	0	0	0	0	1	0	0	0	0
Q6UXD5-5	13	0	11	13	13	1	0	0	0	0
Q6UXD5-6	13	0	11	13	13	1	0	0	0	0
Q6UXG2-3	0	0	0	0	0	1	0	0	0	0
Q6UXG2-2	4	0	0	0	0	0	0	0	0	0
Q6UXG2-4	13	0	0	0	0	0	0	0	0	0
Q6UXH1-2	0	0	0	0	0	1	0	0	0	0
Q6UXH1-3	21	0	0	0	0	0	0	0	0	0
Q6UXH1-4	0	0	0	0	0	1	0	0	0	0
Q6UXH1-5	49	0	0	0	0	0	0	0	0	0
Q6UXH1-6	34	0	0	0	0	0	0	0	0	0
Q6UXU4-2	0	0	0	0	0	1	0	0	0	0
Q6UXU4-3	0	0	0	0	0	1	0	0	0	0
Q6UXU4-4	18	0	0	11	11	1	0	0	0	0
Q6UY01-2	0	0	0	0	0	1	0	0	0	0
Q6UY01-3	13	0	0	0	0	0	0	0	0	0
Q6UY01-4	1	0	0	0	0	0	0	0	0	0
Q6V1X1-2	0	0	0	0	0	1	0	0	0	0
Q6V1X1-3	0	0	0	0	0	1	0	0	0	0
Q6V1X1-4	0	0	0	0	0	2	0	0	0	0
Q6V1X1-5	0	0	0	0	0	1	0	0	0	0
Q6V1X1-6	0	0	0	0	0	1	0	0	0	0
Q6VAB6-2	22	0	0	0	0	0	0	0	0	0
Q6VN20-2	30	0	0	0	0	1	0	0	0	0
Q6VN20-3	30	0	0	0	0	1	0	0	0	0
Q6VY07-2	89	0	0	0	0	0	0	0	0	0
Q6WCQ1-2	22	0	10	8	10	0	0	0	0	0
Q6WCQ1-3	22	0	10	8	10	1	0	0	0	0
Q6XQN6-2	29	0	0	0	0	0	0	0	0	0
Q6XQN6-3	0	0	0	0	0	1	0	0	0	0
Q6Y7W6-3	22	0	0	0	0	1	0	0	0	0
Q6Y7W6-4	0	0	0	0	0	2	0	0	0	0
Q6Y7W6-5	0	0	0	0	0	1	0	0	0	0
Q6YHK3-2	0	0	0	0	0	1	0	0	0	0
Q6YHK3-3	4	0	0	0	0	1	0	0	0	0
Q6YHK3-4	0	0	0	0	0	1	0	0	0	0
Q6YN16-2	0	0	0	0	0	1	0	0	0	0
Q6YP21-2	16	0	0	0	0	0	0	0	0	0
Q6YP21-3	0	0	0	0	0	1	0	0	0	0
Q6ZMG9-2	8	0	0	0	0	0	0	0	0	0
Q6ZMI0-5	0	0	0	0	0	2	0	1	1	1
Q6ZMI0-2	0	0	0	0	0	1	0	1	1	1
Q6ZMI0-3	9	0	0	0	0	0	0	0	0	0
Q6ZMI0-4	0	0	0	0	0	1	0	0	0	0
Q6ZMI3-2	0	0	0	0	0	1	0	0	0	0
Q6ZMQ8-2	16	0	0	0	0	2	0	0	0	0
Q6ZMQ8-3	16	0	0	0	0	1	0	0	0	0
Q6ZMT1-2	0	0	0	0	0	1	0	0	0	0
Q6ZNE5-2	0	0	0	0	0	1	0	0	0	0
Q6ZQX7-4	0	0	0	0	0	1	0	0	0	0
Q6ZQX7-2	0	0	0	0	0	2	1	2	0	2
Q6ZQX7-3	0	0	0	0	0	1	1	1	0	1
Q6ZS17-2	0	0	0	0	0	1	0	0	0	0
Q6ZS17-3	14	0	0	0	0	1	0	0	0	0
Q6ZS17-4	20	0	0	0	0	1	0	0	0	0
Q6ZSG2-2	0	0	0	0	0	1	0	0	0	0
Q6ZSJ8-2	0	0	0	0	0	1	0	0	0	0
Q6ZSY5-2	0	0	0	0	0	2	0	0	0	0
Q6ZSZ5-1	127	0	0	0	0	0	0	0	0	0
Q6ZSZ5-2	0	0	0	0	0	1	0	0	0	0
Q6ZSZ5-5	4	0	0	0	0	0	0	0	0	0
Q6ZSZ5-6	0	0	0	0	0	1	0	0	0	0
Q6ZT12-2	27	0	0	0	0	0	0	0	0	0
Q6ZT12-3	0	0	0	0	0	1	0	0	0	0
Q6ZT12-4	29	0	0	0	0	0	0	0	0	0
Q6ZT21-2	0	0	0	0	0	1	0	0	0	0
Q6ZTN6-2	6	0	0	0	0	0	0	0	0	0
Q6ZTN6-1	0	0	0	0	0	1	0	0	0	0
Q6ZTW0-2	0	0	0	0	0	1	0	0	0	0
Q6ZUM4-2	0	0	0	0	0	1	0	0	0	0
Q6ZUM4-3	0	0	0	0	0	1	0	0	0	0
Q6ZUM4-4	34	0	0	0	0	0	0	0	0	0
Q6ZUS6-2	55	17	13	9	29	0	0	0	0	0
Q6ZUS6-3	69	17	13	9	29	0	0	0	0	0
Q6ZUS6-4	55	17	13	9	29	0	0	0	0	0
Q6ZUS6-5	55	17	13	9	29	0	0	0	0	0
Q6ZUS6-6	0	0	0	0	0	1	0	0	0	0
Q6ZV89-2	0	0	0	0	0	1	0	0	0	0
Q6ZVC0-2	2	0	0	0	0	0	0	0	0	0
Q6ZVD8-2	17	0	0	0	0	0	0	0	0	0
Q6ZVD8-3	0	0	0	0	0	1	0	0	0	0
Q6ZVL6-2	7	0	0	0	0	0	0	0	0	0
Q6ZVM7-2	0	0	0	0	0	1	0	0	0	0
Q6ZVM7-3	0	0	0	0	0	1	0	0	1	1
Q6ZVM7-4	0	0	0	0	0	1	0	0	0	0
Q6ZVM7-5	29	0	8	8	8	1	0	0	0	0
Q6ZVZ8-2	35	0	0	0	0	0	0	0	0	0
Q6ZWE6-2	14	0	0	0	0	0	0	0	0	0
Q6ZWE6-3	7	0	0	0	0	0	0	0	0	0
Q6ZXV5-2	0	0	0	0	0	1	0	0	0	0
Q709C8-2	7	0	0	7	7	0	0	0	0	0
Q709C8-3	0	0	0	0	0	1	0	0	0	0
Q709C8-4	7	0	0	7	7	1	0	0	0	0
Q70CQ4-2	60	0	0	0	0	1	0	0	0	0
Q70E73-2	2	0	0	0	0	0	0	0	0	0
Q70E73-3	29	0	0	6	6	0	0	0	0	0
Q70E73-4	27	0	0	12	12	0	0	0	0	0
Q70E73-6	54	10	0	37	38	0	0	0	0	0
Q70E73-7	27	0	0	6	6	0	0	0	0	0
Q70E73-8	25	0	0	12	12	0	0	0	0	0
Q70E73-9	52	10	0	37	38	0	0	0	0	0
Q70EL1-9	0	0	0	0	0	2	0	0	0	0
Q70EL1-10	0	0	0	0	0	2	0	0	0	0
Q70EL1-4	8	0	0	0	0	1	0	0	0	0
Q70EL1-6	1	0	0	0	0	0	0	0	0	0
Q70EL1-7	0	0	0	0	0	1	0	0	0	0
Q70EL1-8	0	0	0	0	0	1	0	0	0	0
Q70IA6-2	10	0	0	0	0	0	0	0	0	0
Q70IA6-3	36	0	0	0	0	0	0	0	0	0
Q70YC5-2	22	0	0	0	0	0	0	0	0	0
Q70YC5-3	151	0	0	0	0	0	0	0	0	0
Q70YC5-4	15	0	0	0	0	0	0	0	0	0
Q70YC5-5	0	0	0	0	0	1	0	0	0	0
Q70Z35-3	64	0	0	0	0	0	0	0	0	0
Q70Z35-4	0	0	0	0	0	2	0	0	0	0
Q71RC2-2	0	0	0	0	0	3	0	0	0	0
Q71RC2-3	0	0	0	0	0	1	0	0	0	0
Q71RC2-4	6	0	0	0	0	0	0	0	0	0
Q71RC2-5	0	0	0	0	0	1	0	0	0	0
Q71RC2-6	0	0	0	0	0	1	0	0	0	0
Q71U36-2	0	0	0	0	0	1	0	0	0	0
Q765P7-2	28	0	0	0	0	1	0	0	0	0
Q76G19-2	0	0	0	0	0	1	0	0	0	0
Q76I76-2	59	0	0	0	0	0	0	0	0	0
Q76I76-3	17	0	0	0	0	0	0	0	0	0
Q76I76-4	1	0	0	0	0	0	0	0	0	0
Q76N32-2	0	0	0	0	0	1	0	0	0	0
Q76N89-2	1	0	0	0	0	0	0	0	0	0
Q76NI1-4	262	0	0	0	0	0	0	0	0	0
Q7KZ85-2	26	0	0	0	0	0	0	0	0	0
Q7KZ85-3	0	0	0	0	0	1	0	0	0	0
Q7KZI7-10	0	0	0	0	0	3	0	0	0	0
Q7KZI7-11	0	0	0	0	0	1	0	0	1	1
Q7KZI7-12	0	0	0	0	0	2	0	0	0	0
Q7KZI7-13	0	0	0	0	0	4	0	2	1	2
Q7KZI7-14	0	0	0	0	0	3	0	2	1	2
Q7KZI7-15	0	0	0	0	0	3	0	1	1	1
Q7KZI7-16	0	0	0	0	0	3	0	2	1	2
Q7KZI7-2	0	0	0	0	0	2	0	0	0	0
Q7KZI7-3	0	0	0	0	0	2	0	1	0	1
Q7KZI7-4	0	0	0	0	0	2	0	1	0	1
Q7KZI7-5	0	0	0	0	0	2	0	0	0	0
Q7KZI7-6	0	0	0	0	0	1	0	0	0	0
Q7KZI7-7	0	0	0	0	0	3	0	1	0	1
Q7KZI7-8	0	0	0	0	0	1	0	1	1	1
Q7KZI7-9	0	0	0	0	0	1	0	0	0	0
Q7L099-2	114	0	0	37	37	0	0	0	0	0
Q7L099-3	172	11	23	13	34	0	0	0	0	0
Q7L099-4	176	11	23	16	37	0	0	0	0	0
Q7L1I2-2	0	0	0	0	0	1	0	0	0	0
Q7L1Q6-2	0	0	0	0	0	1	0	0	0	0
Q7L1Q6-3	32	0	0	0	0	0	0	0	0	0
Q7L1Q6-4	4	0	0	0	0	0	0	0	0	0
Q7L266-2	0	0	0	0	0	1	1	1	0	1
Q7L2E3-2	62	0	20	20	20	0	0	0	0	0
Q7L2E3-3	1	0	1	0	1	0	0	0	0	0
Q7L2H7-2	0	0	0	0	0	1	0	0	0	0
Q7L2J0-2	0	0	0	0	0	1	0	0	1	1
Q7L4E1-2	84	0	0	0	0	0	0	0	0	0
Q7L4E1-3	12	0	0	0	0	0	0	0	0	0
Q7L4I2-2	20	0	0	0	0	0	0	0	0	0
Q7L576-2	115	0	0	0	0	0	0	0	0	0
Q7L576-3	0	0	0	0	0	1	0	0	0	0
Q7L591-3	106	0	0	0	0	1	0	0	0	0
Q7L591-2	106	0	0	0	0	1	0	0	0	0
Q7L591-4	106	0	0	0	0	2	0	0	0	0
Q7L592-2	0	0	0	0	0	2	0	0	0	0
Q7L5N7-2	0	0	0	0	0	1	0	0	0	0
Q7L5Y9-2	6	0	0	0	0	1	0	0	0	0
Q7L5Y9-3	0	0	0	0	0	1	0	0	0	0
Q7L5Y9-4	72	0	0	0	0	0	0	0	0	0
Q7L5Y9-5	84	0	0	0	0	0	0	0	0	0
Q7L7X3-2	4	0	0	0	0	1	0	0	0	0
Q7L7X3-3	0	0	0	0	0	1	0	0	0	0
Q7L804-2	21	0	0	12	12	0	0	0	0	0
Q7L8J4-2	25	0	0	0	0	0	0	0	0	0
Q7L9L4-2	9	0	0	0	0	0	0	0	0	0
Q7LBC6-2	4	0	0	0	0	0	0	0	0	0
Q7LBC6-3	0	0	0	0	0	1	0	0	0	0
Q7LDG7-2	62	0	0	0	0	0	0	0	0	0
Q7LDG7-3	14	0	0	0	0	0	0	0	0	0
Q7LDG7-4	1	0	0	0	0	0	0	0	0	0
Q7LG56-2	0	0	0	0	0	1	0	0	0	0
Q7LG56-3	0	0	0	0	0	1	0	0	1	1
Q7LG56-4	0	0	0	0	0	1	0	0	0	0
Q7LG56-5	1	0	0	0	0	0	0	0	0	0
Q7LG56-6	87	0	0	0	0	0	0	0	0	0
Q7M4L6-2	0	0	0	0	0	1	0	0	0	0
Q7RTN6-2	18	0	0	0	0	1	0	0	0	0
Q7RTN6-3	0	0	0	0	0	1	0	0	0	0
Q7RTN6-4	6	0	0	0	0	1	0	0	0	0
Q7RTN6-5	0	0	0	0	0	1	0	0	0	0
Q7RTN6-6	6	0	0	0	0	1	0	0	0	0
Q7RTP6-2	8	0	0	0	0	1	0	0	0	0
Q7RTP6-3	36	0	0	0	0	1	0	0	0	0
Q7RTP6-4	22	0	0	0	0	0	0	0	0	0
Q7RTP6-5	193	0	4	0	4	0	0	0	0	0
Q7Z2D5-2	22	0	0	0	0	0	0	0	0	0
Q7Z2D5-3	0	0	0	0	0	1	0	0	0	0
Q7Z2E3-7	0	0	0	0	0	1	0	0	0	0
Q7Z2E3-10	0	0	0	0	0	1	0	0	0	0
Q7Z2E3-11	1	0	0	0	0	0	0	0	0	0
Q7Z2E3-12	4	0	0	0	0	1	0	0	0	0
Q7Z2E3-13	11	0	0	0	0	1	0	0	0	0
Q7Z2E3-2	0	0	0	0	0	1	0	0	0	0
Q7Z2E3-3	0	0	0	0	0	1	0	0	0	0
Q7Z2E3-4	0	0	0	0	0	1	0	0	0	0
Q7Z2E3-5	0	0	0	0	0	2	0	0	0	0
Q7Z2E3-6	1	0	0	0	0	1	0	0	0	0
Q7Z2E3-8	0	0	0	0	0	1	0	0	0	0
Q7Z2E3-9	1	0	0	0	0	1	0	0	0	0
Q7Z2K6-2	0	0	0	0	0	1	0	0	0	0
Q7Z2K8-2	42	0	0	0	0	0	0	0	0	0
Q7Z2W4-2	1	0	0	0	0	0	0	0	0	0
Q7Z2W4-3	121	0	0	0	0	0	0	0	0	0
Q7Z2W4-4	0	0	0	0	0	1	0	0	0	0
Q7Z2W4-5	1	0	0	0	0	1	0	0	0	0
Q7Z2W9-2	0	0	0	0	0	1	0	0	0	0
Q7Z2X4-2	37	0	0	0	0	0	0	0	0	0
Q7Z2X4-3	9	0	0	0	0	0	0	0	0	0
Q7Z2X4-4	9	0	0	0	0	0	0	0	0	0
Q7Z2Z2-2	0	0	0	0	0	1	0	0	0	0
Q7Z309-2	1	0	0	0	0	0	0	0	0	0
Q7Z309-3	19	0	0	8	8	0	0	0	0	0
Q7Z309-4	42	0	0	8	8	0	0	0	0	0
Q7Z309-5	24	0	0	0	0	1	0	0	0	0
Q7Z333-3	0	0	0	0	0	1	0	0	0	0
Q7Z333-4	29	0	0	0	0	0	0	0	0	0
Q7Z392-2	20	0	0	0	0	1	0	0	0	0
Q7Z392-3	20	0	0	0	0	0	0	0	0	0
Q7Z392-4	57	0	0	0	0	0	0	0	0	0
Q7Z3B1-2	0	0	0	0	0	1	0	0	0	0
Q7Z3B4-2	0	0	0	0	0	2	0	0	0	0
Q7Z3B4-3	1	0	0	0	0	0	0	0	0	0
Q7Z3C6-3	67	0	0	0	0	1	0	0	0	0
Q7Z3C6-2	0	0	0	0	0	1	0	0	0	0
Q7Z3D6-2	5	0	5	5	5	0	0	0	0	0
Q7Z3D6-3	5	0	5	5	5	1	0	0	0	0
Q7Z3D6-4	11	0	5	5	5	0	0	0	0	0
Q7Z3D6-5	0	0	0	0	0	2	0	0	0	0
Q7Z3D6-6	66	0	0	0	0	0	0	0	0	0
Q7Z3J2-2	23	0	0	0	0	0	0	0	0	0
Q7Z3K3-2	0	0	0	0	0	1	0	0	0	0
Q7Z3K3-3	9	0	0	0	0	1	0	0	0	0
Q7Z3K3-4	4	0	0	0	0	0	0	0	0	0
Q7Z3K3-5	0	0	0	0	0	1	0	0	0	0
Q7Z3K3-6	0	0	0	0	0	1	0	0	0	0
Q7Z3K3-7	0	0	0	0	0	2	0	0	0	0
Q7Z3T8-3	3	0	0	0	0	0	0	0	0	0
Q7Z3U7-2	12	0	0	0	0	0	0	0	0	0
Q7Z3U7-3	7	0	0	0	0	2	0	0	1	1
Q7Z3U7-5	0	0	0	0	0	1	0	0	1	1
Q7Z3U7-6	1	0	0	0	0	1	0	0	1	1
Q7Z401-2	43	0	0	0	0	0	0	0	0	0
Q7Z406-2	41	0	0	8	8	0	0	0	0	0
Q7Z406-4	0	0	0	0	0	1	1	0	0	1
Q7Z406-5	25	0	0	0	0	0	0	0	0	0
Q7Z406-6	8	0	0	8	8	0	0	0	0	0
Q7Z417-2	0	0	0	0	0	1	0	0	0	0
Q7Z422-2	14	0	0	0	0	0	0	0	0	0
Q7Z422-3	0	0	0	0	0	1	0	0	0	0
Q7Z422-4	14	0	0	0	0	0	0	0	0	0
Q7Z422-5	0	0	0	0	0	1	0	0	0	0
Q7Z434-5	20	0	0	0	0	0	0	0	0	0
Q7Z434-2	31	0	0	0	0	1	0	0	0	0
Q7Z434-3	72	0	0	0	0	1	0	0	0	0
Q7Z434-4	0	0	0	0	0	1	0	0	0	0
Q7Z434-6	83	0	0	0	0	0	0	0	0	0
Q7Z460-2	8	0	0	0	0	2	0	0	0	0
Q7Z460-3	31	0	0	0	0	2	0	0	0	0
Q7Z460-4	24	0	1	1	1	2	0	0	0	0
Q7Z460-5	16	0	0	0	0	2	0	0	0	0
Q7Z4G1-2	13	0	0	0	0	0	0	0	0	0
Q7Z4G4-2	0	0	0	0	0	1	0	0	0	0
Q7Z4G4-3	4	0	0	0	0	0	0	0	0	0
Q7Z4H3-2	0	0	0	0	0	1	0	0	0	0
Q7Z4H3-3	2	0	0	0	0	0	0	0	0	0
Q7Z4H7-2	18	0	0	0	0	0	0	0	0	0
Q7Z4H7-3	0	0	0	0	0	1	0	0	0	0
Q7Z4K8-2	19	0	0	0	0	0	0	0	0	0
Q7Z4K8-3	110	0	0	0	0	1	0	0	0	0
Q7Z4K8-4	64	0	0	0	0	1	0	0	0	0
Q7Z4K8-5	0	0	0	0	0	1	0	0	0	0
Q7Z4S6-2	0	0	0	0	0	1	0	0	0	0
Q7Z4S6-3	1	0	0	1	1	1	0	0	1	1
Q7Z4S6-4	1	0	1	1	1	0	0	0	0	0
Q7Z4S6-5	0	0	0	0	0	3	0	0	1	1
Q7Z4S6-6	0	0	0	0	0	3	0	0	1	1
Q7Z4V5-2	0	0	0	0	0	1	0	0	0	0
Q7Z4V5-3	5	0	5	5	5	0	0	0	0	0
Q7Z4V5-4	5	0	5	5	5	1	0	0	0	0
Q7Z553-2	0	0	0	0	0	1	0	0	0	0
Q7Z553-3	69	0	0	0	0	0	0	0	0	0
Q7Z569-2	0	0	0	0	0	2	0	0	0	0
Q7Z5B4-5	0	0	0	0	0	1	0	0	0	0
Q7Z5B4-2	8	0	0	0	0	0	0	0	0	0
Q7Z5B4-3	0	0	0	0	0	1	0	0	0	0
Q7Z5B4-6	1	0	0	0	0	0	0	0	0	0
Q7Z5G4-3	12	0	0	0	0	0	0	0	0	0
Q7Z5H3-2	16	0	0	0	0	0	0	0	0	0
Q7Z5H3-3	13	0	0	0	0	0	0	0	0	0
Q7Z5H3-4	115	0	0	0	0	0	0	0	0	0
Q7Z5H3-5	16	0	0	0	0	0	0	0	0	0
Q7Z5K2-2	43	0	0	0	0	1	0	0	0	0
Q7Z5K2-3	85	0	0	0	0	0	0	0	0	0
Q7Z5L2-2	0	0	0	0	0	1	0	0	0	0
Q7Z5L2-3	0	0	0	0	0	1	0	0	0	0
Q7Z5L9-2	0	0	0	0	0	1	0	0	1	1
Q7Z5L9-3	0	0	0	0	0	1	0	0	0	0
Q7Z5Q1-3	8	0	0	2	2	1	0	0	0	0
Q7Z5Q1-4	1	0	0	0	0	0	0	0	0	0
Q7Z5Q1-5	0	0	0	0	0	1	0	0	1	1
Q7Z5Q1-6	8	0	0	2	2	1	0	0	1	1
Q7Z5Q1-7	9	0	0	2	2	1	0	0	0	0
Q7Z5Q1-8	446	0	10	2	12	0	0	0	0	0
Q7Z5Q1-9	445	0	10	2	12	0	0	0	0	0
Q7Z5R6-2	21	0	0	0	0	0	0	0	0	0
Q7Z6B0-2	5	0	0	0	0	0	0	0	0	0
Q7Z6B0-3	0	0	0	0	0	1	0	0	0	0
Q7Z6B7-2	12	0	0	4	4	0	0	0	0	0
Q7Z6E9-2	0	0	0	0	0	1	0	0	0	0
Q7Z6E9-3	14	0	0	0	0	0	0	0	0	0
Q7Z6E9-4	0	0	0	0	0	1	0	0	0	0
Q7Z6G3-2	37	0	0	0	0	0	0	0	0	0
Q7Z6G8-3	85	15	21	50	63	0	0	0	0	0
Q7Z6G8-10	31	10	20	20	28	2	0	0	0	0
Q7Z6G8-2	61	10	21	50	58	1	0	0	0	0
Q7Z6G8-4	39	0	0	29	29	0	0	0	0	0
Q7Z6G8-5	85	10	21	50	58	0	0	0	0	0
Q7Z6G8-6	0	0	0	0	0	3	0	0	0	0
Q7Z6G8-7	29	0	0	29	29	1	0	0	0	0
Q7Z6G8-8	56	10	20	20	28	1	0	0	0	0
Q7Z6G8-9	0	0	0	0	0	1	0	0	0	0
Q7Z6J0-3	40	0	0	0	0	0	0	0	0	0
Q7Z6J2-2	5	0	0	0	0	0	0	0	0	0
Q7Z6J6-2	0	0	0	0	0	1	0	0	0	0
Q7Z6K5-2	170	27	81	66	100	0	0	0	0	0
Q7Z6L0-2	54	0	0	0	0	0	0	0	0	0
Q7Z6L0-3	6	0	0	0	0	0	0	0	0	0
Q7Z6L1-2	1	0	0	0	0	0	0	0	0	0
Q7Z6L1-3	18	0	0	0	0	1	0	0	0	0
Q7Z6L1-4	2	0	0	0	0	0	0	0	0	0
Q7Z6Z7-2	0	0	0	0	0	1	1	0	0	1
Q7Z6Z7-3	0	0	0	0	0	1	0	0	0	0
Q7Z7A4-2	6	0	0	0	0	0	0	0	0	0
Q7Z7A4-3	0	0	0	0	0	1	0	0	0	0
Q7Z7A4-4	0	0	0	0	0	1	0	0	0	0
Q7Z7A4-5	0	0	0	0	0	1	0	0	0	0
Q7Z7A4-6	0	0	0	0	0	1	0	0	0	0
Q7Z7A4-7	0	0	0	0	0	1	0	0	0	0
Q7Z7E8-2	0	0	0	0	0	1	0	0	0	0
Q7Z7F0-4	14	0	0	0	0	0	0	0	0	0
Q7Z7F0-2	16	0	0	0	0	0	0	0	0	0
Q7Z7F0-3	41	0	0	0	0	0	0	0	0	0
Q7Z7G0-2	25	0	0	0	0	1	0	0	0	0
Q7Z7G0-3	100	0	0	0	0	1	0	0	0	0
Q7Z7G0-4	208	0	0	0	0	1	0	0	0	0
Q7Z7H5-2	0	0	0	0	0	1	0	0	0	0
Q7Z7H5-3	8	0	0	0	0	0	0	0	0	0
Q7Z7K6-2	15	0	0	0	0	0	0	0	0	0
Q7Z7K6-3	0	0	0	0	0	1	0	0	1	1
Q7Z7M0-2	0	0	0	0	0	1	0	0	0	0
Q86SE5-3	13	0	0	0	0	0	0	0	0	0
Q86SE5-2	11	0	0	0	0	0	0	0	0	0
Q86SQ6-1	720	0	0	0	0	1	0	0	0	0
Q86SQ6-2	0	0	0	0	0	1	0	0	0	0
Q86SQ7-2	4	0	0	0	0	0	0	0	0	0
Q86SQ7-3	5	0	0	0	0	1	0	0	1	1
Q86SQ7-4	0	0	0	0	0	1	0	0	0	0
Q86SZ2-2	0	0	0	0	0	1	0	0	0	0
Q86T65-4	0	0	0	0	0	1	0	0	0	0
Q86TB9-2	0	0	0	0	0	1	0	0	0	0
Q86TB9-3	0	0	0	0	0	1	0	0	0	0
Q86TB9-4	0	0	0	0	0	2	0	0	0	0
Q86TG7-2	2	0	0	0	0	1	0	0	0	0
Q86TG7-3	36	0	0	7	7	1	0	0	0	0
Q86TG7-4	76	0	0	7	7	0	0	0	0	0
Q86TG7-5	78	0	0	7	7	1	0	0	0	0
Q86TI0-2	95	0	31	54	68	1	0	0	0	0
Q86TI2-2	29	0	0	0	0	0	0	0	0	0
Q86TI2-4	0	0	0	0	0	1	0	0	0	0
Q86TM6-2	0	0	0	0	0	2	0	0	0	0
Q86TM6-3	0	0	0	0	0	1	0	0	0	0
Q86TP1-2	1	0	0	0	0	0	0	0	0	0
Q86TP1-3	0	0	0	0	0	1	0	0	0	0
Q86TP1-4	0	0	0	0	0	2	0	0	0	0
Q86TP1-5	0	0	0	0	0	2	0	0	0	0
Q86TP1-6	0	0	0	0	0	2	0	0	0	0
Q86TP1-7	0	0	0	0	0	1	0	0	0	0
Q86TS9-2	0	0	0	0	0	1	0	0	0	0
Q86TS9-3	1	0	0	0	0	0	0	0	0	0
Q86TS9-4	35	0	0	0	0	0	0	0	0	0
Q86TU7-2	10	0	0	0	0	0	0	0	0	0
Q86TU7-3	1	0	0	0	0	0	0	0	0	0
Q86TV6-2	17	0	0	0	0	0	0	0	0	0
Q86TY3-2	55	0	0	0	0	0	0	0	0	0
Q86TY3-3	0	0	0	0	0	1	0	0	0	0
Q86U28-2	2	0	0	0	0	0	0	0	0	0
Q86U42-2	2	0	0	0	0	0	0	0	0	0
Q86U44-2	20	0	0	0	0	1	0	0	0	0
Q86U70-2	0	0	0	0	0	1	0	0	0	0
Q86U70-3	17	0	0	0	0	1	0	0	0	0
Q86UK5-2	0	0	0	0	0	1	0	0	0	0
Q86UK5-3	24	0	0	0	0	0	0	0	0	0
Q86UK7-2	1	0	0	0	0	2	0	0	0	0
Q86UK7-3	0	0	0	0	0	1	0	0	0	0
Q86UK7-4	25	0	0	0	0	1	0	0	0	0
Q86UL8-2	1	0	0	0	0	0	0	0	0	0
Q86UP2-3	0	0	0	0	0	2	1	2	1	2
Q86UP2-2	0	0	0	0	0	2	1	2	0	2
Q86UP2-4	0	0	0	0	0	1	1	0	0	1
Q86UR5-10	0	0	0	0	0	5	0	0	2	2
Q86UR5-11	0	0	0	0	0	1	0	0	0	0
Q86UR5-12	28	0	0	0	0	4	0	0	1	1
Q86UR5-13	28	0	0	0	0	3	0	0	2	2
Q86UR5-3	0	0	0	0	0	3	0	0	1	1
Q86UR5-4	0	0	0	0	0	2	0	0	0	0
Q86UR5-5	0	0	0	0	0	3	0	0	0	0
Q86UR5-6	0	0	0	0	0	3	0	0	2	2
Q86UR5-7	0	0	0	0	0	4	0	0	2	2
Q86UR5-8	0	0	0	0	0	3	0	0	2	2
Q86UR5-9	17	0	0	0	0	4	0	0	2	2
Q86UT6-2	53	0	0	0	0	0	0	0	0	0
Q86UU0-2	0	0	0	0	0	1	0	0	0	0
Q86UU0-3	53	0	0	0	0	0	0	0	0	0
Q86UU0-4	0	0	0	0	0	1	0	0	0	0
Q86UU1-2	0	0	0	0	0	2	0	0	0	0
Q86UU1-3	1	0	0	0	0	1	0	0	0	0
Q86UV5-2	0	0	0	0	0	1	0	0	0	0
Q86UV5-4	21	0	0	0	0	0	0	0	0	0
Q86UV5-5	15	0	0	0	0	2	0	0	0	0
Q86UV5-6	10	0	0	0	0	1	0	0	0	0
Q86UV5-7	2	0	0	0	0	0	0	0	0	0
Q86UV5-8	13	0	0	0	0	1	0	0	0	0
Q86UW7-2	7	0	0	0	0	1	0	0	1	1
Q86UW7-3	2	0	0	0	0	1	0	0	1	1
Q86UX2-2	21	0	0	0	0	1	0	0	0	0
Q86UX2-3	3	0	0	0	0	0	0	0	0	0
Q86UX2-4	39	0	0	0	0	0	0	0	0	0
Q86UX6-2	0	0	0	0	0	1	0	0	0	0
Q86UY8-2	0	0	0	0	0	2	0	0	0	0
Q86V21-2	39	0	0	0	0	0	0	0	0	0
Q86V21-3	0	0	0	0	0	1	0	0	0	0
Q86V42-2	37	0	0	0	0	0	0	0	0	0
Q86V42-3	20	0	0	0	0	0	0	0	0	0
Q86V48-2	2	0	0	0	0	0	0	0	0	0
Q86V48-3	29	0	0	0	0	0	0	0	0	0
Q86V88-2	21	0	0	0	0	0	0	0	0	0
Q86V88-3	34	0	0	0	0	0	0	0	0	0
Q86VB7-2	47	0	0	0	0	0	0	0	0	0
Q86VB7-3	7	0	0	0	0	0	0	0	0	0
Q86VB7-4	41	0	0	0	0	0	0	0	0	0
Q86VH4-2	1	0	0	0	0	0	0	0	0	0
Q86VH5-2	1	0	0	0	0	0	0	0	0	0
Q86VN1-2	0	0	0	0	0	1	0	0	0	0
Q86VP1-2	0	0	0	0	0	1	0	0	1	1
Q86VP1-3	0	0	0	0	0	2	0	0	1	1
Q86VP1-4	0	0	0	0	0	2	0	0	1	1
Q86VP3-2	15	0	8	4	12	0	0	0	0	0
Q86VP3-4	0	0	0	0	0	2	0	0	0	0
Q86VP6-2	0	0	0	0	0	1	0	0	0	0
Q86VP6-3	9	0	0	0	0	1	0	0	0	0
Q86VR2-2	0	0	0	0	0	1	0	0	0	0
Q86VX2-2	0	0	0	0	0	1	0	0	0	0
Q86VX9-2	0	0	0	0	0	2	0	0	0	0
Q86VX9-3	1	0	0	0	0	2	0	0	0	0
Q86VX9-4	0	0	0	0	0	1	0	0	0	0
Q86VX9-5	0	0	0	0	0	1	0	0	0	0
Q86VZ4-2	30	0	0	0	0	0	0	0	0	0
Q86W34-5	0	0	0	0	0	1	0	0	0	0
Q86W42-2	0	0	0	0	0	1	0	0	0	0
Q86W42-3	0	0	0	0	0	1	0	0	0	0
Q86W50-2	8	0	0	0	0	1	0	0	0	0
Q86W74-1	20	0	0	0	0	0	0	0	0	0
Q86W92-2	25	0	6	2	6	1	0	0	1	1
Q86W92-3	0	0	0	0	0	1	0	0	0	0
Q86W92-4	0	0	0	0	0	1	0	0	1	1
Q86W92-5	10	0	0	0	0	0	0	0	0	0
Q86WA6-2	15	0	0	0	0	0	0	0	0	0
Q86WG3-3	7	0	0	0	0	0	0	0	0	0
Q86WG5-3	1	0	0	0	0	0	0	0	0	0
Q86WN1-2	20	0	0	0	0	0	0	0	0	0
Q86WN1-3	7	0	0	0	0	0	0	0	0	0
Q86WR0-2	0	0	0	0	0	1	0	0	0	0
Q86WU2-2	0	0	0	0	0	1	0	0	0	0
Q86X10-2	1	0	0	0	0	1	0	0	0	0
Q86X10-3	1	0	0	0	0	1	0	0	1	1
Q86X10-4	0	0	0	0	0	1	0	0	0	0
Q86X55-1	0	0	0	0	0	1	0	0	0	0
Q86X55-2	13	0	0	0	0	0	0	0	0	0
Q86X76-2	0	0	0	0	0	1	0	0	0	0
Q86X76-3	67	0	0	0	0	0	0	0	0	0
Q86X76-4	14	0	0	0	0	0	0	0	0	0
Q86X76-5	3	0	0	0	0	0	0	0	0	0
Q86X83-2	4	0	0	0	0	0	0	0	0	0
Q86XA9-2	0	0	0	0	0	1	0	0	0	0
Q86XD5-2	28	17	0	19	22	1	0	0	0	0
Q86XD5-3	28	17	0	22	22	0	0	0	0	0
Q86XE0-2	37	0	0	0	0	0	0	0	0	0
Q86XL3-2	15	0	0	0	0	0	0	0	0	0
Q86XL3-3	0	0	0	0	0	1	0	0	0	0
Q86XP1-2	17	0	17	17	17	0	0	0	0	0
Q86XP1-3	16	0	0	0	0	1	0	0	0	0
Q86XP1-5	0	0	0	0	0	1	0	0	0	0
Q86XP3-2	0	0	0	0	0	1	0	0	1	1
Q86XX4-2	11	0	0	0	0	0	0	0	0	0
Q86XX4-4	18	0	0	0	0	0	0	0	0	0
Q86XX4-5	21	0	0	0	0	0	0	0	0	0
Q86XX4-6	2	0	0	0	0	0	0	0	0	0
Q86Y37-2	8	0	0	0	0	0	0	0	0	0
Q86Y37-4	0	0	0	0	0	1	0	0	0	0
Q86Y56-2	33	0	0	0	0	0	0	0	0	0
Q86Y56-3	0	0	0	0	0	1	0	0	0	0
Q86YB7-2	0	0	0	0	0	1	0	0	0	0
Q86YD3-2	0	0	0	0	0	1	0	0	0	0
Q86YD3-3	1	0	0	0	0	1	0	0	0	0
Q86YD3-4	8	0	0	0	0	0	0	0	0	0
Q86YD3-5	8	0	0	0	0	2	0	0	0	0
Q86YJ6-2	43	0	0	0	0	0	0	0	0	0
Q86YJ6-3	25	0	0	0	0	0	0	0	0	0
Q86YJ6-4	0	0	0	0	0	1	0	0	0	0
Q86YJ6-5	43	0	0	0	0	1	0	0	0	0
Q86YL5-2	32	0	0	0	0	0	0	0	0	0
Q86YM7-2	0	0	0	0	0	1	0	0	0	0
Q86YM7-3	2	0	0	0	0	0	0	0	0	0
Q86YQ8-2	0	0	0	0	0	1	0	0	0	0
Q86YR5-3	51	0	0	0	0	0	0	0	0	0
Q86YR5-2	0	0	0	0	0	1	0	0	0	0
Q86YR5-4	0	0	0	0	0	1	0	0	1	1
Q86YR7-2	6	0	0	0	0	0	0	0	0	0
Q86YR7-3	4	0	0	0	0	0	0	0	0	0
Q86YS7-2	92	0	10	64	74	0	0	0	0	0
Q86YS7-3	52	0	10	38	48	0	0	0	0	0
Q86YS7-4	103	0	10	65	75	0	0	0	0	0
Q86YS7-5	104	0	19	71	81	0	0	0	0	0
Q8IU85-2	10	0	0	10	10	0	0	0	0	0
Q8IUD2-2	12	4	4	4	4	1	0	0	0	0
Q8IUD2-3	0	0	0	0	0	1	0	0	0	0
Q8IUD2-4	12	4	4	4	4	2	0	0	0	0
Q8IUD2-5	12	4	4	4	4	1	0	0	0	0
Q8IUI8-2	0	0	0	0	0	1	0	0	1	1
Q8IUR5-4	1	0	0	0	0	1	0	0	0	0
Q8IUR5-1	0	0	0	0	0	1	0	0	0	0
Q8IUR5-2	65	0	0	0	0	0	0	0	0	0
Q8IUR5-3	84	0	0	0	0	1	0	0	0	0
Q8IUR6-2	6	0	0	0	0	0	0	0	0	0
Q8IUR6-3	2	0	0	0	0	0	0	0	0	0
Q8IUW3-2	11	0	0	0	0	0	0	0	0	0
Q8IUX7-2	67	0	0	0	0	0	0	0	0	0
Q8IV36-2	0	0	0	0	0	1	0	0	0	0
Q8IV36-3	0	0	0	0	0	1	0	0	0	0
Q8IV50-2	0	0	0	0	0	1	0	0	0	0
Q8IVF2-3	0	0	0	0	0	1	0	1	1	1
Q8IVF2-2	0	0	0	0	0	1	0	0	0	0
Q8IVF5-2	29	0	0	0	0	0	0	0	0	0
Q8IVF5-3	0	0	0	0	0	1	0	0	0	0
Q8IVF5-4	0	0	0	0	0	1	0	0	0	0
Q8IVF5-5	24	0	0	0	0	0	0	0	0	0
Q8IVH8-2	1	0	0	0	0	0	0	0	0	0
Q8IVH8-3	0	0	0	0	0	1	0	1	1	1
Q8IVL1-10	16	0	0	0	0	0	0	0	0	0
Q8IVL1-11	21	0	0	0	0	0	0	0	0	0
Q8IVL1-12	20	0	0	0	0	0	0	0	0	0
Q8IVL1-13	18	0	0	0	0	0	0	0	0	0
Q8IVL1-2	0	0	0	0	0	2	0	0	0	0
Q8IVL1-3	0	0	0	0	0	3	0	0	0	0
Q8IVL1-4	21	0	0	0	0	3	0	0	0	0
Q8IVL1-5	7	0	0	0	0	3	0	0	0	0
Q8IVL1-6	0	0	0	0	0	3	0	0	0	0
Q8IVL1-7	0	0	0	0	0	1	0	0	0	0
Q8IVL1-8	6	0	0	0	0	0	0	0	0	0
Q8IVL1-9	10	0	0	0	0	0	0	0	0	0
Q8IVM0-2	176	0	0	0	0	0	0	0	0	0
Q8IVS2-2	6	0	0	0	0	0	0	0	0	0
Q8IVT5-2	3	0	0	0	0	0	0	0	0	0
Q8IVT5-3	0	0	0	0	0	1	0	0	0	0
Q8IVT5-4	2	0	0	0	0	1	0	0	0	0
Q8IW35-2	26	0	0	0	0	0	0	0	0	0
Q8IW45-2	89	0	0	0	0	0	0	0	0	0
Q8IW45-3	0	0	0	0	0	1	0	0	1	1
Q8IW45-4	18	0	0	0	0	0	0	0	0	0
Q8IW50-2	0	0	0	0	0	2	0	0	1	1
Q8IW50-3	0	0	0	0	0	3	0	0	1	1
Q8IW50-4	0	0	0	0	0	2	0	0	1	1
Q8IW50-5	0	0	0	0	0	2	1	0	0	1
Q8IW50-6	0	0	0	0	0	1	1	0	0	1
Q8IW50-7	43	0	0	0	0	0	0	0	0	0
Q8IWA4-2	4	0	0	0	0	0	0	0	0	0
Q8IWA4-3	0	0	0	0	0	1	0	0	0	0
Q8IWA5-2	24	12	0	4	14	0	0	0	0	0
Q8IWA5-3	6	0	0	4	4	0	0	0	0	0
Q8IWB9-2	7	0	0	0	0	0	0	0	0	0
Q8IWD4-2	0	0	0	0	0	1	0	0	0	0
Q8IWD4-3	0	0	0	0	0	1	0	0	0	0
Q8IWD4-4	1	0	0	0	0	0	0	0	0	0
Q8IWE2-2	0	0	0	0	0	1	0	0	0	0
Q8IWE5-2	0	0	0	0	0	1	0	0	0	0
Q8IWJ2-3	9	0	0	0	0	0	0	0	0	0
Q8IWQ3-2	28	0	16	16	16	0	0	0	0	0
Q8IWQ3-3	5	0	0	0	0	0	0	0	0	0
Q8IWQ3-4	50	13	31	31	36	0	0	0	0	0
Q8IWQ3-5	69	0	0	0	0	1	0	0	0	0
Q8IWQ3-6	28	0	16	16	16	1	0	0	0	0
Q8IWR0-2	0	0	0	0	0	1	0	0	0	0
Q8IWT0-2	27	0	0	0	0	0	0	0	0	0
Q8IWT1-2	0	0	0	0	0	1	0	0	0	0
Q8IWT1-3	1	0	0	0	0	0	0	0	0	0
Q8IWT3-3	0	0	0	0	0	1	0	0	0	0
Q8IWV7-2	8	0	0	0	0	0	0	0	0	0
Q8IWV8-2	32	0	0	0	0	0	0	0	0	0
Q8IWV8-3	57	0	0	0	0	1	0	0	0	0
Q8IWV8-4	23	0	0	0	0	0	0	0	0	0
Q8IWW6-2	0	0	0	0	0	1	0	0	1	1
Q8IWW6-3	0	0	0	0	0	2	0	1	1	1
Q8IWW6-4	0	0	0	0	0	1	0	0	0	0
Q8IWY8-2	0	0	0	0	0	1	0	0	0	0
Q8IWY8-3	57	0	0	0	0	0	0	0	0	0
Q8IWY8-4	0	0	0	0	0	1	0	0	0	0
Q8IWZ3-2	20	0	0	0	0	0	0	0	0	0
Q8IWZ3-3	20	0	0	0	0	1	0	0	0	0
Q8IWZ3-4	22	0	0	0	0	0	0	0	0	0
Q8IWZ3-5	11	0	0	0	0	0	0	0	0	0
Q8IWZ3-6	94	0	0	0	0	0	0	0	0	0
Q8IWZ8-2	39	0	0	0	0	0	0	0	0	0
Q8IX01-3	49	0	0	0	0	1	0	0	0	0
Q8IX01-4	0	0	0	0	0	1	0	0	0	0
Q8IX03-2	6	0	0	0	0	0	0	0	0	0
Q8IX12-2	0	0	0	0	0	1	0	0	0	0
Q8IXH7-3	18	0	0	0	0	0	0	0	0	0
Q8IXH7-4	0	0	0	0	0	1	0	0	0	0
Q8IXI1-2	81	0	0	0	0	1	0	0	0	0
Q8IXI2-2	32	0	0	5	5	0	0	0	0	0
Q8IXI2-3	73	0	8	20	20	0	0	0	0	0
Q8IXI2-5	41	0	0	14	14	0	0	0	0	0
Q8IXI2-6	14	0	0	0	0	1	0	0	0	0
Q8IXI2-7	41	0	9	18	18	0	0	0	0	0
Q8IXJ6-2	0	0	0	0	0	1	0	1	0	1
Q8IXJ6-5	1	0	0	0	0	0	0	0	0	0
Q8IXJ6-3	17	0	0	0	0	0	0	0	0	0
Q8IXJ6-4	6	0	0	0	0	0	0	0	0	0
Q8IXK0-5	1	0	0	0	0	0	0	0	0	0
Q8IXK0-2	0	0	0	0	0	1	0	0	0	0
Q8IXK0-3	44	0	0	0	0	1	0	0	0	0
Q8IXK0-4	0	0	0	0	0	1	0	0	1	1
Q8IXL7-2	22	0	0	5	5	0	0	0	0	0
Q8IXM2-2	0	0	0	0	0	1	0	0	0	0
Q8IXM2-3	21	0	0	0	0	0	0	0	0	0
Q8IXQ4-2	0	0	0	0	0	1	0	0	0	0
Q8IXQ4-3	0	0	0	0	0	1	0	0	0	0
Q8IXQ4-4	32	0	0	0	0	0	0	0	0	0
Q8IY17-2	0	0	0	0	0	1	0	0	0	0
Q8IY17-3	0	0	0	0	0	1	0	0	0	0
Q8IY17-5	0	0	0	0	0	3	0	0	0	0
Q8IY22-2	5	0	0	0	0	0	0	0	0	0
Q8IY22-3	5	0	0	0	0	0	0	0	0	0
Q8IY31-3	77	0	0	0	0	0	0	0	0	0
Q8IY31-2	26	0	0	0	0	0	0	0	0	0
Q8IY31-4	8	0	0	0	0	0	0	0	0	0
Q8IY33-2	65	0	0	0	0	0	0	0	0	0
Q8IY33-3	141	0	0	0	0	2	0	0	0	0
Q8IY33-4	2	0	0	0	0	0	0	0	0	0
Q8IY33-5	0	0	0	0	0	1	0	0	0	0
Q8IY45-2	0	0	0	0	0	1	0	0	0	0
Q8IY57-5	24	0	0	0	0	0	0	0	0	0
Q8IY57-3	0	0	0	0	0	1	0	0	0	0
Q8IY57-4	63	0	0	0	0	0	0	0	0	0
Q8IY63-2	0	0	0	0	0	1	0	0	0	0
Q8IY67-2	198	0	19	52	52	0	0	0	0	0
Q8IY67-3	2	0	0	0	0	0	0	0	0	0
Q8IY95-2	4	0	0	0	0	0	0	0	0	0
Q8IYB3-2	3	0	0	0	0	1	0	0	0	0
Q8IYB4-2	22	0	7	7	7	0	0	0	0	0
Q8IYB4-3	0	0	0	0	0	1	1	0	0	1
Q8IYB4-4	0	0	0	0	0	1	0	0	0	0
Q8IYB4-5	0	0	0	0	0	1	0	0	0	0
Q8IYB4-6	0	0	0	0	0	1	0	1	1	1
Q8IYB4-7	0	0	0	0	0	2	0	0	0	0
Q8IYB4-8	0	0	0	0	0	1	0	0	0	0
Q8IYB5-2	0	0	0	0	0	1	0	0	1	1
Q8IYB5-3	37	0	0	0	0	1	0	0	1	1
Q8IYB7-2	36	0	0	0	0	0	0	0	0	0
Q8IYB7-3	70	0	0	0	0	0	0	0	0	0
Q8IYB7-4	8	0	0	0	0	0	0	0	0	0
Q8IYB7-5	138	0	0	0	0	1	0	0	0	0
Q8IYH5-2	0	0	0	0	0	1	0	0	0	0
Q8IYH5-3	7	0	0	0	0	0	0	0	0	0
Q8IYH5-4	20	0	0	0	0	0	0	0	0	0
Q8IYK8-2	70	0	0	0	0	0	0	0	0	0
Q8IYM9-2	0	0	0	0	0	1	0	0	0	0
Q8IYR6-2	25	0	0	0	0	0	0	0	0	0
Q8IYU2-2	0	0	0	0	0	1	0	0	0	0
Q8IYU2-3	10	0	0	0	0	0	0	0	0	0
Q8IYU2-4	0	0	0	0	0	1	0	0	0	0
Q8IZ21-4	55	0	0	0	0	0	0	0	0	0
Q8IZ21-2	14	0	0	0	0	0	0	0	0	0
Q8IZ21-3	0	0	0	0	0	1	0	0	0	0
Q8IZ41-2	42	0	0	0	0	0	0	0	0	0
Q8IZ73-2	0	0	0	0	0	1	0	0	0	0
Q8IZ83-2	48	0	0	0	0	0	0	0	0	0
Q8IZ83-3	0	0	0	0	0	1	0	0	0	0
Q8IZA0-2	8	0	0	0	0	0	0	0	0	0
Q8IZA0-3	6	0	0	0	0	1	0	0	0	0
Q8IZD0-2	28	0	0	0	0	0	0	0	0	0
Q8IZD4-2	4	0	0	0	0	0	0	0	0	0
Q8IZE3-2	0	0	0	0	0	1	0	0	0	0
Q8IZH2-2	1	0	0	0	0	1	0	0	0	0
Q8IZH2-3	7	0	7	0	7	0	0	0	0	0
Q8IZJ1-2	1	0	0	0	0	0	0	0	0	0
Q8IZJ3-2	4	0	0	0	0	0	0	0	0	0
Q8IZL9-2	70	0	0	0	0	0	0	0	0	0
Q8IZL9-3	12	0	0	0	0	1	0	0	0	0
Q8IZL9-4	13	0	0	0	0	1	0	0	0	0
Q8IZL9-5	0	0	0	0	0	1	0	0	0	0
Q8IZP0-5	0	0	0	0	0	2	0	0	0	0
Q8IZP0-2	0	0	0	0	0	3	0	0	0	0
Q8IZP0-4	0	0	0	0	0	2	0	0	0	0
Q8IZP0-10	1	0	0	0	0	1	0	0	0	0
Q8IZP0-11	1	0	0	0	0	1	0	0	0	0
Q8IZP0-12	17	0	0	0	0	1	0	0	0	0
Q8IZP0-3	0	0	0	0	0	2	0	0	0	0
Q8IZP0-6	0	0	0	0	0	1	0	0	0	0
Q8IZP0-7	1	0	0	0	0	0	0	0	0	0
Q8IZP0-8	0	0	0	0	0	1	0	0	0	0
Q8IZP0-9	0	0	0	0	0	1	0	0	0	0
Q8IZQ1-2	0	0	0	0	0	1	0	1	1	1
Q8IZR5-3	0	0	0	0	0	1	0	0	0	0
Q8IZS8-2	0	0	0	0	0	1	0	0	0	0
Q8IZS8-3	18	0	0	0	0	2	0	1	1	1
Q8IZU2-2	1	0	0	0	0	1	0	0	0	0
Q8IZU9-2	29	0	0	0	0	0	0	0	0	0
Q8N0U4-3	0	0	0	0	0	1	0	0	0	0
Q8N0V3-2	73	0	0	0	0	0	0	0	0	0
Q8N0W3-2	32	0	0	0	0	1	0	0	0	0
Q8N0X4-2	0	0	0	0	0	1	0	0	0	0
Q8N114-3	0	0	0	0	0	1	0	0	0	0
Q8N114-2	0	0	0	0	0	1	0	0	0	0
Q8N114-4	5	0	0	0	0	1	0	0	0	0
Q8N114-5	0	0	0	0	0	1	0	0	0	0
Q8N118-2	54	0	0	0	0	0	0	0	0	0
Q8N118-3	0	0	0	0	0	1	0	0	0	0
Q8N122-3	0	0	0	0	0	1	0	0	0	0
Q8N126-2	34	0	0	0	0	0	0	0	0	0
Q8N126-3	1	0	0	0	0	0	0	0	0	0
Q8N128-2	23	1	0	1	1	0	0	0	0	0
Q8N137-2	22	0	0	0	0	0	0	0	0	0
Q8N137-3	1	0	0	0	0	0	0	0	0	0
Q8N137-4	22	0	0	0	0	0	0	0	0	0
Q8N137-5	23	0	0	0	0	0	0	0	0	0
Q8N145-2	0	0	0	0	0	1	0	0	0	0
Q8N163-2	14	0	0	0	0	0	0	0	0	0
Q8N1A0-2	0	0	0	0	0	1	1	0	1	1
Q8N1B4-2	0	0	0	0	0	1	0	0	1	1
Q8N1F7-2	0	0	0	0	0	1	0	0	0	0
Q8N1G0-2	70	0	0	0	0	0	0	0	0	0
Q8N1I0-2	9	0	0	0	0	1	0	0	0	0
Q8N1I0-3	9	0	0	0	0	0	0	0	0	0
Q8N1I0-4	6	0	0	0	0	0	0	0	0	0
Q8N1K5-2	0	0	0	0	0	1	0	0	0	0
Q8N1K5-3	0	0	0	0	0	1	0	0	0	0
Q8N1K5-4	39	0	0	0	0	0	0	0	0	0
Q8N264-2	33	0	0	0	0	0	0	0	0	0
Q8N264-3	0	0	0	0	0	1	0	0	0	0
Q8N264-4	2	0	0	0	0	0	0	0	0	0
Q8N264-5	149	0	0	1	1	0	0	0	0	0
Q8N283-2	26	0	0	0	0	0	0	0	0	0
Q8N2F6-2	0	0	0	0	0	1	0	1	1	1
Q8N2F6-3	0	0	0	0	0	1	0	0	0	0
Q8N2F6-4	0	0	0	0	0	2	0	1	1	1
Q8N2F6-5	0	0	0	0	0	2	0	1	1	1
Q8N2F6-6	0	0	0	0	0	2	0	1	1	1
Q8N2G8-2	42	0	0	0	0	0	0	0	0	0
Q8N2G8-3	0	0	0	0	0	1	0	0	1	1
Q8N2K0-2	18	0	0	0	0	0	0	0	0	0
Q8N2K0-3	0	0	0	0	0	1	0	0	0	0
Q8N2K1-2	8	0	0	0	0	0	0	0	0	0
Q8N2K1-3	16	0	0	0	0	0	0	0	0	0
Q8N2M8-3	25	0	0	0	0	0	0	0	0	0
Q8N2M8-4	0	0	0	0	0	1	0	0	0	0
Q8N2Q7-2	0	0	0	0	0	1	0	0	0	0
Q8N392-2	0	0	0	0	0	1	0	0	0	0
Q8N3C0-3	28	0	0	0	0	0	0	0	0	0
Q8N3C0-4	9	0	0	0	0	0	0	0	0	0
Q8N3F0-2	30	0	0	0	0	0	0	0	0	0
Q8N3F0-3	20	0	0	0	0	0	0	0	0	0
Q8N3F0-4	0	0	0	0	0	1	0	0	0	0
Q8N3H0-2	0	0	0	0	0	1	0	0	0	0
Q8N3J5-2	44	0	0	0	0	0	0	0	0	0
Q8N3J5-3	3	0	0	0	0	0	0	0	0	0
Q8N3J6-2	9	0	0	0	0	1	0	0	0	0
Q8N3J6-3	21	0	0	0	0	0	0	0	0	0
Q8N3J6-4	0	0	0	0	0	2	0	0	0	0
Q8N3J6-5	0	0	0	0	0	1	0	0	0	0
Q8N3P4-2	0	0	0	0	0	2	0	0	0	0
Q8N3P4-3	0	0	0	0	0	1	0	0	0	0
Q8N3R9-2	0	0	0	0	0	1	1	0	0	1
Q8N3U4-2	37	0	0	0	0	0	0	0	0	0
Q8N3V7-2	227	0	12	74	86	1	0	1	1	1
Q8N3V7-3	0	0	0	0	0	1	0	1	1	1
Q8N3X1-2	2	0	0	0	0	0	0	0	0	0
Q8N414-2	40	0	0	0	0	0	0	0	0	0
Q8N428-2	26	0	0	0	0	0	0	0	0	0
Q8N461-2	0	0	0	0	0	1	0	0	0	0
Q8N465-2	28	0	0	0	0	0	0	0	0	0
Q8N465-3	32	0	0	0	0	0	0	0	0	0
Q8N490-2	60	0	0	28	28	0	0	0	0	0
Q8N490-3	50	0	0	10	10	0	0	0	0	0
Q8N490-4	17	0	0	0	0	0	0	0	0	0
Q8N4C6-10	69	0	0	14	14	1	0	0	0	0
Q8N4C6-11	0	0	0	0	0	1	0	0	0	0
Q8N4C6-2	0	0	0	0	0	1	0	0	0	0
Q8N4C6-4	17	0	0	0	0	1	0	0	0	0
Q8N4C6-5	40	0	0	0	0	0	0	0	0	0
Q8N4C6-6	27	0	0	0	0	2	0	0	0	0
Q8N4C6-7	69	0	0	14	14	0	0	0	0	0
Q8N4C6-9	0	0	0	0	0	1	0	0	0	0
Q8N4C8-2	0	0	0	0	0	1	0	0	0	0
Q8N4C8-3	8	0	8	7	8	1	0	0	0	0
Q8N4C8-4	0	0	0	0	0	1	0	0	0	0
Q8N4C8-5	0	0	0	0	0	2	0	0	0	0
Q8N4F7-2	58	0	0	0	0	0	0	0	0	0
Q8N4P3-2	4	0	0	0	0	0	0	0	0	0
Q8N4Q0-2	0	0	0	0	0	1	0	0	0	0
Q8N4Q1-2	18	0	0	0	0	0	0	0	0	0
Q8N4X5-2	0	0	0	0	0	1	0	0	0	0
Q8N4X5-3	17	0	0	0	0	1	0	0	0	0
Q8N4X5-4	28	0	0	0	0	1	0	0	0	0
Q8N556-2	84	0	0	16	16	0	0	0	0	0
Q8N568-2	0	0	0	0	0	1	0	0	0	0
Q8N568-3	17	0	13	13	13	0	0	0	0	0
Q8N573-2	61	0	0	0	0	1	0	1	1	1
Q8N573-3	30	0	0	0	0	0	0	0	0	0
Q8N573-4	18	0	0	0	0	0	0	0	0	0
Q8N573-5	7	0	7	7	7	1	0	1	1	1
Q8N573-6	0	0	0	0	0	2	0	0	0	0
Q8N573-7	18	0	3	0	3	0	0	0	0	0
Q8N573-8	7	0	7	7	7	0	0	0	0	0
Q8N584-2	0	0	0	0	0	1	0	0	0	0
Q8N584-3	14	0	0	0	0	0	0	0	0	0
Q8N5C8-2	0	0	0	0	0	1	1	0	0	1
Q8N5G0-2	101	0	0	0	0	0	0	0	0	0
Q8N5G2-2	0	0	0	0	0	1	0	0	0	0
Q8N5G2-3	1	0	0	0	0	0	0	0	0	0
Q8N5H7-2	13	0	0	0	0	0	0	0	0	0
Q8N5H7-3	0	0	0	0	0	1	0	0	0	0
Q8N5H7-4	97	0	0	0	0	0	0	0	0	0
Q8N5H7-5	24	0	0	0	0	0	0	0	0	0
Q8N5H7-6	22	0	0	0	0	0	0	0	0	0
Q8N5J2-3	48	1	1	1	1	0	0	0	0	0
Q8N5J2-2	0	0	0	0	0	1	0	0	0	0
Q8N5J2-4	0	0	0	0	0	1	0	0	0	0
Q8N5M4-2	136	0	0	0	0	0	0	0	0	0
Q8N5N7-2	13	0	0	0	0	0	0	0	0	0
Q8N5S9-2	38	0	0	0	0	0	0	0	0	0
Q8N5V2-2	30	30	0	0	30	0	0	0	0	0
Q8N5V2-3	30	30	0	0	30	0	0	0	0	0
Q8N5X7-2	0	0	0	0	0	1	0	0	0	0
Q8N5Z5-2	0	0	0	0	0	1	0	0	0	0
Q8N608-2	12	0	0	1	1	0	0	0	0	0
Q8N608-3	23	0	0	19	19	0	0	0	0	0
Q8N608-4	0	0	0	0	0	1	0	0	0	0
Q8N612-2	14	0	0	1	1	0	0	0	0	0
Q8N612-3	21	0	0	0	0	1	0	0	0	0
Q8N668-2	5	0	0	0	0	0	0	0	0	0
Q8N684-3	43	0	0	0	0	0	0	0	0	0
Q8N684-2	0	0	0	0	0	1	0	0	0	0
Q8N6C5-2	1	0	0	0	0	0	0	0	0	0
Q8N6C5-3	16	0	0	0	0	0	0	0	0	0
Q8N6C5-4	5	0	0	0	0	0	0	0	0	0
Q8N6D5-3	0	0	0	0	0	1	0	0	0	0
Q8N6H7-2	0	0	0	0	0	2	0	0	0	0
Q8N6H7-3	0	0	0	0	0	1	0	0	0	0
Q8N6M0-2	0	0	0	0	0	2	0	0	0	0
Q8N6N2-2	47	0	0	0	0	0	0	0	0	0
Q8N6N3-2	9	0	0	0	0	0	0	0	0	0
Q8N6N3-3	4	0	0	0	0	1	0	0	0	0
Q8N6R0-1	0	0	0	0	0	1	0	0	0	0
Q8N6R0-2	0	0	0	0	0	2	0	0	0	0
Q8N6R0-3	0	0	0	0	0	1	0	0	0	0
Q8N6T3-3	122	0	0	0	0	0	0	0	0	0
Q8N6T3-2	10	10	5	5	10	1	0	0	0	0
Q8N6T3-4	30	0	0	0	0	0	0	0	0	0
Q8N6T3-5	13	10	5	5	10	1	0	0	0	0
Q8N6W0-2	38	0	0	11	11	1	0	0	0	0
Q8N766-2	0	0	0	0	0	1	0	1	0	1
Q8N766-3	0	0	0	0	0	1	0	0	1	1
Q8N766-4	1	0	0	0	0	0	0	0	0	0
Q8N7H5-2	98	0	0	0	0	2	0	0	0	0
Q8N7H5-3	95	0	0	0	0	1	0	0	0	0
Q8N7J2-2	0	0	0	0	0	1	0	1	1	1
Q8N7R7-2	12	0	0	0	0	0	0	0	0	0
Q8N7R7-3	0	0	0	0	0	1	0	0	0	0
Q8N8A2-2	20	0	0	16	16	0	0	0	0	0
Q8N8A2-3	25	0	0	0	0	0	0	0	0	0
Q8N8A2-4	0	0	0	0	0	1	0	0	0	0
Q8N8E3-2	45	0	0	0	0	1	0	0	0	0
Q8N8N7-2	7	0	0	0	0	0	0	0	0	0
Q8N8S7-2	0	0	0	0	0	1	0	1	1	1
Q8N8S7-3	0	0	0	0	0	2	0	1	1	1
Q8N954-2	2	0	0	0	0	0	0	0	0	0
Q8N960-2	0	0	0	0	0	1	0	0	0	0
Q8N960-3	31	0	0	0	0	0	0	0	0	0
Q8N983-3	9	0	0	0	0	0	0	0	0	0
Q8N983-2	23	0	0	0	0	0	0	0	0	0
Q8N983-4	4	0	0	4	4	0	0	0	0	0
Q8N983-6	75	0	0	0	0	0	0	0	0	0
Q8N983-7	100	0	0	0	0	0	0	0	0	0
Q8N987-2	0	0	0	0	0	1	0	0	0	0
Q8N9B5-2	0	0	0	0	0	1	0	0	0	0
Q8N9F7-2	15	0	0	0	0	0	0	0	0	0
Q8N9F7-3	24	0	0	0	0	0	0	0	0	0
Q8N9I9-2	9	0	0	0	0	0	0	0	0	0
Q8N9N5-2	11	0	0	0	0	2	0	0	0	0
Q8N9N5-7	11	0	0	0	0	1	0	0	0	0
Q8N9N5-3	19	0	0	0	0	2	0	0	0	0
Q8N9N5-4	11	0	0	0	0	1	0	0	0	0
Q8N9N5-5	18	0	0	0	0	1	0	0	0	0
Q8N9N5-6	8	0	0	0	0	2	0	0	0	0
Q8N9R8-2	24	0	0	0	0	0	0	0	0	0
Q8N9V3-2	0	0	0	0	0	1	0	0	0	0
Q8NAN2-2	12	0	0	0	0	0	0	0	0	0
Q8NAV1-2	0	0	0	0	0	1	0	0	0	0
Q8NB25-2	0	0	0	0	0	2	0	0	0	0
Q8NB25-3	3	0	0	0	0	0	0	0	0	0
Q8NB25-4	0	0	0	0	0	2	0	0	0	0
Q8NB37-2	66	0	0	0	0	0	0	0	0	0
Q8NB37-3	1	0	0	0	0	0	0	0	0	0
Q8NB37-4	37	0	0	0	0	0	0	0	0	0
Q8NB90-2	9	0	0	0	0	0	0	0	0	0
Q8NB90-3	3	0	0	0	0	0	0	0	0	0
Q8NBF2-2	0	0	0	0	0	1	0	0	0	0
Q8NBF6-2	9	0	0	0	0	0	0	0	0	0
Q8NBJ4-2	0	0	0	0	0	1	0	0	0	0
Q8NBJ7-2	0	0	0	0	0	1	0	0	0	0
Q8NBJ7-3	107	0	0	0	0	0	0	0	0	0
Q8NBJ7-4	201	0	0	0	0	0	0	0	0	0
Q8NBJ7-5	0	0	0	0	0	1	0	0	0	0
Q8NBM4-4	0	0	0	0	0	1	0	0	0	0
Q8NBM4-2	85	0	0	0	0	0	0	0	0	0
Q8NBM4-3	0	0	0	0	0	1	0	0	0	0
Q8NBM4-5	82	0	0	0	0	0	0	0	0	0
Q8NBN3-3	6	0	0	0	0	0	0	0	0	0
Q8NBN3-2	10	0	0	0	0	0	0	0	0	0
Q8NBN7-2	0	0	0	0	0	1	0	0	0	0
Q8NBR6-2	0	0	0	0	0	1	0	0	0	0
Q8NBS9-2	0	0	0	0	0	1	0	0	0	0
Q8NBU5-2	10	0	0	0	0	0	0	0	0	0
Q8NC51-2	0	0	0	0	0	1	0	1	0	1
Q8NC51-3	0	0	0	0	0	1	1	1	1	1
Q8NC51-4	0	0	0	0	0	2	1	2	1	2
Q8NC96-2	1	0	0	0	0	0	0	0	0	0
Q8NCB2-2	0	0	0	0	0	1	0	0	0	0
Q8NCB2-3	0	0	0	0	0	1	0	0	1	1
Q8NCM8-2	7	0	0	0	0	0	0	0	0	0
Q8NCM8-3	0	0	0	0	0	1	0	0	0	0
Q8NCW5-2	0	0	0	0	0	1	0	0	0	0
Q8ND04-2	32	0	0	5	5	0	0	0	0	0
Q8ND04-3	1	0	0	0	0	0	0	0	0	0
Q8ND24-2	0	0	0	0	0	1	0	0	0	0
Q8ND30-2	11	0	0	0	0	0	0	0	0	0
Q8ND30-3	18	0	0	0	0	0	0	0	0	0
Q8ND56-2	6	0	0	0	0	0	0	0	0	0
Q8ND56-3	0	0	0	0	0	1	0	0	0	0
Q8ND76-2	0	0	0	0	0	1	0	0	0	0
Q8ND76-3	0	0	0	0	0	1	0	0	1	1
Q8NDA8-2	14	0	0	0	0	1	0	0	0	0
Q8NDA8-3	56	0	0	0	0	0	0	0	0	0
Q8NDA8-4	26	0	0	0	0	2	0	0	0	0
Q8NDA8-5	49	0	0	0	0	0	0	0	0	0
Q8NDA8-6	21	0	0	0	0	1	0	0	0	0
Q8NDA8-7	19	0	0	0	0	0	0	0	0	0
Q8NDH3-5	0	0	0	0	0	1	0	0	0	0
Q8NDH3-2	34	0	0	0	0	0	0	0	0	0
Q8NDH3-3	56	0	0	0	0	0	0	0	0	0
Q8NDH3-4	21	0	0	0	0	0	0	0	0	0
Q8NDI1-2	0	0	0	0	0	1	0	0	0	0
Q8NDI1-3	0	0	0	0	0	2	0	0	0	0
Q8NDT2-2	0	0	0	0	0	1	0	0	0	0
Q8NDX1-2	0	0	0	0	0	2	0	0	0	0
Q8NDX2-2	0	0	0	0	0	1	0	0	0	0
Q8NE01-3	35	0	0	0	0	1	0	0	0	0
Q8NE01-2	0	0	0	0	0	1	0	0	0	0
Q8NE31-2	14	0	0	0	0	0	0	0	0	0
Q8NE31-3	0	0	0	0	0	1	0	0	0	0
Q8NE31-4	0	0	0	0	0	1	0	0	0	0
Q8NE31-5	0	0	0	0	0	2	0	0	0	0
Q8NE71-2	0	0	0	0	0	1	0	1	0	1
Q8NE86-2	33	0	0	0	0	0	0	0	0	0
Q8NE86-3	0	0	0	0	0	1	0	0	0	0
Q8NEL9-2	1	0	0	1	1	0	0	0	0	0
Q8NEL9-3	1	0	0	1	1	1	0	1	0	1
Q8NEL9-4	8	0	7	8	8	0	0	0	0	0
Q8NEP3-2	16	0	0	0	0	1	0	0	0	0
Q8NEP3-3	10	0	0	0	0	0	0	0	0	0
Q8NEU8-2	0	0	0	0	0	1	0	0	0	0
Q8NEU8-3	6	0	0	0	0	0	0	0	0	0
Q8NEY1-2	0	0	0	0	0	1	0	0	0	0
Q8NEY1-3	0	0	0	0	0	1	0	0	0	0
Q8NEY1-4	0	0	0	0	0	2	0	0	1	1
Q8NEY1-5	10	0	0	0	0	2	0	0	0	0
Q8NEY1-6	23	0	0	0	0	1	0	0	0	0
Q8NEY1-7	0	0	0	0	0	3	0	0	0	0
Q8NEY8-2	33	7	0	0	7	0	0	0	0	0
Q8NEY8-3	31	0	0	0	0	1	0	0	1	1
Q8NEY8-5	9	0	0	0	0	1	0	0	1	1
Q8NEY8-6	33	7	0	0	7	1	0	0	1	1
Q8NEY8-7	6	0	0	0	0	0	0	0	0	0
Q8NEY8-8	26	7	0	0	7	0	0	0	0	0
Q8NEY8-9	27	7	1	0	8	0	0	0	0	0
Q8NEZ2-2	1	0	0	0	0	0	0	0	0	0
Q8NEZ2-3	43	0	0	0	0	0	0	0	0	0
Q8NF91-10	1	0	0	0	0	1	0	1	0	1
Q8NF91-11	0	0	0	0	0	1	0	0	0	0
Q8NF91-12	60	0	0	0	0	1	0	0	0	0
Q8NF91-2	0	0	0	0	0	1	0	0	0	0
Q8NF91-3	23	6	2	2	6	1	0	0	0	0
Q8NF91-4	30	6	2	2	6	2	0	1	1	1
Q8NF91-5	4	0	4	4	4	0	0	0	0	0
Q8NF91-6	14	0	0	0	0	0	0	0	0	0
Q8NF91-7	1	0	0	0	0	2	0	0	0	0
Q8NF91-8	0	0	0	0	0	1	0	0	0	0
Q8NF91-9	35	6	2	2	6	1	0	0	0	0
Q8NFA0-2	8	0	0	0	0	1	0	0	0	0
Q8NFD5-1	0	0	0	0	0	1	0	0	0	0
Q8NFD5-2	13	0	0	0	0	0	0	0	0	0
Q8NFD5-3	53	0	0	0	0	0	0	0	0	0
Q8NFF5-2	0	0	0	0	0	1	0	0	0	0
Q8NFF5-3	0	0	0	0	0	1	0	0	0	0
Q8NFF5-4	44	0	0	17	17	0	0	0	0	0
Q8NFF5-5	85	0	0	0	0	0	0	0	0	0
Q8NFG4-2	43	0	0	0	0	0	0	0	0	0
Q8NFG4-3	57	0	0	0	0	0	0	0	0	0
Q8NFH3-2	1	0	0	0	0	0	0	0	0	0
Q8NFH8-4	0	0	0	0	0	1	0	0	0	0
Q8NFP4-2	48	0	0	0	0	0	0	0	0	0
Q8NFP9-2	21	0	0	0	0	1	0	0	0	0
Q8NFP9-3	0	0	0	0	0	1	0	0	0	0
Q8NFU3-2	0	0	0	0	0	1	0	0	0	0
Q8NFU3-3	10	0	0	0	0	0	0	0	0	0
Q8NFU3-4	7	0	0	4	4	0	0	0	0	0
Q8NFU7-2	0	0	0	0	0	1	0	0	0	0
Q8NFU7-3	0	0	0	0	0	1	0	0	0	0
Q8NFU7-4	31	0	0	0	0	0	0	0	0	0
Q8NFV4-4	0	0	0	0	0	1	0	0	0	0
Q8NFV4-2	6	0	0	0	0	0	0	0	0	0
Q8NFV4-3	1	0	0	0	0	0	0	0	0	0
Q8NFV4-5	28	0	0	0	0	1	0	0	0	0
Q8NFV4-6	0	0	0	0	0	1	0	0	0	0
Q8NFW9-2	0	0	0	0	0	1	0	0	0	0
Q8NFW9-3	8	0	0	0	0	0	0	0	0	0
Q8NFW9-4	0	0	0	0	0	1	0	0	0	0
Q8NFW9-5	1	0	0	0	0	0	0	0	0	0
Q8NFW9-6	60	0	0	0	0	0	0	0	0	0
Q8NFX7-2	7	0	0	0	0	0	0	0	0	0
Q8NFX7-3	42	0	0	0	0	0	0	0	0	0
Q8NG27-2	0	0	0	0	0	1	0	0	0	0
Q8NG27-3	0	0	0	0	0	1	0	0	0	0
Q8NHH9-2	34	0	0	0	0	0	0	0	0	0
Q8NHH9-3	0	0	0	0	0	1	0	0	0	0
Q8NHH9-4	60	0	0	0	0	0	0	0	0	0
Q8NHH9-5	20	0	0	0	0	0	0	0	0	0
Q8NHL6-5	2	0	0	0	0	0	0	0	0	0
Q8NHL6-2	1	0	0	0	0	0	0	0	0	0
Q8NHL6-3	2	0	1	0	1	0	0	0	0	0
Q8NHL6-4	1	0	1	0	1	0	0	0	0	0
Q8NHP6-2	0	0	0	0	0	1	0	1	1	1
Q8NHQ8-2	13	0	0	0	0	0	0	0	0	0
Q8NHQ9-2	0	0	0	0	0	1	0	0	0	0
Q8NHV4-2	0	0	0	0	0	1	0	0	0	0
Q8NHV4-3	7	0	0	0	0	0	0	0	0	0
Q8NI08-2	0	0	0	0	0	1	0	1	1	1
Q8NI08-4	13	0	0	0	0	0	0	0	0	0
Q8NI08-5	24	0	0	0	0	0	0	0	0	0
Q8NI08-6	12	0	0	0	0	0	0	0	0	0
Q8NI08-7	0	0	0	0	0	2	0	1	2	2
Q8NI22-2	0	0	0	0	0	1	0	0	0	0
Q8NI22-3	27	0	0	0	0	0	0	0	0	0
Q8NI35-2	30	0	0	0	0	0	0	0	0	0
Q8NI35-4	0	0	0	0	0	1	0	0	0	0
Q8NI35-5	39	0	0	0	0	1	0	0	0	0
Q8NI60-2	0	0	0	0	0	1	0	0	0	0
Q8NI60-3	0	0	0	0	0	1	0	0	0	0
Q8NI60-4	0	0	0	0	0	1	0	0	0	0
Q8TAB3-2	0	0	0	0	0	1	0	0	0	0
Q8TAB3-3	0	0	0	0	0	2	0	0	0	0
Q8TAC2-2	0	0	0	0	0	1	0	0	0	0
Q8TAF3-2	2	0	0	0	0	1	0	0	0	0
Q8TAF3-3	0	0	0	0	0	1	0	0	0	0
Q8TAF3-4	7	0	0	0	0	0	0	0	0	0
Q8TAF3-5	0	0	0	0	0	2	0	0	0	0
Q8TAG5-2	32	0	0	0	0	0	0	0	0	0
Q8TAG6-2	37	0	0	0	0	0	0	0	0	0
Q8TAG9-2	25	0	0	0	0	0	0	0	0	0
Q8TAM6-2	13	13	0	0	13	0	0	0	0	0
Q8TAQ2-2	31	0	20	13	22	1	0	0	0	0
Q8TAQ2-3	31	0	20	13	22	1	0	0	0	0
Q8TAT6-2	57	0	0	0	0	0	0	0	0	0
Q8TAV4-2	6	0	0	0	0	0	0	0	0	0
Q8TB03-2	0	0	0	0	0	1	0	0	0	0
Q8TB03-3	32	0	0	0	0	1	0	0	0	0
Q8TB22-2	16	0	0	0	0	0	0	0	0	0
Q8TB22-3	0	0	0	0	0	1	0	0	0	0
Q8TB22-4	32	0	0	0	0	0	0	0	0	0
Q8TB36-2	0	0	0	0	0	1	0	0	0	0
Q8TB37-2	1	0	0	0	0	0	0	0	0	0
Q8TB45-2	0	0	0	0	0	1	0	1	1	1
Q8TB68-2	0	0	0	0	0	1	0	0	0	0
Q8TB72-2	0	0	0	0	0	1	0	0	0	0
Q8TB72-3	0	0	0	0	0	1	0	1	1	1
Q8TB72-4	0	0	0	0	0	2	0	1	1	1
Q8TB92-2	0	0	0	0	0	1	1	0	1	1
Q8TB92-4	14	1	0	0	1	0	0	0	0	0
Q8TB92-5	0	0	0	0	0	2	1	0	1	1
Q8TBA6-2	8	0	0	0	0	0	0	0	0	0
Q8TBC4-2	0	0	0	0	0	1	0	0	1	1
Q8TBC5-2	0	0	0	0	0	1	1	0	1	1
Q8TBC5-3	56	0	0	0	0	0	0	0	0	0
Q8TBC5-4	0	0	0	0	0	2	1	0	1	1
Q8TBF2-2	29	0	0	0	0	0	0	0	0	0
Q8TBF2-3	18	0	1	1	1	0	0	0	0	0
Q8TBF2-4	0	0	0	0	0	1	0	0	0	0
Q8TBF2-6	31	0	0	0	0	0	0	0	0	0
Q8TBF2-7	47	0	1	1	1	0	0	0	0	0
Q8TBG4-2	0	0	0	0	0	1	0	0	0	0
Q8TBG4-3	0	0	0	0	0	1	0	0	0	0
Q8TBG9-2	27	0	16	23	23	0	0	0	0	0
Q8TBM8-2	16	0	0	0	0	0	0	0	0	0
Q8TBX8-2	0	0	0	0	0	1	0	0	0	0
Q8TBX8-3	0	0	0	0	0	1	0	0	0	0
Q8TBZ3-2	17	0	0	0	0	0	0	0	0	0
Q8TBZ3-3	47	0	0	0	0	0	0	0	0	0
Q8TBZ3-4	0	0	0	0	0	2	0	0	0	0
Q8TBZ3-5	0	0	0	0	0	1	0	0	0	0
Q8TBZ3-6	17	0	0	0	0	1	0	0	0	0
Q8TBZ3-7	31	0	0	0	0	0	0	0	0	0
Q8TBZ3-8	2	0	0	0	0	0	0	0	0	0
Q8TC05-2	53	0	0	0	0	0	0	0	0	0
Q8TC05-3	20	0	0	0	0	0	0	0	0	0
Q8TC05-4	10	0	0	0	0	1	0	0	0	0
Q8TC07-2	0	0	0	0	0	1	0	1	1	1
Q8TC07-3	17	0	0	0	0	1	0	1	1	1
Q8TC12-2	0	0	0	0	0	1	0	0	0	0
Q8TC12-3	0	0	0	0	0	1	0	0	1	1
Q8TC26-2	14	0	0	0	0	0	0	0	0	0
Q8TC26-3	0	0	0	0	0	1	0	0	0	0
Q8TCA0-2	0	0	0	0	0	1	0	0	0	0
Q8TCA0-3	0	0	0	0	0	1	0	0	0	0
Q8TCC3-2	30	0	0	0	0	0	0	0	0	0
Q8TCC3-3	13	0	0	0	0	0	0	0	0	0
Q8TCD5-2	9	0	0	0	0	1	0	0	0	0
Q8TCE6-2	9	0	0	0	0	0	0	0	0	0
Q8TCF1-2	0	0	0	0	0	1	0	0	0	0
Q8TCF1-3	0	0	0	0	0	1	0	0	0	0
Q8TCF1-4	15	0	0	0	0	0	0	0	0	0
Q8TCG5-2	0	0	0	0	0	1	0	0	0	0
Q8TCG5-3	0	0	0	0	0	1	0	0	0	0
Q8TCT9-2	49	0	0	42	42	0	0	0	0	0
Q8TCT9-4	47	0	0	32	32	0	0	0	0	0
Q8TCT9-5	0	0	0	0	0	1	0	0	0	0
Q8TCU6-2	1	0	0	0	0	1	0	0	0	0
Q8TCU6-3	82	0	0	0	0	0	0	0	0	0
Q8TCZ2-2	0	0	0	0	0	1	0	0	0	0
Q8TCZ2-3	1	0	0	0	0	0	0	0	0	0
Q8TCZ2-4	102	0	0	0	0	0	0	0	0	0
Q8TCZ2-5	11	0	7	7	7	0	0	0	0	0
Q8TCZ2-6	0	0	0	0	0	1	0	0	0	0
Q8TD16-2	32	0	0	0	0	0	0	0	0	0
Q8TD30-2	0	0	0	0	0	1	0	0	0	0
Q8TD55-2	0	0	0	0	0	1	0	0	0	0
Q8TDB6-2	0	0	0	0	0	1	0	0	0	0
Q8TDC3-2	37	0	0	0	0	0	0	0	0	0
Q8TDF5-1	9	0	0	0	0	0	0	0	0	0
Q8TDF5-2	8	0	0	0	0	0	0	0	0	0
Q8TDH9-2	2	0	0	0	0	0	0	0	0	0
Q8TDH9-3	0	0	0	0	0	1	0	0	0	0
Q8TDJ6-2	0	0	0	0	0	1	0	0	0	0
Q8TDJ6-3	1	0	0	0	0	0	0	0	0	0
Q8TDN4-2	16	0	0	0	0	0	0	0	0	0
Q8TDN4-3	0	0	0	0	0	1	0	0	0	0
Q8TDN4-4	0	0	0	0	0	1	0	0	0	0
Q8TDR0-2	0	0	0	0	0	1	0	0	0	0
Q8TDW5-2	22	0	0	8	8	0	0	0	0	0
Q8TDW7-1	32	0	0	1	1	0	0	0	0	0
Q8TDW7-2	44	0	0	0	0	0	0	0	0	0
Q8TDX7-2	50	0	0	0	0	0	0	0	0	0
Q8TDY2-2	0	0	0	0	0	1	0	1	0	1
Q8TDY4-2	0	0	0	0	0	1	0	0	0	0
Q8TDY4-3	8	0	0	0	0	0	0	0	0	0
Q8TDZ2-2	0	0	0	0	0	1	0	0	0	0
Q8TDZ2-3	26	0	0	0	0	0	0	0	0	0
Q8TDZ2-4	19	0	0	0	0	0	0	0	0	0
Q8TE02-2	33	0	0	0	0	0	0	0	0	0
Q8TE02-3	26	0	0	0	0	0	0	0	0	0
Q8TE02-4	7	0	0	0	0	0	0	0	0	0
Q8TE49-2	7	0	7	7	7	0	0	0	0	0
Q8TEA7-2	0	0	0	0	0	1	0	0	0	0
Q8TEA7-3	1	0	0	0	0	0	0	0	0	0
Q8TEH3-2	27	0	0	0	0	0	0	0	0	0
Q8TEH3-3	2	0	0	0	0	0	0	0	0	0
Q8TEH3-4	29	0	0	0	0	0	0	0	0	0
Q8TEH3-5	39	0	0	0	0	0	0	0	0	0
Q8TEH3-6	53	0	4	0	4	0	0	0	0	0
Q8TEH3-7	44	0	4	0	4	1	0	0	0	0
Q8TEQ0-2	19	0	0	0	0	0	0	0	0	0
Q8TEW0-10	8	0	0	0	0	1	0	0	0	0
Q8TEW0-11	0	0	0	0	0	2	0	0	0	0
Q8TEW0-2	0	0	0	0	0	1	0	0	0	0
Q8TEW0-3	0	0	0	0	0	4	0	0	0	0
Q8TEW0-4	0	0	0	0	0	1	0	0	0	0
Q8TEW0-5	1	0	0	0	0	4	0	0	0	0
Q8TEW0-6	0	0	0	0	0	3	0	0	0	0
Q8TEW0-7	0	0	0	0	0	4	0	0	0	0
Q8TEW0-8	7	0	0	0	0	1	0	0	0	0
Q8TEW0-9	7	0	0	0	0	3	0	0	0	0
Q8TEW8-2	0	0	0	0	0	1	0	0	0	0
Q8TEW8-3	0	0	0	0	0	1	0	0	0	0
Q8TEW8-4	33	0	0	0	0	0	0	0	0	0
Q8TEW8-5	0	0	0	0	0	1	0	0	0	0
Q8TEW8-6	0	0	0	0	0	1	0	0	0	0
Q8TF05-2	1	0	0	0	0	0	0	0	0	0
Q8TF21-2	118	0	0	0	0	0	0	0	0	0
Q8TF39-2	13	0	0	0	0	0	0	0	0	0
Q8TF74-2	0	0	0	0	0	1	0	0	0	0
Q8WTV1-3	0	0	0	0	0	1	0	0	0	0
Q8WTV1-4	29	0	0	0	0	0	0	0	0	0
Q8WU76-2	0	0	0	0	0	1	0	0	0	0
Q8WU79-2	2	0	0	0	0	0	0	0	0	0
Q8WU79-3	0	0	0	0	0	1	0	0	0	0
Q8WU90-2	44	0	0	0	0	1	0	0	0	0
Q8WUB8-2	0	0	0	0	0	1	0	0	0	0
Q8WUB8-3	0	0	0	0	0	1	0	0	0	0
Q8WUD1-2	10	0	0	0	0	0	0	0	0	0
Q8WUF8-2	30	0	0	0	0	0	0	0	0	0
Q8WUF8-3	0	0	0	0	0	1	0	0	0	0
Q8WUF8-4	0	0	0	0	0	2	0	0	0	0
Q8WUM4-2	5	0	5	0	5	0	0	0	0	0
Q8WUM4-3	29	0	0	0	0	0	0	0	0	0
Q8WUR7-2	27	0	0	0	0	0	0	0	0	0
Q8WUR7-3	41	0	0	0	0	0	0	0	0	0
Q8WUW1-2	31	0	0	0	0	0	0	0	0	0
Q8WUX9-2	59	0	0	0	0	0	0	0	0	0
Q8WUY3-2	1	0	0	0	0	0	0	0	0	0
Q8WUY3-3	4	0	0	0	0	0	0	0	0	0
Q8WUY3-4	5	0	0	0	0	0	0	0	0	0
Q8WUY3-5	9	0	0	6	6	1	0	0	0	0
Q8WUZ0-2	66	0	0	0	0	0	0	0	0	0
Q8WV16-2	2	0	0	0	0	0	0	0	0	0
Q8WV16-3	1	0	0	0	0	1	0	0	0	0
Q8WV16-4	0	0	0	0	0	1	0	0	0	0
Q8WV16-5	1	0	0	0	0	1	0	0	0	0
Q8WVF1-2	0	0	0	0	0	1	0	0	0	0
Q8WVF1-3	0	0	0	0	0	1	0	0	1	1
Q8WVF1-4	48	0	0	0	0	1	0	0	1	1
Q8WVM8-2	0	0	0	0	0	1	0	0	0	0
Q8WVM8-3	0	0	0	0	0	1	0	0	0	0
Q8WVR3-2	31	0	0	0	0	2	0	0	0	0
Q8WVR3-3	35	0	0	0	0	1	0	0	0	0
Q8WVV9-3	15	0	0	0	0	0	0	0	0	0
Q8WVV9-2	11	0	3	3	3	0	0	0	0	0
Q8WVV9-4	2	0	0	0	0	0	0	0	0	0
Q8WVV9-5	1	0	0	0	0	0	0	0	0	0
Q8WVX3-2	133	0	0	0	0	0	0	0	0	0
Q8WW01-2	10	0	0	0	0	0	0	0	0	0
Q8WW12-2	12	0	0	0	0	0	0	0	0	0
Q8WW12-3	0	0	0	0	0	1	0	0	0	0
Q8WW22-2	29	0	0	0	0	0	0	0	0	0
Q8WW22-3	16	0	0	0	0	0	0	0	0	0
Q8WWI1-2	62	16	46	62	62	0	0	0	0	0
Q8WWI1-3	0	0	0	0	0	1	0	0	0	0
Q8WWI1-4	8	0	0	0	0	0	0	0	0	0
Q8WWI1-5	62	16	46	62	62	1	0	0	1	1
Q8WWI5-2	4	0	2	2	2	0	0	0	0	0
Q8WWI5-3	2	0	0	0	0	0	0	0	0	0
Q8WWL2-2	0	0	0	0	0	1	0	0	0	0
Q8WWL2-3	43	0	0	0	0	0	0	0	0	0
Q8WWL2-4	0	0	0	0	0	2	0	0	0	0
Q8WWM7-2	16	0	0	0	0	0	0	0	0	0
Q8WWM7-3	51	0	0	0	0	0	0	0	0	0
Q8WWM7-4	16	0	0	0	0	0	0	0	0	0
Q8WWM7-5	16	0	0	0	0	0	0	0	0	0
Q8WWM7-6	67	0	0	0	0	1	0	0	0	0
Q8WWM7-7	40	0	0	0	0	0	0	0	0	0
Q8WWM7-8	16	0	0	0	0	0	0	0	0	0
Q8WWM7-9	16	0	0	0	0	0	0	0	0	0
Q8WWN8-2	0	0	0	0	0	2	0	0	0	0
Q8WWV3-2	0	0	0	0	0	1	0	0	0	0
Q8WWV3-3	18	0	0	0	0	0	0	0	0	0
Q8WWY3-2	32	0	0	0	0	0	0	0	0	0
Q8WWY3-3	0	0	0	0	0	1	0	0	0	0
Q8WWY3-4	66	0	0	0	0	0	0	0	0	0
Q8WWZ7-2	4	0	0	0	0	0	0	0	0	0
Q8WWZ7-3	0	0	0	0	0	1	0	0	0	0
Q8WX92-2	48	0	0	12	12	0	0	0	0	0
Q8WX93-2	4	0	0	3	3	1	0	0	0	0
Q8WX93-3	0	0	0	0	0	1	0	0	0	0
Q8WX93-4	0	0	0	0	0	1	0	0	0	0
Q8WX93-5	0	0	0	0	0	1	0	0	0	0
Q8WX93-6	29	0	0	0	0	0	0	0	0	0
Q8WX93-7	0	0	0	0	0	1	0	0	0	0
Q8WX93-8	0	0	0	0	0	2	0	0	0	0
Q8WX93-9	21	0	0	3	3	1	0	0	0	0
Q8WXA3-1	49	0	0	0	0	0	0	0	0	0
Q8WXA3-3	35	0	0	17	17	0	0	0	0	0
Q8WXA3-4	34	0	11	18	18	1	0	0	1	1
Q8WXA3-5	33	0	11	18	18	2	0	0	1	1
Q8WXA9-2	116	0	0	11	11	0	0	0	0	0
Q8WXC6-1	196	11	0	28	29	0	0	0	0	0
Q8WXD2-2	0	0	0	0	0	1	0	0	0	0
Q8WXE0-2	0	0	0	0	0	1	0	0	0	0
Q8WXE9-3	49	0	0	0	0	0	0	0	0	0
Q8WXF1-2	7	0	0	0	0	0	0	0	0	0
Q8WXF7-2	0	0	0	0	0	1	0	0	0	0
Q8WXG6-2	1	0	1	0	1	1	0	0	0	0
Q8WXG6-3	1	0	1	0	1	3	0	0	0	0
Q8WXG6-4	1	0	1	0	1	2	0	1	1	1
Q8WXG6-5	1	0	1	0	1	3	0	1	1	1
Q8WXG6-6	8	0	4	3	4	3	0	1	1	1
Q8WXG6-7	7	0	3	3	3	0	0	0	0	0
Q8WXG6-8	1	0	1	0	1	4	0	1	1	1
Q8WXH0-13	1	0	0	0	0	0	0	0	0	0
Q8WXH0-3	0	0	0	0	0	1	0	0	0	0
Q8WXH0-4	0	0	0	0	0	1	0	0	0	0
Q8WXH0-8	16	0	0	0	0	0	0	0	0	0
Q8WXH0-10	0	0	0	0	0	2	0	0	0	0
Q8WXH0-11	4	0	0	0	0	0	0	0	0	0
Q8WXH0-12	23	0	0	0	0	1	0	0	0	0
Q8WXH0-2	23	0	0	0	0	1	0	0	0	0
Q8WXH0-5	37	0	0	0	0	1	0	0	0	0
Q8WXH0-6	14	0	0	0	0	2	0	0	0	0
Q8WXH0-7	23	0	0	0	0	1	0	0	0	0
Q8WXH0-9	2	0	0	0	0	0	0	0	0	0
Q8WXH2-2	54	0	0	0	0	1	0	0	0	0
Q8WXI2-4	0	0	0	0	0	1	0	0	1	1
Q8WXI2-5	0	0	0	0	0	1	0	0	1	1
Q8WXS3-1	35	0	0	0	0	0	0	0	0	0
Q8WXS3-3	40	0	0	0	0	0	0	0	0	0
Q8WXS3-4	27	0	0	0	0	0	0	0	0	0
Q8WXS3-5	19	0	0	0	0	0	0	0	0	0
Q8WXW3-2	0	0	0	0	0	1	0	0	0	0
Q8WXW3-3	3	0	0	0	0	0	0	0	0	0
Q8WXW3-4	0	0	0	0	0	1	0	0	0	0
Q8WY21-2	74	0	0	0	0	0	0	0	0	0
Q8WY21-3	55	0	0	0	0	0	0	0	0	0
Q8WY21-4	35	0	0	0	0	0	0	0	0	0
Q8WY36-2	0	0	0	0	0	1	0	0	0	0
Q8WY36-3	306	0	0	0	0	0	0	0	0	0
Q8WY54-3	23	0	0	0	0	0	0	0	0	0
Q8WY91-2	0	0	0	0	0	1	0	0	0	0
Q8WYA0-3	32	0	0	0	0	0	0	0	0	0
Q8WYA0-4	0	0	0	0	0	1	0	0	0	0
Q8WYA6-2	0	0	0	0	0	1	0	0	0	0
Q8WYA6-3	0	0	0	0	0	1	0	1	0	1
Q8WYA6-4	0	0	0	0	0	1	0	0	0	0
Q8WYL5-2	55	0	0	0	0	0	0	0	0	0
Q8WYL5-3	10	0	0	0	0	1	0	0	0	0
Q8WYL5-4	21	0	0	0	0	0	0	0	0	0
Q8WYL5-5	98	0	0	0	0	0	0	0	0	0
Q8WYP5-2	35	0	0	0	0	0	0	0	0	0
Q8WYP5-3	9	0	0	0	0	0	0	0	0	0
Q8WZ42-10	125	0	0	0	0	2	0	0	0	0
Q8WZ42-11	0	0	0	0	0	1	0	0	0	0
Q8WZ42-12	1641	0	0	0	0	0	0	0	0	0
Q8WZ42-13	134	0	0	0	0	0	0	0	0	0
Q8WZ42-2	0	0	0	0	0	1	0	0	0	0
Q8WZ42-3	0	0	0	0	0	2	0	0	0	0
Q8WZ42-4	22	0	0	0	0	1	0	0	0	0
Q8WZ42-5	0	0	0	0	0	5	0	0	0	0
Q8WZ42-6	2070	0	0	0	0	1	0	0	0	0
Q8WZ42-7	192	0	0	0	0	1	0	0	0	0
Q8WZ42-8	125	0	0	0	0	0	0	0	0	0
Q8WZ42-9	192	0	0	0	0	2	0	0	0	0
Q8WZ73-3	0	0	0	0	0	2	0	0	0	0
Q8WZ73-2	0	0	0	0	0	1	0	0	0	0
Q8WZA0-2	21	0	0	0	0	0	0	0	0	0
Q8WZA2-2	0	0	0	0	0	1	0	0	0	0
Q8WZA2-3	3	0	0	0	0	0	0	0	0	0
Q8WZA2-4	0	0	0	0	0	1	0	1	0	1
Q8WZA2-5	0	0	0	0	0	2	0	1	0	1
Q92499-2	9	0	0	0	0	1	0	0	0	0
Q92499-3	0	0	0	0	0	1	0	0	0	0
Q92529-2	25	0	0	0	0	0	0	0	0	0
Q92538-3	0	0	0	0	0	1	0	0	0	0
Q92538-2	1	0	0	0	0	1	0	0	0	0
Q92540-2	0	0	0	0	0	1	0	0	0	0
Q92540-4	121	0	0	11	11	1	0	0	0	0
Q92540-5	50	0	0	11	11	1	0	1	1	1
Q92542-2	8	0	0	8	8	0	0	0	0	0
Q92543-2	6	0	0	0	0	1	0	0	0	0
Q92551-2	0	0	0	0	0	1	0	0	0	0
Q92552-2	14	0	0	0	0	0	0	0	0	0
Q92556-2	0	0	0	0	0	1	0	0	0	0
Q92556-3	57	0	0	0	0	0	0	0	0	0
Q92563-2	14	0	0	0	0	0	0	0	0	0
Q92565-2	0	0	0	0	0	1	0	0	0	0
Q92574-2	0	0	0	0	0	1	0	0	0	0
Q92576-2	0	0	0	0	0	1	0	0	0	0
Q92581-1	0	0	0	0	0	1	0	0	0	0
Q92581-3	0	0	0	0	0	1	0	1	1	1
Q92597-2	0	0	0	0	0	1	0	0	0	0
Q92597-3	0	0	0	0	0	1	0	0	0	0
Q92598-2	0	0	0	0	0	1	0	0	0	0
Q92598-3	0	0	0	0	0	1	0	0	0	0
Q92598-4	37	0	0	0	0	0	0	0	0	0
Q92599-3	0	0	0	0	0	1	0	0	0	0
Q92599-4	11	0	11	11	11	1	0	0	0	0
Q92600-2	32	0	0	0	0	0	0	0	0	0
Q92600-3	14	0	0	0	0	0	0	0	0	0
Q92609-2	22	0	0	0	0	0	0	0	0	0
Q92614-2	1	0	0	0	0	0	0	0	0	0
Q92614-5	0	0	0	0	0	2	0	0	0	0
Q92614-3	0	0	0	0	0	2	0	0	0	0
Q92614-4	0	0	0	0	0	1	0	0	0	0
Q92619-2	45	0	0	0	0	0	0	0	0	0
Q92620-2	0	0	0	0	0	1	0	0	0	0
Q92625-2	10	0	0	0	0	1	0	0	0	0
Q92633-2	15	0	0	0	0	0	0	0	0	0
Q92643-2	0	0	0	0	0	1	0	0	0	0
Q92667-2	19	0	0	0	0	0	0	0	0	0
Q92734-2	0	0	0	0	0	1	0	0	0	0
Q92734-3	11	0	0	0	0	0	0	0	0	0
Q92734-4	11	0	0	0	0	1	0	0	0	0
Q92736-2	8	8	8	6	8	0	0	0	0	0
Q92747-2	43	0	0	0	0	0	0	0	0	0
Q92752-2	0	0	0	0	0	1	0	0	0	0
Q92766-2	55	0	0	0	0	0	0	0	0	0
Q92766-3	54	0	0	0	0	0	0	0	0	0
Q92766-4	47	0	0	0	0	0	0	0	0	0
Q92766-5	0	0	0	0	0	1	0	0	0	0
Q92766-6	8	0	0	0	0	0	0	0	0	0
Q92769-3	0	0	0	0	0	1	0	0	0	0
Q92777-2	21	0	16	16	16	0	0	0	0	0
Q92783-2	12	0	0	0	0	0	0	0	0	0
Q92785-2	0	0	0	0	0	1	0	0	0	0
Q92796-2	87	0	0	0	0	0	0	0	0	0
Q92796-3	47	0	0	0	0	1	0	0	0	0
Q92797-2	34	0	0	0	0	1	0	0	0	0
Q92802-2	89	0	0	0	0	0	0	0	0	0
Q92802-3	637	0	0	0	0	0	0	0	0	0
Q92823-2	8	0	0	0	0	0	0	0	0	0
Q92823-3	0	0	0	0	0	2	0	0	1	1
Q92823-4	0	0	0	0	0	3	1	0	1	2
Q92823-5	4	0	0	0	0	0	0	0	0	0
Q92823-6	0	0	0	0	0	2	0	0	0	0
Q92835-2	0	0	0	0	0	1	0	0	0	0
Q92835-3	8	0	0	0	0	0	0	0	0	0
Q92841-1	0	0	0	0	0	1	0	0	0	0
Q92841-2	2	0	0	0	0	1	0	0	0	0
Q92841-3	2	0	2	0	2	1	0	0	0	0
Q92844-2	3	0	0	0	0	0	0	0	0	0
Q92844-3	5	0	0	0	0	0	0	0	0	0
Q92845-2	1	0	0	0	0	0	0	0	0	0
Q92845-3	0	0	0	0	0	1	1	0	0	1
Q92845-4	24	0	0	0	0	0	0	0	0	0
Q92854-2	171	0	0	14	14	0	0	0	0	0
Q92859-2	0	0	0	0	0	1	0	0	0	0
Q92859-3	1	0	0	1	1	0	0	0	0	0
Q92859-4	0	0	0	0	0	1	0	0	0	0
Q92870-2	0	0	0	0	0	2	0	1	0	1
Q92870-3	0	0	0	0	0	1	0	0	0	0
Q92870-4	1	0	0	0	0	0	0	0	0	0
Q92878-2	10	0	0	0	0	0	0	0	0	0
Q92878-3	0	0	0	0	0	1	0	0	0	0
Q92879-2	0	0	0	0	0	1	0	0	0	0
Q92879-3	1	0	0	0	0	1	0	0	0	0
Q92879-4	27	0	0	0	0	1	0	0	0	0
Q92879-5	0	0	0	0	0	2	0	1	1	1
Q92879-6	0	0	0	0	0	1	0	0	0	0
Q92888-2	0	0	0	0	0	1	0	0	0	0
Q92888-3	15	0	0	0	0	0	0	0	0	0
Q92888-4	145	0	0	0	0	1	0	0	0	0
Q92890-1	36	0	0	0	0	0	0	0	0	0
Q92896-2	24	0	0	0	0	0	0	0	0	0
Q92896-3	24	0	0	0	0	1	0	0	0	0
Q92900-2	0	0	0	0	0	1	0	1	0	1
Q92925-2	38	0	0	0	0	1	0	0	0	0
Q92925-3	22	0	0	0	0	0	0	0	0	0
Q92932-2	0	0	0	0	0	1	0	0	0	0
Q92932-3	56	0	0	0	0	0	0	0	0	0
Q92932-4	0	0	0	0	0	1	0	0	0	0
Q92947-2	14	0	0	0	0	0	0	0	0	0
Q92973-2	0	0	0	0	0	1	0	0	0	0
Q92973-3	0	0	0	0	0	1	0	0	0	0
Q92974-2	0	0	0	0	0	1	0	0	0	0
Q92974-3	0	0	0	0	0	2	0	0	0	0
Q92990-2	12	0	0	0	0	0	0	0	0	0
Q92995-2	0	0	0	0	0	1	0	0	0	0
Q93008-3	16	0	2	3	3	0	0	0	0	0
Q93009-3	8	0	0	0	0	0	0	0	0	0
Q93015-2	22	20	0	1	20	0	0	0	0	0
Q93045-2	24	0	0	0	0	0	0	0	0	0
Q93050-1	0	0	0	0	0	1	0	0	0	0
Q93050-3	7	7	0	7	7	1	0	0	0	0
Q93062-3	42	0	0	0	0	0	0	0	0	0
Q93062-2	28	0	0	0	0	0	0	0	0	0
Q93062-4	11	0	0	0	0	0	0	0	0	0
Q93062-5	0	0	0	0	0	1	0	0	0	0
Q93084-1	50	0	0	0	0	0	0	0	0	0
Q93084-3	35	0	0	0	0	0	0	0	0	0
Q93084-4	0	0	0	0	0	1	0	0	0	0
Q93084-5	53	0	0	0	0	0	0	0	0	0
Q93084-6	50	0	0	0	0	0	0	0	0	0
Q93084-7	40	0	0	0	0	0	0	0	0	0
Q93100-4	41	0	27	37	41	0	0	0	0	0
Q93100-2	14	0	0	14	14	0	0	0	0	0
Q93100-3	27	0	27	23	27	0	0	0	0	0
Q969E2-2	0	0	0	0	0	1	0	0	0	0
Q969E2-3	1	0	0	0	0	0	0	0	0	0
Q969G3-2	20	0	0	0	0	0	0	0	0	0
Q969G3-3	0	0	0	0	0	1	0	0	0	0
Q969G3-4	0	0	0	0	0	1	0	0	0	0
Q969G3-5	20	0	0	0	0	1	0	0	0	0
Q969G3-6	20	0	0	0	0	1	0	0	0	0
Q969J3-2	0	0	0	0	0	1	0	0	0	0
Q969K3-2	1	0	0	0	0	0	0	0	0	0
Q969M7-2	42	0	0	0	0	0	0	0	0	0
Q969M7-3	0	0	0	0	0	1	0	0	0	0
Q969M7-4	3	0	0	0	0	0	0	0	0	0
Q969M7-5	31	0	0	0	0	0	0	0	0	0
Q969M7-6	0	0	0	0	0	1	0	0	0	0
Q969M7-7	14	0	0	0	0	0	0	0	0	0
Q969P0-2	70	0	0	0	0	0	0	0	0	0
Q969P0-3	0	0	0	0	0	1	0	0	0	0
Q969R2-2	0	0	0	0	0	1	0	0	0	0
Q969R2-3	45	0	0	0	0	1	0	0	0	0
Q969R2-4	0	0	0	0	0	2	0	0	0	0
Q969R2-5	0	0	0	0	0	2	0	0	0	0
Q969R2-6	23	0	0	0	0	0	0	0	0	0
Q969R8-2	9	0	0	0	0	0	0	0	0	0
Q969S2-2	0	0	0	0	0	1	0	0	0	0
Q969S2-3	0	0	0	0	0	1	1	0	0	1
Q969S2-4	0	0	0	0	0	1	0	0	0	0
Q969S9-2	0	0	0	0	0	1	0	0	0	0
Q969S9-3	0	0	0	0	0	1	0	0	0	0
Q969S9-4	2	0	0	0	0	0	0	0	0	0
Q969S9-5	10	0	0	0	0	0	0	0	0	0
Q969T7-2	0	0	0	0	0	1	1	0	0	1
Q969T9-2	0	0	0	0	0	1	1	0	0	1
Q969U6-2	11	0	0	0	0	0	0	0	0	0
Q969X5-2	0	0	0	0	0	1	0	0	0	0
Q969X5-3	78	0	0	0	0	0	0	0	0	0
Q969Y2-2	32	0	0	0	0	0	0	0	0	0
Q969Y2-3	0	0	0	0	0	1	0	0	0	0
Q969Y2-4	39	0	0	0	0	0	0	0	0	0
Q969Z0-2	0	0	0	0	0	1	0	0	0	0
Q969Z3-2	7	0	0	0	0	0	0	0	0	0
Q96A00-2	0	0	0	0	0	1	0	0	0	0
Q96A23-2	18	0	11	11	11	0	0	0	0	0
Q96A33-2	23	0	0	0	0	0	0	0	0	0
Q96A58-2	0	0	0	0	0	1	0	0	0	0
Q96A73-2	0	0	0	0	0	1	0	0	1	1
Q96A73-3	0	0	0	0	0	1	0	0	1	1
Q96A84-2	0	0	0	0	0	1	0	0	0	0
Q96A84-3	2	0	0	0	0	0	0	0	0	0
Q96AA8-2	16	0	0	0	0	1	0	0	0	0
Q96AA8-3	16	0	0	0	0	0	0	0	0	0
Q96AA8-4	16	0	0	0	0	1	0	0	0	0
Q96AB3-2	16	0	0	0	0	0	0	0	0	0
Q96AB3-3	0	0	0	0	0	1	0	0	0	0
Q96AC1-2	9	0	0	5	5	0	0	0	0	0
Q96AC1-3	7	0	0	5	5	0	0	0	0	0
Q96AC6-2	25	0	0	0	0	1	0	0	0	0
Q96AD5-2	0	0	0	0	0	1	0	0	0	0
Q96AE4-2	12	0	0	0	0	1	0	0	0	0
Q96AG3-2	0	0	0	0	0	1	0	0	0	0
Q96AG3-3	0	0	0	0	0	1	0	0	0	0
Q96AJ9-1	16	0	0	0	0	0	0	0	0	0
Q96AN5-2	0	0	0	0	0	1	0	0	0	0
Q96AN5-3	37	0	0	0	0	0	0	0	0	0
Q96AP0-2	0	0	0	0	0	1	0	0	0	0
Q96AP7-2	31	0	0	0	0	1	0	0	0	0
Q96AQ6-2	0	0	0	0	0	1	0	0	1	1
Q96AQ6-3	0	0	0	0	0	1	0	0	0	0
Q96AQ8-2	72	0	0	0	0	0	0	0	0	0
Q96AT9-2	18	0	0	0	0	1	0	0	0	0
Q96AT9-3	18	0	0	0	0	1	1	0	0	1
Q96AT9-4	0	0	0	0	0	1	0	0	0	0
Q96AT9-5	0	0	0	0	0	1	1	0	0	1
Q96AX9-10	24	0	0	0	0	1	0	0	0	0
Q96AX9-3	0	0	0	0	0	1	0	0	0	0
Q96AX9-4	0	0	0	0	0	1	0	0	0	0
Q96AX9-5	0	0	0	0	0	1	0	0	0	0
Q96AX9-6	0	0	0	0	0	1	0	0	0	0
Q96AX9-7	0	0	0	0	0	1	0	0	0	0
Q96AX9-8	3	0	0	0	0	0	0	0	0	0
Q96AY3-2	61	0	0	0	0	1	0	0	0	0
Q96B23-2	0	0	0	0	0	1	0	1	1	1
Q96B36-2	0	0	0	0	0	1	0	0	0	0
Q96B36-3	20	0	0	1	1	0	0	0	0	0
Q96B86-3	0	0	0	0	0	1	0	0	0	0
Q96B86-4	11	0	0	0	0	0	0	0	0	0
Q96B97-2	16	0	0	0	0	0	0	0	0	0
Q96B97-3	3	3	0	0	3	0	0	0	0	0
Q96BD5-2	9	0	0	0	0	0	0	0	0	0
Q96BD5-3	1	0	0	0	0	0	0	0	0	0
Q96BJ3-2	0	0	0	0	0	1	0	0	0	0
Q96BJ3-3	0	0	0	0	0	1	0	1	1	1
Q96BS2-2	25	0	0	0	0	0	0	0	0	0
Q96BS2-3	0	0	0	0	0	1	0	0	0	0
Q96BW5-2	0	0	0	0	0	1	0	0	0	0
Q96BY6-2	26	0	0	0	0	0	0	0	0	0
Q96BY6-3	34	0	0	0	0	0	0	0	0	0
Q96C12-2	0	0	0	0	0	1	0	0	0	0
Q96C12-3	0	0	0	0	0	1	0	0	0	0
Q96C12-4	83	0	0	0	0	0	0	0	0	0
Q96C24-2	11	0	0	0	0	0	0	0	0	0
Q96CD2-2	0	0	0	0	0	1	0	0	0	0
Q96CM8-2	25	0	0	0	0	0	0	0	0	0
Q96CM8-3	0	0	0	0	0	1	0	0	0	0
Q96CM8-4	0	0	0	0	0	1	0	0	0	0
Q96CN4-2	11	10	11	11	11	0	0	0	0	0
Q96CU9-2	0	0	0	0	0	1	0	0	0	0
Q96CU9-3	13	0	0	0	0	0	0	0	0	0
Q96CV9-2	0	0	0	0	0	1	1	1	0	1
Q96CV9-3	0	0	0	0	0	1	0	0	0	0
Q96CW1-2	0	0	0	0	0	1	0	0	0	0
Q96CW5-2	8	0	0	0	0	0	0	0	0	0
Q96CW5-3	41	0	0	0	0	0	0	0	0	0
Q96CW9-2	67	0	0	0	0	0	0	0	0	0
Q96D71-2	0	0	0	0	0	2	1	1	0	1
Q96D71-3	0	0	0	0	0	1	0	0	1	1
Q96D71-4	0	0	0	0	0	1	1	1	0	1
Q96DA6-2	0	0	0	0	0	1	0	0	0	0
Q96DB2-2	0	0	0	0	0	2	0	0	0	0
Q96DB5-2	0	0	0	0	0	1	0	0	0	0
Q96DB5-3	0	0	0	0	0	2	0	0	0	0
Q96DE0-2	87	0	0	0	0	1	0	0	0	0
Q96DE0-3	31	0	0	0	0	1	0	0	0	0
Q96DE0-4	87	0	0	0	0	0	0	0	0	0
Q96DH6-2	26	0	0	0	0	0	0	0	0	0
Q96DH6-3	10	0	0	0	0	1	0	0	0	0
Q96DI7-2	64	0	0	0	0	0	0	0	0	0
Q96DV4-2	0	0	0	0	0	1	0	0	0	0
Q96DZ1-2	0	0	0	0	0	1	0	0	0	0
Q96DZ1-3	0	0	0	0	0	1	0	0	0	0
Q96DZ9-2	0	0	0	0	0	1	0	0	1	1
Q96DZ9-3	1	0	0	0	0	1	0	0	1	1
Q96DZ9-4	0	0	0	0	0	1	0	0	0	0
Q96DZ9-5	0	0	0	0	0	1	0	0	0	0
Q96DZ9-6	0	0	0	0	0	1	0	0	0	0
Q96E11-2	17	0	0	0	0	0	0	0	0	0
Q96E11-3	0	0	0	0	0	1	0	0	0	0
Q96E11-4	17	0	0	0	0	0	0	0	0	0
Q96E11-5	5	0	0	0	0	0	0	0	0	0
Q96E11-6	12	0	0	0	0	0	0	0	0	0
Q96E11-7	12	0	0	0	0	1	0	0	0	0
Q96E11-8	0	0	0	0	0	1	0	0	0	0
Q96E52-2	27	0	0	0	0	0	0	0	0	0
Q96EB6-2	0	0	0	0	0	1	0	0	0	0
Q96ED9-2	0	0	0	0	0	1	0	0	0	0
Q96EI5-2	143	0	0	0	0	0	0	0	0	0
Q96EK7-2	3	0	0	0	0	0	0	0	0	0
Q96EK7-3	0	0	0	0	0	1	0	0	0	0
Q96EP0-3	9	0	0	0	0	0	0	0	0	0
Q96EP0-2	0	0	0	0	0	2	0	0	0	0
Q96EP5-2	29	0	0	0	0	0	0	0	0	0
Q96ER9-2	0	0	0	0	0	1	0	0	0	0
Q96EV2-2	19	0	0	0	0	0	0	0	0	0
Q96EV8-2	29	0	0	0	0	0	0	0	0	0
Q96EV8-3	0	0	0	0	0	1	0	0	0	0
Q96EY1-2	6	0	0	1	1	0	0	0	0	0
Q96EY1-3	31	0	0	1	1	0	0	0	0	0
Q96EY7-2	3	0	0	0	0	0	0	0	0	0
Q96F07-2	0	0	0	0	0	1	0	0	0	0
Q96F24-2	0	0	0	0	0	1	0	0	0	0
Q96F24-3	24	0	0	0	0	0	0	0	0	0
Q96F85-2	15	0	0	0	0	0	0	0	0	0
Q96FC7-2	9	0	0	0	0	0	0	0	0	0
Q96FC7-3	8	0	0	0	0	0	0	0	0	0
Q96FE5-2	0	0	0	0	0	1	0	0	0	0
Q96FE7-2	38	0	0	0	0	0	0	0	0	0
Q96FE7-3	0	0	0	0	0	1	0	0	0	0
Q96FE7-4	3	0	0	2	2	0	0	0	0	0
Q96FE7-5	0	0	0	0	0	1	0	0	0	0
Q96FH0-2	1	0	0	1	1	0	0	0	0	0
Q96FJ0-2	42	0	0	0	0	0	0	0	0	0
Q96FN4-2	0	0	0	0	0	1	0	0	0	0
Q96FT9-2	32	0	0	0	0	0	0	0	0	0
Q96FT9-3	11	0	0	0	0	0	0	0	0	0
Q96FT9-4	28	0	0	0	0	0	0	0	0	0
Q96FV2-2	5	0	0	0	0	0	0	0	0	0
Q96FV9-2	15	0	0	0	0	0	0	0	0	0
Q96FW1-2	152	0	0	0	0	0	0	0	0	0
Q96FX2-2	0	0	0	0	0	1	0	0	0	0
Q96G01-2	12	0	0	0	0	0	0	0	0	0
Q96G01-3	16	0	0	0	0	0	0	0	0	0
Q96G01-4	12	0	0	0	0	0	0	0	0	0
Q96G03-2	9	0	0	0	0	0	0	0	0	0
Q96G28-2	25	0	0	0	0	0	0	0	0	0
Q96G46-2	13	0	0	0	0	1	0	0	0	0
Q96G46-3	0	0	0	0	0	1	0	0	0	0
Q96G97-4	64	10	18	50	54	0	0	0	0	0
Q96G97-3	63	0	0	13	13	0	0	0	0	0
Q96GC5-3	18	0	0	0	0	0	0	0	0	0
Q96GJ1-2	31	0	0	0	0	0	0	0	0	0
Q96GJ1-3	0	0	0	0	0	1	0	0	0	0
Q96GM5-2	0	0	0	0	0	1	0	0	0	0
Q96GQ5-2	69	0	0	0	0	0	0	0	0	0
Q96GS6-2	51	0	0	0	0	0	0	0	0	0
Q96GS6-3	1	0	0	0	0	0	0	0	0	0
Q96GW7-2	23	0	0	0	0	0	0	0	0	0
Q96GX9-3	14	0	0	0	0	0	0	0	0	0
Q96GZ6-3	0	0	0	0	0	1	0	0	0	0
Q96GZ6-4	0	0	0	0	0	1	0	0	0	0
Q96GZ6-5	28	0	14	16	16	1	0	0	0	0
Q96GZ6-6	28	0	14	16	16	1	0	0	0	0
Q96GZ6-7	85	0	14	16	16	0	0	0	0	0
Q96GZ6-8	28	0	14	16	16	1	0	0	0	0
Q96GZ6-9	28	0	14	16	16	0	0	0	0	0
Q96H20-2	0	0	0	0	0	1	0	0	0	0
Q96HB5-4	71	11	0	0	11	0	0	0	0	0
Q96HB5-2	0	0	0	0	0	1	0	0	0	0
Q96HB5-3	36	11	0	0	11	0	0	0	0	0
Q96HB5-5	36	11	0	0	11	1	0	0	0	0
Q96HC4-3	45	0	0	0	0	0	0	0	0	0
Q96HC4-2	37	0	0	0	0	1	0	0	1	1
Q96HC4-4	0	0	0	0	0	1	0	0	1	1
Q96HC4-5	88	0	0	0	0	0	0	0	0	0
Q96HC4-6	139	0	0	0	0	1	0	0	1	1
Q96HC4-7	6	0	0	0	0	1	0	0	1	1
Q96HD1-2	69	0	0	0	0	0	0	0	0	0
Q96HH9-2	72	0	0	0	0	0	0	0	0	0
Q96HH9-3	41	0	0	0	0	0	0	0	0	0
Q96HH9-4	11	0	0	0	0	0	0	0	0	0
Q96HH9-5	0	0	0	0	0	1	0	0	0	0
Q96HJ9-2	364	0	155	162	194	0	0	0	0	0
Q96HN2-2	0	0	0	0	0	1	0	1	1	1
Q96HN2-3	17	0	0	0	0	0	0	0	0	0
Q96HN2-4	18	2	0	0	2	0	0	0	0	0
Q96HR8-2	44	0	0	0	0	0	0	0	0	0
Q96HS1-2	15	0	0	0	0	0	0	0	0	0
Q96HY6-2	49	0	0	0	0	0	0	0	0	0
Q96I15-2	7	0	0	0	0	0	0	0	0	0
Q96I24-2	3	0	0	0	0	1	0	0	0	0
Q96I59-2	0	0	0	0	0	1	0	0	0	0
Q96I99-2	44	0	0	0	0	0	0	0	0	0
Q96IG2-2	0	0	0	0	0	1	0	0	0	0
Q96II8-2	67	0	0	0	0	0	0	0	0	0
Q96II8-3	2	0	0	0	0	0	0	0	0	0
Q96II8-4	0	0	0	0	0	2	0	0	0	0
Q96IJ6-2	53	0	0	1	1	0	0	0	0	0
Q96IK1-2	7	0	0	0	0	0	0	0	0	0
Q96IU4-2	30	0	0	0	0	0	0	0	0	0
Q96IV0-2	28	0	7	0	7	0	0	0	0	0
Q96IV0-3	21	0	0	0	0	0	0	0	0	0
Q96IV0-4	0	0	0	0	0	1	0	1	0	1
Q96IV0-5	0	0	0	0	0	1	0	0	0	0
Q96IZ7-2	0	0	0	0	0	1	0	0	0	0
Q96J01-2	29	0	0	0	0	0	0	0	0	0
Q96J42-2	0	0	0	0	0	1	0	0	0	0
Q96JA1-2	25	0	0	0	0	0	0	0	0	0
Q96JB2-2	1	0	0	0	0	0	0	0	0	0
Q96JB5-2	23	0	0	0	0	0	0	0	0	0
Q96JB5-3	0	0	0	0	0	1	0	0	0	0
Q96JB5-4	26	0	0	0	0	0	0	0	0	0
Q96JC1-2	1	0	0	0	0	0	0	0	0	0
Q96JE9-3	0	0	0	0	0	1	0	1	1	1
Q96JG6-2	13	0	0	0	0	0	0	0	0	0
Q96JG6-3	3	0	0	0	0	0	0	0	0	0
Q96JG8-3	63	0	0	0	0	0	0	0	0	0
Q96JG8-4	16	0	0	0	0	0	0	0	0	0
Q96JI7-2	6	0	0	0	0	0	0	0	0	0
Q96JI7-3	1	0	0	0	0	0	0	0	0	0
Q96JJ3-3	0	0	0	0	0	1	0	0	0	0
Q96JJ7-2	2	0	0	0	0	0	0	0	0	0
Q96JK2-2	0	0	0	0	0	1	0	0	0	0
Q96JK2-3	0	0	0	0	0	1	0	0	0	0
Q96JN2-2	36	0	0	0	0	0	0	0	0	0
Q96JN2-3	50	4	0	0	4	2	0	0	0	0
Q96JN2-4	36	0	0	0	0	0	0	0	0	0
Q96JN8-2	0	0	0	0	0	1	0	0	0	0
Q96JX3-2	56	0	0	0	0	0	0	0	0	0
Q96JX3-3	5	0	0	0	0	0	0	0	0	0
Q96JY6-2	64	0	0	0	0	0	0	0	0	0
Q96JY6-3	39	0	0	0	0	0	0	0	0	0
Q96JY6-4	17	0	0	0	0	1	0	0	0	0
Q96JY6-5	250	0	0	0	0	0	0	0	0	0
Q96K17-2	0	0	0	0	0	1	0	0	0	0
Q96K17-3	22	0	0	0	0	0	0	0	0	0
Q96K21-3	0	0	0	0	0	1	0	0	1	1
Q96K21-2	73	0	0	0	0	0	0	0	0	0
Q96K21-4	0	0	0	0	0	1	0	0	0	0
Q96K76-2	0	0	0	0	0	1	0	0	0	0
Q96K76-3	0	0	0	0	0	1	0	0	0	0
Q96K76-4	0	0	0	0	0	1	1	0	1	1
Q96KG7-2	2	0	0	0	0	0	0	0	0	0
Q96KG9-4	32	0	0	0	0	0	0	0	0	0
Q96KG9-2	0	0	0	0	0	1	0	1	0	1
Q96KG9-3	0	0	0	0	0	2	0	0	0	0
Q96KG9-5	21	0	0	0	0	0	0	0	0	0
Q96KG9-6	107	0	0	0	0	0	0	0	0	0
Q96KN4-2	199	0	0	0	0	0	0	0	0	0
Q96KP4-2	0	0	0	0	0	1	0	0	0	0
Q96KQ7-2	0	0	0	0	0	1	0	0	0	0
Q96KQ7-3	8	0	0	0	0	0	0	0	0	0
Q96KR7-2	0	0	0	0	0	1	0	0	0	0
Q96KR7-3	0	0	0	0	0	2	0	0	0	0
Q96KR7-4	32	0	0	9	9	1	0	0	0	0
Q96L34-2	61	0	43	41	55	0	0	0	0	0
Q96L91-2	0	0	0	0	0	1	0	0	0	0
Q96L91-3	0	0	0	0	0	2	0	0	0	0
Q96L91-4	1	0	0	0	0	1	0	0	0	0
Q96L91-5	0	0	0	0	0	1	0	0	0	0
Q96L92-2	12	0	0	0	0	0	0	0	0	0
Q96L92-3	2	0	0	0	0	0	0	0	0	0
Q96L93-6	0	0	0	0	0	1	0	0	0	0
Q96L93-2	220	8	0	0	8	0	0	0	0	0
Q96L93-4	0	0	0	0	0	1	0	0	0	0
Q96L93-5	0	0	0	0	0	1	0	0	0	0
Q96LB3-2	18	0	0	0	0	0	0	0	0	0
Q96LC7-2	0	0	0	0	0	1	0	0	0	0
Q96LC7-3	0	0	0	0	0	1	0	0	0	0
Q96LC7-4	0	0	0	0	0	1	0	0	0	0
Q96LC7-5	39	0	0	0	0	0	0	0	0	0
Q96LC7-6	0	0	0	0	0	2	0	0	0	0
Q96LC7-7	0	0	0	0	0	2	0	0	0	0
Q96LC7-8	1	0	0	0	0	2	0	0	0	0
Q96LC7-9	0	0	0	0	0	2	0	0	0	0
Q96LD4-2	0	0	0	0	0	1	0	0	1	1
Q96LT7-2	1	0	0	0	0	0	0	0	0	0
Q96LZ7-2	321	0	0	0	0	0	0	0	0	0
Q96LZ7-3	13	0	0	0	0	0	0	0	0	0
Q96LZ7-4	5	0	0	0	0	0	0	0	0	0
Q96M27-2	30	0	0	0	0	0	0	0	0	0
Q96M27-3	29	0	0	0	0	0	0	0	0	0
Q96M27-4	1	0	0	0	0	0	0	0	0	0
Q96M27-5	42	0	0	0	0	0	0	0	0	0
Q96M96-2	14	0	0	0	0	1	0	0	0	0
Q96M96-3	14	0	0	0	0	0	0	0	0	0
Q96MC5-2	18	0	0	0	0	0	0	0	0	0
Q96ME7-2	0	0	0	0	0	1	0	0	0	0
Q96ME7-3	0	0	0	0	0	2	1	0	0	1
Q96MG8-2	54	0	0	0	0	0	0	0	0	0
Q96MU7-2	0	0	0	0	0	1	0	0	0	0
Q96MW1-2	11	0	0	0	0	0	0	0	0	0
Q96MY1-2	17	0	0	0	0	0	0	0	0	0
Q96MZ0-2	23	0	0	0	0	0	0	0	0	0
Q96MZ0-4	19	0	0	0	0	0	0	0	0	0
Q96N03-2	0	0	0	0	0	1	0	0	0	0
Q96N03-3	85	0	0	0	0	0	0	0	0	0
Q96N16-2	226	13	39	90	113	0	0	0	0	0
Q96N16-3	58	0	0	0	0	0	0	0	0	0
Q96N16-4	69	0	0	33	33	0	0	0	0	0
Q96N16-5	226	13	39	90	113	2	0	0	0	0
Q96N16-6	0	0	0	0	0	2	0	0	0	0
Q96N16-7	0	0	0	0	0	1	0	0	0	0
Q96N67-2	3	0	0	0	0	1	0	0	0	0
Q96N67-3	0	0	0	0	0	2	0	0	0	0
Q96N67-4	3	0	0	0	0	2	0	0	0	0
Q96N67-5	0	0	0	0	0	1	0	0	0	0
Q96N67-6	0	0	0	0	0	1	0	0	0	0
Q96N67-7	26	0	0	0	0	0	0	0	0	0
Q96N96-2	14	5	0	0	5	0	0	0	0	0
Q96N96-3	39	0	0	0	0	0	0	0	0	0
Q96N96-4	73	0	0	0	0	1	0	0	0	0
Q96N96-5	0	0	0	0	0	2	0	0	0	0
Q96N96-6	625	0	41	84	91	0	0	0	0	0
Q96NA8-2	0	0	0	0	0	1	0	0	0	0
Q96NG3-2	78	0	0	0	0	1	0	0	0	0
Q96NL0-2	0	0	0	0	0	2	1	1	1	1
Q96NL0-3	0	0	0	0	0	2	1	1	1	1
Q96NL0-4	0	0	0	0	0	2	1	1	2	2
Q96NL0-5	0	0	0	0	0	1	0	0	1	1
Q96NN9-2	6	0	0	0	0	1	0	1	1	1
Q96NN9-3	0	0	0	0	0	1	0	1	1	1
Q96NT0-2	79	0	0	0	0	0	0	0	0	0
Q96NW7-2	0	0	0	0	0	1	0	0	0	0
Q96NW7-3	2	0	0	0	0	0	0	0	0	0
Q96NX5-2	13	0	0	0	0	0	0	0	0	0
Q96NY7-2	0	0	0	0	0	1	0	0	0	0
Q96P16-3	14	0	0	0	0	0	0	0	0	0
Q96P47-2	10	0	0	0	0	0	0	0	0	0
Q96P47-3	17	0	5	17	17	0	0	0	0	0
Q96P47-4	36	0	0	0	0	0	0	0	0	0
Q96P47-5	0	0	0	0	0	2	0	0	0	0
Q96P47-6	53	0	5	17	17	0	0	0	0	0
Q96P48-1	8	0	0	0	0	0	0	0	0	0
Q96P48-2	8	0	0	0	0	1	0	0	0	0
Q96P48-3	0	0	0	0	0	1	0	0	0	0
Q96P48-4	0	0	0	0	0	1	0	0	0	0
Q96P48-5	6	0	0	0	0	1	0	0	0	0
Q96P48-7	0	0	0	0	0	3	0	0	0	0
Q96P50-1	1	0	0	0	0	1	0	0	0	0
Q96P50-4	0	0	0	0	0	1	0	0	0	0
Q96P71-2	0	0	0	0	0	1	0	0	0	0
Q96P71-3	22	0	0	0	0	0	0	0	0	0
Q96PB7-3	22	0	0	0	0	0	0	0	0	0
Q96PB7-2	15	0	0	0	0	1	0	0	0	0
Q96PB7-4	37	0	0	0	0	1	0	0	0	0
Q96PB7-5	0	0	0	0	0	1	0	0	0	0
Q96PB7-6	15	0	0	0	0	2	0	0	0	0
Q96PC5-10	34	0	0	0	0	0	0	0	0	0
Q96PC5-12	17	0	0	0	0	0	0	0	0	0
Q96PC5-7	12	0	0	0	0	0	0	0	0	0
Q96PC5-8	12	0	0	0	0	1	0	0	1	1
Q96PC5-11	0	0	0	0	0	1	0	0	0	0
Q96PC5-13	5	0	0	0	0	1	0	0	0	0
Q96PC5-14	8	0	0	0	0	0	0	0	0	0
Q96PC5-2	18	0	0	0	0	1	0	0	0	0
Q96PC5-5	0	0	0	0	0	2	0	0	1	1
Q96PC5-6	8	0	0	0	0	3	0	0	0	0
Q96PC5-9	0	0	0	0	0	1	0	0	0	0
Q96PD5-2	84	0	0	0	0	0	0	0	0	0
Q96PE3-2	1	0	0	0	0	0	0	0	0	0
Q96PE3-3	0	0	0	0	0	1	0	1	0	1
Q96PE3-4	60	5	0	9	14	0	0	0	0	0
Q96PE5-2	2	0	0	0	0	0	0	0	0	0
Q96PE5-3	0	0	0	0	0	1	0	0	0	0
Q96PE5-4	0	0	0	0	0	1	0	0	0	0
Q96PK6-2	6	0	0	0	0	0	0	0	0	0
Q96PK6-3	6	0	0	0	0	0	0	0	0	0
Q96PK6-4	7	0	0	0	0	0	0	0	0	0
Q96PK6-5	204	0	0	0	0	0	0	0	0	0
Q96PM5-4	9	0	0	0	0	0	0	0	0	0
Q96PM5-2	0	0	0	0	0	1	0	0	0	0
Q96PM5-5	8	0	0	0	0	0	0	0	0	0
Q96PM5-6	6	0	0	0	0	0	0	0	0	0
Q96PM5-7	0	0	0	0	0	1	0	0	0	0
Q96PM5-8	0	0	0	0	0	2	0	0	0	0
Q96PR1-2	36	0	0	0	0	0	0	0	0	0
Q96PR1-3	17	0	0	0	0	0	0	0	0	0
Q96PR1-4	17	0	0	0	0	0	0	0	0	0
Q96PR1-5	0	0	0	0	0	1	0	0	0	0
Q96PR1-6	21	0	0	0	0	0	0	0	0	0
Q96PU5-2	0	0	0	0	0	1	0	0	0	0
Q96PU5-3	0	0	0	0	0	1	0	0	0	0
Q96PU5-4	0	0	0	0	0	1	0	0	1	1
Q96PU5-5	0	0	0	0	0	1	0	0	0	0
Q96PU5-6	7	0	0	0	0	1	0	0	0	0
Q96PU5-7	7	0	0	0	0	0	0	0	0	0
Q96PU5-9	0	0	0	0	0	2	0	0	1	1
Q96PU8-6	14	13	0	0	13	0	0	0	0	0
Q96PU8-9	7	7	0	0	7	0	0	0	0	0
Q96PU8-3	0	0	0	0	0	1	0	0	1	1
Q96PU8-5	14	13	0	0	13	1	0	0	1	1
Q96PU8-8	7	0	0	0	0	0	0	0	0	0
Q96PV0-2	18	18	18	16	18	0	0	0	0	0
Q96PV0-3	35	0	0	0	0	0	0	0	0	0
Q96PV0-4	4	0	4	4	4	0	0	0	0	0
Q96PX1-2	0	0	0	0	0	1	0	0	0	0
Q96PY5-3	36	0	0	11	11	0	0	0	0	0
Q96PY6-2	0	0	0	0	0	1	0	0	0	0
Q96PY6-3	28	0	0	5	5	0	0	0	0	0
Q96PY6-4	0	0	0	0	0	2	0	0	0	0
Q96PY6-5	6	0	0	0	0	0	0	0	0	0
Q96PY6-6	28	0	0	5	5	1	0	0	0	0
Q96PZ0-2	7	0	0	0	0	0	0	0	0	0
Q96Q05-2	98	0	0	0	0	0	0	0	0	0
Q96Q05-3	0	0	0	0	0	1	0	0	0	0
Q96Q11-2	0	0	0	0	0	1	0	0	0	0
Q96Q11-3	8	0	0	0	0	0	0	0	0	0
Q96Q15-2	0	0	0	0	0	1	0	0	0	0
Q96Q15-3	0	0	0	0	0	1	0	0	0	0
Q96Q15-4	0	0	0	0	0	1	0	0	0	0
Q96Q42-2	19	0	0	0	0	1	0	0	0	0
Q96Q42-3	15	0	0	0	0	0	0	0	0	0
Q96Q83-2	45	0	0	0	0	0	0	0	0	0
Q96QB1-1	9	0	0	0	0	0	0	0	0	0
Q96QB1-3	43	0	0	0	0	0	0	0	0	0
Q96QB1-4	0	0	0	0	0	1	0	0	0	0
Q96QB1-5	11	0	0	0	0	0	0	0	0	0
Q96QB1-6	41	0	4	2	4	0	0	0	0	0
Q96QF0-7	16	0	0	0	0	1	0	0	0	0
Q96QF0-2	0	0	0	0	0	1	0	0	0	0
Q96QF0-3	18	0	0	0	0	1	0	0	0	0
Q96QF0-4	18	0	0	0	0	0	0	0	0	0
Q96QF0-5	8	0	0	0	0	1	0	0	0	0
Q96QF0-6	8	0	0	0	0	0	0	0	0	0
Q96QF0-8	0	0	0	0	0	1	0	0	0	0
Q96QG7-2	0	0	0	0	0	1	0	0	0	0
Q96QZ7-2	1	0	0	0	0	1	0	0	0	0
Q96QZ7-3	13	0	0	0	0	1	0	0	0	0
Q96QZ7-4	14	0	0	0	0	2	0	0	0	0
Q96QZ7-5	48	14	29	0	43	1	0	0	0	0
Q96QZ7-6	1	0	0	0	0	1	1	0	1	1
Q96QZ7-7	40	0	0	0	0	0	0	0	0	0
Q96RD6-1	12	0	0	0	0	0	0	0	0	0
Q96RD6-2	12	0	0	0	0	1	0	0	0	0
Q96RD7-2	0	0	0	0	0	1	0	0	0	0
Q96RF0-2	77	0	20	40	40	0	0	0	0	0
Q96RG2-2	7	0	0	0	0	0	0	0	0	0
Q96RG2-4	32	0	0	0	0	0	0	0	0	0
Q96RK4-2	14	0	0	0	0	0	0	0	0	0
Q96RK4-3	0	0	0	0	0	1	0	0	0	0
Q96RL1-2	0	0	0	0	0	1	0	0	0	0
Q96RL1-3	0	0	0	0	0	1	0	0	0	0
Q96RL1-4	23	0	0	0	0	1	0	0	0	0
Q96RL1-5	29	0	0	0	0	0	0	0	0	0
Q96RL7-2	32	0	0	1	1	0	0	0	0	0
Q96RL7-3	0	0	0	0	0	1	0	0	0	0
Q96RL7-4	6	0	0	0	0	0	0	0	0	0
Q96RP9-2	19	0	0	0	0	0	0	0	0	0
Q96RR4-2	1	0	0	0	0	0	0	0	0	0
Q96RR4-3	22	0	0	0	0	0	0	0	0	0
Q96RR4-4	0	0	0	0	0	1	0	0	0	0
Q96RR4-5	22	0	0	0	0	1	0	0	0	0
Q96RR4-6	1	0	0	0	0	1	0	0	0	0
Q96RR4-7	24	0	18	16	18	0	0	0	0	0
Q96RS6-2	9	0	0	0	0	0	0	0	0	0
Q96RS6-3	3	0	0	0	0	0	0	0	0	0
Q96RT1-2	0	0	0	0	0	1	0	0	0	0
Q96RT1-3	0	0	0	0	0	2	0	0	0	0
Q96RT1-4	0	0	0	0	0	2	0	0	0	0
Q96RT1-5	0	0	0	0	0	1	0	0	0	0
Q96RT1-6	0	0	0	0	0	2	0	0	0	0
Q96RT1-7	0	0	0	0	0	1	0	0	0	0
Q96RT1-8	48	0	0	0	0	0	0	0	0	0
Q96RT1-9	0	0	0	0	0	2	0	0	0	0
Q96RT7-2	0	0	0	0	0	1	0	0	0	0
Q96RT7-3	0	0	0	0	0	2	0	0	0	0
Q96RU3-2	6	6	0	0	6	1	0	1	0	1
Q96RU3-3	6	6	0	0	6	1	0	0	0	0
Q96RU3-4	0	0	0	0	0	1	0	0	0	0
Q96RU3-5	0	0	0	0	0	1	0	1	0	1
Q96S19-2	76	0	0	0	0	0	0	0	0	0
Q96S19-3	0	0	0	0	0	1	0	0	0	0
Q96S19-4	62	0	0	0	0	0	0	0	0	0
Q96S19-5	21	0	0	0	0	0	0	0	0	0
Q96S19-6	62	0	0	0	0	0	0	0	0	0
Q96S38-2	0	0	0	0	0	1	0	0	0	0
Q96S53-2	0	0	0	0	0	1	0	0	0	0
Q96S53-3	0	0	0	0	0	1	0	0	0	0
Q96S59-2	0	0	0	0	0	1	0	0	0	0
Q96S59-3	0	0	0	0	0	1	0	0	0	0
Q96S66-2	0	0	0	0	0	1	1	0	0	1
Q96S66-3	0	0	0	0	0	1	0	0	0	0
Q96S66-4	0	0	0	0	0	1	0	0	0	0
Q96S90-2	11	0	0	0	0	0	0	0	0	0
Q96SB4-3	171	0	0	0	0	0	0	0	0	0
Q96SB4-4	8	0	0	0	0	0	0	0	0	0
Q96SN8-2	0	0	0	0	0	1	0	0	0	0
Q96SN8-3	0	0	0	0	0	1	0	0	0	0
Q96SN8-4	0	0	0	0	0	1	0	0	0	0
Q96ST2-2	0	0	0	0	0	1	0	0	0	0
Q96ST2-3	0	0	0	0	0	1	0	0	0	0
Q96SU4-2	0	0	0	0	0	1	0	0	0	0
Q96SU4-3	7	0	0	0	0	1	0	0	0	0
Q96SU4-4	0	0	0	0	0	1	0	0	0	0
Q96SU4-5	0	0	0	0	0	2	0	0	0	0
Q96SU4-6	23	0	2	2	2	1	0	0	0	0
Q96SU4-7	0	0	0	0	0	1	0	0	0	0
Q96SW2-2	0	0	0	0	0	1	0	0	0	0
Q96T17-2	41	0	0	0	0	0	0	0	0	0
Q96T17-3	37	0	0	0	0	0	0	0	0	0
Q96T17-4	0	0	0	0	0	1	0	0	1	1
Q96T17-5	0	0	0	0	0	2	0	1	0	1
Q96T21-2	27	0	0	0	0	0	0	0	0	0
Q96T21-3	0	0	0	0	0	1	0	0	0	0
Q96T23-2	0	0	0	0	0	1	0	0	0	0
Q96T23-3	0	0	0	0	0	1	0	0	0	0
Q96T37-2	2	0	2	0	2	0	0	0	0	0
Q96T37-3	14	0	0	0	0	0	0	0	0	0
Q96T37-4	2	0	2	0	2	1	0	0	0	0
Q96T49-2	0	0	0	0	0	1	0	0	0	0
Q96T51-2	0	0	0	0	0	1	0	0	0	0
Q96T51-3	55	0	0	2	2	1	0	0	1	1
Q96T66-2	0	0	0	0	0	1	0	0	0	0
Q96T66-3	0	0	0	0	0	1	0	0	0	0
Q96T76-5	0	0	0	0	0	1	0	0	0	0
Q96T76-6	3	0	0	0	0	0	0	0	0	0
Q96T76-7	7	0	0	0	0	0	0	0	0	0
Q96T76-8	21	0	0	0	0	0	0	0	0	0
Q96T76-9	0	0	0	0	0	1	0	0	0	0
Q96TA1-2	3	0	0	0	0	0	0	0	0	0
Q96TA2-2	0	0	0	0	0	1	0	0	0	0
Q96TA2-3	0	0	0	0	0	2	0	0	0	0
Q96TC7-2	0	0	0	0	0	1	0	0	0	0
Q99081-3	24	0	0	0	0	0	0	0	0	0
Q99081-2	19	0	0	0	0	1	0	0	0	0
Q99081-4	38	0	0	0	0	0	0	0	0	0
Q99250-2	1	0	0	0	0	0	0	0	0	0
Q99259-3	8	0	0	0	0	0	0	0	0	0
Q99259-4	49	0	0	0	0	0	0	0	0	0
Q99418-2	0	0	0	0	0	1	0	0	0	0
Q99426-2	0	0	0	0	0	1	0	0	1	1
Q99435-2	23	0	0	0	0	0	0	0	0	0
Q99435-3	50	0	0	0	0	0	0	0	0	0
Q99435-4	11	0	0	0	0	0	0	0	0	0
Q99436-2	7	0	0	0	0	0	0	0	0	0
Q99447-2	0	0	0	0	0	1	0	0	0	0
Q99447-3	18	0	0	0	0	0	0	0	0	0
Q99447-4	0	0	0	0	0	1	0	0	0	0
Q99460-2	0	0	0	0	0	1	0	0	0	0
Q99471-2	7	0	0	0	0	0	0	0	0	0
Q99471-3	0	0	0	0	0	1	0	0	0	0
Q99489-2	0	0	0	0	0	1	0	0	0	0
Q99489-3	28	0	0	0	0	0	0	0	0	0
Q99489-4	28	0	0	0	0	1	0	0	0	0
Q99490-2	47	0	0	0	0	1	0	0	0	0
Q99496-2	0	0	0	0	0	1	0	0	0	0
Q99501-3	37	0	0	0	0	0	0	0	0	0
Q99501-4	0	0	0	0	0	1	0	0	0	0
Q99523-2	1	0	0	0	0	1	0	0	0	0
Q99536-2	0	0	0	0	0	1	0	0	0	0
Q99536-3	0	0	0	0	0	1	0	0	0	0
Q99543-2	0	0	0	0	0	1	0	0	0	0
Q99549-2	48	0	0	0	0	0	0	0	0	0
Q99569-2	0	0	0	0	0	1	0	0	0	0
Q99572-2	15	0	0	0	0	0	0	0	0	0
Q99572-3	7	0	0	0	0	0	0	0	0	0
Q99572-4	6	0	0	0	0	0	0	0	0	0
Q99572-5	15	0	0	0	0	1	0	0	0	0
Q99572-6	2	0	0	0	0	0	0	0	0	0
Q99572-7	22	0	0	0	0	0	0	0	0	0
Q99572-8	7	0	0	0	0	0	0	0	0	0
Q99576-3	102	0	0	57	57	0	0	0	0	0
Q99576-5	0	0	0	0	0	1	1	0	0	1
Q99578-2	11	0	0	0	0	0	0	0	0	0
Q99615-2	0	0	0	0	0	1	0	0	0	0
Q99623-2	0	0	0	0	0	1	0	0	0	0
Q99627-2	0	0	0	0	0	1	0	0	0	0
Q99633-2	0	0	0	0	0	1	0	0	0	0
Q99674-2	18	0	0	0	0	0	0	0	0	0
Q99674-3	60	0	0	0	0	1	0	0	0	0
Q99683-2	0	0	0	0	0	1	0	0	0	0
Q99685-2	10	0	0	10	10	1	0	0	0	0
Q99698-2	8	0	0	0	0	0	0	0	0	0
Q99698-3	11	0	0	0	0	0	0	0	0	0
Q99700-5	1	0	0	0	0	2	0	0	0	0
Q99700-2	16	0	0	0	0	0	0	0	0	0
Q99700-3	19	0	0	0	0	0	0	0	0	0
Q99707-2	0	0	0	0	0	1	0	0	0	0
Q99714-2	0	0	0	0	0	1	0	0	0	0
Q99715-2	0	0	0	0	0	1	0	0	0	0
Q99715-4	0	0	0	0	0	1	0	0	0	0
Q99719-2	92	12	26	20	26	0	0	0	0	0
Q99729-2	9	1	1	1	1	0	0	0	0	0
Q99729-3	9	1	1	1	1	1	0	0	1	1
Q99729-4	8	0	0	0	0	1	0	0	1	1
Q99733-2	12	0	0	0	0	0	0	0	0	0
Q99747-2	0	0	0	0	0	1	0	0	0	0
Q99755-2	1	0	0	0	0	2	0	2	1	2
Q99755-3	0	0	0	0	0	2	0	2	1	2
Q99755-4	1	0	0	0	0	1	0	1	1	1
Q99766-2	16	0	0	0	0	0	0	0	0	0
Q99766-3	6	0	0	0	0	0	0	0	0	0
Q99767-2	0	0	0	0	0	1	0	0	0	0
Q99784-2	1	0	0	0	0	0	0	0	0	0
Q99784-3	31	0	0	0	0	0	0	0	0	0
Q99784-4	32	0	0	0	0	0	0	0	0	0
Q99784-5	22	0	0	6	6	0	0	0	0	0
Q99807-2	0	0	0	0	0	1	0	0	0	0
Q99816-2	0	0	0	0	0	1	0	0	0	0
Q99828-2	40	0	0	0	0	0	0	0	0	0
Q99832-2	0	0	0	0	0	1	0	0	1	1
Q99832-3	0	0	0	0	0	1	0	0	0	0
Q99832-4	0	0	0	0	0	1	0	0	0	0
Q99871-2	59	0	0	0	0	0	0	0	0	0
Q99871-3	18	0	0	0	0	0	0	0	0	0
Q99873-3	0	0	0	0	0	1	0	1	1	1
Q99873-2	4	0	0	0	0	0	0	0	0	0
Q99873-5	0	0	0	0	0	2	0	1	1	1
Q99933-2	10	0	0	0	0	0	0	0	0	0
Q99933-3	0	0	0	0	0	1	0	0	0	0
Q99933-4	0	0	0	0	0	1	0	0	0	0
Q99961-2	0	0	0	0	0	1	0	0	0	0
Q99961-3	0	0	0	0	0	1	0	0	0	0
Q99963-2	0	0	0	0	0	1	0	0	0	0
Q99963-3	21	0	0	0	0	0	0	0	0	0
Q99963-4	30	0	0	0	0	0	0	0	0	0
Q99996-3	0	0	0	0	0	1	0	1	0	1
Q99996-1	25	0	0	0	0	0	0	0	0	0
Q99996-4	13	0	0	0	0	1	0	0	0	0
Q99996-5	12	0	0	0	0	1	0	0	0	0
Q99996-6	41	0	0	0	0	1	0	1	0	1
Q9BPX6-2	10	0	0	0	0	0	0	0	0	0
Q9BPX6-3	2	2	0	0	2	0	0	0	0	0
Q9BPX6-4	19	0	0	0	0	0	0	0	0	0
Q9BPX6-5	19	0	0	0	0	0	0	0	0	0
Q9BPY8-2	46	0	0	0	0	0	0	0	0	0
Q9BPY8-3	18	0	0	0	0	0	0	0	0	0
Q9BPY8-4	64	0	0	0	0	0	0	0	0	0
Q9BPZ7-2	0	0	0	0	0	1	0	0	0	0
Q9BPZ7-3	0	0	0	0	0	1	0	0	0	0
Q9BPZ7-4	0	0	0	0	0	1	0	0	0	0
Q9BPZ7-5	0	0	0	0	0	1	0	0	0	0
Q9BPZ7-6	16	0	0	0	0	0	0	0	0	0
Q9BQ15-2	0	0	0	0	0	1	0	0	0	0
Q9BQ16-1	0	0	0	0	0	1	0	1	0	1
Q9BQ16-2	3	0	0	0	0	0	0	0	0	0
Q9BQ16-4	14	0	0	0	0	0	0	0	0	0
Q9BQ16-5	0	0	0	0	0	1	0	0	0	0
Q9BQ16-6	20	0	0	0	0	0	0	0	0	0
Q9BQ16-7	0	0	0	0	0	1	0	0	0	0
Q9BQ16-8	1	0	0	0	0	1	0	1	0	1
Q9BQ16-9	3	0	0	0	0	1	0	1	0	1
Q9BQ52-2	35	0	0	0	0	1	0	0	0	0
Q9BQ52-3	33	0	0	0	0	0	0	0	0	0
Q9BQ52-4	0	0	0	0	0	1	0	0	0	0
Q9BQ95-2	24	0	0	0	0	0	0	0	0	0
Q9BQ95-3	0	0	0	0	0	1	0	0	0	0
Q9BQ95-4	28	0	0	0	0	0	0	0	0	0
Q9BQA1-2	0	0	0	0	0	1	0	0	0	0
Q9BQC3-2	0	0	0	0	0	1	0	0	0	0
Q9BQC3-3	25	0	0	0	0	0	0	0	0	0
Q9BQI0-2	26	0	0	0	0	0	0	0	0	0
Q9BQI0-3	0	0	0	0	0	1	0	0	0	0
Q9BQI0-4	4	0	0	0	0	0	0	0	0	0
Q9BQI5-2	24	0	0	0	0	1	0	0	0	0
Q9BQI5-3	51	0	0	0	0	1	0	0	0	0
Q9BQI5-4	0	0	0	0	0	3	0	2	3	3
Q9BQI5-5	22	0	0	0	0	3	0	2	3	3
Q9BQI9-2	0	0	0	0	0	1	0	0	0	0
Q9BQQ3-2	30	0	0	0	0	0	0	0	0	0
Q9BQQ3-3	11	0	0	0	0	1	0	0	0	0
Q9BQS8-2	5	0	0	0	0	0	0	0	0	0
Q9BQS8-3	1	0	0	0	0	1	0	0	0	0
Q9BQS8-4	20	0	0	0	0	0	0	0	0	0
Q9BQT9-3	234	0	0	0	0	0	0	0	0	0
Q9BQT9-2	32	0	0	0	0	0	0	0	0	0
Q9BQY9-2	0	0	0	0	0	1	1	0	0	1
Q9BQY9-3	18	0	0	0	0	1	1	0	0	1
Q9BQY9-4	47	0	0	0	0	0	0	0	0	0
Q9BR01-2	13	0	0	0	0	0	0	0	0	0
Q9BRF8-2	0	0	0	0	0	1	0	0	0	0
Q9BRF8-3	26	0	0	0	0	0	0	0	0	0
Q9BRK0-2	2	0	2	2	2	0	0	0	0	0
Q9BRK5-2	0	0	0	0	0	1	0	0	0	0
Q9BRK5-3	59	0	0	0	0	0	0	0	0	0
Q9BRK5-4	10	0	0	0	0	0	0	0	0	0
Q9BRK5-5	0	0	0	0	0	1	0	0	0	0
Q9BRK5-6	44	0	0	0	0	0	0	0	0	0
Q9BRP4-2	12	0	0	0	0	0	0	0	0	0
Q9BRP4-3	0	0	0	0	0	1	0	0	0	0
Q9BRP8-2	10	0	0	10	10	0	0	0	0	0
Q9BRQ8-2	3	0	0	0	0	1	0	0	0	0
Q9BRR6-2	0	0	0	0	0	1	0	0	0	0
Q9BRR6-3	0	0	0	0	0	1	0	0	0	0
Q9BRR6-4	4	0	0	0	0	1	0	0	0	0
Q9BRR6-5	66	0	0	0	0	1	0	0	0	0
Q9BRS8-2	21	0	0	0	0	0	0	0	0	0
Q9BRV8-2	4	0	0	0	0	0	0	0	0	0
Q9BRX8-2	0	0	0	0	0	1	0	0	0	0
Q9BRZ2-2	32	0	0	0	0	0	0	0	0	0
Q9BRZ2-3	8	0	0	0	0	1	0	0	0	0
Q9BSG1-3	0	0	0	0	0	1	0	0	0	0
Q9BSG1-4	0	0	0	0	0	1	0	0	0	0
Q9BSG5-2	32	0	0	0	0	0	0	0	0	0
Q9BSG5-3	10	0	0	0	0	0	0	0	0	0
Q9BSJ2-3	0	0	0	0	0	1	0	0	0	0
Q9BSJ2-4	28	0	0	0	0	0	0	0	0	0
Q9BSJ8-2	10	0	0	10	10	0	0	0	0	0
Q9BSQ5-2	30	0	0	0	0	0	0	0	0	0
Q9BSQ5-3	0	0	0	0	0	1	0	0	0	0
Q9BSQ5-4	0	0	0	0	0	1	0	0	0	0
Q9BST9-3	0	0	0	0	0	1	0	0	0	0
Q9BST9-2	19	8	0	16	19	1	0	0	1	1
Q9BSU1-2	97	0	0	0	0	1	0	0	0	0
Q9BSY4-2	55	0	0	0	0	0	0	0	0	0
Q9BT09-2	4	0	0	0	0	0	0	0	0	0
Q9BT22-2	0	0	0	0	0	1	0	0	0	0
Q9BT40-2	0	0	0	0	0	1	0	0	0	0
Q9BT67-2	78	0	0	0	0	0	0	0	0	0
Q9BT78-2	18	0	0	0	0	0	0	0	0	0
Q9BTA9-2	0	0	0	0	0	1	0	0	0	0
Q9BTA9-3	47	0	0	0	0	1	0	0	0	0
Q9BTA9-5	1	0	0	0	0	0	0	0	0	0
Q9BTC0-1	5	0	0	0	0	0	0	0	0	0
Q9BTC0-2	8	0	0	0	0	0	0	0	0	0
Q9BTC0-3	20	0	0	0	0	1	0	0	0	0
Q9BTD8-2	0	0	0	0	0	1	0	0	0	0
Q9BTD8-3	0	0	0	0	0	1	0	0	0	0
Q9BTD8-4	0	0	0	0	0	1	0	0	0	0
Q9BTE1-2	2	0	0	0	0	0	0	0	0	0
Q9BTE1-3	45	0	0	0	0	0	0	0	0	0
Q9BTE3-2	0	0	0	0	0	1	0	0	0	0
Q9BTE3-3	0	0	0	0	0	2	0	0	0	0
Q9BTE6-2	125	0	0	0	0	0	0	0	0	0
Q9BTE6-3	186	0	0	0	0	0	0	0	0	0
Q9BTT0-2	0	0	0	0	0	1	0	0	0	0
Q9BTT0-3	0	0	0	0	0	1	0	0	0	0
Q9BTT6-2	5	0	0	0	0	1	0	0	0	0
Q9BTW9-2	0	0	0	0	0	1	0	0	0	0
Q9BTW9-3	29	0	0	0	0	0	0	0	0	0
Q9BTW9-4	67	0	0	0	0	0	0	0	0	0
Q9BTW9-5	0	0	0	0	0	2	0	0	0	0
Q9BTZ2-8	0	0	0	0	0	2	0	0	0	0
Q9BTZ2-7	48	0	0	0	0	0	0	0	0	0
Q9BTZ2-2	0	0	0	0	0	1	0	0	0	0
Q9BTZ2-3	0	0	0	0	0	1	0	0	0	0
Q9BTZ2-4	0	0	0	0	0	1	0	0	0	0
Q9BTZ2-5	0	0	0	0	0	2	0	0	0	0
Q9BTZ2-6	0	0	0	0	0	1	0	0	1	1
Q9BU02-2	10	0	0	0	0	0	0	0	0	0
Q9BU61-2	0	0	0	0	0	1	0	0	0	0
Q9BUE6-2	47	0	0	0	0	0	0	0	0	0
Q9BUH6-2	46	0	0	0	0	0	0	0	0	0
Q9BUJ2-2	0	0	0	0	0	1	0	0	0	0
Q9BUJ2-3	10	0	0	0	0	2	0	0	0	0
Q9BUJ2-4	0	0	0	0	0	1	0	0	0	0
Q9BUJ2-5	88	0	0	0	0	0	0	0	0	0
Q9BUK6-2	0	0	0	0	0	1	0	0	0	0
Q9BUK6-3	0	0	0	0	0	1	0	0	0	0
Q9BUK6-4	2	0	0	0	0	0	0	0	0	0
Q9BUK6-5	0	0	0	0	0	2	0	0	0	0
Q9BUK6-6	0	0	0	0	0	1	0	0	0	0
Q9BUK6-7	0	0	0	0	0	2	0	0	0	0
Q9BUN5-3	59	0	0	0	0	0	0	0	0	0
Q9BUP0-2	4	0	0	0	0	0	0	0	0	0
Q9BUQ8-2	2	0	0	0	0	0	0	0	0	0
Q9BUR5-2	12	0	0	0	0	0	0	0	0	0
Q9BUT1-2	33	0	0	0	0	0	0	0	0	0
Q9BUT1-3	0	0	0	0	0	1	0	0	0	0
Q9BV20-2	26	0	0	0	0	1	0	0	0	0
Q9BV29-2	9	0	0	0	0	0	0	0	0	0
Q9BV29-3	1	0	0	0	0	0	0	0	0	0
Q9BV35-2	31	0	0	0	0	0	0	0	0	0
Q9BV35-3	75	0	0	0	0	0	0	0	0	0
Q9BV35-4	28	0	0	0	0	0	0	0	0	0
Q9BV57-2	33	0	0	0	0	0	0	0	0	0
Q9BV73-2	0	0	0	0	0	1	0	0	0	0
Q9BV79-2	0	0	0	0	0	1	0	0	0	0
Q9BV86-2	35	0	0	0	0	0	0	0	0	0
Q9BVC4-3	0	0	0	0	0	1	0	0	0	0
Q9BVC4-4	24	0	0	1	1	0	0	0	0	0
Q9BVC4-5	0	0	0	0	0	1	0	0	0	0
Q9BVC5-2	38	0	0	0	0	1	0	0	0	0
Q9BVG3-2	14	0	0	0	0	0	0	0	0	0
Q9BVL2-2	6	0	0	0	0	0	0	0	0	0
Q9BVL2-3	0	0	0	0	0	1	0	0	0	0
Q9BVN2-2	0	0	0	0	0	1	0	0	0	0
Q9BVN2-3	31	0	0	0	0	1	0	0	0	0
Q9BVN2-4	0	0	0	0	0	1	0	0	0	0
Q9BVQ7-2	8	0	0	0	0	0	0	0	0	0
Q9BVQ7-3	25	0	0	0	0	0	0	0	0	0
Q9BW83-2	0	0	0	0	0	1	0	0	0	0
Q9BW91-2	0	0	0	0	0	1	0	0	0	0
Q9BW92-2	0	0	0	0	0	1	0	0	0	0
Q9BWD1-2	47	0	0	0	0	0	0	0	0	0
Q9BWF3-2	39	0	0	0	0	0	0	0	0	0
Q9BWF3-3	5	0	0	0	0	0	0	0	0	0
Q9BWF3-4	31	0	0	0	0	0	0	0	0	0
Q9BWH6-2	40	0	0	0	0	1	0	0	0	0
Q9BWH6-3	0	0	0	0	0	1	0	0	0	0
Q9BWL3-2	0	0	0	0	0	1	0	0	0	0
Q9BWL3-4	1	0	0	0	0	1	0	0	0	0
Q9BWL3-5	2	0	0	0	0	0	0	0	0	0
Q9BWQ8-2	0	0	0	0	0	1	0	0	0	0
Q9BWS9-2	25	0	0	0	0	0	0	0	0	0
Q9BWS9-3	0	0	0	0	0	1	0	0	0	0
Q9BWT7-2	13	0	0	0	0	0	0	0	0	0
Q9BX40-2	75	0	0	0	0	0	0	0	0	0
Q9BX40-3	85	0	0	0	0	1	0	0	0	0
Q9BX66-7	5	0	0	0	0	4	1	1	2	2
Q9BX66-10	0	0	0	0	0	5	2	1	3	4
Q9BX66-11	20	0	0	0	0	1	0	1	1	1
Q9BX66-12	493	98	242	352	411	6	0	3	4	4
Q9BX66-2	42	0	0	0	0	1	0	0	0	0
Q9BX66-3	20	0	0	0	0	3	0	1	1	1
Q9BX66-4	0	0	0	0	0	7	2	2	4	5
Q9BX66-5	0	0	0	0	0	3	1	0	2	2
Q9BX66-6	0	0	0	0	0	4	1	2	3	3
Q9BX66-8	0	0	0	0	0	5	0	3	4	4
Q9BX66-9	0	0	0	0	0	4	1	2	4	4
Q9BX67-2	0	0	0	0	0	1	0	0	0	0
Q9BX70-2	0	0	0	0	0	1	0	0	0	0
Q9BX73-2	32	0	0	0	0	0	0	0	0	0
Q9BXB5-2	0	0	0	0	0	1	0	0	0	0
Q9BXD5-5	29	0	0	0	0	0	0	0	0	0
Q9BXD5-2	53	0	0	0	0	0	0	0	0	0
Q9BXD5-3	22	0	0	0	0	0	0	0	0	0
Q9BXD5-4	22	0	0	0	0	1	0	0	0	0
Q9BXI6-2	7	0	0	0	0	0	0	0	0	0
Q9BXJ8-2	128	0	0	0	0	0	0	0	0	0
Q9BXJ9-4	10	0	0	0	0	0	0	0	0	0
Q9BXK5-2	1	0	0	0	0	0	0	0	0	0
Q9BXK5-4	0	0	0	0	0	1	0	0	0	0
Q9BXM0-2	10	0	0	0	0	1	0	0	0	0
Q9BXM0-3	0	0	0	0	0	1	0	0	0	0
Q9BXM9-2	0	0	0	0	0	1	0	0	0	0
Q9BXM9-3	27	0	0	0	0	1	0	0	0	0
Q9BXP2-2	8	0	0	0	0	1	0	0	0	0
Q9BXP2-3	8	0	0	0	0	0	0	0	0	0
Q9BXP2-4	9	0	0	0	0	0	0	0	0	0
Q9BXP5-2	1	0	0	0	0	0	0	0	0	0
Q9BXP5-3	0	0	0	0	0	1	0	0	0	0
Q9BXP5-4	1	0	0	0	0	1	0	0	0	0
Q9BXP5-5	0	0	0	0	0	2	0	0	0	0
Q9BXQ6-2	0	0	0	0	0	1	0	0	0	0
Q9BXR0-2	45	0	0	0	0	0	0	0	0	0
Q9BXS5-2	12	0	0	2	2	0	0	0	0	0
Q9BXW6-2	0	0	0	0	0	1	0	0	0	0
Q9BXW6-4	0	0	0	0	0	1	0	0	0	0
Q9BXW7-2	10	0	0	0	0	0	0	0	0	0
Q9BY08-2	69	0	0	0	0	0	0	0	0	0
Q9BY08-3	42	0	0	0	0	0	0	0	0	0
Q9BY08-4	14	0	0	0	0	0	0	0	0	0
Q9BY08-5	8	0	0	0	0	0	0	0	0	0
Q9BY12-3	10	0	0	0	0	0	0	0	0	0
Q9BY32-2	0	0	0	0	0	1	1	0	0	1
Q9BY32-3	0	0	0	0	0	1	0	0	0	0
Q9BY43-2	43	1	1	0	1	0	0	0	0	0
Q9BY44-2	4	0	0	0	0	0	0	0	0	0
Q9BY44-3	0	0	0	0	0	1	0	0	0	0
Q9BY44-4	0	0	0	0	0	1	0	0	0	0
Q9BY49-2	0	0	0	0	0	1	0	0	0	0
Q9BY67-2	2	0	0	0	0	0	0	0	0	0
Q9BY67-3	29	0	0	0	0	0	0	0	0	0
Q9BY67-4	11	0	0	0	0	0	0	0	0	0
Q9BY67-5	0	0	0	0	0	1	0	0	1	1
Q9BY77-2	0	0	0	0	0	1	0	1	1	1
Q9BY89-2	10	0	0	0	0	0	0	0	0	0
Q9BYB0-3	0	0	0	0	0	1	0	0	0	0
Q9BYC9-2	63	0	0	0	0	0	0	0	0	0
Q9BYD3-2	15	0	0	0	0	0	0	0	0	0
Q9BYG5-2	11	0	0	0	0	0	0	0	0	0
Q9BYH1-2	5	0	0	0	0	2	0	0	0	0
Q9BYH1-3	5	0	0	0	0	2	0	0	0	0
Q9BYH1-4	1	0	0	0	0	1	0	0	0	0
Q9BYH1-5	1	0	0	0	0	0	0	0	0	0
Q9BYH1-6	0	0	0	0	0	1	0	0	0	0
Q9BYH1-7	0	0	0	0	0	1	0	0	0	0
Q9BYM8-3	12	0	0	0	0	0	0	0	0	0
Q9BYM8-4	28	0	0	0	0	0	0	0	0	0
Q9BYP7-2	1	0	0	0	0	0	0	0	0	0
Q9BYP7-3	1	0	0	0	0	1	0	0	0	0
Q9BYP7-4	0	0	0	0	0	1	0	0	0	0
Q9BYT9-2	0	0	0	0	0	1	0	0	1	1
Q9BYV8-2	0	0	0	0	0	1	0	0	0	0
Q9BYV8-4	18	0	0	0	0	0	0	0	0	0
Q9BYV8-5	1	0	0	0	0	1	0	0	0	0
Q9BZ29-3	16	0	0	0	0	0	0	0	0	0
Q9BZ29-4	40	6	7	7	7	1	0	0	1	1
Q9BZ29-5	41	0	16	27	27	0	0	0	0	0
Q9BZ29-6	62	0	16	27	27	0	0	0	0	0
Q9BZ67-2	0	0	0	0	0	1	0	0	0	0
Q9BZ67-3	0	0	0	0	0	1	0	0	0	0
Q9BZ71-2	0	0	0	0	0	1	0	0	0	0
Q9BZ71-3	0	0	0	0	0	1	0	0	0	0
Q9BZ72-2	50	26	0	1	27	0	0	0	0	0
Q9BZ72-3	0	0	0	0	0	1	0	0	0	0
Q9BZC1-2	2	0	1	0	1	0	0	0	0	0
Q9BZC1-3	1	0	1	0	1	1	0	0	0	0
Q9BZC1-4	0	0	0	0	0	1	0	0	0	0
Q9BZC1-5	1	0	0	0	0	1	0	0	0	0
Q9BZC7-2	32	0	0	0	0	0	0	0	0	0
Q9BZC7-3	2	0	0	0	0	0	0	0	0	0
Q9BZC7-4	49	0	0	0	0	0	0	0	0	0
Q9BZE4-2	0	0	0	0	0	1	0	0	0	0
Q9BZE4-3	0	0	0	0	0	1	0	0	0	0
Q9BZE9-2	94	0	0	0	0	0	0	0	0	0
Q9BZE9-3	26	0	0	0	0	1	0	0	0	0
Q9BZE9-4	33	0	0	0	0	1	0	0	0	0
Q9BZF1-2	0	0	0	0	0	1	0	0	0	0
Q9BZF1-3	0	0	0	0	0	1	0	0	0	0
Q9BZF2-2	11	0	0	0	0	0	0	0	0	0
Q9BZF3-2	0	0	0	0	0	1	0	0	0	0
Q9BZF3-3	37	0	6	14	14	0	0	0	0	0
Q9BZF3-4	0	0	0	0	0	1	0	0	0	0
Q9BZF3-5	25	0	6	14	14	0	0	0	0	0
Q9BZF3-6	32	0	0	0	0	2	0	0	0	0
Q9BZF9-2	12	0	0	0	0	0	0	0	0	0
Q9BZG1-2	0	0	0	0	0	1	0	0	0	0
Q9BZG1-4	0	0	0	0	0	1	0	0	0	0
Q9BZG8-1	5	0	0	0	0	0	0	0	0	0
Q9BZG8-2	0	0	0	0	0	1	0	0	0	0
Q9BZG8-5	113	0	0	0	0	0	0	0	0	0
Q9BZI7-2	0	0	0	0	0	1	0	0	0	0
Q9BZL4-2	0	0	0	0	0	1	0	0	0	0
Q9BZL4-3	0	0	0	0	0	2	0	1	1	1
Q9BZL4-4	0	0	0	0	0	1	0	0	0	0
Q9BZL4-5	24	0	0	0	0	1	0	0	0	0
Q9BZQ6-2	17	0	0	0	0	1	0	0	0	0
Q9BZV1-2	0	0	0	0	0	1	0	0	0	0
Q9BZZ5-2	6	0	0	1	1	0	0	0	0	0
Q9BZZ5-1	10	0	0	0	0	0	0	0	0	0
Q9BZZ5-3	5	0	0	0	0	0	0	0	0	0
Q9BZZ5-5	6	0	0	1	1	1	0	0	0	0
Q9BZZ5-6	11	0	0	0	0	0	0	0	0	0
Q9C026-4	112	0	0	17	17	1	0	0	0	0
Q9C026-5	16	12	2	11	12	0	0	0	0	0
Q9C037-2	0	0	0	0	0	1	0	0	0	0
Q9C037-3	14	0	0	0	0	1	0	0	0	0
Q9C040-2	27	0	0	1	1	0	0	0	0	0
Q9C0A0-2	2	0	0	0	0	1	0	0	0	0
Q9C0B1-2	31	0	0	0	0	0	0	0	0	0
Q9C0B1-3	9	0	0	0	0	0	0	0	0	0
Q9C0B1-4	0	0	0	0	0	1	0	0	0	0
Q9C0B5-2	0	0	0	0	0	1	0	0	0	0
Q9C0C2-2	45	0	0	0	0	1	0	0	0	0
Q9C0D0-2	2	0	0	0	0	0	0	0	0	0
Q9C0D3-2	0	0	0	0	0	1	0	0	0	0
Q9C0D5-2	0	0	0	0	0	1	0	0	0	0
Q9C0E8-2	3	0	0	0	0	0	0	0	0	0
Q9C0E8-3	0	0	0	0	0	1	0	0	0	0
Q9C0E8-4	31	0	0	0	0	0	0	0	0	0
Q9C0F1-2	37	0	0	0	0	0	0	0	0	0
Q9C0H2-2	0	0	0	0	0	1	0	0	0	0
Q9C0H2-3	36	0	0	0	0	0	0	0	0	0
Q9C0H2-4	19	0	0	0	0	0	0	0	0	0
Q9C0H5-2	31	0	7	0	7	0	0	0	0	0
Q9C0H9-2	44	0	0	0	0	0	0	0	0	0
Q9C0H9-4	39	0	0	0	0	1	0	0	0	0
Q9C0I1-2	0	0	0	0	0	1	0	0	0	0
Q9C0I1-3	0	0	0	0	0	1	0	0	0	0
Q9C0J8-2	106	0	0	0	0	1	0	0	0	0
Q9C0J8-3	15	0	0	0	0	0	0	0	0	0
Q9C0K0-2	0	0	0	0	0	1	0	0	0	0
Q9GZM7-3	0	0	0	0	0	1	0	0	0	0
Q9GZM7-2	110	0	0	0	0	0	0	0	0	0
Q9GZM8-2	48	0	0	0	0	0	0	0	0	0
Q9GZM8-3	13	0	0	0	0	0	0	0	0	0
Q9GZN8-2	25	0	0	0	0	0	0	0	0	0
Q9GZP4-2	0	0	0	0	0	1	0	0	0	0
Q9GZR7-2	0	0	0	0	0	1	0	0	0	0
Q9GZT3-2	0	0	0	0	0	1	0	0	0	0
Q9GZT6-2	20	0	0	0	0	0	0	0	0	0
Q9GZT6-3	0	0	0	0	0	1	1	0	0	1
Q9GZT8-2	0	0	0	0	0	1	0	0	0	0
Q9GZT8-3	40	0	0	0	0	0	0	0	0	0
Q9GZT9-2	0	0	0	0	0	1	0	0	0	0
Q9GZT9-3	17	0	0	0	0	0	0	0	0	0
Q9GZU2-2	0	0	0	0	0	1	0	0	0	0
Q9GZU2-3	1	0	0	0	0	2	0	0	0	0
Q9GZU2-4	2	0	0	0	0	1	0	0	0	0
Q9GZU7-2	0	0	0	0	0	1	0	0	0	0
Q9GZU7-3	21	0	0	0	0	1	0	0	0	0
Q9GZX9-2	1	0	0	0	0	0	0	0	0	0
Q9GZY8-5	0	0	0	0	0	2	0	0	1	1
Q9GZY8-2	0	0	0	0	0	2	0	0	1	1
Q9GZY8-3	0	0	0	0	0	2	0	0	0	0
Q9GZY8-4	0	0	0	0	0	2	0	0	0	0
Q9GZZ9-2	0	0	0	0	0	1	0	0	0	0
Q9H000-2	0	0	0	0	0	1	0	0	0	0
Q9H008-2	1	0	0	0	0	0	0	0	0	0
Q9H019-2	52	0	0	0	0	0	0	0	0	0
Q9H019-3	0	0	0	0	0	1	0	0	0	0
Q9H061-2	0	0	0	0	0	1	0	0	0	0
Q9H074-2	0	0	0	0	0	1	1	1	1	1
Q9H074-3	0	0	0	0	0	1	0	0	0	0
Q9H078-2	0	0	0	0	0	1	0	1	1	1
Q9H078-3	0	0	0	0	0	2	0	1	1	1
Q9H078-4	99	0	0	0	0	0	0	0	0	0
Q9H078-5	0	0	0	0	0	2	0	1	1	1
Q9H098-2	175	0	0	0	0	0	0	0	0	0
Q9H0A0-2	0	0	0	0	0	1	0	0	0	0
Q9H0A8-2	1	0	0	0	0	0	0	0	0	0
Q9H0A8-3	0	0	0	0	0	1	0	0	0	0
Q9H0B6-2	0	0	0	0	0	1	0	0	0	0
Q9H0D6-2	0	0	0	0	0	1	0	0	0	0
Q9H0E2-2	0	0	0	0	0	1	0	0	0	0
Q9H0E3-2	35	0	0	0	0	1	0	0	0	0
Q9H0E3-3	35	0	0	0	0	0	0	0	0	0
Q9H0E9-2	89	15	0	0	15	1	0	0	0	0
Q9H0E9-3	94	15	0	0	15	1	0	0	0	0
Q9H0E9-4	88	15	0	0	15	1	0	0	0	0
Q9H0F7-2	15	14	14	15	15	0	0	0	0	0
Q9H0I2-2	26	0	0	0	0	0	0	0	0	0
Q9H0M0-2	8	0	0	0	0	0	0	0	0	0
Q9H0M0-3	1	0	0	0	0	0	0	0	0	0
Q9H0M0-6	0	0	0	0	0	1	0	0	0	0
Q9H0P0-1	10	0	0	0	0	0	0	0	0	0
Q9H0P0-2	0	0	0	0	0	1	0	0	0	0
Q9H0P0-3	0	0	0	0	0	1	0	0	0	0
Q9H0Q3-2	52	0	0	0	0	0	0	0	0	0
Q9H0R4-2	0	0	0	0	0	1	0	0	0	0
Q9H0R6-2	17	0	0	0	0	0	0	0	0	0
Q9H0R8-2	50	0	0	0	0	0	0	0	0	0
Q9H0S4-2	0	0	0	0	0	1	0	0	0	0
Q9H0W9-3	0	0	0	0	0	1	0	0	0	0
Q9H0W9-2	0	0	0	0	0	1	0	0	0	0
Q9H0W9-4	0	0	0	0	0	1	0	0	0	0
Q9H0X4-2	22	0	0	0	0	0	0	0	0	0
Q9H115-2	0	0	0	0	0	1	0	0	0	0
Q9H115-3	19	0	0	0	0	0	0	0	0	0
Q9H156-2	15	0	0	0	0	0	0	0	0	0
Q9H159-2	4	0	0	0	0	0	0	0	0	0
Q9H169-2	27	0	0	0	0	0	0	0	0	0
Q9H169-3	5	0	0	0	0	1	0	0	0	0
Q9H169-4	32	0	0	0	0	0	0	0	0	0
Q9H1A3-2	0	0	0	0	0	1	0	0	0	0
Q9H1E3-2	0	0	0	0	0	1	0	0	0	0
Q9H1H9-2	0	0	0	0	0	1	0	0	0	0
Q9H1H9-3	6	0	0	0	0	2	0	0	0	0
Q9H1H9-4	0	0	0	0	0	2	0	0	0	0
Q9H1H9-5	18	0	0	0	0	0	0	0	0	0
Q9H1I8-2	2	0	0	0	0	1	0	0	0	0
Q9H1I8-3	0	0	0	0	0	2	0	0	0	0
Q9H1K0-2	9	0	0	0	0	0	0	0	0	0
Q9H1K1-2	12	0	0	0	0	0	0	0	0	0
Q9H1P3-2	0	0	0	0	0	1	0	0	0	0
Q9H1Y0-2	0	0	0	0	0	1	0	0	0	0
Q9H1Z4-2	0	0	0	0	0	1	0	0	1	1
Q9H228-2	84	0	0	0	0	0	0	0	0	0
Q9H254-2	17	0	0	0	0	0	0	0	0	0
Q9H254-3	22	0	0	0	0	1	0	0	0	0
Q9H254-4	35	0	0	0	0	1	0	0	0	0
Q9H254-5	19	0	0	0	0	1	0	0	0	0
Q9H267-2	0	0	0	0	0	1	0	0	0	0
Q9H269-2	0	0	0	0	0	1	0	0	0	0
Q9H2D6-5	1	0	1	1	1	0	0	0	0	0
Q9H2D6-2	0	0	0	0	0	3	0	0	0	0
Q9H2D6-3	0	0	0	0	0	1	0	0	0	0
Q9H2D6-4	0	0	0	0	0	1	0	0	0	0
Q9H2D6-6	76	0	2	2	2	0	0	0	0	0
Q9H2D6-7	43	0	2	2	2	0	0	0	0	0
Q9H2E6-2	17	0	0	0	0	0	0	0	0	0
Q9H2G2-2	0	0	0	0	0	1	1	1	1	1
Q9H2H8-2	36	0	0	0	0	0	0	0	0	0
Q9H2M9-2	2	0	0	0	0	0	0	0	0	0
Q9H2P9-2	2	0	0	0	0	0	0	0	0	0
Q9H2P9-3	5	0	0	0	0	0	0	0	0	0
Q9H2P9-4	25	0	0	0	0	0	0	0	0	0
Q9H2P9-5	16	0	0	0	0	0	0	0	0	0
Q9H2P9-6	0	0	0	0	0	1	0	0	0	0
Q9H2U1-2	0	0	0	0	0	1	0	0	0	0
Q9H2U1-3	0	0	0	0	0	1	0	0	0	0
Q9H2U2-2	15	0	0	0	0	0	0	0	0	0
Q9H2U2-3	0	0	0	0	0	1	0	0	0	0
Q9H2U2-4	1	0	0	0	0	0	0	0	0	0
Q9H2U2-6	0	0	0	0	0	1	0	0	0	0
Q9H2X9-2	16	16	16	16	16	0	0	0	0	0
Q9H305-2	0	0	0	0	0	1	0	0	0	0
Q9H305-3	0	0	0	0	0	1	0	0	0	0
Q9H313-2	1	0	0	0	0	0	0	0	0	0
Q9H313-3	38	0	0	28	28	0	0	0	0	0
Q9H313-4	1	0	0	0	0	1	0	0	0	0
Q9H313-5	42	0	0	0	0	1	0	0	0	0
Q9H329-2	42	0	0	0	0	0	0	0	0	0
Q9H334-3	58	0	0	0	0	1	0	0	0	0
Q9H334-4	58	0	0	0	0	0	0	0	0	0
Q9H334-5	44	0	0	0	0	0	0	0	0	0
Q9H334-6	0	0	0	0	0	1	0	0	0	0
Q9H334-7	0	0	0	0	0	1	0	1	0	1
Q9H334-8	42	0	0	0	0	0	0	0	0	0
Q9H3F6-2	0	0	0	0	0	1	0	0	0	0
Q9H3F6-3	16	0	0	0	0	0	0	0	0	0
Q9H3H3-3	1	0	0	0	0	0	0	0	0	0
Q9H3H3-1	0	0	0	0	0	1	0	0	1	1
Q9H3K6-2	4	0	0	0	0	0	0	0	0	0
Q9H3P2-7	0	0	0	0	0	1	0	0	0	0
Q9H3Q1-2	0	0	0	0	0	1	0	0	0	0
Q9H3S1-2	0	0	0	0	0	2	0	0	0	0
Q9H3U1-2	0	0	0	0	0	1	1	1	0	1
Q9H3U1-3	0	0	0	0	0	1	0	0	0	0
Q9H3Z4-2	3	3	3	0	3	0	0	0	0	0
Q9H400-2	0	0	0	0	0	1	0	0	0	0
Q9H425-2	0	0	0	0	0	1	0	0	0	0
Q9H425-3	0	0	0	0	0	1	1	0	0	1
Q9H426-2	1	0	0	0	0	0	0	0	0	0
Q9H446-2	0	0	0	0	0	1	0	0	0	0
Q9H477-2	21	0	0	0	0	0	0	0	0	0
Q9H492-2	16	0	0	0	0	0	0	0	0	0
Q9H4A3-2	0	0	0	0	0	2	0	0	0	0
Q9H4A3-4	29	0	0	0	0	0	0	0	0	0
Q9H4A3-5	498	26	0	85	111	1	0	0	0	0
Q9H4A3-6	413	26	0	85	111	1	0	0	0	0
Q9H4A3-7	451	26	0	109	135	0	0	0	0	0
Q9H4B0-3	22	0	0	0	0	0	0	0	0	0
Q9H4F8-2	1	0	0	0	0	0	0	0	0	0
Q9H4G0-2	0	0	0	0	0	3	2	1	2	3
Q9H4G0-3	0	0	0	0	0	3	1	1	1	2
Q9H4G0-4	27	0	0	0	0	2	2	0	1	2
Q9H4I2-2	88	0	0	0	0	0	0	0	0	0
Q9H4L5-2	0	0	0	0	0	1	0	0	0	0
Q9H4L5-3	0	0	0	0	0	1	0	0	0	0
Q9H4L5-4	0	0	0	0	0	2	0	0	0	0
Q9H4L5-5	53	0	0	0	0	0	0	0	0	0
Q9H4L5-6	53	0	0	0	0	1	0	0	0	0
Q9H4L5-7	53	0	0	0	0	1	0	0	0	0
Q9H4L5-8	53	0	0	0	0	2	0	0	0	0
Q9H4L7-2	2	0	0	0	0	0	0	0	0	0
Q9H4L7-3	0	0	0	0	0	1	0	0	0	0
Q9H4P4-2	0	0	0	0	0	1	0	0	0	0
Q9H4X1-2	0	0	0	0	0	1	0	0	0	0
Q9H553-2	22	0	0	0	0	0	0	0	0	0
Q9H5N1-2	0	0	0	0	0	2	0	0	0	0
Q9H6J7-2	6	0	0	0	0	0	0	0	0	0
Q9H6J7-4	52	0	0	0	0	0	0	0	0	0
Q9H6K4-2	52	22	1	12	25	0	0	0	0	0
Q9H6K5-2	0	0	0	0	0	1	0	0	0	0
Q9H6L4-2	43	0	0	0	0	0	0	0	0	0
Q9H6L5-2	10	0	0	0	0	0	0	0	0	0
Q9H6Q4-2	0	0	0	0	0	1	0	0	0	0
Q9H6Q4-3	0	0	0	0	0	1	0	0	0	0
Q9H6R3-2	0	0	0	0	0	1	0	0	0	0
Q9H6S1-3	13	0	0	0	0	0	0	0	0	0
Q9H6S1-4	22	0	0	0	0	0	0	0	0	0
Q9H6S1-5	17	0	0	0	0	0	0	0	0	0
Q9H6S3-2	0	0	0	0	0	1	0	0	0	0
Q9H6S3-3	16	0	0	0	0	0	0	0	0	0
Q9H6T3-2	0	0	0	0	0	1	0	0	0	0
Q9H6T3-3	0	0	0	0	0	1	0	0	0	0
Q9H6U6-2	0	0	0	0	0	1	0	0	0	0
Q9H6U6-3	22	0	0	9	9	1	0	0	0	0
Q9H6U6-6	0	0	0	0	0	2	0	0	1	1
Q9H6U6-7	64	0	29	17	38	1	0	0	0	0
Q9H6U6-8	22	0	0	9	9	0	0	0	0	0
Q9H6V9-2	6	0	0	0	0	0	0	0	0	0
Q9H6V9-3	0	0	0	0	0	1	0	0	0	0
Q9H6V9-4	0	0	0	0	0	1	0	0	0	0
Q9H6W3-2	0	0	0	0	0	1	0	0	0	0
Q9H6X2-2	4	0	0	0	0	0	0	0	0	0
Q9H6X2-3	30	0	0	0	0	0	0	0	0	0
Q9H6X2-4	15	0	0	0	0	0	0	0	0	0
Q9H6X2-5	0	0	0	0	0	1	0	0	0	0
Q9H6X2-6	34	0	0	0	0	0	0	0	0	0
Q9H6Z4-2	0	0	0	0	0	1	0	0	0	0
Q9H6Z4-3	0	0	0	0	0	1	0	0	0	0
Q9H706-2	0	0	0	0	0	1	0	0	0	0
Q9H706-3	0	0	0	0	0	1	0	0	0	0
Q9H7C9-2	42	0	0	0	0	0	0	0	0	0
Q9H7C9-3	11	0	0	0	0	0	0	0	0	0
Q9H7D7-2	0	0	0	0	0	1	0	1	1	1
Q9H7D7-3	20	0	0	0	0	0	0	0	0	0
Q9H7D7-4	11	0	0	0	0	0	0	0	0	0
Q9H7E2-2	0	0	0	0	0	1	0	0	0	0
Q9H7E2-3	93	0	40	31	60	0	0	0	0	0
Q9H7U1-2	26	0	0	0	0	0	0	0	0	0
Q9H7U1-3	266	0	25	17	25	0	0	0	0	0
Q9H7U1-4	0	0	0	0	0	1	0	0	0	0
Q9H7X7-2	0	0	0	0	0	1	0	0	0	0
Q9H7X7-3	0	0	0	0	0	1	0	0	0	0
Q9H7Z6-2	30	0	0	0	0	0	0	0	0	0
Q9H813-2	61	0	0	0	0	0	0	0	0	0
Q9H832-2	0	0	0	0	0	1	0	0	0	0
Q9H867-1	22	0	0	0	0	0	0	0	0	0
Q9H867-2	21	0	0	0	0	0	0	0	0	0
Q9H867-5	0	0	0	0	0	1	0	0	0	0
Q9H871-2	3	0	0	0	0	0	0	0	0	0
Q9H8G2-2	0	0	0	0	0	1	1	0	0	1
Q9H8J5-2	0	0	0	0	0	1	0	0	0	0
Q9H8M1-2	0	0	0	0	0	1	0	0	0	0
Q9H8M5-2	0	0	0	0	0	1	0	0	0	0
Q9H8M5-3	9	0	0	0	0	0	0	0	0	0
Q9H8S9-2	11	0	0	0	0	0	0	0	0	0
Q9H8Y8-2	0	0	0	0	0	1	0	1	1	1
Q9H8Y8-3	29	0	0	0	0	0	0	0	0	0
Q9H903-1	0	0	0	0	0	1	0	0	0	0
Q9H903-2	0	0	0	0	0	1	0	0	0	0
Q9H903-3	13	0	0	0	0	1	0	0	0	0
Q9H903-5	0	0	0	0	0	1	0	0	0	0
Q9H920-2	0	0	0	0	0	1	0	0	0	0
Q9H977-3	25	0	0	0	0	0	0	0	0	0
Q9H977-4	15	0	0	0	0	0	0	0	0	0
Q9H9A5-2	0	0	0	0	0	1	0	0	0	0
Q9H9A5-3	1	0	0	0	0	0	0	0	0	0
Q9H9A5-4	1	0	0	0	0	1	0	0	0	0
Q9H9A5-5	0	0	0	0	0	1	0	0	0	0
Q9H9A5-6	66	0	0	0	0	0	0	0	0	0
Q9H9C1-2	0	0	0	0	0	1	0	0	0	0
Q9H9E3-2	4	0	0	0	0	0	0	0	0	0
Q9H9E3-3	0	0	0	0	0	1	0	0	0	0
Q9H9P8-2	42	0	0	0	0	0	0	0	0	0
Q9H9Q2-2	0	0	0	0	0	1	0	0	0	0
Q9H9Q2-3	58	0	0	0	0	0	0	0	0	0
Q9H9Q4-2	38	0	0	0	0	0	0	0	0	0
Q9H9R9-2	29	0	0	0	0	0	0	0	0	0
Q9H9R9-3	127	0	0	0	0	0	0	0	0	0
Q9H9T3-2	0	0	0	0	0	1	0	0	0	0
Q9H9T3-4	8	0	0	0	0	0	0	0	0	0
Q9H9T3-5	0	0	0	0	0	1	0	0	0	0
Q9HA38-2	0	0	0	0	0	1	0	0	0	0
Q9HA65-2	0	0	0	0	0	1	0	0	0	0
Q9HA65-3	0	0	0	0	0	1	0	0	0	0
Q9HA92-2	23	0	0	0	0	1	0	0	0	0
Q9HAB8-2	0	0	0	0	0	1	0	0	0	0
Q9HAC7-2	26	0	0	0	0	1	0	0	0	0
Q9HAC7-3	26	0	0	0	0	0	0	0	0	0
Q9HAC7-4	0	0	0	0	0	1	0	0	0	0
Q9HAD4-2	0	0	0	0	0	1	0	0	0	0
Q9HAF1-2	13	0	0	0	0	0	0	0	0	0
Q9HAF1-3	11	0	0	0	0	0	0	0	0	0
Q9HAF1-4	14	0	0	0	0	0	0	0	0	0
Q9HAP6-2	0	0	0	0	0	1	0	0	0	0
Q9HAR2-2	52	8	24	14	32	0	0	0	0	0
Q9HAR2-3	34	0	0	0	0	0	0	0	0	0
Q9HAR2-4	22	8	0	0	8	0	0	0	0	0
Q9HAT2-2	0	0	0	0	0	1	0	0	0	0
Q9HAU0-2	58	26	33	40	45	0	0	0	0	0
Q9HAU0-3	24	7	0	0	7	0	0	0	0	0
Q9HAU0-4	63	0	0	39	39	0	0	0	0	0
Q9HAU0-5	0	0	0	0	0	1	0	1	1	1
Q9HAU0-6	166	58	38	94	113	0	0	0	0	0
Q9HAU0-8	90	13	0	39	52	1	0	0	0	0
Q9HB21-2	34	0	0	0	0	0	0	0	0	0
Q9HB71-2	8	0	0	0	0	0	0	0	0	0
Q9HB71-3	0	0	0	0	0	1	0	0	0	0
Q9HBD1-2	21	0	0	0	0	0	0	0	0	0
Q9HBD1-3	52	0	0	0	0	1	0	0	0	0
Q9HBD1-4	21	0	0	0	0	0	0	0	0	0
Q9HBD1-5	18	0	0	0	0	0	0	0	0	0
Q9HBD1-6	21	0	0	0	0	1	0	0	0	0
Q9HBF4-2	0	0	0	0	0	1	0	0	0	0
Q9HBF4-3	0	0	0	0	0	1	0	0	0	0
Q9HBK9-2	0	0	0	0	0	1	0	0	0	0
Q9HBL0-1	21	0	0	3	3	1	0	0	0	0
Q9HBL0-2	40	0	0	0	0	0	0	0	0	0
Q9HBM0-2	10	0	0	0	0	0	0	0	0	0
Q9HBM0-5	6	0	0	0	0	0	0	0	0	0
Q9HBM0-6	20	0	0	0	0	0	0	0	0	0
Q9HBR0-2	83	0	0	0	0	0	0	0	0	0
Q9HBR0-3	0	0	0	0	0	2	0	0	0	0
Q9HBZ2-2	0	0	0	0	0	1	0	0	0	0
Q9HC10-2	33	0	0	0	0	2	1	0	0	1
Q9HC10-3	41	0	0	0	0	1	0	0	0	0
Q9HC10-4	0	0	0	0	0	2	1	0	0	1
Q9HC10-5	33	0	0	0	0	0	0	0	0	0
Q9HC35-2	0	0	0	0	0	1	0	0	0	0
Q9HC38-2	16	0	16	16	16	0	0	0	0	0
Q9HC38-3	23	0	16	16	16	0	0	0	0	0
Q9HC56-2	0	0	0	0	0	1	0	0	0	0
Q9HC78-2	0	0	0	0	0	1	0	0	0	0
Q9HC98-4	25	0	0	0	0	0	0	0	0	0
Q9HC98-2	34	0	0	0	0	0	0	0	0	0
Q9HC98-3	18	0	0	0	0	0	0	0	0	0
Q9HCC0-2	0	0	0	0	0	1	0	0	0	0
Q9HCC9-2	1	0	0	0	0	0	0	0	0	0
Q9HCC9-3	0	0	0	0	0	1	0	0	0	0
Q9HCC9-4	1	0	0	0	0	1	0	0	0	0
Q9HCC9-5	0	0	0	0	0	1	0	0	0	0
Q9HCC9-6	43	0	0	0	0	0	0	0	0	0
Q9HCC9-7	15	0	0	0	0	1	0	0	0	0
Q9HCC9-8	0	0	0	0	0	1	0	0	0	0
Q9HCD6-2	10	0	0	9	9	0	0	0	0	0
Q9HCD6-3	21	0	0	0	0	1	0	0	0	0
Q9HCD6-4	2	0	0	0	0	1	0	0	0	0
Q9HCE6-2	0	0	0	0	0	1	0	0	0	0
Q9HCE6-3	0	0	0	0	0	2	0	0	0	0
Q9HCE6-4	43	0	0	0	0	2	0	0	0	0
Q9HCE6-5	8	0	0	0	0	1	0	0	0	0
Q9HCG7-2	39	0	0	0	0	0	0	0	0	0
Q9HCG7-3	0	0	0	0	0	1	0	0	0	0
Q9HCH0-2	22	0	0	0	0	0	0	0	0	0
Q9HCH0-4	27	0	0	0	0	0	0	0	0	0
Q9HCH3-2	0	0	0	0	0	1	0	0	0	0
Q9HCH5-13	1	0	0	0	0	0	0	0	0	0
Q9HCH5-11	786	10	69	80	120	1	0	0	0	0
Q9HCH5-12	415	0	21	19	40	1	0	0	0	0
Q9HCH5-14	17	0	0	0	0	1	0	0	0	0
Q9HCH5-15	0	0	0	0	0	2	0	0	0	0
Q9HCH5-2	0	0	0	0	0	1	0	0	0	0
Q9HCH5-4	0	0	0	0	0	2	0	0	0	0
Q9HCH5-6	17	0	0	0	0	1	0	0	0	0
Q9HCH5-7	769	10	69	80	120	0	0	0	0	0
Q9HCH5-8	786	10	69	80	120	0	0	0	0	0
Q9HCH5-9	0	0	0	0	0	1	0	0	0	0
Q9HCK4-3	32	0	0	0	0	0	0	0	0	0
Q9HCK8-2	1	0	0	0	0	0	0	0	0	0
Q9HCM2-2	19	0	0	0	0	2	0	0	0	0
Q9HCM2-3	53	0	0	0	0	0	0	0	0	0
Q9HCM2-4	0	0	0	0	0	1	0	0	0	0
Q9HCM3-3	5	0	0	0	0	1	0	0	0	0
Q9HCM3-4	5	0	0	0	0	0	0	0	0	0
Q9HCM3-2	0	0	0	0	0	1	0	0	0	0
Q9HCM4-2	54	0	0	0	0	0	0	0	0	0
Q9HCM4-3	0	0	0	0	0	1	0	0	0	0
Q9HCM4-4	19	0	0	0	0	0	0	0	0	0
Q9HCN4-2	0	0	0	0	0	1	0	0	0	0
Q9HCN4-3	8	0	0	0	0	0	0	0	0	0
Q9HCN4-4	24	0	0	0	0	0	0	0	0	0
Q9HCN4-5	14	0	0	0	0	0	0	0	0	0
Q9HCU0-2	0	0	0	0	0	1	0	0	0	0
Q9HD20-3	0	0	0	0	0	1	0	0	0	0
Q9HD20-2	13	0	0	0	0	0	0	0	0	0
Q9HD23-2	1	0	0	0	0	0	0	0	0	0
Q9HD23-3	14	0	0	0	0	1	0	0	0	0
Q9HD23-4	24	0	0	0	0	0	0	0	0	0
Q9HD26-2	0	0	0	0	0	1	0	1	0	1
Q9HD26-3	15	0	0	0	0	0	0	0	0	0
Q9HD33-2	0	0	0	0	0	1	0	0	0	0
Q9HD33-3	0	0	0	0	0	1	0	0	0	0
Q9HD42-2	0	0	0	0	0	1	0	0	0	0
Q9HD47-3	44	0	0	0	0	0	0	0	0	0
Q9HD47-4	1	0	0	0	0	0	0	0	0	0
Q9HD67-2	4	0	0	0	0	0	0	0	0	0
Q9HD67-3	0	0	0	0	0	1	0	0	0	0
Q9HDB5-2	2	0	0	0	0	0	0	0	0	0
Q9HDB5-3	65	5	0	0	5	0	0	0	0	0
Q9HDB5-4	30	5	0	0	5	1	0	0	0	0
Q9HDC9-2	4	0	0	0	0	0	0	0	0	0
Q9NNW7-2	3	0	0	0	0	0	0	0	0	0
Q9NNW7-3	0	0	0	0	0	1	0	0	0	0
Q9NNW7-4	0	0	0	0	0	1	0	0	0	0
Q9NP61-2	0	0	0	0	0	1	0	0	0	0
Q9NP66-2	2	0	0	0	0	0	0	0	0	0
Q9NP72-2	29	0	0	0	0	0	0	0	0	0
Q9NP72-3	0	0	0	0	0	1	0	0	0	0
Q9NP73-2	32	11	23	23	27	0	0	0	0	0
Q9NP73-4	0	0	0	0	0	2	0	0	0	0
Q9NP73-3	2	0	0	0	0	0	0	0	0	0
Q9NP74-2	15	0	0	0	0	0	0	0	0	0
Q9NP74-3	0	0	0	0	0	1	0	0	0	0
Q9NP77-2	77	0	0	0	0	0	0	0	0	0
Q9NP79-2	10	0	0	0	0	1	0	0	0	0
Q9NP80-2	0	0	0	0	0	1	0	0	0	0
Q9NP80-3	0	0	0	0	0	1	0	0	0	0
Q9NP81-2	26	0	0	0	0	0	0	0	0	0
Q9NP85-2	0	0	0	0	0	1	0	0	0	0
Q9NP97-2	20	0	0	0	0	0	0	0	0	0
Q9NPA8-2	0	0	0	0	0	1	1	0	0	1
Q9NPH2-2	0	0	0	0	0	1	0	0	0	0
Q9NPH2-3	0	0	0	0	0	1	0	0	0	0
Q9NPI6-2	0	0	0	0	0	1	0	0	0	0
Q9NPJ3-2	2	0	0	0	0	0	0	0	0	0
Q9NPJ6-2	0	0	0	0	0	1	0	0	0	0
Q9NPQ8-4	0	0	0	0	0	1	0	0	1	1
Q9NPQ8-2	37	0	0	0	0	0	0	0	0	0
Q9NPQ8-3	6	0	0	0	0	0	0	0	0	0
Q9NPR2-2	29	0	0	0	0	0	0	0	0	0
Q9NQ11-2	118	0	0	0	0	2	0	0	0	0
Q9NQ11-3	0	0	0	0	0	1	0	0	0	0
Q9NQ29-3	2	0	0	0	0	0	0	0	0	0
Q9NQ34-2	0	0	0	0	0	1	0	0	0	0
Q9NQ48-2	0	0	0	0	0	1	0	0	0	0
Q9NQ48-3	39	0	0	0	0	0	0	0	0	0
Q9NQ66-2	32	10	0	0	10	0	0	0	0	0
Q9NQ79-2	39	0	0	0	0	0	0	0	0	0
Q9NQ79-3	84	0	0	0	0	0	0	0	0	0
Q9NQ84-2	12	0	0	0	0	0	0	0	0	0
Q9NQ86-2	32	0	0	0	0	0	0	0	0	0
Q9NQ86-3	37	0	0	0	0	0	0	0	0	0
Q9NQ86-4	8	8	0	8	8	0	0	0	0	0
Q9NQC3-2	0	0	0	0	0	1	0	1	1	1
Q9NQC3-3	10	0	0	2	2	0	0	0	0	0
Q9NQC3-4	0	0	0	0	0	1	0	0	0	0
Q9NQC3-5	0	0	0	0	0	1	0	0	1	1
Q9NQC3-6	0	0	0	0	0	1	0	0	0	0
Q9NQC7-2	0	0	0	0	0	1	1	0	0	1
Q9NQC8-2	51	0	0	0	0	0	0	0	0	0
Q9NQG7-2	62	0	0	0	0	0	0	0	0	0
Q9NQG7-3	7	0	0	0	0	0	0	0	0	0
Q9NQG7-4	25	0	0	0	0	0	0	0	0	0
Q9NQH7-2	0	0	0	0	0	1	0	0	0	0
Q9NQH7-3	13	0	0	0	0	0	0	0	0	0
Q9NQH7-4	0	0	0	0	0	1	0	0	0	0
Q9NQH7-5	20	0	0	0	0	0	0	0	0	0
Q9NQT8-2	0	0	0	0	0	2	0	0	0	0
Q9NQW6-2	0	0	0	0	0	1	0	0	0	0
Q9NQW7-3	43	0	0	29	29	0	0	0	0	0
Q9NQW7-2	0	0	0	0	0	1	0	0	0	0
Q9NQW7-4	43	0	0	29	29	1	0	0	0	0
Q9NQX3-2	33	0	0	0	0	0	0	0	0	0
Q9NQX4-2	3	0	0	0	0	0	0	0	0	0
Q9NQX7-2	0	0	0	0	0	1	0	0	1	1
Q9NQX7-3	0	0	0	0	0	1	0	0	0	0
Q9NQY0-2	0	0	0	0	0	1	0	0	0	0
Q9NQZ6-2	0	0	0	0	0	1	0	0	0	0
Q9NQZ6-3	0	0	0	0	0	1	0	0	0	0
Q9NQZ6-4	41	0	0	0	0	0	0	0	0	0
Q9NQZ6-5	11	0	0	0	0	0	0	0	0	0
Q9NR12-2	6	0	0	0	0	0	0	0	0	0
Q9NR12-3	10	0	0	0	0	0	0	0	0	0
Q9NR12-4	90	0	0	0	0	0	0	0	0	0
Q9NR12-6	29	0	0	0	0	0	0	0	0	0
Q9NR19-2	13	0	0	0	0	0	0	0	0	0
Q9NR22-2	15	0	0	0	0	0	0	0	0	0
Q9NR28-2	6	0	0	0	0	0	0	0	0	0
Q9NR28-3	0	0	0	0	0	1	0	0	0	0
Q9NR31-2	0	0	0	0	0	1	0	0	0	0
Q9NR46-2	10	2	0	4	4	0	0	0	0	0
Q9NR50-2	11	0	0	0	0	0	0	0	0	0
Q9NR56-2	0	0	0	0	0	1	0	1	1	1
Q9NR56-3	0	0	0	0	0	2	0	1	1	1
Q9NR56-4	12	0	0	0	0	2	0	1	1	1
Q9NR56-5	12	0	0	0	0	1	0	1	1	1
Q9NR56-6	18	0	0	0	0	1	0	1	1	1
Q9NR56-7	50	0	0	0	0	0	0	0	0	0
Q9NR80-3	67	0	0	0	0	0	0	0	0	0
Q9NR80-4	30	0	0	0	0	0	0	0	0	0
Q9NR82-2	1	0	0	0	0	0	0	0	0	0
Q9NR82-3	19	0	0	0	0	0	0	0	0	0
Q9NR82-4	12	0	0	0	0	0	0	0	0	0
Q9NR82-5	0	0	0	0	0	1	0	0	0	0
Q9NR82-6	19	0	0	0	0	0	0	0	0	0
Q9NR82-7	7	0	0	0	0	0	0	0	0	0
Q9NRA8-2	1	0	0	0	0	2	0	0	0	0
Q9NRA8-3	1	0	0	0	0	0	0	0	0	0
Q9NRF2-2	30	0	0	0	0	0	0	0	0	0
Q9NRF2-3	44	0	0	0	0	0	0	0	0	0
Q9NRG7-3	13	0	0	0	0	0	0	0	0	0
Q9NRL3-2	27	0	0	0	0	1	0	0	1	1
Q9NRL3-3	7	0	0	0	0	0	0	0	0	0
Q9NRN5-2	17	0	0	0	0	0	0	0	0	0
Q9NRN5-3	145	0	0	0	0	0	0	0	0	0
Q9NRN7-2	1	0	0	0	0	0	0	0	0	0
Q9NRQ2-2	0	0	0	0	0	2	0	0	0	0
Q9NRR5-2	121	0	0	0	0	0	0	0	0	0
Q9NRR8-2	20	0	0	0	0	0	0	0	0	0
Q9NRS6-2	1	0	0	0	0	0	0	0	0	0
Q9NRU3-2	1	0	0	0	0	0	0	0	0	0
Q9NRW1-2	9	0	0	0	0	0	0	0	0	0
Q9NRW7-2	98	0	0	0	0	2	0	0	0	0
Q9NRX4-2	29	0	0	0	0	0	0	0	0	0
Q9NS15-2	0	0	0	0	0	1	0	0	0	0
Q9NS18-2	32	0	0	0	0	0	0	0	0	0
Q9NS61-2	1	0	0	0	0	0	0	0	0	0
Q9NS61-3	0	0	0	0	0	1	0	0	0	0
Q9NS61-4	24	0	0	0	0	1	0	0	0	0
Q9NS61-5	0	0	0	0	0	2	0	0	0	0
Q9NS61-6	16	0	0	0	0	0	0	0	0	0
Q9NS61-7	7	0	0	0	0	1	0	0	0	0
Q9NS61-8	65	0	0	0	0	1	0	0	0	0
Q9NS61-9	15	0	0	0	0	2	0	1	1	1
Q9NSB8-2	0	0	0	0	0	1	0	0	0	0
Q9NSC5-2	0	0	0	0	0	1	0	0	0	0
Q9NSC5-3	16	0	0	0	0	0	0	0	0	0
Q9NSC5-4	4	0	0	0	0	0	0	0	0	0
Q9NSC5-5	0	0	0	0	0	1	0	0	0	0
Q9NSD9-2	0	0	0	0	0	1	0	0	0	0
Q9NSK0-2	36	0	0	0	0	0	0	0	0	0
Q9NSK0-3	18	0	0	0	0	0	0	0	0	0
Q9NSK0-4	20	0	0	0	0	0	0	0	0	0
Q9NSK0-5	0	0	0	0	0	1	0	0	0	0
Q9NSK7-2	0	0	0	0	0	1	0	0	0	0
Q9NSK7-3	10	0	0	0	0	1	0	0	0	0
Q9NSK7-4	0	0	0	0	0	1	0	0	0	0
Q9NSU2-1	55	0	0	0	0	0	0	0	0	0
Q9NSU2-2	0	0	0	0	0	1	0	0	0	0
Q9NSY0-2	68	0	0	0	0	0	0	0	0	0
Q9NSY0-4	140	0	0	0	0	0	0	0	0	0
Q9NSY0-5	23	0	0	0	0	1	0	0	0	0
Q9NSY1-2	11	0	2	0	2	0	0	0	0	0
Q9NSY1-3	37	0	2	0	2	0	0	0	0	0
Q9NT62-2	22	0	0	0	0	0	0	0	0	0
Q9NT68-2	45	0	0	0	0	2	0	0	0	0
Q9NTG7-2	0	0	0	0	0	1	0	0	0	0
Q9NTI2-1	0	0	0	0	0	1	0	0	0	0
Q9NTI2-3	11	0	0	0	0	1	0	0	0	0
Q9NTI5-3	30	0	0	0	0	0	0	0	0	0
Q9NTI5-4	12	0	0	0	0	1	0	0	0	0
Q9NTI5-5	0	0	0	0	0	2	0	0	0	0
Q9NTJ4-2	0	0	0	0	0	1	0	0	0	0
Q9NTJ4-3	0	0	0	0	0	1	0	0	0	0
Q9NTJ4-4	46	0	0	0	0	0	0	0	0	0
Q9NTJ5-2	48	0	0	0	0	0	0	0	0	0
Q9NTK5-2	0	0	0	0	0	1	1	0	0	1
Q9NTK5-3	34	0	0	0	0	0	0	0	0	0
Q9NTX5-2	0	0	0	0	0	1	0	0	0	0
Q9NTX5-3	0	0	0	0	0	1	0	0	0	0
Q9NTX5-4	21	0	0	0	0	1	0	0	0	0
Q9NTX5-5	21	0	0	0	0	1	0	0	0	0
Q9NTX5-6	3	0	0	0	0	1	0	0	0	0
Q9NTX7-2	0	0	0	0	0	1	0	0	0	0
Q9NUB1-2	0	0	0	0	0	1	1	0	0	1
Q9NUB1-3	21	0	0	0	0	0	0	0	0	0
Q9NUB1-4	20	0	0	0	0	0	0	0	0	0
Q9NUJ1-2	0	0	0	0	0	1	0	0	0	0
Q9NUJ1-3	10	0	0	0	0	0	0	0	0	0
Q9NUL3-2	5	0	0	0	0	0	0	0	0	0
Q9NUL3-3	5	0	0	0	0	1	1	0	0	1
Q9NUL3-4	0	0	0	0	0	2	1	0	0	1
Q9NUL3-5	5	0	0	0	0	0	0	0	0	0
Q9NUL3-6	0	0	0	0	0	1	0	0	0	0
Q9NUL3-7	38	2	0	0	2	1	0	0	0	0
Q9NUL3-8	0	0	0	0	0	2	1	0	0	1
Q9NUQ3-2	0	0	0	0	0	1	0	0	0	0
Q9NUQ8-2	0	0	0	0	0	1	0	0	0	0
Q9NUQ9-2	0	0	0	0	0	1	0	0	1	1
Q9NUU7-2	4	0	0	0	0	1	0	0	0	0
Q9NV70-2	1	0	1	1	1	0	0	0	0	0
Q9NV96-2	0	0	0	0	0	1	0	0	0	0
Q9NV96-3	0	0	0	0	0	1	0	1	1	1
Q9NVA1-2	0	0	0	0	0	1	0	0	0	0
Q9NVA1-3	20	0	0	0	0	0	0	0	0	0
Q9NVA1-4	0	0	0	0	0	1	0	0	0	0
Q9NVA1-5	0	0	0	0	0	1	0	0	0	0
Q9NVA2-2	18	0	5	5	5	0	0	0	0	0
Q9NVD7-2	44	0	0	0	0	0	0	0	0	0
Q9NVG8-2	0	0	0	0	0	1	0	0	0	0
Q9NVG8-3	0	0	0	0	0	1	0	0	0	0
Q9NVH0-2	0	0	0	0	0	1	0	0	0	0
Q9NVH1-2	0	0	0	0	0	1	0	0	0	0
Q9NVH1-3	0	0	0	0	0	1	0	0	0	0
Q9NVH6-2	41	0	0	0	0	0	0	0	0	0
Q9NVH6-3	64	0	0	0	0	0	0	0	0	0
Q9NVH6-5	3	0	0	0	0	0	0	0	0	0
Q9NVH6-6	1	0	0	0	0	0	0	0	0	0
Q9NVH6-7	0	0	0	0	0	1	0	0	0	0
Q9NVH6-8	11	0	0	0	0	0	0	0	0	0
Q9NVI7-2	0	0	0	0	0	1	1	0	1	1
Q9NVI7-3	0	0	0	0	0	2	1	0	1	1
Q9NVJ2-2	39	0	0	0	0	0	0	0	0	0
Q9NVK5-3	2	0	0	0	0	0	0	0	0	0
Q9NVK5-2	0	0	0	0	0	1	0	0	0	0
Q9NVM9-2	0	0	0	0	0	1	0	0	0	0
Q9NVN3-1	50	0	7	7	7	0	0	0	0	0
Q9NVN3-3	53	0	7	7	7	0	0	0	0	0
Q9NVN3-4	18	0	0	0	0	1	0	0	0	0
Q9NVQ4-2	34	0	1	1	1	0	0	0	0	0
Q9NVQ4-3	22	0	1	1	1	0	0	0	0	0
Q9NVS9-2	23	0	0	0	0	0	0	0	0	0
Q9NVS9-3	0	0	0	0	0	1	0	0	0	0
Q9NVS9-4	0	0	0	0	0	1	0	0	0	0
Q9NVT9-2	52	0	0	0	0	0	0	0	0	0
Q9NVU7-2	0	0	0	0	0	1	0	0	0	0
Q9NVZ3-2	51	0	0	0	0	0	0	0	0	0
Q9NVZ3-3	6	0	0	0	0	0	0	0	0	0
Q9NVZ3-4	0	0	0	0	0	1	0	0	0	0
Q9NW13-2	0	0	0	0	0	1	0	1	0	1
Q9NW15-2	0	0	0	0	0	1	0	0	0	0
Q9NW15-3	0	0	0	0	0	1	0	0	0	0
Q9NW15-4	1	0	0	0	0	0	0	0	0	0
Q9NW15-5	25	0	0	0	0	0	0	0	0	0
Q9NW64-2	0	0	0	0	0	1	1	0	0	1
Q9NW68-2	43	0	0	0	0	0	0	0	0	0
Q9NW68-3	54	0	0	0	0	0	0	0	0	0
Q9NW68-4	37	0	0	0	0	1	0	1	1	1
Q9NW68-5	28	0	0	0	0	0	0	0	0	0
Q9NW68-6	63	0	0	0	0	0	0	0	0	0
Q9NW68-7	17	0	0	0	0	0	0	0	0	0
Q9NW68-8	0	0	0	0	0	1	0	0	0	0
Q9NW68-9	0	0	0	0	0	1	0	0	0	0
Q9NW75-2	10	0	0	0	0	0	0	0	0	0
Q9NW81-2	37	0	0	0	0	1	0	0	0	0
Q9NW81-3	48	0	0	0	0	0	0	0	0	0
Q9NW81-4	11	0	0	0	0	0	0	0	0	0
Q9NW81-5	0	0	0	0	0	1	0	0	0	0
Q9NW81-6	37	0	0	0	0	0	0	0	0	0
Q9NWB1-5	78	11	0	1	12	0	0	0	0	0
Q9NWB1-2	38	0	0	0	0	0	0	0	0	0
Q9NWB1-3	1	0	0	0	0	0	0	0	0	0
Q9NWB1-4	38	0	0	0	0	1	0	0	0	0
Q9NWB6-2	79	0	0	0	0	0	0	0	0	0
Q9NWB6-3	79	0	0	0	0	1	0	0	0	0
Q9NWF9-3	0	0	0	0	0	1	0	0	0	0
Q9NWF9-1	57	0	0	0	0	0	0	0	0	0
Q9NWH9-3	0	0	0	0	0	1	0	0	0	0
Q9NWM3-2	0	0	0	0	0	1	0	0	0	0
Q9NWS0-2	138	0	0	0	0	0	0	0	0	0
Q9NWS0-3	83	0	0	0	0	0	0	0	0	0
Q9NWS8-3	4	0	0	0	0	0	0	0	0	0
Q9NWS8-2	0	0	0	0	0	1	0	0	0	0
Q9NWU1-2	0	0	0	0	0	1	0	0	0	0
Q9NWV8-2	36	0	0	0	0	0	0	0	0	0
Q9NWV8-3	13	0	0	0	0	1	0	0	0	0
Q9NWW6-2	1	0	0	0	0	0	0	0	0	0
Q9NWZ3-2	0	0	0	0	0	1	0	0	0	0
Q9NX04-2	36	0	0	0	0	1	0	0	0	0
Q9NX05-2	5	0	0	0	0	0	0	0	0	0
Q9NX14-2	10	0	0	0	0	0	0	0	0	0
Q9NX40-2	4	4	0	0	4	0	0	0	0	0
Q9NX40-4	0	0	0	0	0	1	1	0	0	1
Q9NX55-3	20	0	0	0	0	0	0	0	0	0
Q9NX94-2	25	0	0	0	0	0	0	0	0	0
Q9NX95-5	0	0	0	0	0	1	0	0	0	0
Q9NX95-2	5	0	0	0	0	0	0	0	0	0
Q9NX95-3	0	0	0	0	0	1	0	0	0	0
Q9NX95-4	4	0	0	0	0	0	0	0	0	0
Q9NXA8-2	14	0	0	0	0	0	0	0	0	0
Q9NXA8-3	0	0	0	0	0	1	0	0	0	0
Q9NXA8-4	0	0	0	0	0	1	0	0	0	0
Q9NXC2-2	0	0	0	0	0	1	0	0	0	0
Q9NXC2-3	126	0	0	0	0	0	0	0	0	0
Q9NXC5-2	17	0	0	0	0	0	0	0	0	0
Q9NXD2-2	14	0	0	0	0	1	0	0	0	0
Q9NXD2-3	54	0	0	0	0	0	0	0	0	0
Q9NXH9-2	0	0	0	0	0	1	0	0	0	0
Q9NXR1-1	26	0	0	0	0	0	0	0	0	0
Q9NXR7-1	49	0	0	0	0	0	0	0	0	0
Q9NXR7-3	17	0	0	0	0	0	0	0	0	0
Q9NXR7-4	13	0	0	0	0	0	0	0	0	0
Q9NXR8-2	3	0	0	0	0	0	0	0	0	0
Q9NXR8-3	4	0	0	0	0	0	0	0	0	0
Q9NXW2-2	9	0	0	0	0	0	0	0	0	0
Q9NXW9-2	1	0	0	0	0	0	0	0	0	0
Q9NY12-2	0	0	0	0	0	1	0	0	0	0
Q9NY27-2	1	0	0	0	0	0	0	0	0	0
Q9NY27-3	0	0	0	0	0	1	0	0	0	0
Q9NY33-2	0	0	0	0	0	1	0	0	0	0
Q9NY33-4	0	0	0	0	0	1	0	0	0	0
Q9NY35-2	4	0	0	0	0	0	0	0	0	0
Q9NY35-3	1	0	0	0	0	0	0	0	0	0
Q9NY46-2	0	0	0	0	0	1	0	0	0	0
Q9NY46-3	1	0	0	0	0	0	0	0	0	0
Q9NY46-4	1	0	0	0	0	1	0	0	0	0
Q9NY47-2	1	0	1	1	1	0	0	0	0	0
Q9NY47-3	4	3	1	4	4	0	0	0	0	0
Q9NY47-4	4	3	1	4	4	1	0	0	0	0
Q9NY47-5	3	3	0	3	3	0	0	0	0	0
Q9NY59-2	0	0	0	0	0	1	0	0	0	0
Q9NY65-2	0	0	0	0	0	1	0	1	1	1
Q9NYB9-2	29	0	0	0	0	2	0	0	0	0
Q9NYB9-3	49	0	0	0	0	2	0	1	1	1
Q9NYB9-4	0	0	0	0	0	1	0	0	0	0
Q9NYF8-2	0	0	0	0	0	1	0	0	0	0
Q9NYF8-3	0	0	0	0	0	2	0	0	0	0
Q9NYF8-4	0	0	0	0	0	1	0	0	0	0
Q9NYG8-2	26	0	0	14	14	0	0	0	0	0
Q9NYI0-2	0	0	0	0	0	1	0	0	0	0
Q9NYI0-3	7	0	0	0	0	2	0	0	0	0
Q9NYK5-2	30	0	0	0	0	0	0	0	0	0
Q9NYK6-3	0	0	0	0	0	1	0	0	0	0
Q9NYR9-2	0	0	0	0	0	1	0	0	0	0
Q9NYR9-3	0	0	0	0	0	1	1	0	0	1
Q9NYR9-4	38	0	0	0	0	0	0	0	0	0
Q9NYS7-2	20	0	0	0	0	0	0	0	0	0
Q9NYS7-3	0	0	0	0	0	1	0	0	0	0
Q9NYU2-2	0	0	0	0	0	1	0	0	0	0
Q9NYX4-2	4	0	0	0	0	0	0	0	0	0
Q9NYX4-3	69	0	0	0	0	0	0	0	0	0
Q9NZ01-2	0	0	0	0	0	1	0	0	0	0
Q9NZ08-2	9	0	9	9	9	0	0	0	0	0
Q9NZ09-2	0	0	0	0	0	1	0	0	0	0
Q9NZ09-3	85	0	0	0	0	0	0	0	0	0
Q9NZ09-4	71	0	0	0	0	0	0	0	0	0
Q9NZ43-2	5	0	0	0	0	0	0	0	0	0
Q9NZ43-3	4	0	0	0	0	0	0	0	0	0
Q9NZ52-2	0	0	0	0	0	1	0	0	0	0
Q9NZ52-3	27	0	0	0	0	1	0	0	0	0
Q9NZ52-4	0	0	0	0	0	1	0	0	0	0
Q9NZ53-2	0	0	0	0	0	1	0	0	0	0
Q9NZ56-2	0	0	0	0	0	1	0	0	0	0
Q9NZ72-2	0	0	0	0	0	1	0	0	0	0
Q9NZ94-2	0	0	0	0	0	1	0	0	0	0
Q9NZ94-3	0	0	0	0	0	1	0	0	0	0
Q9NZA1-2	13	0	0	0	0	0	0	0	0	0
Q9NZA1-3	22	0	0	0	0	0	0	0	0	0
Q9NZB2-2	43	0	0	0	0	0	0	0	0	0
Q9NZB2-4	0	0	0	0	0	1	0	0	0	0
Q9NZB2-5	15	0	0	0	0	0	0	0	0	0
Q9NZB2-6	29	0	0	0	0	0	0	0	0	0
Q9NZB8-2	0	0	0	0	0	1	0	0	0	0
Q9NZB8-3	13	0	0	0	0	0	0	0	0	0
Q9NZB8-4	1	0	0	0	0	1	0	0	0	0
Q9NZB8-5	2	0	0	0	0	0	0	0	0	0
Q9NZB8-6	42	0	0	0	0	0	0	0	0	0
Q9NZB8-7	0	0	0	0	0	2	0	0	0	0
Q9NZB8-8	40	0	0	0	0	0	0	0	0	0
Q9NZC7-5	0	0	0	0	0	1	0	0	0	0
Q9NZC7-2	11	0	0	0	0	0	0	0	0	0
Q9NZC7-3	17	0	0	0	0	0	0	0	0	0
Q9NZC7-4	1	0	0	0	0	0	0	0	0	0
Q9NZC7-6	166	0	0	0	0	0	0	0	0	0
Q9NZC7-7	72	0	0	0	0	0	0	0	0	0
Q9NZD8-2	0	0	0	0	0	1	0	0	0	0
Q9NZH0-2	15	0	0	0	0	0	0	0	0	0
Q9NZI2-2	0	0	0	0	0	1	0	0	0	0
Q9NZI2-3	0	0	0	0	0	1	0	0	0	0
Q9NZI2-4	28	0	0	0	0	0	0	0	0	0
Q9NZI2-5	25	0	0	0	0	1	0	0	0	0
Q9NZI7-4	0	0	0	0	0	1	0	0	0	0
Q9NZJ4-2	0	0	0	0	0	1	0	0	0	0
Q9NZJ9-2	1	0	0	0	0	0	0	0	0	0
Q9NZJ9-3	1	0	0	0	0	1	0	0	0	0
Q9NZL4-2	0	0	0	0	0	1	0	0	0	0
Q9NZL4-3	46	0	0	0	0	1	0	0	0	0
Q9NZL9-2	9	0	0	0	0	0	0	0	0	0
Q9NZL9-3	19	0	0	0	0	0	0	0	0	0
Q9NZL9-4	9	0	0	0	0	1	0	0	0	0
Q9NZL9-5	16	0	0	0	0	0	0	0	0	0
Q9NZM1-2	41	0	0	0	0	0	0	0	0	0
Q9NZM1-3	20	0	0	0	0	0	0	0	0	0
Q9NZM1-4	12	0	0	0	0	0	0	0	0	0
Q9NZM1-5	0	0	0	0	0	1	0	0	0	0
Q9NZM1-6	0	0	0	0	0	1	0	0	0	0
Q9NZM1-8	10	0	0	0	0	0	0	0	0	0
Q9NZM3-2	0	0	0	0	0	1	1	0	0	1
Q9NZM3-3	10	0	0	0	0	1	0	0	0	0
Q9NZN3-2	7	0	0	0	0	0	0	0	0	0
Q9NZN4-2	0	0	0	0	0	1	0	0	0	0
Q9NZN5-2	0	0	0	0	0	1	0	0	1	1
Q9NZN8-2	0	0	0	0	0	1	0	0	0	0
Q9NZN8-3	0	0	0	0	0	1	0	0	0	0
Q9NZN8-4	11	0	0	0	0	0	0	0	0	0
Q9NZN8-5	0	0	0	0	0	1	0	0	0	0
Q9NZQ3-3	0	0	0	0	0	1	0	0	0	0
Q9NZQ3-2	67	0	0	0	0	0	0	0	0	0
Q9NZQ3-4	3	0	0	0	0	1	0	0	0	0
Q9NZQ3-5	30	0	0	0	0	0	0	0	0	0
Q9NZR1-2	0	0	0	0	0	1	0	0	0	0
Q9NZT2-2	0	0	0	0	0	1	0	0	1	1
Q9NZU5-2	0	0	0	0	0	1	0	0	0	0
Q9NZU7-2	13	0	0	0	0	0	0	0	0	0
Q9NZU7-1	70	0	0	0	0	0	0	0	0	0
Q9NZU7-3	0	0	0	0	0	1	0	0	0	0
Q9NZZ3-2	6	0	0	0	0	0	0	0	0	0
Q9P000-2	0	0	0	0	0	1	0	0	0	0
Q9P016-2	6	0	0	0	0	0	0	0	0	0
Q9P035-2	0	0	0	0	0	1	0	0	0	0
Q9P0J0-2	80	0	0	0	0	0	0	0	0	0
Q9P0J1-2	25	0	0	0	0	0	0	0	0	0
Q9P0K1-2	29	0	22	22	29	1	0	0	0	0
Q9P0K1-4	0	0	0	0	0	1	0	0	0	0
Q9P0K1-5	0	0	0	0	0	1	0	0	0	0
Q9P0K7-2	14	0	0	0	0	0	0	0	0	0
Q9P0K7-3	3	0	0	3	3	0	0	0	0	0
Q9P0K7-4	0	0	0	0	0	1	0	0	0	0
Q9P0L0-2	45	0	10	0	10	0	0	0	0	0
Q9P0L2-2	0	0	0	0	0	2	0	0	0	0
Q9P0L2-3	0	0	0	0	0	2	0	0	0	0
Q9P0U4-2	4	0	0	0	0	0	0	0	0	0
Q9P0V3-2	0	0	0	0	0	1	0	0	0	0
Q9P0V9-2	54	0	0	0	0	0	0	0	0	0
Q9P0V9-3	0	0	0	0	0	1	0	0	0	0
Q9P121-3	4	0	0	0	0	0	0	0	0	0
Q9P121-2	26	0	0	0	0	0	0	0	0	0
Q9P121-4	11	10	11	11	11	0	0	0	0	0
Q9P1A6-3	0	0	0	0	0	1	0	0	0	0
Q9P1A6-2	0	0	0	0	0	1	0	0	0	0
Q9P1T7-1	109	0	0	0	0	0	0	0	0	0
Q9P1U1-2	0	0	0	0	0	1	0	0	0	0
Q9P1U1-3	0	0	0	0	0	1	0	0	0	0
Q9P1Y5-2	27	0	19	23	27	0	0	0	0	0
Q9P1Y6-2	18	0	0	0	0	0	0	0	0	0
Q9P1Y6-3	0	0	0	0	0	1	0	0	0	0
Q9P1Z2-2	1	0	0	0	0	0	0	0	0	0
Q9P1Z2-3	0	0	0	0	0	1	0	0	0	0
Q9P1Z2-4	0	0	0	0	0	2	1	0	0	1
Q9P206-3	29	0	0	0	0	0	0	0	0	0
Q9P206-2	74	0	0	13	13	0	0	0	0	0
Q9P206-4	0	0	0	0	0	1	0	0	0	0
Q9P219-2	4	0	0	0	0	0	0	0	0	0
Q9P219-3	12	0	0	0	0	0	0	0	0	0
Q9P227-2	6	0	0	0	0	0	0	0	0	0
Q9P242-2	60	0	0	0	0	0	0	0	0	0
Q9P242-3	1	0	0	0	0	1	0	0	1	1
Q9P246-2	95	0	0	13	13	0	0	0	0	0
Q9P246-3	12	0	0	0	0	0	0	0	0	0
Q9P260-2	51	10	0	14	14	0	0	0	0	0
Q9P287-2	61	0	0	0	0	0	0	0	0	0
Q9P287-3	8	0	0	0	0	0	0	0	0	0
Q9P287-4	31	0	0	0	0	0	0	0	0	0
Q9P289-2	0	0	0	0	0	1	0	0	0	0
Q9P289-3	0	0	0	0	0	1	0	0	0	0
Q9P2A4-2	0	0	0	0	0	1	0	0	0	0
Q9P2D0-2	49	0	0	0	0	0	0	0	0	0
Q9P2D0-3	24	0	0	0	0	1	0	0	0	0
Q9P2D3-2	3	0	0	0	0	1	0	0	0	0
Q9P2D3-3	1	0	0	0	0	0	0	0	0	0
Q9P2D6-2	0	0	0	0	0	1	0	0	0	0
Q9P2D6-3	26	0	0	0	0	2	0	0	0	0
Q9P2D6-4	17	0	0	0	0	0	0	0	0	0
Q9P2E2-3	0	0	0	0	0	1	0	0	0	0
Q9P2E3-2	11	0	0	0	0	1	0	0	0	0
Q9P2E7-2	19	0	0	0	0	0	0	0	0	0
Q9P2E9-3	0	0	0	0	0	2	0	0	0	0
Q9P2F5-2	1	0	0	0	0	0	0	0	0	0
Q9P2F8-2	8	0	0	0	0	1	0	0	0	0
Q9P2H5-2	0	0	0	0	0	1	0	0	1	1
Q9P2J5-2	0	0	0	0	0	1	0	0	0	0
Q9P2J5-3	0	0	0	0	0	1	0	0	0	0
Q9P2K3-2	128	0	0	0	0	0	0	0	0	0
Q9P2K3-3	58	0	0	0	0	0	0	0	0	0
Q9P2K3-4	68	0	0	0	0	0	0	0	0	0
Q9P2K5-2	0	0	0	0	0	1	0	0	1	1
Q9P2K5-3	0	0	0	0	0	2	0	0	1	1
Q9P2K5-4	5	0	0	0	0	0	0	0	0	0
Q9P2K8-2	0	0	0	0	0	1	0	0	0	0
Q9P2K8-3	9	0	0	0	0	0	0	0	0	0
Q9P2L0-2	0	0	0	0	0	1	0	0	0	0
Q9P2M4-2	0	0	0	0	0	1	0	0	0	0
Q9P2M7-2	61	0	0	0	0	1	0	0	0	0
Q9P2P5-2	17	0	0	0	0	2	0	0	0	0
Q9P2R3-2	1	0	0	0	0	0	0	0	0	0
Q9P2R3-4	45	0	0	0	0	0	0	0	0	0
Q9P2R6-2	0	0	0	0	0	1	0	0	0	0
Q9P2R7-2	0	0	0	0	0	1	0	0	0	0
Q9P2T1-2	18	0	0	0	0	0	0	0	0	0
Q9P2T1-3	0	0	0	0	0	1	0	0	0	0
Q9P2U7-2	0	0	0	0	0	1	0	0	0	0
Q9P2U7-3	5	0	0	0	0	1	0	0	0	0
Q9P2X3-2	0	0	0	0	0	1	0	0	0	0
Q9P2Y5-2	0	0	0	0	0	1	0	0	0	0
Q9UBB4-2	0	0	0	0	0	1	0	0	0	0
Q9UBB5-3	65	0	0	0	0	0	0	0	0	0
Q9UBB6-2	0	0	0	0	0	1	0	0	0	0
Q9UBB9-2	15	0	0	0	0	0	0	0	0	0
Q9UBC2-2	48	38	37	36	48	0	0	0	0	0
Q9UBC2-3	5	0	0	0	0	0	0	0	0	0
Q9UBC2-4	4	0	0	0	0	0	0	0	0	0
Q9UBE0-2	22	0	0	0	0	0	0	0	0	0
Q9UBE0-3	49	0	0	0	0	0	0	0	0	0
Q9UBF2-2	7	0	0	0	0	0	0	0	0	0
Q9UBF6-2	49	0	0	0	0	0	0	0	0	0
Q9UBF6-3	34	0	0	0	0	0	0	0	0	0
Q9UBF6-4	0	0	0	0	0	1	0	0	0	0
Q9UBF8-2	0	0	0	0	0	1	0	1	1	1
Q9UBF8-3	0	0	0	0	0	1	0	0	0	0
Q9UBH6-2	0	0	0	0	0	1	0	0	0	0
Q9UBK8-1	27	0	0	0	0	0	0	0	0	0
Q9UBL0-2	2	2	0	2	2	0	0	0	0	0
Q9UBL0-3	35	0	0	0	0	1	0	0	0	0
Q9UBL0-4	35	0	0	0	0	2	0	0	0	0
Q9UBL0-5	35	0	0	0	0	1	0	0	0	0
Q9UBL0-6	15	0	0	0	0	0	0	0	0	0
Q9UBL3-3	0	0	0	0	0	1	0	0	0	0
Q9UBL3-2	0	0	0	0	0	2	0	0	0	0
Q9UBL6-2	0	0	0	0	0	1	0	0	0	0
Q9UBN7-2	0	0	0	0	0	1	0	0	0	0
Q9UBP0-3	0	0	0	0	0	1	0	0	0	0
Q9UBP0-2	0	0	0	0	0	1	0	1	0	1
Q9UBP0-4	0	0	0	0	0	2	0	1	0	1
Q9UBQ0-2	4	0	0	0	0	0	0	0	0	0
Q9UBQ5-2	2	0	0	0	0	0	0	0	0	0
Q9UBQ7-2	158	0	0	0	0	1	0	0	0	0
Q9UBS5-2	40	0	0	0	0	0	0	0	0	0
Q9UBS5-3	0	0	0	0	0	1	0	0	0	0
Q9UBS5-4	0	0	0	0	0	1	0	0	0	0
Q9UBS5-5	9	0	0	0	0	0	0	0	0	0
Q9UBS8-2	0	0	0	0	0	1	0	0	0	0
Q9UBS9-2	195	0	0	0	0	2	0	0	0	0
Q9UBT2-2	0	0	0	0	0	1	0	0	0	0
Q9UBT7-2	5	0	0	0	0	0	0	0	0	0
Q9UBT7-3	0	0	0	0	0	1	0	0	0	0
Q9UBU8-2	1	0	1	1	1	0	0	0	0	0
Q9UBU8-3	0	0	0	0	0	1	0	0	0	0
Q9UBV2-2	4	0	0	0	0	0	0	0	0	0
Q9UBW5-2	0	0	0	0	0	1	0	0	0	0
Q9UBW5-3	0	0	0	0	0	1	0	0	0	0
Q9UBW7-2	18	0	0	0	0	1	0	0	0	0
Q9UBY9-2	5	0	0	0	0	0	0	0	0	0
Q9UBY9-3	1	0	0	0	0	0	0	0	0	0
Q9UD71-2	0	0	0	0	0	1	0	1	0	1
Q9UDT6-2	0	0	0	0	0	1	0	0	0	0
Q9UDW1-2	12	0	0	0	0	0	0	0	0	0
Q9UDY2-2	0	0	0	0	0	1	0	0	1	1
Q9UDY2-3	0	0	0	0	0	1	0	0	0	0
Q9UDY2-4	0	0	0	0	0	2	0	0	1	1
Q9UDY2-5	30	0	0	0	0	0	0	0	0	0
Q9UDY2-6	22	0	1	7	8	1	0	0	1	1
Q9UDY2-7	50	0	0	7	7	0	0	0	0	0
Q9UEU0-2	0	0	0	0	0	1	0	0	0	0
Q9UEW8-2	0	0	0	0	0	1	0	0	0	0
Q9UEY8-2	0	0	0	0	0	1	1	1	1	1
Q9UF11-2	0	0	0	0	0	1	1	0	1	1
Q9UF11-3	0	0	0	0	0	1	0	0	0	0
Q9UF11-4	0	0	0	0	0	2	1	0	1	1
Q9UFG5-2	79	0	0	0	0	0	0	0	0	0
Q9UG01-2	9	0	0	0	0	0	0	0	0	0
Q9UG01-3	18	0	0	0	0	0	0	0	0	0
Q9UG56-2	65	0	0	0	0	0	0	0	0	0
Q9UG63-2	11	0	0	0	0	0	0	0	0	0
Q9UGC7-2	3	0	0	0	0	0	0	0	0	0
Q9UGC7-3	0	0	0	0	0	1	0	0	0	0
Q9UGC7-4	3	0	0	0	0	1	0	0	0	0
Q9UGH3-2	0	0	0	0	0	1	0	0	0	0
Q9UGI8-2	0	0	0	0	0	1	0	1	1	1
Q9UGJ0-3	0	0	0	0	0	1	0	0	0	0
Q9UGJ0-2	0	0	0	0	0	1	0	0	0	0
Q9UGJ1-2	0	0	0	0	0	1	0	0	0	0
Q9UGK8-2	4	0	0	0	0	1	0	0	0	0
Q9UGM6-2	9	0	0	0	0	0	0	0	0	0
Q9UGU0-2	5	0	0	0	0	0	0	0	0	0
Q9UGV2-2	0	0	0	0	0	1	1	0	1	1
Q9UGV2-3	0	0	0	0	0	1	0	0	0	0
Q9UH03-2	13	0	0	0	0	0	0	0	0	0
Q9UH03-3	16	0	0	0	0	0	0	0	0	0
Q9UH99-2	21	0	0	0	0	0	0	0	0	0
Q9UH99-3	28	0	0	0	0	0	0	0	0	0
Q9UHA4-2	0	0	0	0	0	1	0	0	0	0
Q9UHB6-2	0	0	0	0	0	1	0	1	0	1
Q9UHB6-3	0	0	0	0	0	1	0	0	0	0
Q9UHB6-4	2	0	0	0	0	0	0	0	0	0
Q9UHB6-5	2	0	0	0	0	1	0	1	0	1
Q9UHB9-2	0	0	0	0	0	1	0	0	0	0
Q9UHB9-3	0	0	0	0	0	1	0	1	0	1
Q9UHB9-4	0	0	0	0	0	1	0	0	0	0
Q9UHC6-2	0	0	0	0	0	1	0	0	0	0
Q9UHC7-2	0	0	0	0	0	1	0	0	0	0
Q9UHC7-3	44	0	0	0	0	0	0	0	0	0
Q9UHD1-2	0	0	0	0	0	1	0	0	0	0
Q9UHD8-2	6	6	6	0	6	0	0	0	0	0
Q9UHD8-3	0	0	0	0	0	1	1	0	0	1
Q9UHD8-4	0	0	0	0	0	1	0	0	0	0
Q9UHD8-5	17	0	0	17	17	0	0	0	0	0
Q9UHD8-7	0	0	0	0	0	1	0	0	0	0
Q9UHD8-8	123	0	0	0	0	0	0	0	0	0
Q9UHD8-9	12	0	0	0	0	1	0	0	0	0
Q9UHF0-2	38	0	0	0	0	0	0	0	0	0
Q9UHF0-3	1	0	0	0	0	0	0	0	0	0
Q9UHG0-2	56	0	0	0	0	0	0	0	0	0
Q9UHG3-2	0	0	0	0	0	1	0	0	0	0
Q9UHK6-2	94	0	0	0	0	0	0	0	0	0
Q9UHK6-4	63	0	0	0	0	0	0	0	0	0
Q9UHK6-5	17	0	0	0	0	0	0	0	0	0
Q9UHL0-2	0	0	0	0	0	1	0	0	0	0
Q9UHP3-1	32	0	0	0	0	0	0	0	0	0
Q9UHP3-3	70	0	0	0	0	0	0	0	0	0
Q9UHQ4-2	118	0	0	0	0	0	0	0	0	0
Q9UHR5-2	0	0	0	0	0	1	0	0	0	0
Q9UHW5-2	10	0	0	0	0	0	0	0	0	0
Q9UHW5-3	54	0	0	0	0	0	0	0	0	0
Q9UHW9-2	35	0	0	0	0	0	0	0	0	0
Q9UHW9-3	0	0	0	0	0	1	0	0	1	1
Q9UHW9-4	0	0	0	0	0	1	0	0	0	0
Q9UHW9-5	0	0	0	0	0	1	0	0	0	0
Q9UHW9-6	35	0	0	0	0	0	0	0	0	0
Q9UHX1-2	0	0	0	0	0	1	0	0	1	1
Q9UHX1-5	0	0	0	0	0	1	0	0	0	0
Q9UHX1-6	0	0	0	0	0	2	0	0	1	1
Q9UHX1-3	0	0	0	0	0	1	0	0	0	0
Q9UHX1-4	0	0	0	0	0	2	0	0	1	1
Q9UHY7-2	0	0	0	0	0	1	0	0	0	0
Q9UHY8-2	27	0	0	10	10	0	0	0	0	0
Q9UI08-2	2	0	0	2	2	0	0	0	0	0
Q9UI08-3	27	0	0	0	0	0	0	0	0	0
Q9UI08-4	0	0	0	0	0	1	0	0	0	0
Q9UI08-5	2	0	0	2	2	1	0	1	1	1
Q9UI09-2	6	0	0	0	0	0	0	0	0	0
Q9UI10-2	30	0	14	11	14	1	0	0	1	1
Q9UI10-3	0	0	0	0	0	1	0	0	1	1
Q9UI12-2	0	0	0	0	0	1	0	0	1	1
Q9UI30-2	0	0	0	0	0	1	0	0	0	0
Q9UI32-2	67	0	0	0	0	0	0	0	0	0
Q9UI36-2	0	0	0	0	0	1	0	0	0	0
Q9UI36-3	0	0	0	0	0	1	0	0	0	0
Q9UI36-4	0	0	0	0	0	1	0	0	0	0
Q9UI40-2	0	0	0	0	0	1	0	0	1	1
Q9UI47-2	6	0	0	0	0	0	0	0	0	0
Q9UIC8-2	56	0	0	0	0	0	0	0	0	0
Q9UIC8-3	0	0	0	0	0	1	0	0	0	0
Q9UID3-2	0	0	0	0	0	1	0	0	0	0
Q9UIG0-2	0	0	0	0	0	1	0	0	0	0
Q9UII2-2	11	0	0	0	0	0	0	0	0	0
Q9UIJ7-2	0	0	0	0	0	1	0	0	0	0
Q9UIJ7-3	0	0	0	0	0	1	0	0	0	0
Q9UIK5-2	3	0	0	0	0	0	0	0	0	0
Q9UIK5-3	25	0	0	0	0	0	0	0	0	0
Q9UIL1-3	22	0	0	0	0	1	0	0	0	0
Q9UIL1-2	22	0	0	0	0	0	0	0	0	0
Q9UIL1-4	0	0	0	0	0	1	0	0	0	0
Q9UIQ6-2	0	0	0	0	0	1	0	0	0	0
Q9UIQ6-3	0	0	0	0	0	1	0	0	0	0
Q9UIS9-10	24	0	0	0	0	2	0	0	0	0
Q9UIS9-11	44	0	0	0	0	2	0	0	0	0
Q9UIS9-12	63	0	0	0	0	0	0	0	0	0
Q9UIS9-2	63	0	0	0	0	2	0	0	0	0
Q9UIS9-4	0	0	0	0	0	2	0	0	0	0
Q9UIS9-5	0	0	0	0	0	1	0	0	0	0
Q9UIS9-6	24	0	0	0	0	1	0	0	0	0
Q9UIS9-7	0	0	0	0	0	1	0	0	0	0
Q9UIS9-8	0	0	0	0	0	2	0	0	0	0
Q9UIS9-9	25	0	0	0	0	0	0	0	0	0
Q9UIV1-2	1	0	0	0	0	0	0	0	0	0
Q9UJ14-5	23	0	0	0	0	0	0	0	0	0
Q9UJ14-4	17	0	0	0	0	1	1	0	0	1
Q9UJ14-6	51	0	0	0	0	1	0	0	0	0
Q9UJ41-4	14	0	0	0	0	0	0	0	0	0
Q9UJ41-3	40	0	0	0	0	0	0	0	0	0
Q9UJ68-5	0	0	0	0	0	1	0	0	0	0
Q9UJ68-2	0	0	0	0	0	1	0	0	0	0
Q9UJ68-3	4	0	0	0	0	0	0	0	0	0
Q9UJ68-4	0	0	0	0	0	1	0	0	0	0
Q9UJ70-2	46	0	0	0	0	0	0	0	0	0
Q9UJA5-2	28	0	0	0	0	0	0	0	0	0
Q9UJA5-3	22	0	0	0	0	0	0	0	0	0
Q9UJA5-4	0	0	0	0	0	1	0	0	0	0
Q9UJC3-2	0	0	0	0	0	1	0	0	0	0
Q9UJF2-2	151	0	38	84	90	1	0	0	0	0
Q9UJQ1-2	0	0	0	0	0	1	0	0	0	0
Q9UJS0-2	1	0	0	0	0	0	0	0	0	0
Q9UJU6-2	1	1	0	1	1	0	0	0	0	0
Q9UJU6-3	9	1	0	9	9	0	0	0	0	0
Q9UJU6-4	14	1	0	1	1	0	0	0	0	0
Q9UJU6-5	0	0	0	0	0	1	0	0	0	0
Q9UJU6-6	1	1	0	1	1	1	0	0	0	0
Q9UJV3-2	0	0	0	0	0	1	0	0	0	0
Q9UJW0-2	0	0	0	0	0	1	0	0	0	0
Q9UJW0-3	7	0	0	7	7	0	0	0	0	0
Q9UJX2-2	24	0	0	0	0	0	0	0	0	0
Q9UJX2-3	0	0	0	0	0	1	0	0	0	0
Q9UJX6-2	0	0	0	0	0	1	0	0	0	0
Q9UJY5-4	0	0	0	0	0	1	0	0	0	0
Q9UJY5-2	0	0	0	0	0	1	0	0	0	0
Q9UJY5-3	0	0	0	0	0	1	0	0	0	0
Q9UJY5-5	17	0	0	0	0	0	0	0	0	0
Q9UJY5-6	17	0	0	0	0	0	0	0	0	0
Q9UJZ1-2	0	0	0	0	0	1	0	0	0	0
Q9UK17-2	0	0	0	0	0	1	1	0	0	1
Q9UK41-2	50	0	0	0	0	0	0	0	0	0
Q9UK53-2	41	0	0	0	0	1	0	0	0	0
Q9UK53-3	0	0	0	0	0	1	0	0	0	0
Q9UK53-4	1	0	0	0	0	0	0	0	0	0
Q9UK53-5	1	0	0	0	0	0	0	0	0	0
Q9UK59-2	4	0	0	0	0	0	0	0	0	0
Q9UK61-2	0	0	0	0	0	2	0	0	0	0
Q9UK61-3	15	0	0	0	0	0	0	0	0	0
Q9UK61-4	0	0	0	0	0	1	0	0	0	0
Q9UK76-2	82	0	0	0	0	0	0	0	0	0
Q9UK76-3	0	0	0	0	0	1	0	1	1	1
Q9UKA9-2	1	0	1	0	1	0	0	0	0	0
Q9UKA9-5	8	0	0	0	0	0	0	0	0	0
Q9UKA9-3	6	0	1	0	1	0	0	0	0	0
Q9UKA9-4	5	0	0	0	0	0	0	0	0	0
Q9UKA9-6	13	0	0	0	0	0	0	0	0	0
Q9UKB3-2	8	0	0	0	0	0	0	0	0	0
Q9UKE5-2	0	0	0	0	0	1	1	0	0	1
Q9UKE5-3	0	0	0	0	0	1	0	0	0	0
Q9UKE5-4	0	0	0	0	0	1	1	1	1	1
Q9UKE5-5	0	0	0	0	0	2	1	0	0	1
Q9UKE5-6	0	0	0	0	0	2	2	1	1	2
Q9UKE5-7	0	0	0	0	0	2	1	1	1	1
Q9UKE5-8	0	0	0	0	0	3	2	1	1	2
Q9UKF7-2	29	0	9	9	9	0	0	0	0	0
Q9UKJ3-2	0	0	0	0	0	1	0	0	0	0
Q9UKJ3-3	3	0	0	0	0	0	0	0	0	0
Q9UKL6-2	0	0	0	0	0	1	0	0	0	0
Q9UKM9-2	0	0	0	0	0	1	0	0	0	0
Q9UKU0-1	25	0	0	1	1	0	0	0	0	0
Q9UKU0-2	31	0	0	16	16	0	0	0	0	0
Q9UKU0-3	16	0	0	16	16	0	0	0	0	0
Q9UKU0-5	0	0	0	0	0	1	0	0	0	0
Q9UKU0-6	15	0	0	0	0	0	0	0	0	0
Q9UKU0-7	0	0	0	0	0	2	0	0	0	0
Q9UKU0-8	41	0	0	17	17	0	0	0	0	0
Q9UKU0-9	11	0	0	11	11	0	0	0	0	0
Q9UKU7-2	1	0	0	0	0	0	0	0	0	0
Q9UKU7-3	33	0	0	0	0	1	0	0	0	0
Q9UKV3-2	35	0	0	0	0	0	0	0	0	0
Q9UKV3-3	1	0	0	0	0	2	0	0	0	0
Q9UKV3-5	0	0	0	0	0	2	0	0	0	0
Q9UKV8-2	0	0	0	0	0	1	0	0	0	0
Q9UKX7-2	0	0	0	0	0	1	0	0	0	0
Q9UKY7-2	5	0	5	0	5	0	0	0	0	0
Q9UKY7-3	3	0	0	0	0	1	0	0	0	0
Q9UKZ4-2	7	0	0	1	1	0	0	0	0	0
Q9UL15-2	41	1	1	1	1	0	0	0	0	0
Q9UL33-2	0	0	0	0	0	1	0	0	0	0
Q9UL40-2	25	0	0	0	0	0	0	0	0	0
Q9UL40-3	0	0	0	0	0	1	0	0	0	0
Q9UL45-2	5	0	0	0	0	0	0	0	0	0
Q9UL54-2	283	68	12	109	145	0	0	0	0	0
Q9UL54-3	44	0	0	0	0	0	0	0	0	0
Q9UL54-4	0	0	0	0	0	1	0	0	0	0
Q9UL68-3	2	0	0	0	0	1	0	0	0	0
Q9UL68-4	0	0	0	0	0	1	0	0	0	0
Q9ULA0-2	0	0	0	0	0	1	0	0	0	0
Q9ULB1-2	30	0	1	15	16	2	0	0	0	0
Q9ULB1-3	70	0	0	16	16	0	0	0	0	0
Q9ULB1-4	5	5	0	0	5	2	0	0	0	0
Q9ULD0-2	0	0	0	0	0	1	0	0	0	0
Q9ULD0-3	0	0	0	0	0	1	0	0	0	0
Q9ULD2-2	1	0	0	0	0	0	0	0	0	0
Q9ULD2-3	33	0	0	0	0	1	0	0	0	0
Q9ULD2-4	14	0	0	0	0	0	0	0	0	0
Q9ULD2-5	5	0	0	0	0	0	0	0	0	0
Q9ULD2-6	53	0	0	0	0	0	0	0	0	0
Q9ULD2-7	0	0	0	0	0	1	0	0	0	0
Q9ULE0-2	31	0	0	0	0	0	0	0	0	0
Q9ULF5-2	0	0	0	0	0	1	0	0	0	0
Q9ULG6-2	5	0	0	0	0	0	0	0	0	0
Q9ULG6-3	63	10	0	8	18	1	0	0	0	0
Q9ULG6-4	11	0	0	0	0	1	0	0	0	0
Q9ULG6-5	63	10	0	8	18	0	0	0	0	0
Q9ULH0-2	0	0	0	0	0	2	0	0	0	0
Q9ULH0-3	20	0	0	0	0	0	0	0	0	0
Q9ULH0-4	0	0	0	0	0	1	0	0	0	0
Q9ULH0-5	0	0	0	0	0	1	0	0	0	0
Q9ULH1-2	3	0	3	0	3	0	0	0	0	0
Q9ULH7-2	58	0	0	0	0	1	0	0	0	0
Q9ULH7-3	101	0	0	0	0	0	0	0	0	0
Q9ULH7-4	50	33	1	2	35	1	0	0	0	0
Q9ULH7-5	50	33	1	2	35	0	0	0	0	0
Q9ULJ8-2	193	0	17	26	26	1	0	0	0	0
Q9ULJ8-3	284	0	17	26	26	1	0	0	0	0
Q9ULJ8-4	224	0	17	27	27	1	0	0	0	0
Q9ULJ8-5	206	0	17	27	27	1	0	0	0	0
Q9ULK0-2	0	0	0	0	0	1	0	0	0	0
Q9ULL4-2	37	0	0	0	0	0	0	0	0	0
Q9ULL5-2	0	0	0	0	0	1	0	0	0	0
Q9ULM0-2	24	0	0	0	0	1	0	0	0	0
Q9ULN7-1	30	0	0	0	0	0	0	0	0	0
Q9ULP0-2	1	0	0	1	1	0	0	0	0	0
Q9ULP0-3	39	19	38	39	39	0	0	0	0	0
Q9ULP0-4	0	0	0	0	0	1	0	0	0	0
Q9ULP0-5	20	0	0	1	1	0	0	0	0	0
Q9ULP0-6	59	19	38	39	39	0	0	0	0	0
Q9ULP0-7	31	0	30	31	31	0	0	0	0	0
Q9ULP0-8	19	0	0	11	11	0	0	0	0	0
Q9ULP9-2	0	0	0	0	0	1	0	0	0	0
Q9ULQ0-2	7	0	0	0	0	0	0	0	0	0
Q9ULR0-1	47	0	0	0	0	0	0	0	0	0
Q9ULR0-2	23	0	0	0	0	0	0	0	0	0
Q9ULU4-10	20	0	0	0	0	0	0	0	0	0
Q9ULU4-11	29	0	0	0	0	0	0	0	0	0
Q9ULU4-12	21	0	0	0	0	0	0	0	0	0
Q9ULU4-13	50	0	0	0	0	0	0	0	0	0
Q9ULU4-14	21	0	0	0	0	1	0	0	0	0
Q9ULU4-15	21	0	0	0	0	2	0	0	0	0
Q9ULU4-16	50	0	0	0	0	1	0	0	0	0
Q9ULU4-17	20	0	0	0	0	2	0	0	0	0
Q9ULU4-18	20	0	0	0	0	2	0	0	0	0
Q9ULU4-19	56	0	0	0	0	0	0	0	0	0
Q9ULU4-2	1	0	0	0	0	1	0	0	0	0
Q9ULU4-20	25	0	0	0	0	1	0	0	0	0
Q9ULU4-21	1	0	0	0	0	1	0	0	0	0
Q9ULU4-22	50	0	0	0	0	1	0	0	0	0
Q9ULU4-23	30	0	0	0	0	2	0	0	0	0
Q9ULU4-3	1	0	0	0	0	1	0	0	0	0
Q9ULU4-4	1	0	0	0	0	1	0	0	0	0
Q9ULU4-5	20	0	0	0	0	1	0	0	0	0
Q9ULU4-6	30	0	0	0	0	1	0	0	0	0
Q9ULU4-7	49	0	0	0	0	0	0	0	0	0
Q9ULU4-8	49	0	0	0	0	1	0	0	0	0
Q9ULU4-9	30	0	0	0	0	0	0	0	0	0
Q9ULU8-2	1	0	0	1	1	3	2	1	0	2
Q9ULU8-3	25	0	0	21	21	1	1	0	0	1
Q9ULU8-4	5	0	0	0	0	0	0	0	0	0
Q9ULU8-5	9	0	0	0	0	2	0	0	0	0
Q9ULV4-3	53	0	1	0	1	0	0	0	0	0
Q9ULV4-2	6	0	2	0	2	0	0	0	0	0
Q9ULX6-2	0	0	0	0	0	1	0	0	1	1
Q9ULX9-2	0	0	0	0	0	1	0	0	0	0
Q9ULZ3-2	0	0	0	0	0	1	0	0	0	0
Q9ULZ3-3	0	0	0	0	0	1	0	0	0	0
Q9UM22-3	23	0	0	0	0	0	0	0	0	0
Q9UM54-1	0	0	0	0	0	1	1	0	0	1
Q9UM54-2	0	0	0	0	0	1	0	0	1	1
Q9UM54-4	0	0	0	0	0	1	0	0	0	0
Q9UM54-5	0	0	0	0	0	2	0	0	1	1
Q9UM54-6	1	0	0	1	1	0	0	0	0	0
Q9UMR2-2	0	0	0	0	0	1	0	0	0	0
Q9UMR2-3	0	0	0	0	0	1	0	0	0	0
Q9UMR2-4	22	0	0	0	0	1	0	0	0	0
Q9UMS0-2	0	0	0	0	0	1	0	0	0	0
Q9UMS0-3	0	0	0	0	0	1	0	0	0	0
Q9UMS6-5	0	0	0	0	0	1	0	0	0	0
Q9UMS6-2	177	20	21	71	81	0	0	0	0	0
Q9UMS6-3	24	0	0	0	0	0	0	0	0	0
Q9UMS6-4	180	20	21	71	81	0	0	0	0	0
Q9UMX0-2	0	0	0	0	0	1	0	0	1	1
Q9UMX0-3	0	0	0	0	0	1	0	0	1	1
Q9UMX0-4	29	0	0	0	0	0	0	0	0	0
Q9UMY4-1	13	0	0	0	0	0	0	0	0	0
Q9UMY4-3	0	0	0	0	0	1	0	0	0	0
Q9UMZ2-8	0	0	0	0	0	2	0	0	1	1
Q9UMZ2-3	0	0	0	0	0	1	0	0	1	1
Q9UMZ2-4	0	0	0	0	0	2	0	0	1	1
Q9UMZ2-5	0	0	0	0	0	1	0	0	0	0
Q9UMZ2-6	0	0	0	0	0	3	0	0	1	1
Q9UMZ2-7	23	0	0	0	0	1	0	0	1	1
Q9UMZ2-9	0	0	0	0	0	3	0	0	1	1
Q9UN36-2	0	0	0	0	0	1	0	0	0	0
Q9UN36-3	0	0	0	0	0	1	0	0	0	0
Q9UN36-4	0	0	0	0	0	2	0	0	0	0
Q9UN36-5	0	0	0	0	0	2	0	0	0	0
Q9UN36-6	10	0	0	0	0	1	0	0	0	0
Q9UN70-2	50	0	0	0	0	0	0	0	0	0
Q9UN86-2	0	0	0	0	0	1	0	0	1	1
Q9UNA1-2	0	0	0	0	0	1	0	0	0	0
Q9UNE7-2	0	0	0	0	0	1	0	1	1	1
Q9UNF0-2	0	0	0	0	0	1	0	1	1	1
Q9UNF1-2	0	0	0	0	0	1	0	0	0	0
Q9UNH6-3	64	0	0	0	0	0	0	0	0	0
Q9UNH6-2	0	0	0	0	0	1	0	0	0	0
Q9UNH7-2	0	0	0	0	0	1	0	0	0	0
Q9UNL4-2	1	0	0	0	0	0	0	0	0	0
Q9UNL4-3	1	0	0	0	0	0	0	0	0	0
Q9UNL4-4	0	0	0	0	0	1	0	0	0	0
Q9UNL4-5	1	0	0	0	0	0	0	0	0	0
Q9UNL4-6	0	0	0	0	0	1	0	0	0	0
Q9UNL4-7	0	0	0	0	0	1	0	0	0	0
Q9UNL4-8	12	0	0	0	0	0	0	0	0	0
Q9UNM6-2	40	0	0	0	0	0	0	0	0	0
Q9UNN5-2	0	0	0	0	0	1	0	0	0	0
Q9UNP9-2	17	0	0	0	0	0	0	0	0	0
Q9UNP9-3	29	0	0	0	0	0	0	0	0	0
Q9UNS2-2	0	0	0	0	0	1	0	0	0	0
Q9UNZ2-4	0	0	0	0	0	1	0	0	0	0
Q9UNZ2-5	2	0	0	0	0	0	0	0	0	0
Q9UNZ2-6	12	0	0	0	0	0	0	0	0	0
Q9UP65-3	22	0	0	0	0	0	0	0	0	0
Q9UP83-2	21	0	21	21	21	0	0	0	0	0
Q9UP83-3	21	0	21	21	21	0	0	0	0	0
Q9UP95-4	28	0	0	0	0	0	0	0	0	0
Q9UP95-2	10	0	0	0	0	0	0	0	0	0
Q9UP95-5	6	0	0	0	0	0	0	0	0	0
Q9UP95-6	28	0	0	0	0	0	0	0	0	0
Q9UP95-7	68	0	0	0	0	0	0	0	0	0
Q9UPN3-2	109	11	57	71	84	1	0	0	0	0
Q9UPN3-3	139	11	57	71	84	2	1	1	1	1
Q9UPN3-4	0	0	0	0	0	2	1	1	1	1
Q9UPN3-5	115	11	57	71	84	1	0	0	0	0
Q9UPN4-2	0	0	0	0	0	1	0	0	0	0
Q9UPN4-3	0	0	0	0	0	2	0	0	0	0
Q9UPN6-2	66	0	0	0	0	0	0	0	0	0
Q9UPN9-2	0	0	0	0	0	1	0	1	1	1
Q9UPP2-2	23	0	0	0	0	1	0	0	0	0
Q9UPQ0-10	0	0	0	0	0	2	0	1	1	1
Q9UPQ0-2	0	0	0	0	0	1	0	0	0	0
Q9UPQ0-3	544	0	0	0	0	2	0	1	1	1
Q9UPQ0-4	25	0	0	0	0	3	0	1	1	1
Q9UPQ0-5	25	0	0	0	0	4	0	1	1	1
Q9UPQ0-6	6	0	6	0	6	2	0	1	1	1
Q9UPQ0-7	6	0	0	0	0	1	0	0	0	0
Q9UPQ0-8	0	0	0	0	0	3	0	1	1	1
Q9UPQ0-9	6	0	6	0	6	3	0	1	1	1
Q9UPQ3-2	0	0	0	0	0	1	0	0	1	1
Q9UPQ3-3	45	0	0	0	0	0	0	0	0	0
Q9UPQ7-2	48	0	0	0	0	0	0	0	0	0
Q9UPQ7-3	82	0	0	0	0	0	0	0	0	0
Q9UPQ9-2	37	0	14	0	14	2	0	0	0	0
Q9UPQ9-1	1	0	0	0	0	1	0	0	0	0
Q9UPR0-2	15	0	0	0	0	1	0	0	0	0
Q9UPR0-3	0	0	0	0	0	1	0	0	0	0
Q9UPT5-1	0	0	0	0	0	1	0	1	1	1
Q9UPT5-2	0	0	0	0	0	1	0	0	0	0
Q9UPT5-4	10	0	0	0	0	0	0	0	0	0
Q9UPT5-5	0	0	0	0	0	1	0	0	0	0
Q9UPT5-6	0	0	0	0	0	1	0	0	0	0
Q9UPT6-2	2	0	0	0	0	0	0	0	0	0
Q9UPU7-2	15	0	0	0	0	0	0	0	0	0
Q9UPU7-3	1	0	0	0	0	1	0	0	0	0
Q9UPU9-3	1	0	0	0	0	0	0	0	0	0
Q9UPU9-2	0	0	0	0	0	1	0	0	0	0
Q9UPV0-2	4	0	0	0	0	0	0	0	0	0
Q9UPV9-2	114	0	0	0	0	0	0	0	0	0
Q9UPV9-3	63	0	0	0	0	0	0	0	0	0
Q9UPW0-2	0	0	0	0	0	1	0	0	0	0
Q9UPW5-2	0	0	0	0	0	1	0	0	0	0
Q9UPW5-3	62	0	0	0	0	1	0	0	0	0
Q9UPX0-2	102	0	0	0	0	0	0	0	0	0
Q9UPX8-4	22	0	0	4	4	1	0	1	1	1
Q9UPX8-1	11	0	0	0	0	0	0	0	0	0
Q9UPX8-2	38	0	0	4	4	0	0	0	0	0
Q9UPY6-2	53	0	21	19	31	0	0	0	0	0
Q9UPY8-2	0	0	0	0	0	1	0	1	1	1
Q9UPZ3-2	0	0	0	0	0	1	0	0	0	0
Q9UQ03-2	0	0	0	0	0	1	0	1	1	1
Q9UQ13-2	0	0	0	0	0	1	0	0	0	0
Q9UQ16-2	0	0	0	0	0	1	0	1	1	1
Q9UQ16-3	4	0	0	0	0	1	0	1	1	1
Q9UQ16-4	4	0	0	0	0	0	0	0	0	0
Q9UQ16-5	2	0	0	0	0	1	0	1	1	1
Q9UQ26-1	33	0	0	0	0	0	0	0	0	0
Q9UQ26-2	1	0	0	0	0	0	0	0	0	0
Q9UQ26-3	76	0	0	0	0	0	0	0	0	0
Q9UQ26-4	24	0	0	0	0	0	0	0	0	0
Q9UQ26-5	11	0	0	0	0	0	0	0	0	0
Q9UQ26-7	37	0	0	0	0	1	0	0	0	0
Q9UQ26-8	44	0	0	7	7	0	0	0	0	0
Q9UQ35-2	0	0	0	0	0	1	0	0	0	0
Q9UQ35-3	5	0	0	0	0	2	0	0	0	0
Q9UQ49-2	33	0	0	0	0	0	0	0	0	0
Q9UQ80-2	0	0	0	0	0	1	0	0	0	0
Q9UQ84-4	1	0	0	0	0	0	0	0	0	0
Q9UQ90-2	44	0	0	0	0	0	0	0	0	0
Q9UQB3-2	0	0	0	0	0	1	0	1	0	1
Q9UQB8-6	11	0	11	11	11	0	0	0	0	0
Q9UQB8-4	10	0	10	10	10	0	0	0	0	0
Q9UQB8-2	6	0	6	0	6	0	0	0	0	0
Q9UQB8-5	9	0	0	0	0	0	0	0	0	0
Q9UQC2-2	0	0	0	0	0	1	0	0	1	1
Q9UQD0-5	0	0	0	0	0	1	0	0	0	0
Q9UQD0-2	2	0	0	0	0	0	0	0	0	0
Q9UQD0-3	11	0	0	0	0	0	0	0	0	0
Q9UQD0-4	5	0	0	0	0	0	0	0	0	0
Q9UQL6-2	0	0	0	0	0	1	0	0	0	0
Q9UQL6-3	1	1	0	0	1	0	0	0	0	0
Q9UQM7-2	11	0	0	9	9	0	0	0	0	0
Q9UQN3-2	0	0	0	0	0	1	0	0	0	0
Q9UQR1-2	0	0	0	0	0	2	0	0	0	0
Q9Y216-2	15	0	0	0	0	0	0	0	0	0
Q9Y217-2	13	0	0	0	0	0	0	0	0	0
Q9Y219-2	0	0	0	0	0	1	0	0	0	0
Q9Y223-2	31	0	0	0	0	0	0	0	0	0
Q9Y223-3	46	0	0	0	0	0	0	0	0	0
Q9Y223-4	0	0	0	0	0	1	0	0	0	0
Q9Y223-5	0	0	0	0	0	2	0	0	1	1
Q9Y230-2	0	0	0	0	0	1	0	0	0	0
Q9Y233-2	22	6	0	22	22	0	0	0	0	0
Q9Y237-2	25	0	0	0	0	0	0	0	0	0
Q9Y237-3	54	0	0	0	0	0	0	0	0	0
Q9Y243-2	14	0	0	0	0	0	0	0	0	0
Q9Y250-2	0	0	0	0	0	1	1	0	0	1
Q9Y250-3	0	0	0	0	0	1	0	0	0	0
Q9Y250-4	0	0	0	0	0	1	0	0	0	0
Q9Y250-5	0	0	0	0	0	1	0	0	0	0
Q9Y250-6	0	0	0	0	0	1	0	0	0	0
Q9Y250-7	19	0	0	0	0	0	0	0	0	0
Q9Y259-2	50	0	0	0	0	0	0	0	0	0
Q9Y262-2	0	0	0	0	0	1	0	0	0	0
Q9Y265-2	13	0	0	0	0	0	0	0	0	0
Q9Y277-2	1	0	1	1	1	0	0	0	0	0
Q9Y281-3	0	0	0	0	0	1	1	0	0	1
Q9Y282-2	2	0	0	0	0	0	0	0	0	0
Q9Y282-3	5	0	0	0	0	0	0	0	0	0
Q9Y285-2	0	0	0	0	0	1	0	0	0	0
Q9Y287-2	0	0	0	0	0	1	0	0	0	0
Q9Y296-2	0	0	0	0	0	1	0	1	0	1
Q9Y2A7-2	6	0	0	6	6	0	0	0	0	0
Q9Y2B0-2	15	0	0	0	0	0	0	0	0	0
Q9Y2B5-2	63	0	0	0	0	0	0	0	0	0
Q9Y2C4-2	55	0	0	0	0	1	0	0	0	0
Q9Y2C4-3	0	0	0	0	0	1	0	0	0	0
Q9Y2C4-4	0	0	0	0	0	1	0	0	0	0
Q9Y2D4-2	12	0	0	0	0	0	0	0	0	0
Q9Y2D5-3	0	0	0	0	0	2	0	0	1	1
Q9Y2D5-5	45	0	0	0	0	1	0	0	1	1
Q9Y2D5-6	0	0	0	0	0	1	0	0	1	1
Q9Y2D5-7	45	0	0	0	0	0	0	0	0	0
Q9Y2D5-8	212	133	101	122	153	0	0	0	0	0
Q9Y2D5-9	211	130	114	108	152	0	0	0	0	0
Q9Y2D8-2	4	0	0	0	0	0	0	0	0	0
Q9Y2D8-3	0	0	0	0	0	1	0	0	0	0
Q9Y2E4-2	45	0	0	0	0	1	0	0	0	0
Q9Y2E5-2	16	0	0	0	0	0	0	0	0	0
Q9Y2G0-2	0	0	0	0	0	1	0	0	0	0
Q9Y2G0-3	11	0	0	0	0	0	0	0	0	0
Q9Y2G1-2	6	0	0	0	0	1	0	0	0	0
Q9Y2H0-1	27	1	10	12	12	0	0	0	0	0
Q9Y2H0-3	7	0	5	0	5	0	0	0	0	0
Q9Y2H1-2	0	0	0	0	0	2	0	0	0	0
Q9Y2H2-2	3	0	0	0	0	0	0	0	0	0
Q9Y2H2-3	8	0	0	0	0	0	0	0	0	0
Q9Y2H2-4	15	0	0	0	0	0	0	0	0	0
Q9Y2H6-2	1	0	0	0	0	0	0	0	0	0
Q9Y2I1-2	0	0	0	0	0	1	0	0	0	0
Q9Y2I1-3	63	0	0	0	0	0	0	0	0	0
Q9Y2I1-4	4	0	0	0	0	0	0	0	0	0
Q9Y2I2-1	1	0	0	0	0	0	0	0	0	0
Q9Y2I2-2	2	0	0	0	0	0	0	0	0	0
Q9Y2I2-4	42	0	3	0	3	0	0	0	0	0
Q9Y2I2-5	22	0	3	0	3	0	0	0	0	0
Q9Y2I2-6	1	0	0	0	0	0	0	0	0	0
Q9Y2I7-2	3	0	0	0	0	1	0	0	0	0
Q9Y2I7-3	12	0	0	0	0	0	0	0	0	0
Q9Y2I7-4	3	0	0	0	0	0	0	0	0	0
Q9Y2I8-3	19	0	0	0	0	0	0	0	0	0
Q9Y2I8-2	1	0	0	0	0	0	0	0	0	0
Q9Y2J0-2	1	0	0	0	0	0	0	0	0	0
Q9Y2J2-2	18	15	18	18	18	3	1	1	2	3
Q9Y2J2-3	18	15	18	18	18	3	1	1	2	3
Q9Y2J2-4	19	15	19	19	19	1	1	1	0	1
Q9Y2J4-4	58	0	0	0	0	0	0	0	0	0
Q9Y2J4-2	1	0	0	0	0	0	0	0	0	0
Q9Y2J4-3	0	0	0	0	0	1	0	0	0	0
Q9Y2K2-6	124	0	0	0	0	1	0	0	0	0
Q9Y2K2-7	17	0	0	0	0	0	0	0	0	0
Q9Y2K2-8	49	0	8	1	8	2	0	0	0	0
Q9Y2K5-2	2	0	0	0	0	0	0	0	0	0
Q9Y2K5-3	34	0	0	0	0	1	0	0	0	0
Q9Y2K9-2	8	0	0	0	0	0	0	0	0	0
Q9Y2L1-2	22	0	0	0	0	0	0	0	0	0
Q9Y2L5-2	11	0	0	0	0	0	0	0	0	0
Q9Y2L9-2	33	0	0	0	0	0	0	0	0	0
Q9Y2L9-3	35	0	0	0	0	0	0	0	0	0
Q9Y2Q0-2	0	0	0	0	0	1	0	0	0	0
Q9Y2Q0-3	17	0	15	15	15	1	0	0	0	0
Q9Y2Q3-2	56	0	0	0	0	0	0	0	0	0
Q9Y2Q3-3	0	0	0	0	0	1	0	0	0	0
Q9Y2Q3-4	0	0	0	0	0	1	0	1	1	1
Q9Y2Q5-2	39	0	0	0	0	0	0	0	0	0
Q9Y2Q5-3	0	0	0	0	0	1	0	0	0	0
Q9Y2S2-2	0	0	0	0	0	1	0	0	0	0
Q9Y2T3-2	0	0	0	0	0	1	0	1	0	1
Q9Y2T3-3	17	0	0	0	0	0	0	0	0	0
Q9Y2T4-2	21	0	0	0	0	0	0	0	0	0
Q9Y2T4-3	4	0	0	0	0	0	0	0	0	0
Q9Y2T4-4	15	13	0	0	13	0	0	0	0	0
Q9Y2V7-2	6	0	0	0	0	0	0	0	0	0
Q9Y2V7-4	14	0	0	0	0	1	0	0	0	0
Q9Y2W6-3	0	0	0	0	0	1	0	0	0	0
Q9Y2W7-2	0	0	0	0	0	1	0	0	0	0
Q9Y2W7-3	33	0	0	0	0	0	0	0	0	0
Q9Y2X7-2	36	0	0	0	0	0	0	0	0	0
Q9Y2X7-3	9	0	9	4	9	0	0	0	0	0
Q9Y2Y0-2	1	0	0	0	0	0	0	0	0	0
Q9Y2Z0-2	1	1	1	1	1	0	0	0	0	0
Q9Y2Z9-2	40	0	0	0	0	1	0	0	0	0
Q9Y2Z9-3	25	0	0	0	0	0	0	0	0	0
Q9Y303-2	30	0	0	0	0	0	0	0	0	0
Q9Y303-3	196	0	0	0	0	0	0	0	0	0
Q9Y305-2	2	0	0	0	0	0	0	0	0	0
Q9Y305-3	0	0	0	0	0	1	0	0	0	0
Q9Y305-4	9	0	0	0	0	0	0	0	0	0
Q9Y316-2	0	0	0	0	0	1	0	0	0	0
Q9Y316-3	22	0	0	0	0	0	0	0	0	0
Q9Y334-2	19	0	0	0	0	0	0	0	0	0
Q9Y343-2	12	0	0	0	0	0	0	0	0	0
Q9Y371-2	21	0	0	21	21	0	0	0	0	0
Q9Y371-3	0	0	0	0	0	1	0	0	0	0
Q9Y394-2	0	0	0	0	0	1	0	0	0	0
Q9Y3A3-2	0	0	0	0	0	1	0	0	0	0
Q9Y3A3-3	0	0	0	0	0	1	0	0	0	0
Q9Y3A6-2	36	0	0	0	0	0	0	0	0	0
Q9Y3B7-2	0	0	0	0	0	1	0	0	0	0
Q9Y3B7-3	24	0	0	0	0	0	0	0	0	0
Q9Y3B8-3	0	0	0	0	0	1	0	0	0	0
Q9Y3B8-2	0	0	0	0	0	1	0	0	0	0
Q9Y3C4-2	0	0	0	0	0	1	0	0	0	0
Q9Y3C4-3	39	0	0	0	0	0	0	0	0	0
Q9Y3D8-2	5	0	0	0	0	0	0	0	0	0
Q9Y3E7-2	0	0	0	0	0	1	0	0	0	0
Q9Y3E7-3	43	0	0	0	0	0	0	0	0	0
Q9Y3E7-4	0	0	0	0	0	1	0	1	1	1
Q9Y3F4-2	13	0	0	0	0	0	0	0	0	0
Q9Y3I1-2	11	11	0	0	11	0	0	0	0	0
Q9Y3I1-3	0	0	0	0	0	1	0	0	0	0
Q9Y3L3-2	10	0	0	0	0	0	0	0	0	0
Q9Y3M8-2	47	0	0	0	0	0	0	0	0	0
Q9Y3M8-3	0	0	0	0	0	1	0	0	0	0
Q9Y3M8-4	20	0	0	0	0	0	0	0	0	0
Q9Y3M8-5	48	0	0	0	0	0	0	0	0	0
Q9Y3P9-2	25	0	0	0	0	2	1	1	1	1
Q9Y3P9-4	8	0	0	0	0	0	0	0	0	0
Q9Y3Q8-2	0	0	0	0	0	1	0	0	0	0
Q9Y3R0-3	1	0	0	0	0	0	0	0	0	0
Q9Y3R0-2	0	0	0	0	0	1	0	0	0	0
Q9Y3R5-2	0	0	0	0	0	1	0	0	0	0
Q9Y3S1-2	15	0	0	0	0	1	0	0	0	0
Q9Y3S1-3	3	0	0	0	0	2	0	0	0	0
Q9Y3S1-4	7	0	0	0	0	0	0	0	0	0
Q9Y3T6-3	0	0	0	0	0	1	0	0	0	0
Q9Y3Y2-3	1	0	0	0	0	0	0	0	0	0
Q9Y3Y2-4	0	0	0	0	0	1	0	0	0	0
Q9Y3Y4-2	15	0	0	0	0	0	0	0	0	0
Q9Y3Z3-3	0	0	0	0	0	1	0	0	0	0
Q9Y3Z3-4	0	0	0	0	0	1	0	0	0	0
Q9Y426-2	0	0	0	0	0	1	0	0	0	0
Q9Y426-3	0	0	0	0	0	1	0	0	0	0
Q9Y450-2	456	0	0	0	0	0	0	0	0	0
Q9Y450-4	0	0	0	0	0	1	0	0	0	0
Q9Y468-1	29	0	0	0	0	0	0	0	0	0
Q9Y468-2	59	0	0	0	0	0	0	0	0	0
Q9Y468-3	30	0	0	0	0	1	0	0	0	0
Q9Y468-4	73	0	0	0	0	0	0	0	0	0
Q9Y484-2	11	0	0	0	0	0	0	0	0	0
Q9Y484-3	1	0	0	0	0	0	0	0	0	0
Q9Y490-2	17	0	0	0	0	0	0	0	0	0
Q9Y4B5-2	0	0	0	0	0	1	0	0	0	0
Q9Y4B5-3	41	31	0	0	31	1	0	0	0	0
Q9Y4B5-4	114	0	0	0	0	2	0	0	0	0
Q9Y4B6-3	0	0	0	0	0	1	0	0	0	0
Q9Y4B6-2	0	0	0	0	0	1	0	0	0	0
Q9Y4C0-3	0	0	0	0	0	2	0	0	0	0
Q9Y4C0-4	71	0	14	13	14	1	0	0	0	0
Q9Y4D1-2	0	0	0	0	0	1	1	1	1	1
Q9Y4D1-3	23	0	0	0	0	1	0	0	0	0
Q9Y4D8-2	2	0	0	0	0	1	0	0	0	0
Q9Y4D8-3	4	0	0	0	0	1	0	0	0	0
Q9Y4D8-4	0	0	0	0	0	2	0	0	0	0
Q9Y4D8-5	437	25	38	237	287	1	0	0	0	0
Q9Y4E1-1	0	0	0	0	0	2	0	0	0	0
Q9Y4E1-2	0	0	0	0	0	3	0	0	0	0
Q9Y4E1-3	0	0	0	0	0	3	0	0	0	0
Q9Y4E1-4	0	0	0	0	0	1	0	0	0	0
Q9Y4E1-5	1	0	0	0	0	2	0	0	0	0
Q9Y4E1-6	0	0	0	0	0	1	0	0	0	0
Q9Y4E5-2	0	0	0	0	0	1	0	0	0	0
Q9Y4E5-4	469	0	0	0	0	0	0	0	0	0
Q9Y4E6-2	0	0	0	0	0	1	0	1	1	1
Q9Y4E8-2	0	0	0	0	0	1	0	1	0	1
Q9Y4E8-3	4	0	2	2	2	1	0	1	0	1
Q9Y4E8-4	4	0	0	0	0	0	0	0	0	0
Q9Y4F1-2	31	0	0	0	0	0	0	0	0	0
Q9Y4F1-3	56	0	0	0	0	1	0	0	0	0
Q9Y4F5-3	0	0	0	0	0	1	0	0	0	0
Q9Y4F5-2	1	0	0	1	1	0	0	0	0	0
Q9Y4F9-2	1	0	0	0	0	1	0	0	0	0
Q9Y4I1-2	0	0	0	0	0	1	0	1	0	1
Q9Y4I1-3	25	0	0	0	0	0	0	0	0	0
Q9Y4J8-10	24	12	0	24	24	2	0	0	0	0
Q9Y4J8-11	31	0	11	31	31	2	0	0	0	0
Q9Y4J8-12	13	13	10	9	13	1	0	0	0	0
Q9Y4J8-13	0	0	0	0	0	2	0	0	1	1
Q9Y4J8-14	7	3	0	0	3	2	0	0	1	1
Q9Y4J8-15	46	0	0	0	0	2	0	0	1	1
Q9Y4J8-16	13	13	10	9	13	2	0	0	1	1
Q9Y4J8-17	31	0	11	31	31	1	0	0	0	0
Q9Y4J8-2	0	0	0	0	0	1	0	0	1	1
Q9Y4J8-3	13	13	10	9	13	0	0	0	0	0
Q9Y4J8-4	13	13	10	9	13	1	0	0	0	0
Q9Y4J8-5	13	13	10	9	13	1	0	0	1	1
Q9Y4J8-6	0	0	0	0	0	3	0	0	0	0
Q9Y4J8-7	8	0	0	0	0	0	0	0	0	0
Q9Y4J8-8	13	13	10	9	13	3	0	0	1	1
Q9Y4J8-9	8	0	0	0	0	1	0	0	0	0
Q9Y4L1-2	38	0	0	0	0	1	0	0	0	0
Q9Y4P1-2	99	0	0	1	1	0	0	0	0	0
Q9Y4P1-3	34	0	0	0	0	1	0	0	0	0
Q9Y4P1-4	12	0	0	0	0	1	0	0	0	0
Q9Y4P1-6	11	0	0	0	0	0	0	0	0	0
Q9Y4P8-4	0	0	0	0	0	1	0	1	1	1
Q9Y4P8-2	0	0	0	0	0	2	0	1	1	1
Q9Y4P8-3	11	0	0	0	0	1	0	0	0	0
Q9Y4P8-5	65	0	0	0	0	1	0	0	0	0
Q9Y4P8-6	0	0	0	0	0	1	0	0	0	0
Q9Y4W2-2	1	0	0	0	0	0	0	0	0	0
Q9Y4W2-3	1	0	0	0	0	1	0	0	0	0
Q9Y4W2-4	9	0	0	0	0	0	0	0	0	0
Q9Y4Y9-2	0	0	0	0	0	1	0	0	0	0
Q9Y508-2	19	0	0	0	0	0	0	0	0	0
Q9Y520-2	0	0	0	0	0	1	0	0	0	0
Q9Y520-3	11	0	0	0	0	0	0	0	0	0
Q9Y520-4	0	0	0	0	0	1	0	0	0	0
Q9Y520-5	0	0	0	0	0	1	0	0	0	0
Q9Y520-6	0	0	0	0	0	2	0	0	0	0
Q9Y520-7	2	0	2	0	2	0	0	0	0	0
Q9Y566-2	34	0	0	0	0	0	0	0	0	0
Q9Y566-3	0	0	0	0	0	1	0	0	0	0
Q9Y570-2	0	0	0	0	0	1	0	0	0	0
Q9Y570-3	78	0	0	0	0	1	0	0	0	0
Q9Y570-4	14	0	0	0	0	0	0	0	0	0
Q9Y597-2	0	0	0	0	0	1	0	0	0	0
Q9Y597-3	0	0	0	0	0	1	0	0	0	0
Q9Y5A7-2	0	0	0	0	0	1	0	0	0	0
Q9Y5A9-2	0	0	0	0	0	1	0	0	0	0
Q9Y5B0-4	55	0	0	0	0	0	0	0	0	0
Q9Y5B8-2	0	0	0	0	0	1	0	0	0	0
Q9Y5E9-2	0	0	0	0	0	1	0	0	0	0
Q9Y5F6-2	52	0	0	0	0	0	0	0	0	0
Q9Y5F9-2	14	0	0	0	0	0	0	0	0	0
Q9Y5H0-2	21	0	0	0	0	0	0	0	0	0
Q9Y5I4-2	29	0	0	0	0	0	0	0	0	0
Q9Y5K3-2	10	0	0	0	0	0	0	0	0	0
Q9Y5K3-3	17	0	0	0	0	0	0	0	0	0
Q9Y5K3-4	17	0	0	0	0	0	0	0	0	0
Q9Y5K5-2	1	0	0	0	0	1	0	0	0	0
Q9Y5K5-3	0	0	0	0	0	1	0	0	0	0
Q9Y5K5-4	11	0	0	0	0	1	0	0	0	0
Q9Y5L3-2	0	0	0	0	0	1	0	0	0	0
Q9Y5L3-3	0	0	0	0	0	1	0	0	0	0
Q9Y5P4-2	0	0	0	0	0	1	0	0	0	0
Q9Y5P4-3	128	0	0	0	0	0	0	0	0	0
Q9Y5P6-2	27	0	0	0	0	0	0	0	0	0
Q9Y5Q8-2	0	0	0	0	0	1	0	0	0	0
Q9Y5Q8-3	7	0	0	0	0	0	0	0	0	0
Q9Y5S9-2	0	0	0	0	0	1	0	0	0	0
Q9Y5T5-2	0	0	0	0	0	1	0	0	0	0
Q9Y5T5-3	4	4	0	0	4	1	0	0	0	0
Q9Y5T5-4	0	0	0	0	0	1	0	0	0	0
Q9Y5T5-5	11	0	0	0	0	0	0	0	0	0
Q9Y5U2-2	0	0	0	0	0	1	0	0	0	0
Q9Y5V3-2	56	0	0	0	0	0	0	0	0	0
Q9Y5W9-2	5	0	0	0	0	0	0	0	0	0
Q9Y5X3-2	103	0	0	0	0	0	0	0	0	0
Q9Y5Z4-2	1	0	0	0	0	0	0	0	0	0
Q9Y600-2	0	0	0	0	0	1	0	0	0	0
Q9Y600-3	27	0	0	0	0	0	0	0	0	0
Q9Y606-2	0	0	0	0	0	1	0	0	0	0
Q9Y608-2	0	0	0	0	0	3	1	1	0	1
Q9Y608-3	0	0	0	0	0	1	1	0	0	1
Q9Y608-4	0	0	0	0	0	2	1	1	0	1
Q9Y608-5	0	0	0	0	0	6	0	0	0	0
Q9Y617-2	0	0	0	0	0	1	0	0	0	0
Q9Y618-2	0	0	0	0	0	2	0	0	0	0
Q9Y618-4	0	0	0	0	0	1	0	0	0	0
Q9Y618-5	0	0	0	0	0	2	0	0	0	0
Q9Y639-1	1	0	0	0	0	0	0	0	0	0
Q9Y639-3	1	0	0	0	0	1	0	1	1	1
Q9Y639-4	18	0	0	0	0	0	0	0	0	0
Q9Y639-5	0	0	0	0	0	1	0	1	1	1
Q9Y653-2	0	0	0	0	0	1	0	0	0	0
Q9Y653-3	5	0	0	0	0	1	0	0	0	0
Q9Y653-4	0	0	0	0	0	1	0	0	0	0
Q9Y653-5	0	0	0	0	0	1	0	0	0	0
Q9Y664-2	0	0	0	0	0	1	0	0	0	0
Q9Y666-2	34	0	0	0	0	0	0	0	0	0
Q9Y679-3	11	0	0	0	0	0	0	0	0	0
Q9Y680-1	3	0	0	0	0	0	0	0	0	0
Q9Y680-3	0	0	0	0	0	1	0	0	0	0
Q9Y697-2	0	0	0	0	0	1	0	0	0	0
Q9Y697-3	0	0	0	0	0	1	0	0	0	0
Q9Y6A2-2	0	0	0	0	0	1	0	0	0	0
Q9Y6A2-3	0	0	0	0	0	2	0	0	0	0
Q9Y6C2-2	5	0	0	0	0	1	0	0	0	0
Q9Y6D9-4	0	0	0	0	0	1	0	0	0	0
Q9Y6D9-3	61	0	0	0	0	0	0	0	0	0
Q9Y6E0-2	13	0	13	13	13	0	0	0	0	0
Q9Y6E2-2	17	0	0	0	0	0	0	0	0	0
Q9Y6F6-1	1	0	0	0	0	0	0	0	0	0
Q9Y6F6-2	2	0	0	0	0	0	0	0	0	0
Q9Y6F6-3	1	0	0	0	0	1	0	0	0	0
Q9Y6F6-4	0	0	0	0	0	1	0	0	0	0
Q9Y6F6-5	0	0	0	0	0	2	0	0	0	0
Q9Y6F6-6	0	0	0	0	0	1	0	1	1	1
Q9Y6F6-7	21	0	0	0	0	1	0	0	0	0
Q9Y6F6-8	21	0	0	0	0	2	0	0	0	0
Q9Y6I3-1	111	0	0	0	0	1	0	1	1	1
Q9Y6I3-3	0	0	0	0	0	2	0	1	1	1
Q9Y6J0-2	0	0	0	0	0	2	0	0	0	0
Q9Y6K8-2	0	0	0	0	0	1	0	0	0	0
Q9Y6K8-3	0	0	0	0	0	1	0	0	0	0
Q9Y6K9-2	68	0	0	0	0	0	0	0	0	0
Q9Y6K9-3	0	0	0	0	0	2	0	0	0	0
Q9Y6N1-2	15	0	0	0	0	0	0	0	0	0
Q9Y6N7-2	4	0	0	0	0	0	0	0	0	0
Q9Y6N7-3	20	0	0	0	0	0	0	0	0	0
Q9Y6N7-4	17	0	0	0	0	0	0	0	0	0
Q9Y6N7-5	20	0	0	0	0	1	0	0	0	0
Q9Y6N7-6	20	0	0	0	0	2	0	0	0	0
Q9Y6P5-2	92	0	24	11	32	0	0	0	0	0
Q9Y6P5-3	0	0	0	0	0	1	0	0	0	0
Q9Y6R1-2	37	0	0	0	0	0	0	0	0	0
Q9Y6R1-3	87	0	0	0	0	0	0	0	0	0
Q9Y6R1-4	0	0	0	0	0	1	0	0	0	0
Q9Y6R1-5	58	0	0	0	0	0	0	0	0	0
Q9Y6T7-2	3	0	0	0	0	0	0	0	0	0
Q9Y6U3-2	47	0	0	0	0	0	0	0	0	0
Q9Y6U3-3	0	0	0	0	0	1	0	0	0	0
Q9Y6V0-3	19	0	2	0	2	1	0	0	0	0
Q9Y6V0-6	5	0	2	0	2	0	0	0	0	0
Q9Y6X4-2	18	0	0	0	0	0	0	0	0	0
Q9Y6X9-2	0	0	0	0	0	1	0	0	0	0
Q9Y6Y8-2	5	0	0	0	0	0	0	0	0	0
O60330-2	12	0	0	0	0	0	0	0	0	0
P02461-2	0	0	0	0	0	1	0	0	0	0
P05089-2	8	0	0	0	0	0	0	0	0	0
P05089-3	0	0	0	0	0	1	0	0	0	0
P06737-2	0	0	0	0	0	1	0	0	0	0
P10620-2	10	0	0	0	0	0	0	0	0	0
P13646-2	17	0	0	0	0	1	0	0	0	0
P13646-3	4	0	0	0	0	0	0	0	0	0
P30711-2	0	0	0	0	0	1	0	0	0	0
P31645-2	42	12	0	0	12	0	0	0	0	0
Q02224-3	1	0	0	0	0	1	0	0	0	0
Q03519-2	9	0	0	0	0	0	0	0	0	0
Q6KB66-2	10	0	0	0	0	0	0	0	0	0
Q6KB66-3	131	0	0	0	0	0	0	0	0	0
Q7Z407-2	18	0	0	0	0	0	0	0	0	0
Q7Z407-3	0	0	0	0	0	2	0	0	0	0
Q7Z407-4	0	0	0	0	0	1	0	0	0	0
Q7Z407-5	44	0	0	0	0	0	0	0	0	0
Q8N0U7-2	25	0	0	0	0	0	0	0	0	0
Q8N0U7-3	0	0	0	0	0	1	0	0	0	0
Q8N1N4-2	16	0	0	0	0	0	0	0	0	0
Q8N9N2-2	38	0	11	12	12	0	0	0	0	0
Q8NHS9-2	0	0	0	0	0	1	1	0	0	1
Q8NHS9-3	2	0	0	0	0	0	0	0	0	0
Q8WXI4-2	51	26	20	0	26	0	0	0	0	0
Q9BZW7-2	3	0	0	0	0	0	0	0	0	0
Q9H4Z2-2	17	0	0	0	0	0	0	0	0	0
Q9HBU6-2	28	0	0	0	0	0	0	0	0	0
Q9NVR5-2	0	0	0	0	0	1	0	0	0	0
Q9UGN4-2	0	0	0	0	0	1	0	0	0	0
Q9UGN4-3	0	0	0	0	0	1	0	0	0	0
Q9UGN4-4	0	0	0	0	0	2	0	0	0	0
Q9UI26-2	40	0	4	0	4	0	0	0	0	0
Q9Y4D7-2	20	0	0	0	0	0	0	0	0	0
Q9Y592-2	29	0	0	0	0	1	0	0	0	0
A4D0S4-2	54	0	0	0	0	0	0	0	0	0
A4D0S4-3	8	0	0	0	0	0	0	0	0	0
A6NNW6-2	0	0	0	0	0	2	0	0	0	0
A6NNW6-4	24	0	0	0	0	1	0	0	0	0
P05106-2	13	0	0	0	0	0	0	0	0	0
P05106-3	17	0	0	0	0	0	0	0	0	0
P05787-2	28	0	0	0	0	0	0	0	0	0
P17752-2	29	0	0	0	0	0	0	0	0	0
P20592-2	2	0	0	0	0	1	0	0	0	0
Q32MK0-4	0	0	0	0	0	1	0	0	0	0
Q5TD94-2	0	0	0	0	0	1	0	0	0	0
Q5TD94-3	43	0	0	0	0	0	0	0	0	0
Q86XE5-3	0	0	0	0	0	1	0	0	0	0
Q86YP4-3	1	0	0	0	0	0	0	0	0	0
Q86YP4-2	0	0	0	0	0	1	0	0	0	0
Q8TBN0-2	50	0	0	0	0	1	0	0	0	0
Q8TC71-2	1	0	0	1	1	0	0	0	0	0
Q92834-6	501	0	0	0	0	1	0	0	0	0
Q92834-2	0	0	0	0	0	1	0	0	0	0
Q92834-3	11	0	11	0	11	1	0	0	0	0
Q92834-4	0	0	0	0	0	2	0	0	0	0
Q92834-5	8	0	0	0	0	0	0	0	0	0
Q92954-2	0	0	0	0	0	1	0	0	0	0
Q92954-3	0	0	0	0	0	1	0	0	0	0
Q92954-4	0	0	0	0	0	2	0	0	0	0
Q92954-5	0	0	0	0	0	2	0	0	0	0
Q92954-6	0	0	0	0	0	1	0	0	0	0
Q96KB5-2	11	0	0	0	0	0	0	0	0	0
Q99732-2	102	0	0	0	0	0	0	0	0	0
Q99732-3	23	0	0	0	0	0	0	0	0	0
Q9H7C4-2	23	0	0	0	0	0	0	0	0	0
O15123-2	0	0	0	0	0	1	0	0	0	0
O15123-3	0	0	0	0	0	1	0	0	0	0
O15397-2	4	0	0	0	0	1	0	0	0	0
O43292-2	1	0	0	0	0	0	0	0	0	0
P08243-2	0	0	0	0	0	1	0	0	0	0
P08243-3	0	0	0	0	0	1	0	1	0	1
P15586-2	0	0	0	0	0	1	0	0	0	0
P16871-2	6	0	0	0	0	0	0	0	0	0
P16871-3	19	0	0	0	0	1	0	0	0	0
P16871-4	13	0	0	0	0	1	0	0	0	0
P42568-2	0	0	0	0	0	1	0	0	0	0
Q03167-2	0	0	0	0	0	1	0	0	0	0
Q14766-2	15	0	0	0	0	0	0	0	0	0
Q14766-3	15	0	0	0	0	1	0	0	0	0
Q14766-4	2	0	0	0	0	0	0	0	0	0
Q14766-5	17	0	0	0	0	0	0	0	0	0
Q15572-2	1	0	0	0	0	2	0	0	0	0
Q15572-4	0	0	0	0	0	1	0	0	0	0
Q15572-5	0	0	0	0	0	1	0	0	0	0
Q15572-6	1	0	0	0	0	0	0	0	0	0
Q2M2Z5-2	1	0	0	0	0	0	0	0	0	0
Q2M2Z5-4	14	0	0	0	0	0	0	0	0	0
Q2M2Z5-5	1	0	0	0	0	0	0	0	0	0
Q3SY69-2	2	0	0	0	0	0	0	0	0	0
Q3SY69-3	5	0	0	0	0	0	0	0	0	0
Q6STE5-2	12	0	0	0	0	0	0	0	0	0
Q6ZU80-1	1	0	0	0	0	0	0	0	0	0
Q6ZU80-3	28	0	0	0	0	0	0	0	0	0
Q8IW41-2	0	0	0	0	0	1	0	0	0	0
Q8IZ69-2	10	0	0	0	0	0	0	0	0	0
Q8N108-16	22	0	0	0	0	0	0	0	0	0
Q8N108-12	55	0	0	0	0	0	0	0	0	0
Q8N108-13	19	0	0	0	0	0	0	0	0	0
Q8N108-14	41	0	0	0	0	0	0	0	0	0
Q8N108-15	77	0	0	0	0	0	0	0	0	0
Q8N108-17	0	0	0	0	0	1	0	0	0	0
Q8N108-18	41	0	0	0	0	0	0	0	0	0
Q8N108-19	22	0	0	0	0	1	0	0	0	0
Q8N108-20	23	0	0	0	0	0	0	0	0	0
Q8N9W5-3	69	0	0	0	0	1	0	0	0	0
Q8N9W5-5	16	0	0	0	0	0	0	0	0	0
Q8N9W5-6	47	0	0	0	0	0	0	0	0	0
Q8N9W5-7	21	0	0	0	0	0	0	0	0	0
Q8NEV8-2	2	0	0	0	0	0	0	0	0	0
Q8NEZ4-2	57	0	0	0	0	1	0	0	0	0
Q8NEZ4-3	57	0	0	0	0	0	0	0	0	0
Q8TEY7-2	0	0	0	0	0	1	0	0	0	0
Q8TEY7-3	3	0	0	0	0	1	0	0	0	0
Q8WYR4-2	0	0	0	0	0	1	0	0	0	0
Q92630-2	0	0	0	0	0	1	0	0	0	0
Q969J5-2	0	0	0	0	0	1	0	0	0	0
Q969J5-3	5	0	0	0	0	1	0	0	0	0
Q96JP5-2	4	0	0	0	0	0	0	0	0	0
Q96MI6-1	19	0	0	0	0	1	0	0	0	0
Q96MI6-2	16	0	0	0	0	0	0	0	0	0
Q96MI6-3	14	0	0	0	0	0	0	0	0	0
Q96MI6-4	0	0	0	0	0	1	0	0	0	0
Q96RY7-2	0	0	0	0	0	1	0	0	0	0
Q9NVP4-2	12	0	0	0	0	0	0	0	0	0
Q9NVP4-3	37	0	0	0	0	0	0	0	0	0
Q9NVP4-4	62	0	0	0	0	0	0	0	0	0
Q9NVP4-5	0	0	0	0	0	1	0	0	0	0
Q9NWH7-2	0	0	0	0	0	1	0	0	0	0
Q9NX70-2	70	0	0	0	0	0	0	0	0	0
Q9NY15-2	38	0	0	0	0	0	0	0	0	0
Q9P2K1-2	0	0	0	0	0	2	0	0	0	0
Q9P2K1-5	69	0	0	0	0	0	0	0	0	0
Q9P2K1-6	26	0	0	0	0	0	0	0	0	0
Q9Y6Y1-2	21	0	0	0	0	1	0	0	0	0
Q9Y6Y1-3	2	0	0	0	0	0	0	0	0	0
Q9Y6Y1-4	17	0	0	0	0	0	0	0	0	0
O95954-2	56	0	0	0	0	0	0	0	0	0
O95954-3	72	0	0	0	0	0	0	0	0	0
O95954-4	26	0	0	0	0	0	0	0	0	0
Q6QHF9-4	66	0	0	0	0	1	0	0	0	0
Q6QHF9-5	29	0	0	0	0	0	0	0	0	0
Q6QHF9-6	8	0	0	0	0	0	0	0	0	0
Q8IZ52-2	0	0	0	0	0	1	0	0	0	0
Q8IZ52-4	0	0	0	0	0	1	0	0	0	0
Q93086-1	1	0	0	0	0	0	0	0	0	0
Q93086-2	1	0	0	0	0	1	0	0	0	0
Q93086-4	12	0	0	0	0	0	0	0	0	0
Q93086-5	0	0	0	0	0	1	0	0	0	0
Q9H2L5-2	27	0	0	0	0	1	0	0	0	0
Q9H2L5-3	0	0	0	0	0	1	0	0	0	0
Q9H2L5-4	24	0	0	0	0	0	0	0	0	0
O14559-10	0	0	0	0	0	2	0	0	0	0
O14559-11	0	0	0	0	0	1	0	0	0	0
O14559-12	67	0	0	0	0	0	0	0	0	0
P08319-2	24	0	0	0	0	0	0	0	0	0
P21757-2	14	0	0	0	0	0	0	0	0	0
P21757-3	1	0	0	0	0	0	0	0	0	0
P30613-2	1	0	0	0	0	0	0	0	0	0
Q14106-2	6	0	0	0	0	0	0	0	0	0
Q15306-2	0	0	0	0	0	1	0	0	0	0
Q8WVI7-2	7	0	0	0	0	0	0	0	0	0
Q92608-2	15	0	0	0	0	4	0	0	0	0
Q96HW7-3	21	0	0	0	0	1	0	0	0	0
Q9H257-2	11	0	0	0	0	0	0	0	0	0
Q9H257-3	7	0	0	0	0	0	0	0	0	0
Q9NXG6-2	65	0	0	0	0	0	0	0	0	0
Q9NXG6-3	61	0	0	0	0	0	0	0	0	0
Q6IPM2-2	0	0	0	0	0	1	0	0	0	0
Q6IPM2-3	4	0	0	0	0	1	0	0	0	0
Q6IPM2-4	0	0	0	0	0	1	0	0	0	0
Q8TES7-6	16	0	0	0	0	0	0	0	0	0
Q8TES7-2	3	0	0	0	0	0	0	0	0	0
Q8TES7-3	60	0	0	0	0	0	0	0	0	0
Q8TES7-4	47	0	0	0	0	0	0	0	0	0
Q8TES7-5	1	0	0	0	0	1	0	0	0	0
Q8WUP2-2	77	0	0	0	0	0	0	0	0	0
Q8WUP2-3	0	0	0	0	0	1	0	0	0	0
P04070-2	55	0	0	0	0	0	0	0	0	0
Q6ZMV9-2	0	0	0	0	0	1	0	0	0	0
Q6ZMV9-3	0	0	0	0	0	1	0	0	0	0
Q6ZMV9-4	10	0	0	0	0	1	0	0	0	0
Q8TER0-3	1	0	0	0	0	1	0	0	0	0
Q8TER0-4	2	0	0	0	0	0	0	0	0	0
Q8TER0-5	19	0	0	0	0	0	0	0	0	0
Q96N76-2	60	0	0	0	0	0	0	0	0	0
Q9H2M3-2	0	0	0	0	0	1	0	0	0	0
O60673-2	0	0	0	0	0	1	0	0	0	0
Q5SRH9-2	0	0	0	0	0	1	0	0	0	0
Q5SRH9-3	98	0	0	0	0	0	0	0	0	0
Q5SRH9-4	17	0	0	0	0	1	0	0	1	1
Q5SRH9-5	12	0	0	0	0	1	0	0	1	1
Q5SRH9-6	0	0	0	0	0	1	0	0	1	1
Q96MF6-2	26	0	0	0	0	0	0	0	0	0
Q96MF6-3	12	0	0	0	0	0	0	0	0	0
A0A1B0GTW7-2	0	0	0	0	0	1	0	0	0	0
A0A1B0GTW7-3	6	0	0	0	0	1	0	0	0	0
A0AVF1-2	14	0	0	0	0	0	0	0	0	0
A0AVF1-3	0	0	0	0	0	1	0	0	0	0
A1A5D9-2	0	0	0	0	0	1	0	0	0	0
A2RU49-2	10	0	0	0	0	0	0	0	0	0
A2RUC4-2	0	0	0	0	0	1	0	0	0	0
A2RUS2-2	0	0	0	0	0	1	0	0	0	0
A2RUS2-3	83	0	0	0	0	1	0	0	0	0
A2RUS2-4	1	0	0	0	0	0	0	0	0	0
A3KN83-2	0	0	0	0	0	1	0	0	0	0
A3KN83-3	0	0	0	0	0	1	0	0	0	0
A3KN83-4	12	0	0	0	0	1	0	0	0	0
A6NC05-2	58	0	0	0	0	0	0	0	0	0
A6NEC2-2	0	0	0	0	0	1	0	1	0	1
A6NEC2-3	1	0	0	0	0	0	0	0	0	0
A6NFN3-2	13	0	0	0	0	0	0	0	0	0
A6NHR9-2	11	0	0	0	0	0	0	0	0	0
A6NHR9-3	2	0	0	0	0	1	0	0	0	0
A6NJ78-4	73	0	0	0	0	0	0	0	0	0
A6NJ78-2	14	0	0	0	0	0	0	0	0	0
A6NJ78-3	9	0	0	0	0	0	0	0	0	0
A6QL63-2	0	0	0	0	0	1	0	0	0	0
A6QL63-3	10	0	0	0	0	0	0	0	0	0
A6QL63-4	0	0	0	0	0	1	0	0	0	0
A6QL63-5	25	0	0	0	0	0	0	0	0	0
A7MCY6-2	30	0	0	0	0	0	0	0	0	0
A8K855-2	1	0	0	0	0	0	0	0	0	0
A8MW92-2	0	0	0	0	0	2	0	1	1	1
A8MW92-4	24	0	0	0	0	0	0	0	0	0
B0I1T2-2	21	0	0	0	0	0	0	0	0	0
B0I1T2-4	64	0	0	0	0	0	0	0	0	0
B3KU38-2	0	0	0	0	0	1	0	0	0	0
B9EJG8-2	0	0	0	0	0	1	0	0	0	0
E9PAV3-2	0	0	0	0	0	2	0	0	0	0
G9CGD6-2	1	0	0	0	0	0	0	0	0	0
G9CGD6-3	0	0	0	0	0	1	0	0	0	0
O00124-2	0	0	0	0	0	1	0	0	0	0
O00124-3	0	0	0	0	0	1	0	0	0	0
O00148-2	31	0	0	0	0	0	0	0	0	0
O00148-3	22	0	0	0	0	0	0	0	0	0
O00159-3	5	0	0	2	2	0	0	0	0	0
O00159-2	0	0	0	0	0	1	0	0	0	0
O00222-2	16	0	11	9	11	0	0	0	0	0
O00222-3	36	0	0	0	0	0	0	0	0	0
O00255-1	5	0	0	0	0	0	0	0	0	0
O00255-3	0	0	0	0	0	2	0	0	0	0
O00257-3	0	0	0	0	0	1	0	0	0	0
O00258-2	0	0	0	0	0	1	0	0	0	0
O00327-8	0	0	0	0	0	1	0	0	0	0
O00327-1	3	0	0	0	0	0	0	0	0	0
O00327-3	1	0	0	0	0	0	0	0	0	0
O00327-4	0	0	0	0	0	1	0	0	0	0
O00327-5	11	0	0	0	0	0	0	0	0	0
O00327-6	81	0	0	0	0	0	0	0	0	0
O00327-7	56	0	0	0	0	0	0	0	0	0
O00327-9	3	0	0	0	0	1	0	0	0	0
O00329-2	88	0	0	0	0	0	0	0	0	0
O00338-2	32	0	0	0	0	0	0	0	0	0
O00391-2	2	0	0	0	0	0	0	0	0	0
O00458-2	0	0	0	0	0	1	0	0	0	0
O00469-2	21	0	15	0	15	0	0	0	0	0
O00469-3	56	0	15	0	15	0	0	0	0	0
O00541-2	0	0	0	0	0	1	0	0	0	0
O00548-2	18	0	0	0	0	0	0	0	0	0
O00628-2	31	0	0	0	0	0	0	0	0	0
O00712-2	2	0	0	0	0	0	0	0	0	0
O00712-4	60	0	0	36	36	0	0	0	0	0
O00712-5	74	0	0	0	0	0	0	0	0	0
O00712-6	146	0	0	0	0	1	0	0	0	0
O00746-2	0	0	0	0	0	1	0	0	0	0
O00748-2	1	0	0	0	0	0	0	0	0	0
O00748-4	64	0	0	0	0	0	0	0	0	0
O00748-5	65	0	0	0	0	0	0	0	0	0
O00763-2	0	0	0	0	0	1	0	0	0	0
O00763-3	15	0	0	0	0	0	0	0	0	0
O14494-2	43	0	0	5	5	0	0	0	0	0
O14513-2	0	0	0	0	0	1	0	0	0	0
O14513-3	7	0	0	0	0	1	0	0	0	0
O14513-4	1	0	0	0	0	0	0	0	0	0
O14521-2	0	0	0	0	0	1	0	0	0	0
O14521-3	25	0	0	0	0	0	0	0	0	0
O14521-4	38	0	0	0	0	0	0	0	0	0
O14681-3	0	0	0	0	0	1	0	0	0	0
O14686-3	3	0	0	0	0	0	0	0	0	0
O14713-2	0	0	0	0	0	1	0	0	0	0
O14727-2	0	0	0	0	0	1	0	0	0	0
O14727-3	0	0	0	0	0	2	0	0	0	0
O14727-4	0	0	0	0	0	1	0	0	0	0
O14727-5	8	0	0	0	0	2	0	0	0	0
O14727-6	14	0	0	0	0	1	0	0	0	0
O14735-2	85	0	0	0	0	0	0	0	0	0
O14735-3	0	0	0	0	0	1	0	0	0	0
O14770-4	0	0	0	0	0	1	0	0	0	0
O14770-2	15	0	0	0	0	0	0	0	0	0
O14770-3	15	0	0	0	0	1	0	0	0	0
O14770-5	2	0	0	0	0	0	0	0	0	0
O14770-6	15	0	0	0	0	2	0	0	0	0
O14770-7	15	0	0	0	0	2	0	0	0	0
O14770-8	15	0	0	0	0	1	0	0	0	0
O14772-2	0	0	0	0	0	2	0	0	0	0
O14772-3	46	0	0	0	0	2	0	0	0	0
O14786-2	3	0	0	0	0	0	0	0	0	0
O14786-3	3	0	0	0	0	1	0	0	0	0
O14832-2	0	0	0	0	0	1	0	0	0	0
O14874-2	0	0	0	0	0	1	0	0	0	0
O14966-2	0	0	0	0	0	1	0	0	0	0
O14966-3	0	0	0	0	0	1	0	0	0	0
O14975-2	0	0	0	0	0	1	0	0	0	0
O14981-2	0	0	0	0	0	1	0	0	0	0
O14983-2	1	0	0	0	0	0	0	0	0	0
O14983-3	1	0	0	0	0	1	0	0	0	0
O14986-2	49	0	0	0	0	0	0	0	0	0
O15091-2	0	0	0	0	0	1	0	0	0	0
O15091-3	0	0	0	0	0	1	0	0	0	0
O15091-4	0	0	0	0	0	1	0	0	0	0
O15118-2	17	0	0	0	0	2	0	0	0	0
O15155-2	4	0	0	0	0	0	0	0	0	0
O15162-2	22	0	0	0	0	0	0	0	0	0
O15169-2	0	0	0	0	0	1	0	0	0	0
O15217-2	0	0	0	0	0	1	0	0	0	0
O15226-2	15	0	0	0	0	0	0	0	0	0
O15264-2	50	0	0	0	0	0	0	0	0	0
O15374-2	10	0	0	0	0	0	0	0	0	0
O15374-3	0	0	0	0	0	1	0	0	0	0
O15374-4	56	0	0	0	0	0	0	0	0	0
O15374-5	0	0	0	0	0	1	0	0	0	0
O15382-2	0	0	0	0	0	1	0	0	0	0
O15439-2	0	0	0	0	0	1	0	0	0	0
O15439-3	14	0	0	0	0	0	0	0	0	0
O15439-4	14	0	0	0	0	1	0	0	0	0
O15440-3	9	0	0	0	0	1	0	0	0	0
O15440-2	25	0	0	0	0	0	0	0	0	0
O15440-4	7	0	0	0	0	0	0	0	0	0
O15440-5	0	0	0	0	0	1	0	0	0	0
O15455-2	0	0	0	0	0	1	0	0	0	0
O15504-2	21	0	0	0	0	0	0	0	0	0
O15504-3	0	0	0	0	0	1	0	0	0	0
O43147-2	46	0	0	0	0	0	0	0	0	0
O43147-3	35	0	0	0	0	0	0	0	0	0
O43147-5	9	0	0	0	0	0	0	0	0	0
O43182-2	36	0	0	0	0	0	0	0	0	0
O43182-3	51	0	0	0	0	0	0	0	0	0
O43182-4	0	0	0	0	0	1	0	0	0	0
O43182-5	36	0	0	0	0	1	0	0	0	0
O43189-2	99	0	0	14	14	0	0	0	0	0
O43283-3	2	0	0	0	0	0	0	0	0	0
O43283-4	11	0	4	0	4	0	0	0	0	0
O43283-5	12	0	0	0	0	0	0	0	0	0
O43283-6	3	0	0	0	0	0	0	0	0	0
O43299-2	9	0	0	0	0	0	0	0	0	0
O43299-3	1	0	0	0	0	1	0	0	0	0
O43314-2	0	0	0	0	0	1	0	0	0	0
O43374-2	0	0	0	0	0	1	0	0	0	0
O43414-2	40	0	0	0	0	0	0	0	0	0
O43414-3	0	0	0	0	0	1	0	0	0	0
O43427-2	0	0	0	0	0	1	0	0	0	0
O43516-4	0	0	0	0	0	1	0	0	0	0
O43516-2	7	0	0	0	0	0	0	0	0	0
O43516-3	7	0	0	0	0	0	0	0	0	0
O43524-2	0	0	0	0	0	1	0	0	0	0
O43525-2	8	0	0	0	0	0	0	0	0	0
O43687-2	0	0	0	0	0	1	0	1	0	1
O43688-2	37	0	0	0	0	0	0	0	0	0
O43688-3	0	0	0	0	0	1	0	0	0	0
O43736-2	0	0	0	0	0	1	0	0	0	0
O43759-2	30	0	0	0	0	0	0	0	0	0
O43759-3	57	0	0	0	0	0	0	0	0	0
O43826-2	22	0	0	0	0	0	0	0	0	0
O43854-2	0	0	0	0	0	1	0	0	0	0
O43861-2	0	0	0	0	0	1	0	0	0	0
O43933-2	0	0	0	0	0	1	0	0	0	0
O60243-2	12	0	0	0	0	0	0	0	0	0
O60293-2	1	0	0	0	0	0	0	0	0	0
O60293-4	4	0	0	0	0	0	0	0	0	0
O60308-2	47	0	0	0	0	0	0	0	0	0
O60308-3	1	0	0	0	0	0	0	0	0	0
O60318-2	0	0	0	0	0	1	0	0	0	0
O60337-5	1	0	0	0	0	0	0	0	0	0
O60337-6	1	0	0	0	0	0	0	0	0	0
O60353-2	0	0	0	0	0	1	0	0	0	0
O60449-2	196	0	34	22	42	0	0	0	0	0
O60449-3	198	0	34	22	42	0	0	0	0	0
O60469-2	7	0	0	0	0	0	0	0	0	0
O60477-2	10	0	0	0	0	0	0	0	0	0
O60477-3	0	0	0	0	0	1	0	0	0	0
O60563-2	4	0	0	0	0	0	0	0	0	0
O60565-2	0	0	0	0	0	1	0	0	0	0
O60573-2	12	0	9	0	9	0	0	0	0	0
O60583-2	18	0	18	0	18	0	0	0	0	0
O60636-2	0	0	0	0	0	1	0	0	0	0
O60637-2	0	0	0	0	0	1	0	0	0	0
O60637-3	0	0	0	0	0	1	0	0	0	0
O60658-2	0	0	0	0	0	1	0	0	0	0
O60658-3	16	0	0	0	0	0	0	0	0	0
O60658-4	14	0	0	0	0	0	0	0	0	0
O60658-5	28	0	0	0	0	0	0	0	0	0
O60658-6	0	0	0	0	0	1	0	0	0	0
O60678-2	27	0	0	0	0	0	0	0	0	0
O60683-2	20	0	0	0	0	0	0	0	0	0
O60706-2	39	0	0	0	0	0	0	0	0	0
O60830-2	50	0	0	0	0	0	0	0	0	0
O60870-2	1	0	0	0	0	0	0	0	0	0
O60907-2	0	0	0	0	0	1	0	0	0	0
O60942-2	0	0	0	0	0	1	0	0	0	0
O60942-3	0	0	0	0	0	1	0	0	0	0
O60942-4	38	0	0	0	0	0	0	0	0	0
O75054-2	21	0	0	0	0	0	0	0	0	0
O75173-2	137	0	0	0	0	0	0	0	0	0
O75182-2	0	0	0	0	0	1	0	0	0	0
O75192-2	1	0	0	0	0	0	0	0	0	0
O75251-2	21	0	0	0	0	0	0	0	0	0
O75340-2	0	0	0	0	0	1	0	1	1	1
O75352-2	80	0	0	0	0	0	0	0	0	0
O75354-2	0	0	0	0	0	1	0	0	0	0
O75354-3	0	0	0	0	0	1	0	0	0	0
O75365-2	0	0	0	0	0	1	0	0	0	0
O75365-3	0	0	0	0	0	1	0	1	1	1
O75379-2	0	0	0	0	0	1	0	0	0	0
O75386-2	65	0	0	0	0	0	0	0	0	0
O75386-3	22	0	0	0	0	1	0	0	0	0
O75394-2	40	0	0	0	0	0	0	0	0	0
O75449-2	4	0	0	0	0	1	0	0	0	0
O75530-2	25	0	0	0	0	0	0	0	0	0
O75604-3	11	0	0	0	0	0	0	0	0	0
O75604-2	5	0	0	0	0	0	0	0	0	0
O75604-4	45	0	0	0	0	0	0	0	0	0
O75648-2	30	0	0	0	0	0	0	0	0	0
O75648-3	54	0	0	0	0	0	0	0	0	0
O75648-4	24	0	0	0	0	0	0	0	0	0
O75648-5	6	0	0	0	0	0	0	0	0	0
O75665-2	16	0	0	0	0	0	0	0	0	0
O75665-3	0	0	0	0	0	1	0	0	0	0
O75787-2	0	0	0	0	0	1	0	0	0	0
O75818-2	0	0	0	0	0	1	0	0	0	0
O75864-2	66	0	0	0	0	1	0	0	0	0
O75909-2	34	0	0	0	0	0	0	0	0	0
O75909-1	7	0	0	0	0	0	0	0	0	0
O75909-4	20	0	0	0	0	0	0	0	0	0
O75911-2	49	0	0	0	0	0	0	0	0	0
O75920-2	24	0	0	0	0	0	0	0	0	0
O75943-2	2	0	0	0	0	0	0	0	0	0
O75943-3	0	0	0	0	0	1	0	0	0	0
O75943-4	1	0	0	0	0	0	0	0	0	0
O75952-2	0	0	0	0	0	1	0	0	0	0
O75952-3	188	0	0	0	0	0	0	0	0	0
O75952-5	188	0	0	0	0	1	0	0	0	0
O75952-4	35	0	0	0	0	0	0	0	0	0
O75952-6	0	0	0	0	0	1	0	0	0	0
O75953-4	72	0	0	0	0	0	0	0	0	0
O75953-5	114	0	0	0	0	0	0	0	0	0
O75976-2	1	0	0	0	0	0	0	0	0	0
O76021-2	0	0	0	0	0	1	0	0	0	0
O76050-2	9	0	0	0	0	0	0	0	0	0
O76062-2	0	0	0	0	0	1	0	0	0	0
O76074-2	6	0	0	0	0	0	0	0	0	0
O76082-3	24	0	0	0	0	0	0	0	0	0
O76082-2	10	0	0	0	0	0	0	0	0	0
O94759-2	1	0	0	0	0	1	0	0	1	1
O94772-2	21	0	0	0	0	0	0	0	0	0
O94788-2	0	0	0	0	0	1	0	0	0	0
O94788-3	17	0	0	0	0	0	0	0	0	0
O94788-4	0	0	0	0	0	1	0	0	0	0
O94806-2	14	0	0	0	0	0	0	0	0	0
O94810-2	6	0	0	0	0	0	0	0	0	0
O94810-3	0	0	0	0	0	1	0	0	0	0
O94812-2	17	0	0	0	0	1	0	0	0	0
O94812-3	0	0	0	0	0	2	0	0	0	0
O94812-5	0	0	0	0	0	2	0	0	0	0
O94812-6	0	0	0	0	0	1	0	0	0	0
O94812-7	0	0	0	0	0	2	0	0	0	0
O94813-2	4	0	0	0	0	1	0	0	0	0
O94813-3	0	0	0	0	0	1	0	0	0	0
O94817-4	19	0	0	0	0	0	0	0	0	0
O94827-3	37	0	0	0	0	0	0	0	0	0
O94827-4	15	0	0	0	0	0	0	0	0	0
O94827-7	69	0	0	0	0	0	0	0	0	0
O94851-1	7	0	0	0	0	0	0	0	0	0
O94851-2	78	0	0	0	0	2	0	0	0	0
O94851-3	7	0	0	0	0	1	0	0	0	0
O94851-4	78	0	0	0	0	2	0	0	0	0
O94851-5	7	0	0	0	0	1	0	0	0	0
O94851-6	78	0	0	0	0	1	0	0	0	0
O94855-2	1	0	0	0	0	0	0	0	0	0
O94864-2	1	0	0	0	0	0	0	0	0	0
O94864-4	1	0	0	0	0	0	0	0	0	0
O94868-3	3	0	0	0	0	1	0	0	0	0
O94868-2	0	0	0	0	0	1	0	0	0	0
O94880-1	3	0	3	0	3	0	0	0	0	0
O94880-2	14	0	0	0	0	0	0	0	0	0
O94887-2	12	0	0	0	0	0	0	0	0	0
O94887-3	4	0	0	0	0	0	0	0	0	0
O94972-2	0	0	0	0	0	2	0	0	0	0
O94972-3	0	0	0	0	0	1	0	0	0	0
O94988-1	8	0	0	0	0	0	0	0	0	0
O94988-3	8	0	0	0	0	1	0	0	0	0
O94988-5	8	0	0	0	0	0	0	0	0	0
O94988-6	9	0	0	0	0	0	0	0	0	0
O95071-2	0	0	0	0	0	1	0	0	0	0
O95084-2	0	0	0	0	0	1	0	0	0	0
O95104-2	1	0	0	0	0	0	0	0	0	0
O95104-3	0	0	0	0	0	1	0	0	0	0
O95180-2	1	0	0	0	0	0	0	0	0	0
O95198-2	12	0	0	0	0	0	0	0	0	0
O95198-3	0	0	0	0	0	1	0	0	0	0
O95199-2	0	0	0	0	0	1	0	0	0	0
O95258-2	0	0	0	0	0	1	0	0	0	0
O95258-3	31	0	0	0	0	1	0	0	0	0
O95263-2	0	0	0	0	0	1	0	0	0	0
O95263-3	0	0	0	0	0	1	0	0	0	0
O95263-4	0	0	0	0	0	1	0	0	0	0
O95263-5	0	0	0	0	0	1	0	0	0	0
O95263-6	0	0	0	0	0	1	0	0	0	0
O95271-2	3	0	0	0	0	0	0	0	0	0
O95340-2	5	0	0	0	0	0	0	0	0	0
O95361-2	0	0	0	0	0	1	0	0	0	0
O95382-2	10	0	0	0	0	1	0	0	0	0
O95382-3	0	0	0	0	0	1	0	0	0	0
O95453-2	0	0	0	0	0	1	0	0	0	0
O95453-3	0	0	0	0	0	1	0	0	0	0
O95453-4	0	0	0	0	0	1	0	0	0	0
O95456-2	0	0	0	0	0	1	0	1	0	1
O95461-2	0	0	0	0	0	1	0	0	0	0
O95544-2	146	0	0	0	0	0	0	0	0	0
O95544-3	54	0	0	0	0	0	0	0	0	0
O95644-10	0	0	0	0	0	1	0	0	0	0
O95644-11	25	0	0	0	0	1	0	0	0	0
O95644-17	0	0	0	0	0	1	0	0	0	0
O95644-2	19	0	0	0	0	0	0	0	0	0
O95644-3	44	0	0	0	0	0	0	0	0	0
O95644-5	25	0	0	0	0	0	0	0	0	0
O95644-6	25	0	0	0	0	0	0	0	0	0
O95644-8	19	0	0	0	0	1	0	0	0	0
O95672-2	0	0	0	0	0	1	0	0	0	0
O95704-2	0	0	0	0	0	1	0	0	0	0
O95704-3	6	0	0	0	0	0	0	0	0	0
O95704-4	7	0	0	0	0	0	0	0	0	0
O95704-5	16	0	0	0	0	0	0	0	0	0
O95704-6	32	0	0	0	0	0	0	0	0	0
O95755-2	0	0	0	0	0	1	0	0	0	0
O95758-1	0	0	0	0	0	1	0	0	0	0
O95758-2	66	0	0	0	0	1	0	0	0	0
O95758-4	18	0	0	0	0	0	0	0	0	0
O95758-5	3	0	0	0	0	0	0	0	0	0
O95758-6	3	0	0	0	0	1	0	0	0	0
O95758-7	0	0	0	0	0	1	0	0	0	0
O95759-2	0	0	0	0	0	1	0	0	0	0
O95785-2	0	0	0	0	0	2	0	0	0	0
O95785-3	162	0	0	0	0	0	0	0	0	0
O95785-4	32	0	0	0	0	0	0	0	0	0
O95864-2	46	0	0	0	0	0	0	0	0	0
O95864-3	1	0	0	0	0	0	0	0	0	0
O95864-4	37	0	0	0	0	0	0	0	0	0
O95870-2	45	0	0	0	0	0	0	0	0	0
O95900-2	0	0	0	0	0	1	0	0	0	0
O95905-2	0	0	0	0	0	1	0	0	0	0
O95905-3	33	0	0	0	0	0	0	0	0	0
O96001-2	0	0	0	0	0	1	0	0	0	0
O96011-2	3	0	0	0	0	0	0	0	0	0
O96028-4	0	0	0	0	0	1	0	0	0	0
O96028-2	48	0	0	0	0	0	0	0	0	0
O96028-3	17	0	0	0	0	0	0	0	0	0
O96028-5	0	0	0	0	0	1	0	0	0	0
O96028-6	10	0	0	0	0	1	0	0	0	0
O96028-7	13	0	0	0	0	0	0	0	0	0
P00740-2	0	0	0	0	0	1	0	0	0	0
P00973-2	18	0	0	0	0	0	0	0	0	0
P00973-3	68	0	0	0	0	0	0	0	0	0
P00973-4	14	0	0	0	0	0	0	0	0	0
P01135-2	0	0	0	0	0	1	0	0	0	0
P01135-3	4	0	0	0	0	1	0	0	0	0
P01135-4	5	0	0	0	0	0	0	0	0	0
P01135-5	5	0	0	0	0	1	0	0	0	0
P01857-1	2	0	0	0	0	0	0	0	0	0
P01877-1	18	0	1	0	1	0	0	0	0	0
P02462-2	7	0	0	0	0	0	0	0	0	0
P04049-2	20	0	0	0	0	0	0	0	0	0
P04062-2	0	0	0	0	0	1	0	0	0	0
P04062-3	3	0	0	0	0	1	0	0	0	0
P04062-4	0	0	0	0	0	1	0	0	0	0
P04062-5	0	0	0	0	0	1	0	0	0	0
P04629-2	0	0	0	0	0	1	0	0	0	0
P04629-3	37	0	0	0	0	1	0	0	0	0
P04629-4	1	0	0	0	0	1	0	0	0	0
P05388-2	0	0	0	0	0	1	0	0	0	0
P06239-3	30	0	0	0	0	0	0	0	0	0
P06239-2	16	0	0	0	0	0	0	0	0	0
P06493-2	0	0	0	0	0	1	0	0	0	0
P06681-2	23	0	0	0	0	1	0	0	0	0
P06681-3	0	0	0	0	0	1	0	0	0	0
P07305-2	0	0	0	0	0	1	0	0	0	0
P07332-2	0	0	0	0	0	2	0	0	0	0
P07332-3	0	0	0	0	0	1	0	0	0	0
P07332-4	0	0	0	0	0	1	0	0	0	0
P07992-3	42	0	0	0	0	0	0	0	0	0
P07992-2	0	0	0	0	0	1	0	0	0	0
P07992-4	0	0	0	0	0	1	0	0	0	0
P08183-2	1	0	0	0	0	0	0	0	0	0
P08236-2	0	0	0	0	0	1	0	0	0	0
P08236-3	0	0	0	0	0	1	0	0	0	0
P08240-2	0	0	0	0	0	1	0	0	0	0
P08631-2	0	0	0	0	0	1	0	0	0	0
P08631-3	0	0	0	0	0	2	0	0	1	1
P08631-4	0	0	0	0	0	1	0	0	1	1
P08962-2	0	0	0	0	0	1	0	0	0	0
P08962-3	0	0	0	0	0	1	0	0	0	0
P09917-2	0	0	0	0	0	1	0	0	0	0
P09917-3	0	0	0	0	0	1	0	0	0	0
P09917-4	98	0	0	0	0	0	0	0	0	0
P0C024-2	0	0	0	0	0	1	0	0	0	0
P0C024-3	50	0	0	0	0	0	0	0	0	0
P0CAP1-10	0	0	0	0	0	1	0	0	0	0
P0CAP1-11	116	0	0	0	0	0	0	0	0	0
P0CAP1-2	11	0	0	0	0	0	0	0	0	0
P0CAP1-3	0	0	0	0	0	1	0	0	0	0
P0CAP1-4	0	0	0	0	0	1	0	0	0	0
P0CAP1-5	16	0	0	0	0	0	0	0	0	0
P0CAP1-6	13	0	0	0	0	0	0	0	0	0
P0CAP1-7	6	0	0	0	0	0	0	0	0	0
P0CAP1-8	6	0	0	0	0	0	0	0	0	0
P0CAP1-9	40	0	0	0	0	2	0	0	0	0
P0DP58-2	74	0	0	0	0	0	0	0	0	0
P0DTL6-1	66	0	0	0	0	0	0	0	0	0
P0DTL6-2	0	0	0	0	0	1	0	0	0	0
P0DTL6-4	56	0	0	0	0	1	0	0	0	0
P10398-2	1	0	0	0	0	0	0	0	0	0
P11279-2	0	0	0	0	0	1	0	0	0	0
P11362-10	41	0	0	0	0	1	0	0	0	0
P11362-11	41	0	0	0	0	2	0	0	0	0
P11362-12	41	0	0	0	0	1	0	0	0	0
P11362-13	41	0	0	0	0	2	0	0	0	0
P11362-14	0	0	0	0	0	2	0	0	0	0
P11362-15	25	0	0	0	0	0	0	0	0	0
P11362-16	69	0	0	0	0	1	0	0	0	0
P11362-17	24	0	0	0	0	0	0	0	0	0
P11362-18	69	0	0	0	0	2	0	0	0	0
P11362-19	38	0	0	0	0	1	0	0	0	0
P11362-2	0	0	0	0	0	1	0	0	0	0
P11362-20	21	0	0	0	0	1	0	0	0	0
P11362-21	33	0	0	0	0	1	0	0	0	0
P11362-3	0	0	0	0	0	1	0	0	0	0
P11362-4	0	0	0	0	0	2	0	0	0	0
P11362-5	0	0	0	0	0	1	0	0	0	0
P11362-6	0	0	0	0	0	2	0	0	0	0
P11362-7	0	0	0	0	0	1	0	0	0	0
P11362-8	41	0	0	0	0	0	0	0	0	0
P11362-9	41	0	0	0	0	1	0	0	0	0
P12314-2	12	0	0	0	0	0	0	0	0	0
P12830-2	0	0	0	0	0	1	0	0	0	0
P13051-2	34	0	0	7	7	0	0	0	0	0
P13196-2	24	0	0	0	0	0	0	0	0	0
P13640-2	0	0	0	0	0	1	0	1	1	1
P13807-2	0	0	0	0	0	1	0	0	0	0
P13995-2	0	0	0	0	0	1	0	0	0	0
P14416-2	0	0	0	0	0	1	0	0	0	0
P14416-3	2	0	0	0	0	0	0	0	0	0
P14672-2	68	0	0	0	0	0	0	0	0	0
P15336-2	8	0	0	0	0	0	0	0	0	0
P15336-4	7	0	0	0	0	0	0	0	0	0
P15336-5	0	0	0	0	0	1	0	0	0	0
P15336-6	0	0	0	0	0	2	0	0	0	0
P15336-7	25	0	0	0	0	1	0	0	0	0
P15336-8	0	0	0	0	0	1	0	0	0	0
P15408-2	25	0	0	0	0	0	0	0	0	0
P15408-3	0	0	0	0	0	1	0	0	0	0
P15498-2	0	0	0	0	0	1	0	0	0	0
P15502-1	6	0	0	0	0	2	0	0	1	1
P15502-10	6	0	0	0	0	1	0	0	0	0
P15502-11	0	0	0	0	0	5	0	0	1	1
P15502-12	5	0	0	0	0	3	0	0	0	0
P15502-13	0	0	0	0	0	2	0	0	0	0
P15502-2	0	0	0	0	0	2	0	0	1	1
P15502-4	0	0	0	0	0	1	0	0	1	1
P15502-5	5	0	0	0	0	3	0	0	1	1
P15502-6	0	0	0	0	0	3	0	0	0	0
P15502-7	0	0	0	0	0	4	0	0	0	0
P15502-8	1	0	0	0	0	4	0	0	1	1
P15502-9	6	0	0	0	0	0	0	0	0	0
P15884-3	4	0	0	0	0	0	0	0	0	0
P15884-10	6	0	0	0	0	0	0	0	0	0
P15884-11	35	0	0	0	0	1	0	0	0	0
P15884-12	21	0	0	0	0	1	0	0	0	0
P15884-13	4	0	0	0	0	1	0	0	0	0
P15884-14	0	0	0	0	0	1	0	0	0	0
P15884-15	0	0	0	0	0	2	0	0	0	0
P15884-16	0	0	0	0	0	1	0	0	0	0
P15884-2	26	0	0	0	0	0	0	0	0	0
P15884-4	4	0	0	0	0	1	0	0	0	0
P15884-5	0	0	0	0	0	1	0	0	0	0
P15884-6	22	0	0	0	0	0	0	0	0	0
P15884-7	31	0	0	0	0	1	0	0	0	0
P15884-8	22	0	0	0	0	0	0	0	0	0
P15884-9	0	0	0	0	0	1	0	0	0	0
P16118-2	7	0	0	0	0	0	0	0	0	0
P16278-2	31	0	0	0	0	0	0	0	0	0
P16278-3	0	0	0	0	0	1	0	0	1	1
P16520-2	0	0	0	0	0	1	0	0	0	0
P16671-2	15	0	0	0	0	0	0	0	0	0
P16671-3	0	0	0	0	0	1	0	0	0	0
P16671-4	0	0	0	0	0	1	0	0	0	0
P16989-2	0	0	0	0	0	1	0	0	0	0
P16989-3	3	0	0	0	0	0	0	0	0	0
P17027-2	0	0	0	0	0	1	0	0	0	0
P17030-2	4	0	0	0	0	0	0	0	0	0
P17096-2	0	0	0	0	0	1	0	0	1	1
P17096-3	111	0	0	0	0	0	0	0	0	0
P17181-2	4	0	0	0	0	1	0	0	0	0
P17181-3	0	0	0	0	0	2	0	0	0	0
P17181-4	0	0	0	0	0	1	0	0	0	0
P17706-2	6	0	0	0	0	0	0	0	0	0
P17706-3	7	0	0	0	0	0	0	0	0	0
P17706-4	29	0	0	0	0	0	0	0	0	0
P17707-2	0	0	0	0	0	1	0	0	0	0
P17948-2	31	0	0	10	10	0	0	0	0	0
P17948-3	22	0	0	0	0	0	0	0	0	0
P17948-4	21	0	0	0	0	0	0	0	0	0
P17948-5	0	0	0	0	0	1	0	0	0	0
P17948-6	0	0	0	0	0	1	0	0	0	0
P17948-7	0	0	0	0	0	1	0	0	0	0
P17948-8	6	0	0	0	0	0	0	0	0	0
P18074-2	16	0	0	0	0	1	0	0	0	0
P18505-2	29	0	0	0	0	0	0	0	0	0
P18846-2	0	0	0	0	0	1	0	0	0	0
P18858-2	6	0	0	0	0	0	0	0	0	0
P18858-3	0	0	0	0	0	2	0	0	0	0
P19419-2	4	0	0	0	0	0	0	0	0	0
P19793-2	0	0	0	0	0	1	0	0	0	0
P19878-2	0	0	0	0	0	1	0	0	0	0
P19878-3	0	0	0	0	0	1	0	0	0	0
P19878-4	0	0	0	0	0	1	0	0	0	0
P20138-2	2	0	0	0	0	0	0	0	0	0
P20138-3	0	0	0	0	0	1	0	0	0	0
P20226-2	0	0	0	0	0	1	0	0	0	0
P20265-2	0	0	0	0	0	1	0	0	0	0
P20265-3	0	0	0	0	0	1	0	0	0	0
P20594-2	29	0	0	0	0	0	0	0	0	0
P20701-2	53	0	0	0	0	0	0	0	0	0
P20701-3	0	0	0	0	0	2	0	0	0	0
P20742-2	10	0	0	0	0	1	0	0	0	0
P20929-4	2	0	0	0	0	0	0	0	0	0
P20929-2	1889	0	0	10	10	0	0	0	0	0
P20929-3	1856	0	0	10	10	0	0	0	0	0
P21127-10	1	0	0	0	0	1	0	0	0	0
P21127-12	0	0	0	0	0	1	0	0	1	1
P21127-2	1	0	0	0	0	0	0	0	0	0
P21127-3	10	0	0	0	0	1	0	0	0	0
P21127-4	0	0	0	0	0	1	0	0	0	0
P21127-5	0	0	0	0	0	1	0	1	0	1
P21127-6	3	0	0	0	0	1	0	0	0	0
P21127-8	1	0	0	0	0	1	0	0	0	0
P21127-9	3	0	0	0	0	0	0	0	0	0
P21554-2	23	0	0	0	0	0	0	0	0	0
P21554-3	0	0	0	0	0	1	0	0	0	0
P21675-1	0	0	0	0	0	1	0	0	0	0
P21675-13	0	0	0	0	0	2	0	0	0	0
P21675-14	0	0	0	0	0	1	0	0	0	0
P21675-15	1	0	0	0	0	0	0	0	0	0
P21675-16	37	0	0	0	0	0	0	0	0	0
P21675-17	2	0	0	0	0	0	0	0	0	0
P21675-18	37	0	0	0	0	0	0	0	0	0
P21675-19	3	0	0	0	0	0	0	0	0	0
P21675-20	5	0	0	0	0	0	0	0	0	0
P21675-21	8	0	0	0	0	0	0	0	0	0
P21675-22	39	0	0	0	0	0	0	0	0	0
P21675-23	4	0	0	0	0	0	0	0	0	0
P21675-24	16	0	0	0	0	0	0	0	0	0
P21675-25	34	0	0	0	0	0	0	0	0	0
P21741-2	0	0	0	0	0	1	0	0	0	0
P21802-3	30	0	0	0	0	0	0	0	0	0
P21802-14	5	0	0	0	0	0	0	0	0	0
P21802-15	0	0	0	0	0	1	0	0	0	0
P21802-16	3	0	0	0	0	1	0	0	0	0
P21802-17	31	0	0	0	0	0	0	0	0	0
P21802-18	30	0	0	0	0	1	0	0	0	0
P21802-19	34	0	0	0	0	0	0	0	0	0
P21802-2	1	0	0	0	0	0	0	0	0	0
P21802-20	1	0	0	0	0	1	0	0	0	0
P21802-21	28	0	0	0	0	1	0	0	0	0
P21802-22	31	0	0	0	0	1	0	0	0	0
P21802-23	0	0	0	0	0	1	0	0	0	0
P21802-4	42	0	0	0	0	2	0	0	0	0
P21802-5	0	0	0	0	0	1	0	0	0	0
P21802-6	4	0	0	0	0	1	0	0	0	0
P21802-8	1	0	0	0	0	1	0	0	0	0
P22732-2	47	0	0	0	0	0	0	0	0	0
P22897-2	23	0	0	0	0	0	0	0	0	0
P23219-2	0	0	0	0	0	1	0	0	0	0
P23219-3	6	0	0	0	0	1	0	0	0	0
P23219-4	0	0	0	0	0	1	0	0	0	0
P23219-5	31	0	0	0	0	0	0	0	0	0
P23219-6	31	0	0	0	0	0	0	0	0	0
P23443-4	4	0	0	0	0	0	0	0	0	0
P23443-2	0	0	0	0	0	1	0	0	0	0
P23443-3	0	0	0	0	0	1	0	0	0	0
P23443-5	0	0	0	0	0	1	0	0	0	0
P24390-2	0	0	0	0	0	1	0	0	0	0
P24530-2	38	0	0	0	0	0	0	0	0	0
P24530-3	90	0	0	0	0	0	0	0	0	0
P24928-2	6	0	0	0	0	0	0	0	0	0
P25189-2	63	0	0	0	0	0	0	0	0	0
P25440-2	35	0	0	0	0	0	0	0	0	0
P25440-3	0	0	0	0	0	1	0	0	0	0
P25440-4	0	0	0	0	0	1	0	0	0	0
P25774-2	0	0	0	0	0	1	0	0	0	0
P26006-1	45	0	0	0	0	0	0	0	0	0
P26358-2	17	0	0	0	0	0	0	0	0	0
P26358-3	0	0	0	0	0	1	0	0	0	0
P27037-2	0	0	0	0	0	1	0	0	0	0
P28223-2	53	0	0	0	0	0	0	0	0	0
P28347-2	4	0	0	0	0	2	0	0	0	0
P28702-3	4	0	0	0	0	0	0	0	0	0
P28715-2	0	0	0	0	0	1	0	0	0	0
P28715-3	5	0	0	0	0	0	0	0	0	0
P28827-2	13	0	0	0	0	0	0	0	0	0
P28908-2	0	0	0	0	0	1	0	0	0	0
P28908-3	0	0	0	0	0	2	0	0	0	0
P29122-2	1	0	0	0	0	0	0	0	0	0
P29122-3	16	0	0	0	0	0	0	0	0	0
P29122-4	29	0	0	0	0	0	0	0	0	0
P29122-5	3	0	0	0	0	0	0	0	0	0
P29122-6	41	0	0	0	0	1	0	0	0	0
P29122-7	73	0	0	0	0	0	0	0	0	0
P29122-8	74	0	0	0	0	0	0	0	0	0
P29317-2	15	0	0	0	0	0	0	0	0	0
P29323-3	2	0	0	0	0	0	0	0	0	0
P29323-2	1	0	0	0	0	0	0	0	0	0
P29350-2	4	0	0	0	0	0	0	0	0	0
P29350-3	4	0	0	0	0	0	0	0	0	0
P29350-4	64	0	0	0	0	0	0	0	0	0
P29372-4	6	0	0	0	0	0	0	0	0	0
P29372-2	8	0	0	0	0	0	0	0	0	0
P29372-5	0	0	0	0	0	1	0	0	0	0
P29375-2	14	0	0	0	0	0	0	0	0	0
P29400-2	6	0	0	0	0	0	0	0	0	0
P29474-2	41	0	0	0	0	1	0	0	0	0
P29474-3	24	0	0	0	0	0	0	0	0	0
P29728-2	4	0	0	0	0	0	0	0	0	0
P29728-3	16	0	0	0	0	0	0	0	0	0
P30154-2	70	0	0	0	0	0	0	0	0	0
P30154-3	70	0	0	0	0	1	0	0	0	0
P30154-4	0	0	0	0	0	1	0	0	0	0
P30154-5	0	0	0	0	0	1	0	0	0	0
P30281-2	0	0	0	0	0	1	0	0	0	0
P30281-3	0	0	0	0	0	1	0	0	0	0
P30281-4	0	0	0	0	0	1	0	0	0	0
P30530-2	0	0	0	0	0	1	0	0	0	0
P30542-2	11	0	0	0	0	0	0	0	0	0
P30874-2	24	0	0	0	0	0	0	0	0	0
P31483-2	1	0	1	0	1	0	0	0	0	0
P31483-3	20	0	0	0	0	0	0	0	0	0
P32019-2	0	0	0	0	0	1	0	0	0	0
P32019-3	0	0	0	0	0	1	0	0	0	0
P32019-4	19	0	0	0	0	0	0	0	0	0
P32121-2	12	0	0	0	0	1	0	0	0	0
P32121-3	12	0	0	0	0	0	0	0	0	0
P32121-4	21	0	0	0	0	0	0	0	0	0
P32121-5	0	0	0	0	0	1	0	0	0	0
P32780-2	0	0	0	0	0	1	0	0	0	0
P33527-2	0	0	0	0	0	1	0	0	0	0
P33527-3	0	0	0	0	0	1	0	0	0	0
P33527-4	0	0	0	0	0	1	0	0	0	0
P33527-5	0	0	0	0	0	1	0	0	0	0
P33527-6	0	0	0	0	0	2	0	0	0	0
P33527-7	0	0	0	0	0	2	0	0	0	0
P33527-8	0	0	0	0	0	2	0	0	0	0
P33527-9	10	0	0	0	0	0	0	0	0	0
P33908-2	37	0	0	0	0	0	0	0	0	0
P34910-2	15	0	0	0	0	0	0	0	0	0
P35251-2	0	0	0	0	0	1	0	0	0	0
P35348-2	52	0	0	0	0	0	0	0	0	0
P35348-3	6	0	0	0	0	0	0	0	0	0
P35348-4	32	0	0	0	0	0	0	0	0	0
P35348-5	2	0	0	0	0	0	0	0	0	0
P35348-6	48	0	0	0	0	0	0	0	0	0
P35348-7	29	0	0	0	0	0	0	0	0	0
P35348-8	76	0	0	0	0	0	0	0	0	0
P35348-9	71	0	0	0	0	0	0	0	0	0
P35462-3	1	0	0	0	0	0	0	0	0	0
P35610-2	0	0	0	0	0	1	0	0	0	0
P35610-3	0	0	0	0	0	1	0	0	0	0
P35790-2	0	0	0	0	0	1	0	0	0	0
P36406-2	19	0	0	0	0	0	0	0	0	0
P36406-3	6	0	0	0	0	0	0	0	0	0
P36896-2	12	0	0	0	0	0	0	0	0	0
P36896-3	63	0	0	0	0	0	0	0	0	0
P36896-4	42	0	0	0	0	0	0	0	0	0
P36896-5	0	0	0	0	0	1	0	0	0	0
P36980-2	1	0	0	0	0	0	0	0	0	0
P37173-3	10	0	0	0	0	0	0	0	0	0
P37173-2	26	0	0	0	0	0	0	0	0	0
P37268-2	0	0	0	0	0	1	0	0	0	0
P37268-3	0	0	0	0	0	1	0	0	0	0
P37268-4	0	0	0	0	0	1	0	0	0	0
P37268-5	0	0	0	0	0	1	0	0	0	0
P39880-2	0	0	0	0	0	1	0	0	0	0
P39880-3	20	0	0	7	7	0	0	0	0	0
P39880-4	0	0	0	0	0	1	0	0	0	0
P39880-5	0	0	0	0	0	1	0	0	0	0
P39880-6	0	0	0	0	0	2	0	0	0	0
P39880-9	260	0	9	7	16	1	0	0	0	0
P40424-2	14	0	0	0	0	0	0	0	0	0
P40424-3	20	0	0	0	0	0	0	0	0	0
P40426-2	11	0	0	0	0	0	0	0	0	0
P40426-3	0	0	0	0	0	1	0	0	0	0
P40426-4	11	0	0	0	0	1	0	0	0	0
P40426-5	0	0	0	0	0	1	0	0	0	0
P40616-2	0	0	0	0	0	1	0	0	0	0
P40692-2	0	0	0	0	0	1	0	0	0	0
P40692-3	2	0	0	0	0	0	0	0	0	0
P40937-2	0	0	0	0	0	1	0	0	0	0
P40938-2	11	0	0	0	0	0	0	0	0	0
P41145-2	0	0	0	0	0	1	0	0	0	0
P41214-2	0	0	0	0	0	1	0	0	0	0
P41223-2	17	0	0	0	0	0	0	0	0	0
P41247-2	0	0	0	0	0	1	0	0	0	0
P42126-2	0	0	0	0	0	1	0	0	0	0
P42679-2	24	0	0	0	0	0	0	0	0	0
P42679-3	0	0	0	0	0	1	0	0	0	0
P42685-2	12	0	12	0	12	0	0	0	0	0
P42696-2	6	0	0	0	0	0	0	0	0	0
P42892-2	31	0	0	0	0	0	0	0	0	0
P42892-3	0	0	0	0	0	1	0	0	0	0
P42892-4	13	0	0	0	0	0	0	0	0	0
P43251-2	14	0	0	0	0	0	0	0	0	0
P43251-3	14	0	0	0	0	0	0	0	0	0
P43251-4	0	0	0	0	0	1	0	0	0	0
P43353-2	0	0	0	0	0	1	0	0	0	0
P46087-2	0	0	0	0	0	1	0	0	0	0
P46087-3	33	0	0	0	0	1	0	0	0	0
P46087-4	33	0	0	0	0	0	0	0	0	0
P46721-2	35	0	0	0	0	0	0	0	0	0
P46734-2	0	0	0	0	0	1	0	0	0	0
P46734-3	20	0	0	0	0	0	0	0	0	0
P46779-2	55	0	0	0	0	0	0	0	0	0
P46779-3	60	0	0	0	0	0	0	0	0	0
P46779-4	1	0	0	0	0	0	0	0	0	0
P46779-5	18	0	0	0	0	0	0	0	0	0
P46977-2	0	0	0	0	0	1	0	0	0	0
P47869-2	89	0	0	0	0	0	0	0	0	0
P47870-1	0	0	0	0	0	1	0	0	0	0
P47870-3	17	0	0	0	0	1	0	0	0	0
P47870-4	1	0	0	0	0	1	0	0	0	0
P48029-2	349	0	0	0	0	0	0	0	0	0
P48029-3	0	0	0	0	0	1	0	0	0	0
P48029-4	0	0	0	0	0	1	0	0	0	0
P48058-2	10	0	0	0	0	0	0	0	0	0
P48067-3	0	0	0	0	0	1	0	0	0	0
P48067-2	9	0	0	0	0	0	0	0	0	0
P48167-2	1	0	0	0	0	0	0	0	0	0
P48200-2	1	0	0	0	0	0	0	0	0	0
P48382-2	0	0	0	0	0	1	0	0	0	0
P48651-2	0	0	0	0	0	1	0	0	0	0
P48651-3	56	0	0	0	0	1	0	0	0	0
P49238-2	32	0	0	0	0	0	0	0	0	0
P49238-3	7	0	0	0	0	0	0	0	0	0
P49238-4	32	0	0	0	0	0	0	0	0	0
P49281-3	47	0	13	9	13	0	0	0	0	0
P49281-2	18	0	13	9	13	0	0	0	0	0
P49281-4	29	0	0	0	0	0	0	0	0	0
P49281-5	25	0	13	9	13	0	0	0	0	0
P49366-2	0	0	0	0	0	1	0	0	0	0
P49366-3	25	0	0	0	0	0	0	0	0	0
P49447-2	3	0	0	0	0	0	0	0	0	0
P49450-2	0	0	0	0	0	1	0	0	0	0
P49459-2	0	0	0	0	0	1	0	0	0	0
P49459-3	0	0	0	0	0	1	0	0	1	1
P49619-2	0	0	0	0	0	1	0	0	0	0
P49619-3	0	0	0	0	0	1	0	0	0	0
P49643-2	5	0	0	0	0	0	0	0	0	0
P49848-4	0	0	0	0	0	1	0	0	0	0
P49848-2	0	0	0	0	0	1	0	0	0	0
P49848-3	37	0	0	0	0	0	0	0	0	0
P50053-2	38	0	0	25	25	0	0	0	0	0
P50225-2	42	0	8	0	8	0	0	0	0	0
P50452-2	2	0	0	0	0	0	0	0	0	0
P50452-3	0	0	0	0	0	1	0	0	0	0
P50548-2	0	0	0	0	0	1	0	0	0	0
P50749-2	22	0	0	0	0	0	0	0	0	0
P51003-2	6	0	0	0	0	0	0	0	0	0
P51606-2	22	0	0	0	0	0	0	0	0	0
P51617-2	0	0	0	0	0	1	0	0	0	0
P51617-3	26	0	0	0	0	2	0	0	0	0
P51617-4	0	0	0	0	0	1	0	0	0	0
P51636-2	0	0	0	0	0	1	0	0	0	0
P51636-3	59	0	0	0	0	0	0	0	0	0
P51788-2	37	0	0	0	0	1	0	0	0	0
P51788-3	0	0	0	0	0	1	0	0	0	0
P51788-4	0	0	0	0	0	1	0	0	0	0
P51788-5	0	0	0	0	0	1	0	0	0	0
P51790-2	70	0	0	0	0	0	0	0	0	0
P51790-4	0	0	0	0	0	1	0	0	0	0
P51790-5	35	0	0	0	0	0	0	0	0	0
P51793-2	0	0	0	0	0	1	0	0	0	0
P51956-2	0	0	0	0	0	1	0	0	0	0
P51957-2	14	0	0	0	0	1	0	0	0	0
P51957-3	0	0	0	0	0	1	0	0	0	0
P51965-2	16	0	0	0	0	0	0	0	0	0
P51965-3	0	0	0	0	0	1	0	0	0	0
P52429-2	22	0	0	0	0	0	0	0	0	0
P52434-2	1	0	0	0	0	0	0	0	0	0
P52434-3	0	0	0	0	0	1	0	0	1	1
P52434-4	60	0	0	0	0	0	0	0	0	0
P52434-5	1	0	0	0	0	1	0	0	1	1
P52569-2	70	0	0	0	0	0	0	0	0	0
P52569-3	40	0	0	0	0	0	0	0	0	0
P52735-2	0	0	0	0	0	2	0	0	1	1
P52735-3	0	0	0	0	0	3	0	0	1	1
P52739-2	0	0	0	0	0	1	0	0	0	0
P52757-3	52	0	0	0	0	0	0	0	0	0
P52757-4	32	0	0	0	0	0	0	0	0	0
P52757-5	52	0	0	0	0	1	0	0	0	0
P52757-6	33	0	0	0	0	0	0	0	0	0
P52757-7	53	0	0	0	0	0	0	0	0	0
P52757-8	0	0	0	0	0	1	0	0	0	0
P52757-9	86	0	0	17	17	0	0	0	0	0
P52797-2	1	0	0	1	1	0	0	0	0	0
P53370-2	0	0	0	0	0	1	0	0	0	0
P53539-10	0	0	0	0	0	1	0	0	0	0
P53539-2	0	0	0	0	0	1	0	0	0	0
P53539-3	0	0	0	0	0	1	0	0	0	0
P53539-4	0	0	0	0	0	1	0	0	0	0
P53539-5	0	0	0	0	0	2	0	0	0	0
P53539-6	0	0	0	0	0	2	0	0	0	0
P53539-7	0	0	0	0	0	2	0	0	0	0
P53539-8	0	0	0	0	0	1	0	0	0	0
P53539-9	0	0	0	0	0	2	0	0	0	0
P53671-2	15	0	0	0	0	0	0	0	0	0
P53671-3	128	0	20	22	22	0	0	0	0	0
P53675-2	0	0	0	0	0	1	0	0	0	0
P53985-2	20	0	0	0	0	0	0	0	0	0
P54198-2	0	0	0	0	0	1	0	0	0	0
P54277-2	1	0	0	0	0	0	0	0	0	0
P54277-3	0	0	0	0	0	1	0	0	0	0
P54277-4	1	0	0	0	0	2	0	0	0	0
P54278-2	0	0	0	0	0	1	0	0	0	0
P54278-3	12	0	0	0	0	0	0	0	0	0
P54278-4	4	0	0	0	0	0	0	0	0	0
P54760-2	7	0	0	0	0	1	0	0	0	0
P54760-3	25	0	0	0	0	1	0	0	0	0
P54760-4	9	0	0	0	0	0	0	0	0	0
P54803-3	0	0	0	0	0	1	0	0	0	0
P54803-4	35	0	0	0	0	0	0	0	0	0
P54803-5	16	0	0	0	0	0	0	0	0	0
P55061-2	58	0	1	0	1	0	0	0	0	0
P55083-2	25	0	0	0	0	0	0	0	0	0
P55157-2	15	0	0	0	0	0	0	0	0	0
P55212-2	0	0	0	0	0	1	0	0	0	0
P55347-2	35	0	16	0	16	0	0	0	0	0
P55854-2	38	0	0	0	0	0	0	0	0	0
P56159-2	0	0	0	0	0	1	0	0	1	1
P56378-2	17	0	1	1	1	0	0	0	0	0
P56705-2	0	0	0	0	0	1	0	0	0	0
P56817-2	0	0	0	0	0	1	0	0	0	0
P56817-3	0	0	0	0	0	1	0	0	0	0
P56817-4	0	0	0	0	0	1	0	0	0	0
P56817-5	16	0	0	0	0	0	0	0	0	0
P56817-6	16	0	0	0	0	1	0	0	0	0
P56937-3	0	0	0	0	0	1	0	0	0	0
P56937-2	0	0	0	0	0	1	0	0	0	0
P56975-3	44	0	0	0	0	0	0	0	0	0
P56975-2	0	0	0	0	0	1	0	0	0	0
P56975-4	0	0	0	0	0	1	0	0	0	0
P57772-2	2	0	0	0	0	0	0	0	0	0
P57789-3	16	0	0	0	0	0	0	0	0	0
P57789-4	16	0	0	0	0	0	0	0	0	0
P58005-3	9	0	0	0	0	0	0	0	0	0
P58005-4	0	0	0	0	0	2	0	0	0	0
P58335-2	0	0	0	0	0	1	0	0	0	0
P58335-3	27	0	0	0	0	0	0	0	0	0
P58335-4	12	0	0	2	2	0	0	0	0	0
P58557-2	0	0	0	0	0	1	0	0	0	0
P58557-3	0	0	0	0	0	1	0	0	0	0
P58557-4	0	0	0	0	0	1	0	0	0	0
P58658-2	13	0	0	0	0	0	0	0	0	0
P58658-3	0	0	0	0	0	1	0	0	0	0
P59780-2	33	0	0	0	0	0	0	0	0	0
P60484-2	173	0	0	0	0	0	0	0	0	0
P60484-3	27	0	0	0	0	0	0	0	0	0
P60602-2	16	0	0	0	0	0	0	0	0	0
P61073-2	8	0	0	0	0	0	0	0	0	0
P61313-2	22	0	0	0	0	0	0	0	0	0
P61326-2	0	0	0	0	0	1	0	0	0	0
P61599-2	9	0	0	0	0	0	0	0	0	0
P61812-2	29	0	0	0	0	0	0	0	0	0
P61962-2	0	0	0	0	0	1	0	0	0	0
P62273-2	13	0	0	0	0	0	0	0	0	0
P62847-3	2	0	0	0	0	0	0	0	0	0
P62847-4	159	0	0	0	0	0	0	0	0	0
P62879-2	0	0	0	0	0	1	0	0	0	0
P62899-2	13	0	0	0	0	0	0	0	0	0
P62899-3	6	0	0	0	0	0	0	0	0	0
P63092-2	2	0	0	0	0	0	0	0	0	0
P63092-3	1	0	0	0	0	0	0	0	0	0
P63092-4	1	0	0	0	0	0	0	0	0	0
P67812-2	0	0	0	0	0	1	0	0	0	0
P67812-3	38	0	0	0	0	0	0	0	0	0
P67812-4	16	0	0	0	0	0	0	0	0	0
P68363-2	0	0	0	0	0	1	0	0	0	0
P68400-2	0	0	0	0	0	1	0	0	0	0
P78314-2	14	0	0	0	0	0	0	0	0	0
P78314-3	28	0	0	0	0	0	0	0	0	0
P78314-4	57	0	0	0	0	0	0	0	0	0
P78332-2	0	0	0	0	0	1	0	0	0	0
P78332-3	22	0	0	0	0	0	0	0	0	0
P78346-2	57	0	0	0	0	0	0	0	0	0
P78369-2	61	0	0	0	0	0	0	0	0	0
P78369-3	42	0	0	0	0	0	0	0	0	0
P78383-2	37	0	0	0	0	0	0	0	0	0
P78410-2	4	0	0	0	0	0	0	0	0	0
P78410-3	0	0	0	0	0	1	0	0	0	0
P78504-2	0	0	0	0	0	1	0	0	0	0
P78524-2	0	0	0	0	0	1	0	0	0	0
P78524-3	0	0	0	0	0	1	0	0	0	0
P78549-2	0	0	0	0	0	1	0	0	0	0
P78549-3	0	0	0	0	0	1	0	0	0	0
P78560-2	3	0	0	0	0	0	0	0	0	0
P78563-4	28	0	1	1	1	1	0	0	0	0
P78563-2	0	0	0	0	0	1	0	0	0	0
P78563-3	2	0	0	0	0	0	0	0	0	0
P78563-5	49	0	1	1	1	0	0	0	0	0
P78563-6	2	0	0	0	0	1	0	0	0	0
P81877-2	0	0	0	0	0	2	0	0	0	0
P81877-3	0	0	0	0	0	1	0	0	0	0
P81877-4	0	0	0	0	0	1	0	0	0	0
P81877-5	8	0	0	0	0	1	0	0	0	0
P82675-2	23	0	0	0	0	0	0	0	0	0
P82912-2	0	0	0	0	0	1	0	0	0	0
P82912-3	0	0	0	0	0	1	0	0	0	0
P84101-2	131	0	0	0	0	0	0	0	0	0
P84101-3	95	0	0	0	0	0	0	0	0	0
P84101-4	0	0	0	0	0	1	0	0	0	0
P98082-2	0	0	0	0	0	1	0	0	0	0
P98082-3	0	0	0	0	0	1	0	0	0	0
Q00653-3	46	0	0	0	0	0	0	0	0	0
Q00653-4	0	0	0	0	0	1	0	0	0	0
Q01167-2	19	0	0	0	0	0	0	0	0	0
Q01167-3	25	0	0	0	0	0	0	0	0	0
Q01668-2	30	0	0	0	0	0	0	0	0	0
Q01668-3	0	0	0	0	0	2	0	0	0	0
Q01668-4	5	0	0	0	0	0	0	0	0	0
Q02078-5	0	0	0	0	0	1	0	0	0	0
Q02078-2	41	0	0	3	3	0	0	0	0	0
Q02078-3	0	0	0	0	0	2	0	0	0	0
Q02078-4	41	0	0	3	3	2	0	0	0	0
Q02078-6	41	0	0	3	3	1	0	0	0	0
Q02078-7	41	0	0	0	0	0	0	0	0	0
Q02078-8	41	0	0	0	0	1	0	0	0	0
Q02086-2	0	0	0	0	0	1	0	0	0	0
Q02094-2	33	0	0	0	0	0	0	0	0	0
Q02809-2	47	0	0	0	0	0	0	0	0	0
Q02978-2	0	0	0	0	0	1	0	0	0	0
Q03013-2	6	0	0	0	0	0	0	0	0	0
Q03013-3	0	0	0	0	0	1	0	0	0	0
Q03113-2	40	0	0	0	0	0	0	0	0	0
Q03113-3	0	0	0	0	0	2	0	0	0	0
Q04656-4	0	0	0	0	0	1	0	0	0	0
Q04656-5	0	0	0	0	0	1	0	0	0	0
Q04656-2	14	0	0	0	0	0	0	0	0	0
Q04656-3	81	0	0	0	0	0	0	0	0	0
Q04656-6	47	0	0	0	0	1	0	0	0	0
Q04725-2	0	0	0	0	0	2	0	0	0	0
Q04725-3	28	0	0	0	0	0	0	0	0	0
Q04726-4	13	0	0	0	0	2	0	0	0	0
Q04726-2	0	0	0	0	0	1	0	0	0	0
Q04726-3	0	0	0	0	0	2	0	0	0	0
Q04726-5	0	0	0	0	0	1	0	0	0	0
Q04726-6	0	0	0	0	0	1	0	0	0	0
Q04726-7	0	0	0	0	0	2	0	0	0	0
Q04759-2	0	0	0	0	0	1	0	0	0	0
Q04759-3	0	0	0	0	0	1	0	0	0	0
Q04864-2	0	0	0	0	0	1	0	0	0	0
Q04900-2	12	0	0	0	0	0	0	0	0	0
Q04900-3	0	0	0	0	0	1	0	0	0	0
Q04900-4	0	0	0	0	0	1	0	0	0	0
Q04900-5	12	0	0	0	0	0	0	0	0	0
Q05823-2	17	0	0	0	0	0	0	0	0	0
Q05940-2	6	0	0	0	0	0	0	0	0	0
Q05BV3-2	5	0	0	0	0	0	0	0	0	0
Q05BV3-4	11	0	0	0	0	1	0	0	0	0
Q05BV3-5	8	0	0	0	0	0	0	0	0	0
Q05D32-2	0	0	0	0	0	1	0	0	0	0
Q06187-2	34	0	0	0	0	0	0	0	0	0
Q06210-2	0	0	0	0	0	1	0	1	0	1
Q06889-2	12	0	0	0	0	0	0	0	0	0
Q07020-2	0	0	0	0	0	1	0	0	0	0
Q07699-2	113	0	0	0	0	0	0	0	0	0
Q08431-2	0	0	0	0	0	1	0	0	0	0
Q08431-3	0	0	0	0	0	1	0	0	0	0
Q08431-4	1	0	0	0	0	0	0	0	0	0
Q08462-2	52	0	0	0	0	0	0	0	0	0
Q08477-2	48	0	0	0	0	0	0	0	0	0
Q08999-2	0	0	0	0	0	2	0	0	0	0
Q08AF3-2	1	0	0	0	0	0	0	0	0	0
Q09428-2	1	0	0	0	0	0	0	0	0	0
Q0IIM8-2	14	0	0	0	0	0	0	0	0	0
Q0IIM8-3	16	0	0	0	0	0	0	0	0	0
Q0PNE2-2	26	0	0	0	0	0	0	0	0	0
Q0VAA5-2	14	0	0	0	0	0	0	0	0	0
Q10587-2	18	0	0	0	0	0	0	0	0	0
Q12770-2	0	0	0	0	0	2	0	0	0	0
Q12770-3	0	0	0	0	0	1	0	0	0	0
Q12770-4	0	0	0	0	0	2	0	0	0	0
Q12774-2	0	0	0	0	0	1	0	0	0	0
Q12809-2	25	0	0	0	0	1	0	0	0	0
Q12809-5	75	0	0	0	0	0	0	0	0	0
Q12809-6	100	0	0	0	0	1	0	0	0	0
Q12809-4	0	0	0	0	0	1	0	0	0	0
Q12809-7	5	0	0	0	0	0	0	0	0	0
Q12873-2	0	0	0	0	0	1	0	0	0	0
Q12873-3	84	0	0	0	0	0	0	0	0	0
Q12879-2	23	0	0	0	0	0	0	0	0	0
Q12882-2	9	0	0	0	0	0	0	0	0	0
Q13029-2	4	0	0	0	0	0	0	0	0	0
Q13029-3	0	0	0	0	0	1	0	0	0	0
Q13029-4	42	0	0	0	0	0	0	0	0	0
Q13029-5	4	0	0	0	0	1	0	0	0	0
Q13077-2	0	0	0	0	0	1	0	0	0	0
Q13099-1	9	0	0	0	0	0	0	0	0	0
Q13099-3	9	0	0	0	0	1	0	0	0	0
Q13148-4	14	0	0	0	0	0	0	0	0	0
Q13163-2	0	0	0	0	0	1	0	0	0	0
Q13163-3	11	0	0	0	0	1	0	0	0	0
Q13163-4	8	0	0	0	0	0	0	0	0	0
Q13191-3	4	0	0	0	0	0	0	0	0	0
Q13227-2	3	0	0	0	0	0	0	0	0	0
Q13237-2	0	0	0	0	0	1	0	0	0	0
Q13255-2	13	0	0	0	0	0	0	0	0	0
Q13255-3	19	0	0	0	0	0	0	0	0	0
Q13322-4	10	0	0	0	0	0	0	0	0	0
Q13322-2	0	0	0	0	0	1	0	0	0	0
Q13322-3	0	0	0	0	0	1	0	0	0	0
Q13336-2	56	0	0	30	30	0	0	0	0	0
Q13356-2	35	0	0	0	0	0	0	0	0	0
Q13402-2	0	0	0	0	0	2	0	0	0	0
Q13402-3	28	0	0	0	0	0	0	0	0	0
Q13402-4	31	0	0	0	0	0	0	0	0	0
Q13402-5	0	0	0	0	0	2	0	0	0	0
Q13402-6	0	0	0	0	0	1	0	0	0	0
Q13402-7	0	0	0	0	0	1	0	0	0	0
Q13402-8	0	0	0	0	0	2	0	0	0	0
Q13443-2	1	0	0	0	0	0	0	0	0	0
Q13454-2	4	0	4	4	4	0	0	0	0	0
Q13469-2	14	0	0	0	0	0	0	0	0	0
Q13469-3	36	0	0	0	0	0	0	0	0	0
Q13469-4	22	0	0	0	0	0	0	0	0	0
Q13469-5	14	0	0	0	0	1	0	0	0	0
Q13472-2	0	0	0	0	0	1	0	0	0	0
Q13472-3	9	0	0	0	0	0	0	0	0	0
Q13474-2	0	0	0	0	0	1	0	0	0	0
Q13505-2	0	0	0	0	0	1	0	0	0	0
Q13505-3	0	0	0	0	0	1	0	0	0	0
Q13507-3	0	0	0	0	0	1	0	0	0	0
Q13530-2	0	0	0	0	0	1	0	0	0	0
Q13563-2	8	0	0	0	0	0	0	0	0	0
Q13563-3	0	0	0	0	0	1	0	0	0	0
Q13563-4	10	0	0	0	0	0	0	0	0	0
Q13563-5	0	0	0	0	0	1	0	0	0	0
Q13568-2	16	0	0	0	0	0	0	0	0	0
Q13568-3	16	0	0	0	0	1	0	0	0	0
Q13568-4	0	0	0	0	0	1	0	0	0	0
Q13568-5	1	0	0	0	0	0	0	0	0	0
Q13568-6	24	0	0	0	0	0	0	0	0	0
Q13671-2	0	0	0	0	0	1	0	1	0	1
Q13724-2	0	0	0	0	0	1	0	0	0	0
Q13733-2	0	0	0	0	0	1	0	0	0	0
Q13795-3	0	0	0	0	0	1	0	0	0	0
Q13795-4	6	0	0	0	0	0	0	0	0	0
Q13829-2	0	0	0	0	0	1	0	0	0	0
Q13868-2	0	0	0	0	0	1	0	0	0	0
Q13868-3	0	0	0	0	0	1	0	0	0	0
Q13889-2	0	0	0	0	0	1	0	0	0	0
Q13952-2	0	0	0	0	0	2	0	0	0	0
Q13952-3	0	0	0	0	0	1	0	0	0	0
Q13952-4	0	0	0	0	0	3	0	0	0	0
Q13952-5	0	0	0	0	0	1	0	0	0	0
Q13952-6	0	0	0	0	0	3	0	0	0	0
Q13952-7	0	0	0	0	0	2	0	0	0	0
Q14004-2	0	0	0	0	0	1	0	1	0	1
Q14114-3	0	0	0	0	0	1	0	0	0	0
Q14114-2	2	0	0	0	0	1	0	0	0	0
Q14114-4	1	0	0	0	0	0	0	0	0	0
Q14162-2	0	0	0	0	0	1	0	0	0	0
Q14162-3	68	0	0	0	0	0	0	0	0	0
Q14162-5	2	0	0	0	0	1	0	0	0	0
Q14181-2	20	0	0	0	0	1	0	0	0	0
Q14186-2	7	0	0	0	0	1	0	0	0	0
Q14188-5	1	0	0	0	0	1	0	0	0	0
Q14188-2	0	0	0	0	0	2	0	0	0	0
Q14188-3	1	0	0	0	0	2	0	0	0	0
Q14188-4	0	0	0	0	0	1	0	0	0	0
Q14188-6	5	0	0	0	0	0	0	0	0	0
Q14188-7	0	0	0	0	0	1	0	0	0	0
Q14188-8	33	0	0	0	0	0	0	0	0	0
Q14202-2	0	0	0	0	0	1	0	1	0	1
Q14202-3	2	0	0	0	0	1	0	0	0	0
Q14296-2	1	0	0	0	0	0	0	0	0	0
Q14296-3	0	0	0	0	0	1	0	0	0	0
Q14296-4	0	0	0	0	0	1	0	0	0	0
Q14520-2	0	0	0	0	0	1	0	0	0	0
Q14542-3	12	0	0	0	0	0	0	0	0	0
Q14542-2	98	0	0	0	0	0	0	0	0	0
Q14542-4	110	0	0	0	0	0	0	0	0	0
Q14554-2	4	0	0	0	0	0	0	0	0	0
Q14592-2	0	0	0	0	0	1	0	0	0	0
Q14684-2	0	0	0	0	0	1	0	0	0	0
Q14714-2	0	0	0	0	0	1	0	0	0	0
Q14714-3	0	0	0	0	0	1	0	0	0	0
Q14746-2	0	0	0	0	0	1	0	0	0	0
Q14790-7	5	0	0	0	0	1	0	0	0	0
Q14790-9	59	0	0	0	0	0	0	0	0	0
Q14790-2	0	0	0	0	0	1	0	0	0	0
Q14790-3	0	0	0	0	0	1	0	0	0	0
Q14790-4	32	0	0	0	0	1	0	0	0	0
Q14790-5	31	0	0	0	0	0	0	0	0	0
Q14790-6	31	0	0	0	0	0	0	0	0	0
Q14790-8	5	0	0	0	0	2	0	0	0	0
Q147X3-2	0	0	0	0	0	1	0	0	0	0
Q14833-2	29	0	0	0	0	0	0	0	0	0
Q14833-3	2	0	0	0	0	0	0	0	0	0
Q14833-4	35	0	0	0	0	0	0	0	0	0
Q14833-5	97	0	0	0	0	0	0	0	0	0
Q14849-2	0	0	0	0	0	1	0	0	0	0
Q14849-3	59	0	0	0	0	0	0	0	0	0
Q14865-2	0	0	0	0	0	1	0	0	0	0
Q14865-3	32	0	0	0	0	0	0	0	0	0
Q14919-2	7	0	0	0	0	0	0	0	0	0
Q14956-2	0	0	0	0	0	1	0	0	0	0
Q14978-2	10	0	0	0	0	0	0	0	0	0
Q14978-3	2	0	0	0	0	0	0	0	0	0
Q14997-2	0	0	0	0	0	1	0	0	1	1
Q14997-3	11	0	0	0	0	1	0	0	0	0
Q14997-4	0	0	0	0	0	1	0	0	0	0
Q14999-2	84	0	0	14	14	0	0	0	0	0
Q14C87-2	15	0	0	0	0	0	0	0	0	0
Q15013-3	45	0	0	0	0	0	0	0	0	0
Q15034-2	8	0	0	0	0	0	0	0	0	0
Q15051-2	0	0	0	0	0	1	0	0	0	0
Q15051-3	11	0	0	0	0	0	0	0	0	0
Q15054-2	0	0	0	0	0	1	0	0	0	0
Q15054-3	0	0	0	0	0	1	0	0	0	0
Q15080-3	92	0	0	0	0	0	0	0	0	0
Q15118-2	21	0	0	0	0	0	0	0	0	0
Q15124-2	1	0	0	0	0	0	0	0	0	0
Q15256-3	0	0	0	0	0	1	0	0	0	0
Q15256-4	2	0	0	0	0	0	0	0	0	0
Q15256-5	6	0	0	0	0	0	0	0	0	0
Q15291-2	0	0	0	0	0	1	0	0	0	0
Q15326-2	0	0	0	0	0	1	0	1	0	1
Q15326-3	3	0	0	0	0	0	0	0	0	0
Q15326-4	3	0	0	0	0	1	0	1	0	1
Q15326-5	0	0	0	0	0	2	0	1	0	1
Q15326-6	3	0	0	0	0	1	0	0	0	0
Q15345-3	14	0	0	0	0	0	0	0	0	0
Q15390-2	0	0	0	0	0	1	0	0	0	0
Q15542-2	0	0	0	0	0	1	0	0	0	0
Q15554-4	10	0	0	0	0	0	0	0	0	0
Q15560-2	0	0	0	0	0	1	0	0	0	0
Q15628-2	0	0	0	0	0	1	0	0	0	0
Q15648-3	3	0	0	0	0	1	0	0	0	0
Q15723-1	0	0	0	0	0	1	0	0	0	0
Q15723-2	18	0	0	0	0	1	0	0	0	0
Q15723-3	18	0	0	0	0	0	0	0	0	0
Q15723-4	18	0	0	0	0	1	0	0	0	0
Q15742-2	3	0	0	0	0	0	0	0	0	0
Q15742-3	0	0	0	0	0	1	0	0	0	0
Q15758-2	0	0	0	0	0	1	0	0	0	0
Q15758-3	0	0	0	0	0	1	0	0	0	0
Q15759-3	109	0	0	0	0	2	0	0	0	0
Q15771-2	45	0	10	0	10	0	0	0	0	0
Q15777-2	21	0	0	0	0	0	0	0	0	0
Q15797-2	47	0	0	0	0	0	0	0	0	0
Q15800-2	0	0	0	0	0	1	0	0	0	0
Q15831-2	26	0	0	0	0	0	0	0	0	0
Q15833-2	0	0	0	0	0	1	0	0	0	0
Q15833-3	11	0	0	0	0	0	0	0	0	0
Q15858-2	2	0	0	0	0	0	0	0	0	0
Q15858-3	0	0	0	0	0	1	0	0	0	0
Q15858-4	2	0	0	0	0	1	0	0	0	0
Q15884-1	0	0	0	0	0	1	0	0	0	0
Q15884-4	153	0	0	0	0	0	0	0	0	0
Q15911-2	0	0	0	0	0	1	0	0	0	0
Q16206-2	0	0	0	0	0	1	0	0	0	0
Q16478-2	134	0	0	0	0	0	0	0	0	0
Q16515-2	224	0	0	0	0	0	0	0	0	0
Q16534-2	0	0	0	0	0	1	0	0	0	0
Q16539-2	22	0	0	17	17	0	0	0	0	0
Q16539-3	17	0	0	0	0	0	0	0	0	0
Q16539-4	53	0	0	0	0	0	0	0	0	0
Q16539-5	1	0	0	0	0	0	0	0	0	0
Q16585-2	0	0	0	0	0	1	0	0	0	0
Q16619-2	0	0	0	0	0	1	0	0	0	0
Q16635-1	30	0	0	0	0	0	0	0	0	0
Q16635-2	30	0	0	0	0	1	0	0	0	0
Q16635-4	29	0	0	0	0	0	0	0	0	0
Q16635-5	30	0	0	0	0	1	0	0	0	0
Q16635-6	30	0	0	0	0	2	0	0	0	0
Q16635-7	0	0	0	0	0	1	0	0	0	0
Q16635-8	0	0	0	0	0	1	0	0	0	0
Q16635-9	0	0	0	0	0	2	0	0	0	0
Q16650-2	0	0	0	0	0	1	0	0	0	0
Q16666-8	0	0	0	0	0	2	0	0	0	0
Q16666-2	0	0	0	0	0	1	0	0	0	0
Q16666-3	0	0	0	0	0	1	0	0	0	0
Q16666-6	0	0	0	0	0	1	0	0	0	0
Q16769-2	0	0	0	0	0	1	0	0	0	0
Q16827-2	0	0	0	0	0	1	0	0	0	0
Q16827-3	0	0	0	0	0	1	0	0	0	0
Q16827-4	0	0	0	0	0	2	0	0	0	0
Q16827-5	4	0	0	0	0	0	0	0	0	0
Q16850-2	0	0	0	0	0	1	0	0	0	0
Q2M296-2	0	0	0	0	0	1	0	0	0	0
Q2M296-3	34	0	0	15	15	0	0	0	0	0
Q2M296-4	34	0	0	15	15	1	0	0	0	0
Q2MJR0-2	11	0	0	0	0	0	0	0	0	0
Q2MKA7-2	4	0	0	0	0	0	0	0	0	0
Q2MKA7-3	0	0	0	0	0	1	0	0	0	0
Q2PPJ7-2	5	0	0	0	0	1	0	0	0	0
Q2PPJ7-3	4	0	0	0	0	0	0	0	0	0
Q2PZI1-2	0	0	0	0	0	1	0	0	0	0
Q2TAC6-2	16	0	0	0	0	0	0	0	0	0
Q2TAC6-3	16	0	0	0	0	1	0	0	0	0
Q2TAK8-2	2	0	0	0	0	0	0	0	0	0
Q2TAK8-3	66	0	0	0	0	0	0	0	0	0
Q2TB90-2	13	0	0	0	0	0	0	0	0	0
Q2TB90-3	29	0	0	0	0	0	0	0	0	0
Q2VYF4-2	0	0	0	0	0	1	0	0	0	0
Q2VYF4-3	0	0	0	0	0	2	0	0	0	0
Q2VYF4-4	0	0	0	0	0	1	0	0	0	0
Q330K2-2	12	0	0	0	0	0	0	0	0	0
Q330K2-3	22	0	0	0	0	0	0	0	0	0
Q38SD2-2	10	0	0	0	0	0	0	0	0	0
Q3KQZ1-4	52	0	0	0	0	0	0	0	0	0
Q3KQZ1-2	23	0	0	0	0	0	0	0	0	0
Q3KQZ1-3	23	0	0	0	0	0	0	0	0	0
Q3MII6-2	16	0	0	0	0	0	0	0	0	0
Q3T906-2	20	0	0	0	0	0	0	0	0	0
Q3ZAQ7-2	71	0	0	0	0	0	0	0	0	0
Q460N5-1	0	0	0	0	0	1	0	0	0	0
Q460N5-3	0	0	0	0	0	1	0	0	0	0
Q460N5-4	27	0	0	0	0	0	0	0	0	0
Q460N5-5	5	0	0	0	0	0	0	0	0	0
Q495B1-1	20	0	5	0	5	0	0	0	0	0
Q495B1-6	26	0	0	0	0	0	0	0	0	0
Q495B1-2	0	0	0	0	0	1	0	0	0	0
Q495W5-2	31	0	0	0	0	0	0	0	0	0
Q49AH0-2	0	0	0	0	0	1	0	0	0	0
Q49AJ0-4	1	0	0	0	0	0	0	0	0	0
Q49AJ0-2	0	0	0	0	0	1	0	0	0	0
Q49AJ0-3	44	0	0	0	0	0	0	0	0	0
Q49AN0-2	7	0	0	0	0	1	0	0	0	0
Q4AE62-2	0	0	0	0	0	1	0	0	0	0
Q4AE62-4	44	0	0	0	0	0	0	0	0	0
Q4AE62-5	26	0	0	0	0	0	0	0	0	0
Q4AE62-6	0	0	0	0	0	1	0	0	0	0
Q4G148-2	0	0	0	0	0	1	0	0	0	0
Q4KWH8-2	0	0	0	0	0	2	0	0	0	0
Q4KWH8-3	3	0	0	0	0	0	0	0	0	0
Q4KWH8-4	29	0	0	0	0	1	0	0	0	0
Q4L180-2	5	0	0	0	0	0	0	0	0	0
Q4L180-3	5	0	0	0	0	1	0	0	0	0
Q4L180-4	50	0	0	0	0	0	0	0	0	0
Q4L180-5	5	0	0	0	0	3	0	0	0	0
Q4L180-6	0	0	0	0	0	1	0	0	0	0
Q4L180-7	0	0	0	0	0	1	0	0	0	0
Q4VC05-2	21	0	0	0	0	0	0	0	0	0
Q504Q3-2	0	0	0	0	0	1	0	0	0	0
Q504Q3-3	0	0	0	0	0	1	0	0	0	0
Q504Y0-2	53	0	0	0	0	0	0	0	0	0
Q504Y0-3	0	0	0	0	0	1	0	0	0	0
Q504Y0-4	0	0	0	0	0	1	0	0	0	0
Q504Y0-5	0	0	0	0	0	1	0	0	0	0
Q52LW3-2	11	0	0	0	0	0	0	0	0	0
Q53F19-2	0	0	0	0	0	1	0	0	0	0
Q53G44-2	1	0	0	0	0	0	0	0	0	0
Q53GS9-2	17	0	0	0	0	0	0	0	0	0
Q53GS9-3	12	0	0	0	0	0	0	0	0	0
Q53H47-2	18	0	0	0	0	1	0	0	0	0
Q53H47-3	0	0	0	0	0	1	0	0	0	0
Q53R41-2	1	0	0	0	0	0	0	0	0	0
Q53RT3-2	0	0	0	0	0	1	0	0	0	0
Q569K4-2	7	0	0	0	0	0	0	0	0	0
Q569K4-3	0	0	0	0	0	1	0	0	0	0
Q569K4-4	3	0	0	0	0	1	0	0	0	0
Q569K4-5	30	0	0	0	0	1	0	0	0	0
Q56VL3-2	11	0	0	0	0	0	0	0	0	0
Q58DX5-2	24	0	0	0	0	1	0	0	0	0
Q58EX2-2	54	0	0	0	0	0	0	0	0	0
Q58EX2-3	1	0	0	0	0	0	0	0	0	0
Q58EX2-4	61	0	0	0	0	0	0	0	0	0
Q5BJD5-2	63	0	0	0	0	0	0	0	0	0
Q5BJD5-3	1	0	0	0	0	1	0	0	0	0
Q5BJH7-2	0	0	0	0	0	1	0	0	0	0
Q5BJH7-3	0	0	0	0	0	1	0	0	0	0
Q5BJH7-4	28	0	0	0	0	1	0	0	0	0
Q5BJH7-5	31	0	0	0	0	1	0	0	0	0
Q5BJH7-6	4	0	0	0	0	0	0	0	0	0
Q5BKX6-2	28	0	0	0	0	0	0	0	0	0
Q5BKX6-3	112	0	0	0	0	0	0	0	0	0
Q5GH73-2	0	0	0	0	0	1	0	0	0	0
Q5H8A4-2	0	0	0	0	0	1	0	0	0	0
Q5H8A4-3	0	0	0	0	0	1	0	0	0	0
Q5H8A4-4	25	0	0	0	0	0	0	0	0	0
Q5H8A4-5	14	0	0	0	0	1	0	0	0	0
Q5H8A4-6	25	0	0	0	0	1	0	0	0	0
Q5H9R4-2	102	0	0	0	0	0	0	0	0	0
Q5H9R4-3	114	0	0	0	0	0	0	0	0	0
Q5HYK7-2	0	0	0	0	0	1	0	1	0	1
Q5HYK7-3	1	0	0	0	0	1	0	1	0	1
Q5HYK7-4	0	0	0	0	0	1	0	0	0	0
Q5HYK7-5	0	0	0	0	0	2	0	1	0	1
Q5J8M3-2	29	0	0	0	0	0	0	0	0	0
Q5J8M3-3	65	0	0	0	0	0	0	0	0	0
Q5JPF3-2	0	0	0	0	0	1	0	0	0	0
Q5JPF3-3	5	0	0	0	0	1	0	0	0	0
Q5JPI3-2	0	0	0	0	0	1	0	0	0	0
Q5JR12-2	0	0	0	0	0	2	0	0	0	0
Q5JS13-3	78	0	0	0	0	0	0	0	0	0
Q5JS13-2	55	0	0	0	0	1	0	0	0	0
Q5JS13-4	2	0	0	0	0	0	0	0	0	0
Q5JS13-5	9	0	0	0	0	0	0	0	0	0
Q5JS13-6	26	0	0	0	0	0	0	0	0	0
Q5JS13-7	55	0	0	0	0	0	0	0	0	0
Q5JS37-2	0	0	0	0	0	1	0	0	0	0
Q5JTH9-2	0	0	0	0	0	1	0	0	0	0
Q5JTH9-3	0	0	0	0	0	1	0	0	0	0
Q5JU69-2	56	0	0	0	0	0	0	0	0	0
Q5JU69-5	19	0	0	0	0	0	0	0	0	0
Q5JUK3-2	80	0	0	7	7	0	0	0	0	0
Q5JUK3-3	80	0	0	7	7	1	0	0	0	0
Q5JUK3-4	38	0	0	7	7	0	0	0	0	0
Q5JUR7-2	14	0	0	0	0	0	0	0	0	0
Q5MIZ7-2	0	0	0	0	0	1	0	0	0	0
Q5MIZ7-3	1	0	0	0	0	1	0	0	0	0
Q5MIZ7-4	7	0	0	0	0	0	0	0	0	0
Q5MIZ7-5	0	0	0	0	0	2	0	0	0	0
Q5MNZ9-2	0	0	0	0	0	1	0	0	0	0
Q5NDL2-2	1	0	0	0	0	0	0	0	0	0
Q5NDL2-3	0	0	0	0	0	1	0	0	0	0
Q5QNW6-2	8	0	8	0	8	0	0	0	0	0
Q5SNT2-2	5	0	0	0	0	0	0	0	0	0
Q5SQH8-2	0	0	0	0	0	1	0	0	0	0
Q5SQH8-3	0	0	0	0	0	1	0	0	0	0
Q5SQH8-4	181	0	0	0	0	0	0	0	0	0
Q5SRE5-2	0	0	0	0	0	1	0	0	0	0
Q5SZQ8-2	0	0	0	0	0	1	0	0	0	0
Q5SZQ8-3	0	0	0	0	0	1	0	0	0	0
Q5SZQ8-4	0	0	0	0	0	1	0	0	0	0
Q5T1Q4-2	0	0	0	0	0	1	0	0	0	0
Q5T1V6-2	48	0	0	0	0	0	0	0	0	0
Q5T200-2	7	0	1	0	1	0	0	0	0	0
Q5T2W1-2	0	0	0	0	0	1	0	0	0	0
Q5T3F8-2	17	0	0	0	0	0	0	0	0	0
Q5T3F8-3	1	0	0	0	0	0	0	0	0	0
Q5T3J3-2	0	0	0	0	0	1	0	0	0	0
Q5T3U5-2	23	0	0	0	0	0	0	0	0	0
Q5T447-2	18	0	0	0	0	1	0	0	0	0
Q5T4D3-2	19	0	0	0	0	0	0	0	0	0
Q5T4D3-3	19	0	0	0	0	0	0	0	0	0
Q5T4D3-4	0	0	0	0	0	1	0	0	0	0
Q5T7M9-2	4	0	0	0	0	0	0	0	0	0
Q5T9C2-3	0	0	0	0	0	1	0	0	0	0
Q5T9C9-2	0	0	0	0	0	1	0	0	0	0
Q5T9L3-2	39	0	0	0	0	1	0	0	0	0
Q5T9L3-3	1	0	0	0	0	0	0	0	0	0
Q5TAQ9-2	29	0	0	0	0	0	0	0	0	0
Q5TBB1-2	7	0	0	0	0	0	0	0	0	0
Q5TBK1-2	41	0	0	0	0	0	0	0	0	0
Q5TC63-2	37	0	0	0	0	1	0	0	0	0
Q5TC63-3	37	0	0	0	0	0	0	0	0	0
Q5TEJ8-2	42	0	0	0	0	0	0	0	0	0
Q5TEJ8-3	0	0	0	0	0	1	0	0	0	0
Q5TEJ8-4	39	0	0	0	0	0	0	0	0	0
Q5TEJ8-5	0	0	0	0	0	1	0	0	0	0
Q5TEJ8-6	0	0	0	0	0	1	0	0	0	0
Q5TGI0-2	0	0	0	0	0	1	0	0	0	0
Q5TGY1-2	0	0	0	0	0	1	0	0	0	0
Q5TGZ0-2	3	0	0	0	0	0	0	0	0	0
Q5TKA1-2	16	0	0	0	0	0	0	0	0	0
Q5TKA1-3	0	0	0	0	0	1	0	0	0	0
Q5U3C3-2	0	0	0	0	0	1	0	0	0	0
Q5U5R9-2	7	0	0	0	0	0	0	0	0	0
Q5UIP0-2	0	0	0	0	0	1	0	0	0	0
Q5VSG8-2	20	0	0	0	0	0	0	0	0	0
Q5VSG8-3	4	0	0	0	0	0	0	0	0	0
Q5VTL8-2	4	0	0	0	0	0	0	0	0	0
Q5VTQ0-2	0	0	0	0	0	1	0	0	0	0
Q5VTQ0-3	7	0	0	0	0	0	0	0	0	0
Q5VTQ0-4	0	0	0	0	0	1	0	0	0	0
Q5VTQ0-5	0	0	0	0	0	1	0	0	0	0
Q5VTQ0-6	1	0	0	0	0	0	0	0	0	0
Q5VTQ0-7	8	0	0	0	0	0	0	0	0	0
Q5VU57-2	12	0	0	0	0	1	0	0	0	0
Q5VUJ6-2	0	0	0	0	0	1	0	0	0	0
Q5VV41-2	0	0	0	0	0	1	0	0	0	0
Q5VV42-2	23	0	0	0	0	1	0	0	0	0
Q5VV42-3	2	0	0	0	0	0	0	0	0	0
Q5VW38-2	0	0	0	0	0	1	0	0	0	0
Q5VW38-3	3	0	0	0	0	0	0	0	0	0
Q5VWN6-2	0	0	0	0	0	1	0	0	0	0
Q5VWW1-2	0	0	0	0	0	1	0	0	0	0
Q5VWW1-3	0	0	0	0	0	1	0	0	0	0
Q5VXU1-2	30	0	0	0	0	0	0	0	0	0
Q5VXU1-3	15	0	0	0	0	0	0	0	0	0
Q5VXU3-2	0	0	0	0	0	1	0	0	0	0
Q5VYS8-5	10	0	0	0	0	0	0	0	0	0
Q5VYS8-2	13	0	0	0	0	0	0	0	0	0
Q5VYS8-3	3	0	0	0	0	0	0	0	0	0
Q5VYS8-4	0	0	0	0	0	2	0	0	0	0
Q5VYS8-6	0	0	0	0	0	1	0	0	0	0
Q5VYX0-2	21	0	0	0	0	0	0	0	0	0
Q5VZL5-2	0	0	0	0	0	1	0	0	0	0
Q5VZL5-3	0	0	0	0	0	1	0	0	0	0
Q5VZL5-4	0	0	0	0	0	1	0	0	0	0
Q5VZM2-2	0	0	0	0	0	1	0	0	1	1
Q5W0Z9-4	6	0	0	0	0	0	0	0	0	0
Q5W0Z9-2	7	0	0	0	0	0	0	0	0	0
Q5W0Z9-3	1	0	0	0	0	1	0	0	0	0
Q5XPI4-2	21	0	0	0	0	0	0	0	0	0
Q5XUX1-2	30	0	0	0	0	1	0	0	0	0
Q5ZPR3-2	0	0	0	0	0	1	0	0	0	0
Q5ZPR3-3	29	0	0	0	0	0	0	0	0	0
Q5ZPR3-4	5	0	0	0	0	0	0	0	0	0
Q63HN8-6	5	0	0	0	0	0	0	0	0	0
Q63HN8-4	49	0	0	0	0	0	0	0	0	0
Q63HN8-5	41	0	0	0	0	1	0	0	0	0
Q687X5-2	0	0	0	0	0	1	0	0	0	0
Q68DA7-2	34	0	0	0	0	0	0	0	0	0
Q68DA7-3	440	0	14	0	14	1	0	0	0	0
Q68DA7-5	434	0	14	0	14	1	0	0	0	0
Q68DK2-5	8	0	0	0	0	0	0	0	0	0
Q68DK2-2	0	0	0	0	0	1	0	0	0	0
Q68DK2-3	33	0	0	0	0	1	0	0	0	0
Q68DK2-4	6	0	0	0	0	0	0	0	0	0
Q68E01-2	0	0	0	0	0	1	0	0	0	0
Q68E01-3	67	0	0	0	0	1	0	0	0	0
Q68E01-4	0	0	0	0	0	1	0	0	0	0
Q69YN2-2	19	0	0	0	0	0	0	0	0	0
Q69YN2-3	0	0	0	0	0	1	0	0	1	1
Q69YN4-2	12	0	0	0	0	0	0	0	0	0
Q69YN4-3	111	0	0	0	0	0	0	0	0	0
Q69YN4-4	12	0	0	0	0	0	0	0	0	0
Q6AZZ1-2	2	0	0	0	0	0	0	0	0	0
Q6DKI1-2	12	0	0	0	0	0	0	0	0	0
Q6DN12-2	0	0	0	0	0	1	0	0	0	0
Q6DN12-3	0	0	0	0	0	1	0	0	0	0
Q6DN12-4	22	0	0	0	0	1	0	0	0	0
Q6DN12-6	17	0	0	0	0	1	0	0	0	0
Q6DN14-2	18	0	0	11	11	0	0	0	0	0
Q6DN14-3	18	0	0	11	11	2	0	0	0	0
Q6DN14-4	24	0	0	11	11	0	0	0	0	0
Q6DN14-5	0	0	0	0	0	1	0	0	0	0
Q6GTX8-2	0	0	0	0	0	1	0	0	0	0
Q6GTX8-3	0	0	0	0	0	2	0	0	0	0
Q6IA69-2	4	0	0	0	0	0	0	0	0	0
Q6IA86-2	0	0	0	0	0	2	0	0	0	0
Q6IA86-3	0	0	0	0	0	1	0	0	0	0
Q6IA86-4	47	0	0	0	0	0	0	0	0	0
Q6IA86-5	57	0	0	0	0	1	0	0	0	0
Q6IA86-6	65	0	0	0	0	0	0	0	0	0
Q6IA86-7	0	0	0	0	0	1	0	0	0	0
Q6IN84-2	0	0	0	0	0	1	0	0	0	0
Q6IPR3-2	0	0	0	0	0	1	0	0	0	0
Q6MZP7-2	0	0	0	0	0	1	0	0	0	0
Q6MZP7-3	0	0	0	0	0	1	0	0	0	0
Q6MZP7-4	0	0	0	0	0	1	0	0	0	0
Q6MZP7-5	15	0	0	0	0	0	0	0	0	0
Q6N063-2	1	0	0	0	0	0	0	0	0	0
Q6N063-3	63	0	0	0	0	0	0	0	0	0
Q6N063-4	0	0	0	0	0	1	0	0	0	0
Q6N069-2	16	0	0	0	0	0	0	0	0	0
Q6N069-3	3	0	0	0	0	0	0	0	0	0
Q6N069-4	10	0	0	0	0	0	0	0	0	0
Q6N069-5	8	0	0	0	0	0	0	0	0	0
Q6NS38-2	54	0	0	0	0	0	0	0	0	0
Q6NSI4-2	40	0	0	0	0	0	0	0	0	0
Q6NSI4-3	0	0	0	0	0	2	0	0	0	0
Q6NSI4-4	0	0	0	0	0	1	0	0	0	0
Q6NTF9-3	0	0	0	0	0	1	0	0	0	0
Q6NTF9-2	45	0	0	0	0	0	0	0	0	0
Q6NUJ5-2	3	0	0	0	0	0	0	0	0	0
Q6NUK4-2	6	0	0	0	0	0	0	0	0	0
Q6NUM9-2	22	0	0	0	0	0	0	0	0	0
Q6NUP7-2	19	0	0	0	0	0	0	0	0	0
Q6NUQ4-2	0	0	0	0	0	1	0	0	0	0
Q6NXT4-2	40	0	0	0	0	0	0	0	0	0
Q6NXT4-3	0	0	0	0	0	1	0	0	0	0
Q6NXT4-4	0	0	0	0	0	1	0	0	0	0
Q6NYC1-2	12	0	0	0	0	0	0	0	0	0
Q6NYC1-3	11	0	0	0	0	0	0	0	0	0
Q6NZY4-2	0	0	0	0	0	1	0	0	0	0
Q6P0Q8-2	0	0	0	0	0	3	0	0	0	0
Q6P158-2	17	0	0	0	0	0	0	0	0	0
Q6P158-3	6	0	0	0	0	1	0	0	0	0
Q6P1A2-2	0	0	0	0	0	1	0	0	0	0
Q6P1Q0-2	0	0	0	0	0	1	0	0	0	0
Q6P1Q0-3	61	0	0	0	0	0	0	0	0	0
Q6P1Q0-4	0	0	0	0	0	1	0	0	0	0
Q6P1Q0-5	0	0	0	0	0	1	0	0	0	0
Q6P1Q0-6	7	0	0	0	0	0	0	0	0	0
Q6P1Q0-7	13	0	0	0	0	0	0	0	0	0
Q6P1Q9-2	1	0	0	0	0	0	0	0	0	0
Q6P1S2-2	0	0	0	0	0	1	0	0	0	0
Q6P2C8-2	0	0	0	0	0	1	0	0	0	0
Q6P2C8-4	14	0	0	0	0	0	0	0	0	0
Q6P2P2-2	0	0	0	0	0	1	0	0	0	0
Q6P3S1-2	12	0	0	0	0	1	0	0	0	0
Q6P3S1-3	6	0	0	0	0	1	0	0	0	0
Q6P3S1-4	29	0	0	0	0	1	0	0	0	0
Q6P3S1-5	12	0	0	0	0	0	0	0	0	0
Q6P3W2-2	2	0	0	0	0	0	0	0	0	0
Q6P4Q7-2	66	0	0	0	0	1	0	0	0	0
Q6P4R8-2	25	0	0	0	0	0	0	0	0	0
Q6P4R8-3	0	0	0	0	0	1	0	0	0	0
Q6P9A2-2	10	0	0	0	0	0	0	0	0	0
Q6PCB8-2	0	0	0	0	0	1	0	0	0	0
Q6PH85-2	13	0	0	0	0	0	0	0	0	0
Q6PI26-2	19	0	0	0	0	0	0	0	0	0
Q6PI47-2	13	0	0	0	0	0	0	0	0	0
Q6PI47-3	42	0	0	0	0	0	0	0	0	0
Q6PIJ6-2	0	0	0	0	0	1	0	0	0	0
Q6PIJ6-3	0	0	0	0	0	1	0	0	0	0
Q6PIW4-2	0	0	0	0	0	1	0	0	0	0
Q6PJI9-3	0	0	0	0	0	1	0	0	0	0
Q6PJI9-4	11	0	0	0	0	0	0	0	0	0
Q6PK18-2	56	0	0	0	0	0	0	0	0	0
Q6Q0C0-2	0	0	0	0	0	1	0	0	0	0
Q6SZW1-2	63	0	0	0	0	0	0	0	0	0
Q6UW02-2	24	0	0	0	0	0	0	0	0	0
Q6UWH4-2	34	0	0	0	0	0	0	0	0	0
Q6UWH4-3	25	0	0	0	0	0	0	0	0	0
Q6UWP8-2	0	0	0	0	0	1	0	0	0	0
Q6UX71-2	0	0	0	0	0	1	0	0	0	0
Q6UX71-3	0	0	0	0	0	1	0	0	0	0
Q6UXY1-2	0	0	0	0	0	1	0	0	0	0
Q6UXZ4-2	25	0	0	0	0	0	0	0	0	0
Q6VMQ6-2	12	0	0	0	0	1	0	0	0	0
Q6VMQ6-4	8	0	0	0	0	0	0	0	0	0
Q6VMQ6-5	0	0	0	0	0	1	0	0	0	0
Q6X4W1-2	0	0	0	0	0	1	0	0	0	0
Q6X4W1-6	0	0	0	0	0	1	0	0	0	0
Q6X4W1-3	0	0	0	0	0	1	0	1	0	1
Q6X4W1-4	0	0	0	0	0	1	0	0	0	0
Q6X4W1-5	53	0	0	0	0	0	0	0	0	0
Q6XE24-2	13	0	0	0	0	1	0	0	0	0
Q6XE24-3	0	0	0	0	0	2	0	0	0	0
Q6XE24-4	0	0	0	0	0	1	0	0	0	0
Q6XE24-5	0	0	0	0	0	1	0	0	0	0
Q6XUX3-2	0	0	0	0	0	1	0	0	0	0
Q6XUX3-3	0	0	0	0	0	1	0	0	0	0
Q6XUX3-4	16	0	0	0	0	1	0	0	0	0
Q6XZF7-2	0	0	0	0	0	1	0	0	0	0
Q6YBV0-2	0	0	0	0	0	1	0	0	0	0
Q6YHU6-2	0	0	0	0	0	2	0	0	0	0
Q6YHU6-3	0	0	0	0	0	1	0	0	0	0
Q6YHU6-4	0	0	0	0	0	1	0	0	0	0
Q6YHU6-5	1	0	0	0	0	0	0	0	0	0
Q6YHU6-6	3	0	0	0	0	0	0	0	0	0
Q6ZMJ4-2	0	0	0	0	0	1	0	0	0	0
Q6ZMW3-2	40	0	0	0	0	0	0	0	0	0
Q6ZMZ3-2	0	0	0	0	0	1	0	0	0	0
Q6ZMZ3-3	1	0	0	0	0	0	0	0	0	0
Q6ZN44-2	3	0	0	0	0	0	0	0	0	0
Q6ZN44-3	51	0	0	0	0	0	0	0	0	0
Q6ZN54-2	22	0	0	0	0	1	0	0	0	0
Q6ZN54-3	0	0	0	0	0	2	0	0	0	0
Q6ZN54-4	0	0	0	0	0	1	0	0	0	0
Q6ZN54-5	0	0	0	0	0	1	0	0	0	0
Q6ZN54-6	0	0	0	0	0	2	0	0	0	0
Q6ZN55-2	89	0	0	0	0	0	0	0	0	0
Q6ZNB6-2	37	0	0	0	0	0	0	0	0	0
Q6ZPD9-2	4	0	0	0	0	0	0	0	0	0
Q6ZRS2-3	2	0	0	0	0	0	0	0	0	0
Q6ZRS2-2	1	0	0	0	0	0	0	0	0	0
Q6ZS30-1	0	0	0	0	0	2	0	0	0	0
Q6ZT98-2	5	0	0	0	0	0	0	0	0	0
Q6ZT98-3	2	0	0	0	0	0	0	0	0	0
Q6ZTA4-2	0	0	0	0	0	2	0	0	0	0
Q6ZU65-2	13	0	0	0	0	0	0	0	0	0
Q6ZUJ8-2	0	0	0	0	0	1	0	0	0	0
Q6ZUJ8-3	49	0	0	0	0	0	0	0	0	0
Q6ZUT9-2	73	0	0	0	0	0	0	0	0	0
Q6ZUT9-3	39	0	0	0	0	1	0	0	0	0
Q6ZUT9-4	36	0	0	0	0	0	0	0	0	0
Q6ZV29-2	65	0	0	0	0	1	0	0	0	0
Q6ZV29-3	2	0	0	0	0	0	0	0	0	0
Q6ZV29-4	13	0	0	0	0	0	0	0	0	0
Q6ZV29-5	25	0	0	0	0	0	0	0	0	0
Q6ZV73-2	5	0	0	0	0	0	0	0	0	0
Q6ZVK1-2	20	0	0	0	0	0	0	0	0	0
Q6ZVK8-2	18	0	0	0	0	0	0	0	0	0
Q6ZW49-1	70	0	0	0	0	0	0	0	0	0
Q6ZW49-2	0	0	0	0	0	1	0	0	0	0
Q709F0-2	0	0	0	0	0	1	0	0	0	0
Q709F0-3	0	0	0	0	0	1	0	0	0	0
Q70CQ2-2	10	0	0	0	0	0	0	0	0	0
Q70CQ2-3	10	0	0	0	0	1	0	0	0	0
Q70HW3-2	0	0	0	0	0	1	0	0	0	0
Q70HW3-3	3	0	0	0	0	1	0	0	0	0
Q70UQ0-4	265	0	14	11	25	0	0	0	0	0
Q70UQ0-2	0	0	0	0	0	1	0	0	0	0
Q70UQ0-3	7	0	0	0	0	0	0	0	0	0
Q70Z53-2	1	0	0	0	0	0	0	0	0	0
Q70Z53-3	35	0	0	0	0	0	0	0	0	0
Q70Z53-4	14	0	0	0	0	0	0	0	0	0
Q70Z53-5	38	0	0	0	0	0	0	0	0	0
Q71RG4-4	9	0	0	0	0	1	0	0	0	0
Q71RG4-2	0	0	0	0	0	1	0	0	0	0
Q71RG4-3	0	0	0	0	0	2	0	0	0	0
Q71UI9-2	6	0	0	0	0	0	0	0	0	0
Q71UI9-3	0	0	0	0	0	1	0	0	0	0
Q71UI9-4	0	0	0	0	0	1	0	0	0	0
Q75QN2-2	0	0	0	0	0	1	0	0	0	0
Q75T13-2	0	0	0	0	0	1	0	0	0	0
Q75T13-3	1	0	0	0	0	0	0	0	0	0
Q75T13-4	0	0	0	0	0	1	0	0	0	0
Q75VX8-2	0	0	0	0	0	1	0	0	0	0
Q75VX8-3	5	0	0	0	0	1	0	0	0	0
Q76B58-2	36	0	0	0	0	0	0	0	0	0
Q76FK4-2	0	0	0	0	0	1	0	0	0	0
Q76FK4-4	0	0	0	0	0	1	0	0	0	0
Q7KYR7-4	7	0	0	0	0	0	0	0	0	0
Q7KYR7-1	63	0	0	0	0	0	0	0	0	0
Q7KYR7-3	0	0	0	0	0	1	0	0	0	0
Q7KYR7-5	0	0	0	0	0	1	0	0	0	0
Q7KYR7-6	3	0	0	0	0	0	0	0	0	0
Q7KZN9-2	21	0	0	0	0	0	0	0	0	0
Q7L0Q8-2	4	0	0	0	0	0	0	0	0	0
Q7L0X2-2	0	0	0	0	0	1	0	0	0	0
Q7L0X2-3	0	0	0	0	0	1	0	0	0	0
Q7L1V2-2	11	0	0	0	0	0	0	0	0	0
Q7L5A8-2	0	0	0	0	0	1	0	0	0	0
Q7L5D6-2	0	0	0	0	0	1	0	0	0	0
Q7L7V1-2	0	0	0	0	0	1	0	0	0	0
Q7LFX5-2	53	0	0	0	0	0	0	0	0	0
Q7LGA3-2	62	0	0	0	0	0	0	0	0	0
Q7RTP0-2	0	0	0	0	0	1	0	0	0	0
Q7RTS9-2	1	0	0	0	0	0	0	0	0	0
Q7RTX9-2	0	0	0	0	0	1	0	0	0	0
Q7Z2H8-4	2	0	0	0	0	0	0	0	0	0
Q7Z2T5-2	39	0	0	0	0	1	0	0	0	0
Q7Z3B3-2	3	0	0	0	0	0	0	0	0	0
Q7Z3B3-4	4	0	0	0	0	0	0	0	0	0
Q7Z3D4-2	41	0	0	0	0	0	0	0	0	0
Q7Z3D4-3	56	0	7	0	7	0	0	0	0	0
Q7Z3E5-2	0	0	0	0	0	1	0	0	0	0
Q7Z3V4-2	10	0	0	0	0	0	0	0	0	0
Q7Z3V4-3	31	0	0	0	0	0	0	0	0	0
Q7Z402-2	0	0	0	0	0	1	0	0	0	0
Q7Z403-2	0	0	0	0	0	1	0	0	0	0
Q7Z403-3	0	0	0	0	0	2	0	0	0	0
Q7Z403-4	13	0	0	0	0	1	0	0	0	0
Q7Z408-2	10	0	0	0	0	1	0	0	0	0
Q7Z408-3	53	0	0	0	0	1	0	0	0	0
Q7Z408-4	203	0	0	41	41	2	0	0	0	0
Q7Z449-2	2	0	0	0	0	1	0	0	0	0
Q7Z4H8-2	10	0	0	0	0	0	0	0	0	0
Q7Z4H8-3	40	0	0	0	0	0	0	0	0	0
Q7Z4I7-5	22	0	0	0	0	0	0	0	0	0
Q7Z4I7-2	27	0	0	0	0	0	0	0	0	0
Q7Z4I7-3	0	0	0	0	0	1	0	0	0	0
Q7Z4I7-4	0	0	0	0	0	1	0	0	0	0
Q7Z4L5-2	17	0	0	0	0	0	0	0	0	0
Q7Z4Q2-2	15	0	0	0	0	0	0	0	0	0
Q7Z4Q2-3	37	0	0	0	0	0	0	0	0	0
Q7Z589-5	1	0	0	0	0	0	0	0	0	0
Q7Z589-2	0	0	0	0	0	1	0	0	0	0
Q7Z589-3	1	0	0	0	0	0	0	0	0	0
Q7Z589-4	16	0	0	0	0	1	0	0	0	0
Q7Z589-6	27	0	0	0	0	1	0	0	0	0
Q7Z589-7	16	0	0	0	0	0	0	0	0	0
Q7Z5A7-2	30	0	0	0	0	0	0	0	0	0
Q7Z5A7-3	7	0	0	0	0	0	0	0	0	0
Q7Z5J4-2	143	0	0	0	0	2	0	0	0	0
Q7Z5J4-3	33	0	0	0	0	0	0	0	0	0
Q7Z5J4-4	20	0	0	0	0	0	0	0	0	0
Q7Z5N4-2	1	0	0	0	0	0	0	0	0	0
Q7Z5N4-3	0	0	0	0	0	1	0	0	0	0
Q7Z624-2	4	0	0	0	0	0	0	0	0	0
Q7Z698-2	5	0	0	0	0	0	0	0	0	0
Q7Z6I6-2	0	0	0	0	0	1	0	0	0	0
Q7Z6I6-3	0	0	0	0	0	1	0	0	0	0
Q7Z6I6-4	17	0	0	0	0	0	0	0	0	0
Q7Z6I8-2	12	0	0	0	0	0	0	0	0	0
Q7Z6J4-2	37	0	0	0	0	0	0	0	0	0
Q7Z6J4-4	27	0	0	0	0	1	0	0	0	0
Q7Z6J4-5	46	0	0	0	0	0	0	0	0	0
Q7Z6M1-2	0	0	0	0	0	1	0	0	0	0
Q7Z7C8-2	4	0	0	0	0	0	0	0	0	0
Q7Z7C8-4	75	0	0	0	0	0	0	0	0	0
Q7Z7G8-2	19	0	0	0	0	0	0	0	0	0
Q7Z7G8-3	31	0	0	0	0	0	0	0	0	0
Q7Z7G8-4	11	0	0	0	0	1	0	0	0	0
Q7Z7G8-5	10	0	0	0	0	0	0	0	0	0
Q7Z7G8-6	0	0	0	0	0	1	0	0	0	0
Q7Z7H8-2	23	0	0	0	0	0	0	0	0	0
Q86SK9-2	67	0	0	0	0	0	0	0	0	0
Q86T03-2	7	0	0	0	0	0	0	0	0	0
Q86T03-3	99	0	0	0	0	0	0	0	0	0
Q86T20-2	0	0	0	0	0	1	0	0	0	0
Q86TN4-2	0	0	0	0	0	1	0	0	0	0
Q86TN4-3	1	0	0	0	0	0	0	0	0	0
Q86TN4-4	2	0	0	0	0	0	0	0	0	0
Q86TW2-2	0	0	0	0	0	1	0	0	0	0
Q86TW2-3	0	0	0	0	0	1	0	0	0	0
Q86U38-2	10	0	0	0	0	0	0	0	0	0
Q86U86-2	0	0	0	0	0	1	0	0	0	0
Q86U86-3	1	0	0	0	0	1	0	0	0	0
Q86U86-4	0	0	0	0	0	3	0	0	0	0
Q86U86-5	0	0	0	0	0	1	0	0	0	0
Q86U86-7	15	0	0	0	0	1	0	0	0	0
Q86U86-8	15	0	0	0	0	1	0	0	0	0
Q86U86-9	0	0	0	0	0	2	0	0	0	0
Q86UA1-2	17	0	0	0	0	1	0	0	0	0
Q86UB9-2	0	0	0	0	0	1	0	0	0	0
Q86UD5-2	31	0	0	0	0	0	0	0	0	0
Q86UE8-2	0	0	0	0	0	1	0	0	0	0
Q86UE8-3	0	0	0	0	0	2	0	0	0	0
Q86US8-2	23	0	0	0	0	0	0	0	0	0
Q86US8-3	0	0	0	0	0	1	0	0	0	0
Q86UW6-2	0	0	0	0	0	1	0	0	0	0
Q86UX7-2	0	0	0	0	0	1	0	0	0	0
Q86V59-2	12	0	0	0	0	0	0	0	0	0
Q86VE9-2	1	0	0	0	0	0	0	0	0	0
Q86VE9-3	5	0	0	0	0	0	0	0	0	0
Q86VE9-4	48	0	0	0	0	0	0	0	0	0
Q86VV4-2	20	0	0	0	0	0	0	0	0	0
Q86VV4-3	25	0	0	0	0	0	0	0	0	0
Q86VW2-2	0	0	0	0	0	1	0	0	0	0
Q86VW2-3	67	0	0	0	0	0	0	0	0	0
Q86VZ6-3	0	0	0	0	0	1	0	0	0	0
Q86W56-2	0	0	0	0	0	1	0	0	0	0
Q86W56-3	0	0	0	0	0	1	0	0	0	0
Q86W56-4	12	0	0	0	0	0	0	0	0	0
Q86W56-5	1	0	0	0	0	1	0	0	0	0
Q86WA8-2	0	0	0	0	0	1	0	0	0	0
Q86WB0-2	27	0	0	0	0	0	0	0	0	0
Q86WB0-3	0	0	0	0	0	1	0	0	0	0
Q86WJ1-2	0	0	0	0	0	1	0	0	0	0
Q86WJ1-3	0	0	0	0	0	1	0	0	0	0
Q86WJ1-4	0	0	0	0	0	1	0	0	0	0
Q86WJ1-5	0	0	0	0	0	1	0	0	0	0
Q86X27-3	0	0	0	0	0	1	0	0	0	0
Q86X95-2	34	0	0	0	0	0	0	0	0	0
Q86XH1-2	27	0	0	0	0	0	0	0	0	0
Q86XH1-5	0	0	0	0	0	1	0	0	0	0
Q86XK2-2	23	0	0	0	0	1	0	0	0	0
Q86XK2-3	0	0	0	0	0	1	0	0	0	0
Q86XK2-4	12	0	0	0	0	0	0	0	0	0
Q86XK2-5	27	0	0	0	0	0	0	0	0	0
Q86XK2-6	0	0	0	0	0	1	0	0	0	0
Q86XK3-2	65	0	0	0	0	0	0	0	0	0
Q86XK3-3	0	0	0	0	0	1	0	0	0	0
Q86XN8-2	17	0	0	0	0	0	0	0	0	0
Q86XN8-3	19	0	0	0	0	0	0	0	0	0
Q86XS8-2	1	0	0	0	0	0	0	0	0	0
Q86Y07-2	3	0	0	0	0	0	0	0	0	0
Q86Y07-3	0	0	0	0	0	1	0	0	0	0
Q86Y07-4	0	0	0	0	0	1	0	0	0	0
Q86Y07-5	2	0	0	0	0	0	0	0	0	0
Q86Y13-2	2	0	0	0	0	0	0	0	0	0
Q86Y39-2	124	0	0	0	0	0	0	0	0	0
Q86Y46-2	7	0	0	0	0	0	0	0	0	0
Q86Y78-2	4	0	0	0	0	0	0	0	0	0
Q86YL7-2	125	0	0	0	0	0	0	0	0	0
Q86YL7-3	76	0	0	0	0	0	0	0	0	0
Q86YL7-4	76	0	0	0	0	1	0	0	0	0
Q86YL7-5	0	0	0	0	0	2	0	0	0	0
Q86YL7-6	0	0	0	0	0	1	0	0	0	0
Q86YS3-2	5	0	0	0	0	0	0	0	0	0
Q86YS6-2	23	0	0	0	0	0	0	0	0	0
Q86YT5-2	0	0	0	0	0	1	0	0	0	0
Q86YT5-3	0	0	0	0	0	1	0	0	0	0
Q86YT5-4	0	0	0	0	0	1	0	0	0	0
Q8IUA7-3	11	0	0	0	0	0	0	0	0	0
Q8IUA7-4	7	0	0	0	0	0	0	0	0	0
Q8IUC4-2	0	0	0	0	0	1	0	0	0	0
Q8IUC8-3	46	0	0	0	0	0	0	0	0	0
Q8IUC8-2	21	0	0	0	0	0	0	0	0	0
Q8IUD6-2	34	0	0	0	0	0	0	0	0	0
Q8IUD6-3	56	0	0	0	0	0	0	0	0	0
Q8IUF8-2	18	0	0	0	0	0	0	0	0	0
Q8IUF8-3	6	0	0	0	0	0	0	0	0	0
Q8IUF8-4	0	0	0	0	0	1	0	0	0	0
Q8IUH3-3	0	0	0	0	0	1	0	0	0	0
Q8IUH3-2	1	0	0	0	0	1	0	0	0	0
Q8IUH5-2	24	0	0	0	0	0	0	0	0	0
Q8IUK5-2	22	0	0	0	0	0	0	0	0	0
Q8IUK5-3	7	0	0	0	0	0	0	0	0	0
Q8IUK5-4	28	0	0	0	0	1	0	0	0	0
Q8IUQ0-2	14	0	0	0	0	0	0	0	0	0
Q8IUQ4-2	31	0	0	0	0	0	0	0	0	0
Q8IUQ4-3	3	0	0	0	0	0	0	0	0	0
Q8IUR7-2	0	0	0	0	0	1	0	0	0	0
Q8IUR7-3	0	0	0	0	0	1	0	0	0	0
Q8IUR7-6	21	0	0	15	15	1	0	0	0	0
Q8IUR7-7	0	0	0	0	0	1	0	0	0	0
Q8IUR7-8	0	0	0	0	0	1	0	0	0	0
Q8IUX1-2	7	0	0	0	0	0	0	0	0	0
Q8IUX1-3	8	0	0	0	0	1	0	1	1	1
Q8IUX1-5	0	0	0	0	0	1	0	1	1	1
Q8IUZ0-2	5	0	0	0	0	0	0	0	0	0
Q8IUZ0-3	19	0	0	0	0	0	0	0	0	0
Q8IUZ0-4	5	0	0	0	0	0	0	0	0	0
Q8IUZ5-2	0	0	0	0	0	1	0	0	0	0
Q8IUZ5-3	0	0	0	0	0	1	0	0	0	0
Q8IV33-2	1	0	0	0	0	0	0	0	0	0
Q8IV33-3	45	0	0	0	0	0	0	0	0	0
Q8IV61-2	0	0	0	0	0	1	0	0	0	0
Q8IV63-2	6	0	0	0	0	0	0	0	0	0
Q8IV63-3	0	0	0	0	0	1	0	0	0	0
Q8IVF7-2	29	0	0	0	0	1	0	0	0	0
Q8IVF7-3	29	0	0	0	0	0	0	0	0	0
Q8IVH2-2	0	0	0	0	0	1	0	0	0	0
Q8IVH2-3	0	0	0	0	0	2	0	0	0	0
Q8IVI9-2	0	0	0	0	0	1	0	0	0	0
Q8IVI9-3	0	0	0	0	0	1	0	0	0	0
Q8IVI9-4	57	0	0	0	0	0	0	0	0	0
Q8IVL0-2	0	0	0	0	0	1	0	0	0	0
Q8IVL0-3	0	0	0	0	0	2	0	0	0	0
Q8IW00-2	36	0	0	0	0	0	0	0	0	0
Q8IW70-2	25	0	0	0	0	0	0	0	0	0
Q8IWC1-2	0	0	0	0	0	1	0	0	0	0
Q8IWC1-3	1	0	0	0	0	0	0	0	0	0
Q8IWC1-4	4	0	0	0	0	0	0	0	0	0
Q8IWF2-2	0	0	0	0	0	1	0	0	0	0
Q8IWI9-3	0	0	0	0	0	1	0	0	0	0
Q8IWK6-2	10	0	0	0	0	0	0	0	0	0
Q8IWK6-3	8	0	0	0	0	1	0	0	0	0
Q8IWK6-4	10	0	0	0	0	0	0	0	0	0
Q8IWS0-2	34	0	0	0	0	0	0	0	0	0
Q8IWS0-3	0	0	0	0	0	1	0	0	0	0
Q8IWS0-4	33	0	0	0	0	1	0	0	0	0
Q8IWS0-5	0	0	0	0	0	1	0	0	0	0
Q8IWU9-2	2	0	0	0	0	0	0	0	0	0
Q8IWV2-2	0	0	0	0	0	1	0	0	0	0
Q8IWV2-3	0	0	0	0	0	2	0	0	1	1
Q8IWV2-4	0	0	0	0	0	1	0	0	0	0
Q8IWW8-2	0	0	0	0	0	1	0	0	0	0
Q8IWW8-3	5	0	0	0	0	0	0	0	0	0
Q8IWW8-4	5	0	0	0	0	1	0	0	0	0
Q8IX04-2	4	0	0	0	0	0	0	0	0	0
Q8IX04-3	4	0	0	0	0	1	0	0	0	0
Q8IX04-4	4	0	0	0	0	1	0	0	0	0
Q8IX04-5	11	0	0	0	0	0	0	0	0	0
Q8IX04-6	0	0	0	0	0	1	0	0	0	0
Q8IX04-7	2	0	0	0	0	2	0	0	0	0
Q8IX18-2	52	0	0	0	0	1	0	0	0	0
Q8IX18-3	7	0	0	0	0	0	0	0	0	0
Q8IX18-4	0	0	0	0	0	1	0	0	0	0
Q8IXB1-2	0	0	0	0	0	1	0	0	0	0
Q8IXB1-3	3	0	0	0	0	0	0	0	0	0
Q8IXM6-2	0	0	0	0	0	1	0	0	0	0
Q8IXM6-6	65	0	0	0	0	0	0	0	0	0
Q8IXQ6-2	0	0	0	0	0	1	0	0	0	0
Q8IXQ6-3	17	0	0	0	0	1	0	0	0	0
Q8IXW5-2	22	0	0	0	0	0	0	0	0	0
Q8IY50-2	94	0	0	27	27	0	0	0	0	0
Q8IYJ1-2	11	0	0	0	0	0	0	0	0	0
Q8IYM1-2	0	0	0	0	0	1	0	0	0	0
Q8IYS0-2	0	0	0	0	0	1	0	0	0	0
Q8IYS2-2	38	0	0	0	0	0	0	0	0	0
Q8IYT4-2	0	0	0	0	0	1	0	0	0	0
Q8IZF2-2	0	0	0	0	0	1	0	0	0	0
Q8IZF2-3	1	0	0	0	0	0	0	0	0	0
Q8IZQ8-2	51	0	0	0	0	1	0	0	0	0
Q8IZQ8-3	48	0	0	0	0	0	0	0	0	0
Q8IZY2-2	21	0	0	0	0	0	0	0	0	0
Q8N0U8-2	100	0	0	0	0	0	0	0	0	0
Q8N0W4-2	20	0	0	0	0	0	0	0	0	0
Q8N0X2-2	47	0	7	0	7	0	0	0	0	0
Q8N0X2-3	34	0	0	0	0	0	0	0	0	0
Q8N0X2-4	5	0	0	0	0	0	0	0	0	0
Q8N0X2-5	33	0	0	0	0	0	0	0	0	0
Q8N0Z8-2	0	0	0	0	0	1	0	0	0	0
Q8N135-2	49	0	0	0	0	0	0	0	0	0
Q8N138-4	0	0	0	0	0	1	0	0	0	0
Q8N142-2	103	0	0	0	0	0	0	0	0	0
Q8N1S5-2	0	0	0	0	0	1	0	1	0	1
Q8N1W1-4	2	0	0	0	0	0	0	0	0	0
Q8N1W1-2	17	0	0	0	0	0	0	0	0	0
Q8N1W1-3	26	0	0	0	0	1	0	0	0	0
Q8N1W1-5	24	0	0	0	0	0	0	0	0	0
Q8N1W1-6	26	0	0	0	0	0	0	0	0	0
Q8N2C7-3	4	0	0	0	0	1	0	0	0	0
Q8N2C7-4	1	0	0	0	0	0	0	0	0	0
Q8N2C7-5	0	0	0	0	0	2	0	0	0	0
Q8N2C7-6	1	0	0	0	0	1	0	0	0	0
Q8N2C7-7	0	0	0	0	0	2	0	0	0	0
Q8N2U9-2	0	0	0	0	0	1	0	0	0	0
Q8N2U9-3	19	0	0	0	0	0	0	0	0	0
Q8N336-2	0	0	0	0	0	2	0	0	0	0
Q8N336-3	0	0	0	0	0	1	0	0	0	0
Q8N350-4	49	0	0	21	21	1	0	0	1	1
Q8N370-2	80	0	0	0	0	0	0	0	0	0
Q8N370-3	4	0	0	0	0	0	0	0	0	0
Q8N370-4	26	0	0	0	0	0	0	0	0	0
Q8N371-3	38	0	0	0	0	0	0	0	0	0
Q8N371-2	0	0	0	0	0	1	0	0	0	0
Q8N3C7-2	2	0	0	0	0	0	0	0	0	0
Q8N3C7-4	28	0	0	0	0	1	0	0	0	0
Q8N3G9-2	0	0	0	0	0	1	0	0	1	1
Q8N3G9-3	0	0	0	0	0	2	0	0	1	1
Q8N3I7-2	0	0	0	0	0	1	0	0	0	0
Q8N3R3-2	6	0	0	0	0	0	0	0	0	0
Q8N3R3-3	12	0	0	0	0	0	0	0	0	0
Q8N3R3-4	0	0	0	0	0	1	0	0	0	0
Q8N3Z3-2	0	0	0	0	0	1	0	0	0	0
Q8N3Z3-3	9	0	0	0	0	0	0	0	0	0
Q8N468-2	0	0	0	0	0	1	0	0	0	0
Q8N475-2	0	0	0	0	0	1	0	0	0	0
Q8N475-3	1	0	0	0	0	1	0	0	0	0
Q8N4H5-2	52	0	0	0	0	0	0	0	0	0
Q8N4H5-3	35	0	0	0	0	0	0	0	0	0
Q8N4M1-2	0	0	0	0	0	1	0	0	0	0
Q8N4M1-3	0	0	0	0	0	1	0	0	0	0
Q8N4M1-4	0	0	0	0	0	2	0	0	0	0
Q8N4M1-5	0	0	0	0	0	3	0	0	0	0
Q8N4M1-6	0	0	0	0	0	2	0	0	0	0
Q8N4N3-2	0	0	0	0	0	1	0	0	0	0
Q8N4S0-2	14	0	0	0	0	0	0	0	0	0
Q8N4V1-2	65	0	0	1	1	0	0	0	0	0
Q8N543-2	0	0	0	0	0	1	0	0	0	0
Q8N594-2	30	0	0	0	0	1	0	0	0	0
Q8N5A5-2	0	0	0	0	0	1	0	0	0	0
Q8N5A5-4	0	0	0	0	0	1	0	0	0	0
Q8N5A5-3	0	0	0	0	0	1	0	0	0	0
Q8N5C6-2	0	0	0	0	0	1	0	0	0	0
Q8N5C7-2	0	0	0	0	0	1	0	0	0	0
Q8N5C7-3	21	0	0	0	0	0	0	0	0	0
Q8N5D0-2	62	0	0	0	0	0	0	0	0	0
Q8N5D0-3	50	0	0	0	0	0	0	0	0	0
Q8N5D0-4	0	0	0	0	0	1	0	0	0	0
Q8N5D0-5	50	0	0	0	0	1	0	0	0	0
Q8N5D0-6	62	0	0	0	0	1	0	0	0	0
Q8N5T2-2	0	0	0	0	0	1	0	0	0	0
Q8N5U6-2	5	0	0	0	0	0	0	0	0	0
Q8N5Y8-2	0	0	0	0	0	1	0	0	0	0
Q8N5Y8-3	1	0	0	0	0	0	0	0	0	0
Q8N5Z0-2	5	0	0	0	0	0	0	0	0	0
Q8N697-2	0	0	0	0	0	1	0	0	0	0
Q8N6L1-2	26	0	0	0	0	0	0	0	0	0
Q8N720-2	123	0	0	0	0	0	0	0	0	0
Q8N720-3	35	0	0	0	0	0	0	0	0	0
Q8N720-4	56	0	0	0	0	0	0	0	0	0
Q8N7B6-2	0	0	0	0	0	1	0	1	0	1
Q8N7B6-3	0	0	0	0	0	2	0	1	0	1
Q8N7B6-4	50	0	0	0	0	1	0	0	0	0
Q8N884-2	3	0	0	0	0	0	0	0	0	0
Q8N8K9-2	332	0	11	0	11	0	0	0	0	0
Q8N8K9-3	29	0	0	0	0	0	0	0	0	0
Q8N8Q8-2	13	0	0	0	0	0	0	0	0	0
Q8N8Q8-3	15	0	0	0	0	0	0	0	0	0
Q8N8Q8-4	29	0	0	0	0	1	0	0	0	0
Q8N8R3-2	120	0	0	0	0	0	0	0	0	0
Q8N8R3-3	0	0	0	0	0	1	0	0	0	0
Q8N8Z6-2	1	0	0	0	0	0	0	0	0	0
Q8N961-2	0	0	0	0	0	1	0	0	0	0
Q8N999-2	8	0	0	0	0	0	0	0	0	0
Q8N999-3	5	0	0	0	0	0	0	0	0	0
Q8N9B8-2	8	0	0	0	0	0	0	0	0	0
Q8N9M1-2	0	0	0	0	0	1	0	0	0	0
Q8N9M1-3	0	0	0	0	0	1	0	0	0	0
Q8NB49-2	9	0	0	0	0	0	0	0	0	0
Q8NB49-3	20	0	0	0	0	0	0	0	0	0
Q8NB49-4	29	0	0	0	0	0	0	0	0	0
Q8NB78-2	0	0	0	0	0	2	0	0	0	0
Q8NB78-4	0	0	0	0	0	1	0	0	0	0
Q8NBI5-2	13	0	0	0	0	0	0	0	0	0
Q8NBI6-2	13	0	0	0	0	0	0	0	0	0
Q8NBI6-3	49	0	0	0	0	1	0	0	0	0
Q8NBJ9-2	32	0	0	7	7	0	0	0	0	0
Q8NBL3-2	39	0	0	0	0	0	0	0	0	0
Q8NBM8-2	46	0	0	0	0	1	0	0	0	0
Q8NBP0-2	0	0	0	0	0	2	0	0	0	0
Q8NBZ0-2	5	0	0	0	0	0	0	0	0	0
Q8NBZ7-2	5	0	0	0	0	0	0	0	0	0
Q8NBZ7-3	0	0	0	0	0	1	0	0	0	0
Q8NC56-2	0	0	0	0	0	1	0	0	0	0
Q8NC67-2	1	0	0	0	0	1	0	0	0	0
Q8NC67-3	0	0	0	0	0	1	0	0	0	0
Q8NCC3-2	69	0	0	0	0	0	0	0	0	0
Q8NCE2-2	0	0	0	0	0	1	0	0	0	0
Q8NCE2-3	0	0	0	0	0	1	0	0	0	0
Q8NCF5-2	0	0	0	0	0	1	0	0	0	0
Q8NCF5-3	0	0	0	0	0	1	0	0	0	0
Q8NCG7-2	0	0	0	0	0	1	0	0	0	0
Q8NCG7-3	16	0	0	0	0	0	0	0	0	0
Q8NCG7-4	42	0	0	0	0	0	0	0	0	0
Q8NCN5-2	0	0	0	0	0	1	0	0	0	0
Q8ND23-2	0	0	0	0	0	2	0	0	0	0
Q8ND23-3	17	0	0	0	0	1	0	0	0	0
Q8ND25-2	51	0	0	0	0	0	0	0	0	0
Q8ND83-2	0	0	0	0	0	1	0	0	0	0
Q8ND83-3	1	0	0	0	0	1	0	0	0	0
Q8ND83-4	38	0	0	0	0	0	0	0	0	0
Q8NDF8-2	18	0	0	0	0	0	0	0	0	0
Q8NDF8-3	47	0	0	0	0	0	0	0	0	0
Q8NDF8-4	3	0	0	0	0	0	0	0	0	0
Q8NDF8-5	126	0	0	0	0	0	0	0	0	0
Q8NDN9-2	7	0	0	0	0	0	0	0	0	0
Q8NDV1-2	3	0	0	0	0	0	0	0	0	0
Q8NDX5-7	12	0	0	0	0	0	0	0	0	0
Q8NDX5-2	0	0	0	0	0	1	0	0	0	0
Q8NDX5-3	35	0	0	0	0	0	0	0	0	0
Q8NDX5-4	8	0	0	0	0	1	0	0	0	0
Q8NDX5-5	22	0	0	0	0	1	0	0	0	0
Q8NDX5-6	10	0	0	0	0	2	0	0	0	0
Q8NDY3-2	0	0	0	0	0	1	0	0	0	0
Q8NDZ4-2	9	0	0	0	0	0	0	0	0	0
Q8NDZ6-2	6	0	0	0	0	0	0	0	0	0
Q8NDZ6-3	0	0	0	0	0	1	0	0	0	0
Q8NE22-2	1	0	0	0	0	0	0	0	0	0
Q8NE35-2	10	0	0	8	8	1	0	0	0	0
Q8NEC7-3	0	0	0	0	0	1	0	0	0	0
Q8NEJ9-2	1	0	0	0	0	0	0	0	0	0
Q8NEM7-2	31	0	0	0	0	0	0	0	0	0
Q8NEM7-3	109	0	0	0	0	0	0	0	0	0
Q8NER5-2	0	0	0	0	0	1	0	0	0	0
Q8NER5-3	0	0	0	0	0	1	0	0	0	0
Q8NER5-4	0	0	0	0	0	1	0	0	0	0
Q8NEZ3-2	26	0	0	0	0	1	0	0	0	0
Q8NEZ5-3	11	0	0	0	0	0	0	0	0	0
Q8NF50-2	0	0	0	0	0	1	0	0	0	0
Q8NF50-3	0	0	0	0	0	1	0	0	0	0
Q8NF50-4	0	0	0	0	0	2	0	0	0	0
Q8NF64-2	0	0	0	0	0	1	0	0	0	0
Q8NF64-3	0	0	0	0	0	2	0	0	0	0
Q8NFH5-2	0	0	0	0	0	1	0	0	0	0
Q8NFH5-3	0	0	0	0	0	1	0	0	0	0
Q8NFI3-2	11	0	0	0	0	0	0	0	0	0
Q8NFI3-3	50	0	0	0	0	0	0	0	0	0
Q8NFJ9-2	49	0	0	0	0	0	0	0	0	0
Q8NFJ9-3	9	0	0	0	0	1	0	0	0	0
Q8NFT2-2	10	0	0	0	0	0	0	0	0	0
Q8NFT2-3	24	0	0	0	0	0	0	0	0	0
Q8NFY4-2	13	0	0	0	0	1	0	0	0	0
Q8NFY4-3	0	0	0	0	0	1	0	0	0	0
Q8NFY4-4	0	0	0	0	0	1	0	0	0	0
Q8NFY4-5	13	0	0	0	0	1	0	0	0	0
Q8NFY4-6	0	0	0	0	0	1	0	0	0	0
Q8NFY4-8	10	0	0	0	0	1	0	0	0	0
Q8NFZ0-2	51	0	0	0	0	0	0	0	0	0
Q8NFZ3-2	0	0	0	0	0	1	0	0	0	0
Q8NFZ3-3	44	0	15	0	15	1	0	0	0	0
Q8NFZ3-4	44	0	15	0	15	0	0	0	0	0
Q8NG11-2	0	0	0	0	0	1	0	0	0	0
Q8NG11-3	0	0	0	0	0	1	0	0	0	0
Q8NHP8-2	0	0	0	0	0	1	0	0	0	0
Q8NHU6-2	0	0	0	0	0	1	0	0	0	0
Q8NHU6-3	0	0	0	0	0	2	0	0	0	0
Q8NI27-2	0	0	0	0	0	1	0	0	0	0
Q8TAA5-2	42	0	0	0	0	0	0	0	0	0
Q8TAC1-2	53	0	0	1	1	0	0	0	0	0
Q8TAC9-2	8	0	0	0	0	0	0	0	0	0
Q8TAC9-3	26	0	0	0	0	0	0	0	0	0
Q8TAD4-2	28	0	0	0	0	1	0	0	0	0
Q8TAD4-3	24	0	0	0	0	0	0	0	0	0
Q8TAD4-4	24	0	0	0	0	1	0	0	0	0
Q8TAM2-2	0	0	0	0	0	1	0	0	0	0
Q8TAM2-3	0	0	0	0	0	2	0	2	2	2
Q8TAM2-4	0	0	0	0	0	1	0	1	1	1
Q8TAM2-6	3	0	0	0	0	0	0	0	0	0
Q8TAP6-2	1	0	0	0	0	0	0	0	0	0
Q8TAP6-3	10	0	0	0	0	1	0	0	0	0
Q8TAV0-2	0	0	0	0	0	1	0	0	0	0
Q8TAV0-3	35	0	0	0	0	0	0	0	0	0
Q8TAV0-4	35	0	0	0	0	1	0	0	0	0
Q8TAV0-5	0	0	0	0	0	2	0	0	0	0
Q8TB61-2	0	0	0	0	0	1	0	0	0	0
Q8TB61-3	0	0	0	0	0	1	0	0	0	0
Q8TB61-4	26	0	0	0	0	0	0	0	0	0
Q8TB61-5	0	0	0	0	0	1	0	0	0	0
Q8TBB5-2	0	0	0	0	0	1	0	0	0	0
Q8TBB5-3	0	0	0	0	0	1	0	0	0	0
Q8TBF5-2	18	0	0	0	0	0	0	0	0	0
Q8TBP0-2	1	0	0	0	0	0	0	0	0	0
Q8TBP0-3	5	0	0	0	0	0	0	0	0	0
Q8TBP0-4	1	0	0	0	0	1	0	0	0	0
Q8TCB0-2	37	0	0	0	0	1	0	0	0	0
Q8TCC7-2	9	0	0	0	0	0	0	0	0	0
Q8TCC7-3	47	0	0	0	0	1	0	0	0	0
Q8TCC7-4	0	0	0	0	0	1	0	0	0	0
Q8TCC7-5	0	0	0	0	0	1	0	0	0	0
Q8TCJ0-2	0	0	0	0	0	1	0	0	0	0
Q8TCJ0-3	25	0	0	0	0	1	0	0	0	0
Q8TCN5-2	15	0	0	0	0	0	0	0	0	0
Q8TCT7-4	6	0	0	0	0	0	0	0	0	0
Q8TCX1-2	1	0	1	1	1	0	0	0	0	0
Q8TCX1-3	2	0	0	0	0	0	0	0	0	0
Q8TCX1-4	29	0	0	0	0	0	0	0	0	0
Q8TCX1-5	34	0	0	0	0	0	0	0	0	0
Q8TCY9-2	0	0	0	0	0	1	0	0	0	0
Q8TCY9-3	0	0	0	0	0	1	0	0	0	0
Q8TCY9-4	0	0	0	0	0	1	0	0	0	0
Q8TD43-2	0	0	0	0	0	1	0	0	0	0
Q8TD43-3	0	0	0	0	0	1	0	0	0	0
Q8TDM6-2	0	0	0	0	0	1	0	0	0	0
Q8TDM6-3	1	0	0	0	0	1	0	0	0	0
Q8TDM6-4	0	0	0	0	0	1	0	0	0	0
Q8TDM6-5	0	0	0	0	0	1	0	0	0	0
Q8TDQ7-2	0	0	0	0	0	1	0	0	0	0
Q8TDQ7-3	2	0	0	0	0	0	0	0	0	0
Q8TDQ7-4	0	0	0	0	0	1	0	0	0	0
Q8TDQ7-5	0	0	0	0	0	1	0	0	0	0
Q8TDX5-2	24	0	0	0	0	0	0	0	0	0
Q8TE04-2	9	0	0	0	0	0	0	0	0	0
Q8TE04-3	9	0	0	0	0	1	0	0	0	0
Q8TE04-4	30	0	0	0	0	0	0	0	0	0
Q8TE77-2	2	0	0	0	0	0	0	0	0	0
Q8TE77-3	6	0	0	0	0	0	0	0	0	0
Q8TE77-4	0	0	0	0	0	1	0	0	0	0
Q8TE77-5	25	0	0	0	0	0	0	0	0	0
Q8TEB1-2	0	0	0	0	0	1	0	0	0	0
Q8TEB1-3	58	0	0	0	0	0	0	0	0	0
Q8TEC5-2	6	0	0	0	0	1	0	0	0	0
Q8TEC5-3	0	0	0	0	0	1	0	0	0	0
Q8TED0-2	0	0	0	0	0	1	0	0	0	0
Q8TED0-3	0	0	0	0	0	1	0	0	0	0
Q8TEM1-2	15	0	0	0	0	0	0	0	0	0
Q8TEQ8-2	0	0	0	0	0	1	0	0	0	0
Q8TER5-2	0	0	0	0	0	1	0	0	0	0
Q8TER5-3	79	0	0	0	0	0	0	0	0	0
Q8TER5-4	0	0	0	0	0	1	0	0	0	0
Q8TEU7-2	130	0	0	0	0	0	0	0	0	0
Q8TEU7-3	14	0	0	0	0	1	0	0	0	0
Q8TEU7-4	8	0	0	0	0	0	0	0	0	0
Q8TEU7-5	8	0	0	0	0	1	0	0	0	0
Q8TEX9-2	2	0	0	0	0	0	0	0	0	0
Q8TF01-2	43	0	0	0	0	0	0	0	0	0
Q8TF40-2	1	0	0	0	0	0	0	0	0	0
Q8TF40-3	0	0	0	0	0	1	0	0	0	0
Q8TF68-2	0	0	0	0	0	1	0	0	1	1
Q8TF68-3	0	0	0	0	0	2	0	0	0	0
Q8WTR2-2	0	0	0	0	0	1	0	0	1	1
Q8WTR4-2	0	0	0	0	0	1	0	0	0	0
Q8WTR4-3	0	0	0	0	0	1	0	0	0	0
Q8WTR4-4	0	0	0	0	0	1	0	0	0	0
Q8WTR4-5	0	0	0	0	0	1	0	0	0	0
Q8WTV0-2	42	0	0	0	0	0	0	0	0	0
Q8WTV0-3	42	0	0	0	0	1	0	0	0	0
Q8WTV0-4	48	0	0	0	0	0	0	0	0	0
Q8WTV0-5	36	0	0	0	0	0	0	0	0	0
Q8WTW4-2	12	0	0	0	0	1	0	0	0	0
Q8WU10-2	0	0	0	0	0	1	0	0	0	0
Q8WUA4-2	7	0	0	0	0	0	0	0	0	0
Q8WUA7-2	0	0	0	0	0	2	0	0	1	1
Q8WUA7-3	30	0	0	0	0	1	0	1	1	1
Q8WUA7-4	0	0	0	0	0	1	0	1	1	1
Q8WUH1-1	27	0	0	0	0	0	0	0	0	0
Q8WUH1-2	2	0	0	0	0	0	0	0	0	0
Q8WUH1-3	20	0	0	0	0	0	0	0	0	0
Q8WUJ1-3	0	0	0	0	0	1	0	0	0	0
Q8WUK0-2	0	0	0	0	0	1	0	0	0	0
Q8WUK0-3	90	0	0	0	0	0	0	0	0	0
Q8WUQ7-2	177	0	0	0	0	0	0	0	0	0
Q8WUX1-2	0	0	0	0	0	1	0	0	0	0
Q8WV28-2	0	0	0	0	0	1	0	0	0	0
Q8WV28-3	0	0	0	0	0	1	0	0	0	0
Q8WV60-2	10	0	0	0	0	0	0	0	0	0
Q8WV60-3	1	0	0	0	0	0	0	0	0	0
Q8WV74-2	4	0	0	0	0	0	0	0	0	0
Q8WVB3-2	225	0	0	0	0	0	0	0	0	0
Q8WVC0-2	0	0	0	0	0	1	0	0	0	0
Q8WVC6-2	23	0	0	0	0	0	0	0	0	0
Q8WVM7-2	0	0	0	0	0	1	0	0	0	0
Q8WVP7-2	0	0	0	0	0	1	0	1	0	1
Q8WVP7-3	42	0	0	0	0	0	0	0	0	0
Q8WVQ1-2	21	0	0	0	0	0	0	0	0	0
Q8WVQ1-3	0	0	0	0	0	1	0	0	0	0
Q8WW43-2	0	0	0	0	0	1	0	0	0	0
Q8WWK9-4	2	0	0	0	0	1	0	0	0	0
Q8WWK9-5	0	0	0	0	0	1	0	0	0	0
Q8WWK9-6	1	0	0	0	0	0	0	0	0	0
Q8WWT9-2	46	0	0	0	0	0	0	0	0	0
Q8WWT9-3	0	0	0	0	0	2	0	0	0	0
Q8WWT9-4	72	0	0	0	0	0	0	0	0	0
Q8WWT9-5	58	0	0	0	0	0	0	0	0	0
Q8WWT9-6	0	0	0	0	0	1	0	0	0	0
Q8WWW0-2	39	0	0	0	0	0	0	0	0	0
Q8WWW0-3	6	0	0	0	0	0	0	0	0	0
Q8WWX8-3	0	0	0	0	0	1	0	0	0	0
Q8WWX8-2	0	0	0	0	0	1	0	0	0	0
Q8WWX8-4	67	0	0	0	0	0	0	0	0	0
Q8WWX8-5	0	0	0	0	0	2	0	0	0	0
Q8WWX8-6	71	0	0	0	0	1	0	0	0	0
Q8WXX0-2	0	0	0	0	0	1	0	0	0	0
Q8WXX0-3	4	0	0	0	0	1	0	0	0	0
Q8WXX0-4	38	0	0	0	0	1	0	0	0	0
Q8WYQ5-2	2	0	0	0	0	0	0	0	0	0
Q8WYQ5-3	0	0	0	0	0	1	0	0	0	0
Q8WYQ9-2	30	0	0	0	0	0	0	0	0	0
Q8WZA1-2	122	0	0	0	0	0	0	0	0	0
Q92484-2	0	0	0	0	0	1	0	0	0	0
Q92485-2	35	0	0	0	0	0	0	0	0	0
Q92503-2	4	0	0	0	0	0	0	0	0	0
Q92503-3	0	0	0	0	0	1	0	0	0	0
Q92526-2	0	0	0	0	0	1	0	0	0	0
Q92526-3	0	0	0	0	0	1	0	0	0	0
Q92564-2	0	0	0	0	0	1	0	0	0	0
Q92564-3	52	0	0	0	0	0	0	0	0	0
Q92622-2	15	0	0	0	0	1	0	0	0	0
Q92622-3	39	0	0	0	0	0	0	0	0	0
Q92629-2	1	0	1	1	1	0	0	0	0	0
Q92629-3	24	0	1	1	1	0	0	0	0	0
Q92636-2	50	0	0	0	0	0	0	0	0	0
Q92637-2	37	0	0	0	0	0	0	0	0	0
Q92637-3	0	0	0	0	0	1	0	0	0	0
Q92685-2	14	0	0	0	0	0	0	0	0	0
Q92692-2	113	0	0	0	0	0	0	0	0	0
Q92729-2	0	0	0	0	0	1	0	0	0	0
Q92729-3	0	0	0	0	0	2	0	0	0	0
Q92729-4	6	0	0	2	2	2	0	0	0	0
Q92738-2	18	0	0	0	0	0	0	0	0	0
Q92782-1	11	0	0	0	0	0	0	0	0	0
Q92782-3	0	0	0	0	0	1	0	0	0	0
Q92784-2	64	0	0	0	0	0	0	0	0	0
Q92784-3	129	0	0	0	0	0	0	0	0	0
Q92784-4	18	0	0	0	0	0	0	0	0	0
Q92784-5	84	0	0	0	0	0	0	0	0	0
Q92793-2	1	0	0	0	0	0	0	0	0	0
Q92804-2	0	0	0	0	0	1	0	0	0	0
Q92843-2	182	0	97	81	115	0	0	0	0	0
Q92851-2	50	0	0	17	17	1	0	0	0	0
Q92851-3	30	0	0	0	0	1	0	0	0	0
Q92851-4	50	0	0	17	17	0	0	0	0	0
Q92851-6	50	0	0	17	17	1	0	0	0	0
Q92851-7	16	0	0	0	0	0	0	0	0	0
Q92851-5	0	0	0	0	0	1	0	0	0	0
Q92876-2	0	0	0	0	0	1	0	0	0	0
Q92876-3	24	0	0	0	0	0	0	0	0	0
Q92889-2	2	0	0	0	0	1	0	0	0	0
Q92902-2	0	0	0	0	0	1	0	0	0	0
Q92902-3	11	0	0	0	0	0	0	0	0	0
Q92902-4	0	0	0	0	0	1	0	0	0	0
Q92915-2	58	0	0	5	5	0	0	0	0	0
Q92956-2	15	0	0	0	0	0	0	0	0	0
Q92963-2	0	0	0	0	0	1	0	0	0	0
Q92963-3	17	0	0	0	0	0	0	0	0	0
Q92993-2	0	0	0	0	0	1	0	0	0	0
Q92993-3	33	0	0	9	9	0	0	0	0	0
Q92993-4	33	0	0	9	9	1	0	0	0	0
Q92994-2	40	0	0	0	0	1	0	0	0	0
Q92994-3	0	0	0	0	0	1	0	0	0	0
Q92994-4	78	0	0	0	0	0	0	0	0	0
Q92994-5	0	0	0	0	0	1	0	0	0	0
Q92994-6	44	0	0	0	0	0	0	0	0	0
Q92994-7	0	0	0	0	0	1	0	0	0	0
Q92994-8	22	0	0	0	0	1	0	0	0	0
Q92994-9	0	0	0	0	0	1	0	0	0	0
Q92997-2	1	0	0	0	0	0	0	0	0	0
Q93073-2	0	0	0	0	0	1	0	0	0	0
Q93074-2	3	0	0	0	0	0	0	0	0	0
Q93074-3	0	0	0	0	0	1	0	0	0	0
Q969F9-2	24	0	0	0	0	0	0	0	0	0
Q969M1-2	0	0	0	0	0	1	0	0	0	0
Q969N2-2	0	0	0	0	0	1	0	0	0	0
Q969N2-3	20	0	0	0	0	0	0	0	0	0
Q969N2-4	0	0	0	0	0	1	0	0	0	0
Q969N2-5	0	0	0	0	0	1	0	0	0	0
Q969N2-6	1	0	0	0	0	0	0	0	0	0
Q969Q6-2	0	0	0	0	0	1	0	0	0	0
Q969U7-2	0	0	0	0	0	1	0	0	0	0
Q969V3-2	0	0	0	0	0	1	0	0	0	0
Q969X6-2	0	0	0	0	0	1	0	0	0	0
Q969X6-3	11	0	0	0	0	0	0	0	0	0
Q96A57-2	63	0	0	0	0	0	0	0	0	0
Q96AH0-2	0	0	0	0	0	1	0	0	0	0
Q96AH0-3	34	0	0	0	0	0	0	0	0	0
Q96AJ1-2	0	0	0	0	0	1	0	0	0	0
Q96AX2-2	50	0	17	17	17	0	0	0	0	0
Q96AX2-3	34	0	0	0	0	0	0	0	0	0
Q96AX2-4	0	0	0	0	0	1	0	0	0	0
Q96B02-2	11	0	0	0	0	0	0	0	0	0
Q96B02-3	29	0	0	0	0	0	0	0	0	0
Q96B96-2	24	0	0	11	11	0	0	0	0	0
Q96BP3-2	0	0	0	0	0	1	0	0	0	0
Q96BR1-2	0	0	0	0	0	1	0	0	0	0
Q96BW1-2	30	0	0	0	0	0	0	0	0	0
Q96BW1-3	6	0	0	0	0	1	0	0	0	0
Q96BW9-2	23	0	8	9	9	0	0	0	0	0
Q96BW9-3	24	0	10	11	11	0	0	0	0	0
Q96BY9-2	0	0	0	0	0	1	0	0	0	0
Q96BZ9-2	149	0	0	0	0	1	0	0	0	0
Q96BZ9-3	25	0	0	0	0	0	0	0	0	0
Q96C11-2	0	0	0	0	0	1	0	0	0	0
Q96C11-3	24	0	0	0	0	0	0	0	0	0
Q96C11-4	0	0	0	0	0	1	0	0	0	0
Q96C11-5	0	0	0	0	0	1	0	0	0	0
Q96C11-6	0	0	0	0	0	1	0	0	0	0
Q96C34-2	0	0	0	0	0	1	0	0	0	0
Q96CB9-3	14	0	0	0	0	1	0	0	0	0
Q96CB9-4	0	0	0	0	0	1	0	0	0	0
Q96CM3-2	0	0	0	0	0	1	0	0	0	0
Q96CP6-2	0	0	0	0	0	2	0	0	0	0
Q96CP6-3	0	0	0	0	0	1	0	0	0	0
Q96CQ1-2	3	0	0	0	0	0	0	0	0	0
Q96CQ1-3	0	0	0	0	0	1	0	0	0	0
Q96CQ1-4	0	0	0	0	0	1	0	0	1	1
Q96CS7-2	165	0	0	0	0	0	0	0	0	0
Q96CS7-3	0	0	0	0	0	1	0	0	0	0
Q96CS7-4	72	0	0	0	0	0	0	0	0	0
Q96CS7-5	37	0	0	0	0	0	0	0	0	0
Q96CS7-6	8	0	0	0	0	0	0	0	0	0
Q96D53-2	0	0	0	0	0	1	0	0	0	0
Q96D96-2	0	0	0	0	0	1	0	0	0	0
Q96D96-3	3	0	0	0	0	0	0	0	0	0
Q96D96-4	0	0	0	0	0	1	0	0	0	0
Q96DC8-2	0	0	0	0	0	1	0	0	0	0
Q96DP5-2	4	0	0	0	0	0	0	0	0	0
Q96DR7-3	13	0	0	0	0	0	0	0	0	0
Q96DR7-4	2	0	0	0	0	0	0	0	0	0
Q96DX4-2	1	0	0	0	0	0	0	0	0	0
Q96E29-2	0	0	0	0	0	1	0	0	0	0
Q96E29-3	0	0	0	0	0	1	0	0	0	0
Q96EB1-2	154	0	0	0	0	0	0	0	0	0
Q96EB1-3	95	0	0	0	0	0	0	0	0	0
Q96EC8-2	0	0	0	0	0	1	0	0	0	0
Q96EE3-1	64	0	0	10	10	0	0	0	0	0
Q96EY5-2	0	0	0	0	0	1	0	0	0	0
Q96EY5-3	0	0	0	0	0	1	0	0	0	0
Q96EZ8-2	15	0	0	0	0	0	0	0	0	0
Q96EZ8-3	0	0	0	0	0	1	0	0	0	0
Q96EZ8-4	0	0	0	0	0	1	0	0	0	0
Q96F46-2	0	0	0	0	0	1	0	0	0	0
Q96FG2-2	8	0	0	0	0	0	0	0	0	0
Q96FG2-5	20	0	0	0	0	1	0	0	0	0
Q96FG2-6	74	0	0	0	0	0	0	0	0	0
Q96G04-2	0	0	0	0	0	1	0	0	0	0
Q96G25-2	33	0	0	0	0	0	0	0	0	0
Q96G25-3	0	0	0	0	0	1	0	0	0	0
Q96G74-2	0	0	0	0	0	2	0	0	0	0
Q96G74-3	4	0	0	0	0	1	0	0	0	0
Q96G74-4	0	0	0	0	0	2	0	0	0	0
Q96G74-5	0	0	0	0	0	1	0	0	0	0
Q96GC9-2	0	0	0	0	0	1	0	0	0	0
Q96GE9-2	0	0	0	0	0	1	0	0	0	0
Q96GF1-2	0	0	0	0	0	1	0	0	0	0
Q96GM1-2	133	0	23	34	39	1	0	0	0	0
Q96GM8-2	13	0	0	0	0	0	0	0	0	0
Q96HA8-2	0	0	0	0	0	1	0	0	0	0
Q96HH6-2	15	0	0	0	0	0	0	0	0	0
Q96HL8-2	0	0	0	0	0	1	0	0	0	0
Q96HL8-3	0	0	0	0	0	1	0	0	0	0
Q96HL8-4	0	0	0	0	0	2	0	0	0	0
Q96HL8-5	17	0	0	0	0	0	0	0	0	0
Q96HR3-2	0	0	0	0	0	1	0	0	0	0
Q96HR9-2	0	0	0	0	0	1	0	0	0	0
Q96HU1-2	28	0	0	0	0	0	0	0	0	0
Q96I51-2	6	0	0	0	0	0	0	0	0	0
Q96I51-3	15	0	0	0	0	0	0	0	0	0
Q96IY1-2	44	0	0	0	0	0	0	0	0	0
Q96IY4-2	11	0	0	0	0	1	0	0	0	0
Q96J02-2	1	0	0	0	0	0	0	0	0	0
Q96J02-3	1	0	0	0	0	1	0	0	0	0
Q96JC9-2	10	0	0	0	0	0	0	0	0	0
Q96JH8-1	16	0	0	0	0	0	0	0	0	0
Q96JH8-2	0	0	0	0	0	1	0	0	0	0
Q96JH8-3	46	0	0	0	0	1	0	0	0	0
Q96K30-2	17	0	0	0	0	0	0	0	0	0
Q96K30-3	24	0	0	0	0	0	0	0	0	0
Q96K37-2	0	0	0	0	0	1	0	0	0	0
Q96K37-3	5	0	0	0	0	1	0	0	0	0
Q96K49-2	0	0	0	0	0	1	0	0	0	0
Q96KA5-2	0	0	0	0	0	1	0	0	0	0
Q96LT4-2	12	0	0	0	0	0	0	0	0	0
Q96LW4-2	0	0	0	0	0	1	0	0	0	0
Q96ME1-1	136	0	0	0	0	0	0	0	0	0
Q96ME1-2	1	0	0	0	0	0	0	0	0	0
Q96ME1-3	2	0	0	0	0	0	0	0	0	0
Q96ME1-5	132	0	0	0	0	0	0	0	0	0
Q96MH6-2	0	0	0	0	0	1	0	0	0	0
Q96MH6-3	23	0	0	0	0	0	0	0	0	0
Q96MM7-2	0	0	0	0	0	1	0	0	0	0
Q96MM7-3	40	0	0	0	0	1	0	0	0	0
Q96MM7-4	40	0	0	0	0	0	0	0	0	0
Q96MS3-2	0	0	0	0	0	1	0	0	0	0
Q96MS3-3	45	0	0	0	0	0	0	0	0	0
Q96MX0-2	17	0	0	0	0	0	0	0	0	0
Q96N06-2	12	0	0	0	0	0	0	0	0	0
Q96N11-2	0	0	0	0	0	2	0	0	0	0
Q96N21-2	68	0	0	0	0	1	0	0	0	0
Q96N46-2	56	0	0	0	0	0	0	0	0	0
Q96N46-3	6	0	0	0	0	0	0	0	0	0
Q96N66-2	31	0	0	0	0	0	0	0	0	0
Q96NJ5-2	0	0	0	0	0	1	0	0	0	0
Q96NJ5-3	0	0	0	0	0	1	0	0	0	0
Q96NT5-2	0	0	0	0	0	1	0	0	0	0
Q96P11-2	38	0	0	7	7	0	0	0	0	0
Q96P11-3	130	0	0	0	0	1	0	0	0	0
Q96P11-4	42	0	0	0	0	0	0	0	0	0
Q96P11-5	0	0	0	0	0	1	0	0	0	0
Q96PM9-1	0	0	0	0	0	1	0	0	0	0
Q96PM9-2	0	0	0	0	0	2	0	0	0	0
Q96PM9-3	0	0	0	0	0	1	0	0	0	0
Q96PQ7-2	19	0	0	0	0	0	0	0	0	0
Q96PQ7-3	32	0	0	0	0	0	0	0	0	0
Q96PQ7-4	0	0	0	0	0	1	0	0	0	0
Q96PQ7-5	0	0	0	0	0	1	0	0	0	0
Q96PQ7-6	0	0	0	0	0	1	0	0	0	0
Q96PU4-2	4	0	0	0	0	0	0	0	0	0
Q96PZ7-2	0	0	0	0	0	2	0	0	0	0
Q96PZ7-3	20	0	0	0	0	0	0	0	0	0
Q96PZ7-4	1	0	0	0	0	0	0	0	0	0
Q96Q07-2	30	0	0	0	0	0	0	0	0	0
Q96Q07-3	0	0	0	0	0	1	0	0	0	0
Q96QD8-2	3	0	0	0	0	0	0	0	0	0
Q96QD9-2	8	0	0	0	0	0	0	0	0	0
Q96QD9-3	0	0	0	0	0	1	0	0	0	0
Q96QD9-4	1	0	0	0	0	0	0	0	0	0
Q96QE5-4	5	0	0	0	0	0	0	0	0	0
Q96QU8-2	0	0	0	0	0	1	0	0	0	0
Q96QV1-2	40	0	0	0	0	0	0	0	0	0
Q96RN5-2	0	0	0	0	0	1	0	0	0	0
Q96RN5-3	1	0	0	0	0	1	0	0	0	0
Q96RT8-2	15	0	0	0	0	0	0	0	0	0
Q96S21-2	0	0	0	0	0	1	0	0	0	0
Q96S52-2	2	0	0	0	0	0	0	0	0	0
Q96S55-2	0	0	0	0	0	1	0	0	0	0
Q96S55-3	0	0	0	0	0	1	0	0	0	0
Q96S55-4	0	0	0	0	0	1	0	0	0	0
Q96SB8-2	26	0	0	0	0	0	0	0	0	0
Q96SE7-2	1	0	0	0	0	0	0	0	0	0
Q96SI9-2	0	0	0	0	0	1	0	0	0	0
Q96SQ9-2	77	0	0	0	0	0	0	0	0	0
Q96SY0-2	9	0	0	0	0	0	0	0	0	0
Q96SY0-3	14	0	0	0	0	0	0	0	0	0
Q96SY0-4	0	0	0	0	0	1	0	0	0	0
Q96SZ6-5	6	0	0	0	0	1	0	0	0	0
Q96SZ6-6	13	0	0	0	0	1	0	0	0	0
Q96SZ6-2	0	0	0	0	0	2	0	0	0	0
Q96SZ6-3	0	0	0	0	0	1	0	0	0	0
Q96SZ6-4	0	0	0	0	0	1	0	0	0	0
Q96T52-2	8	0	0	0	0	0	0	0	0	0
Q96T60-2	10	0	0	0	0	0	0	0	0	0
Q99437-2	0	0	0	0	0	1	0	0	0	0
Q99439-2	0	0	0	0	0	1	0	0	0	0
Q99504-2	0	0	0	0	0	1	0	0	0	0
Q99504-3	34	0	0	0	0	1	0	0	0	0
Q99504-4	0	0	0	0	0	1	0	0	0	0
Q99504-5	0	0	0	0	0	1	0	0	0	0
Q99538-2	0	0	0	0	0	1	0	0	0	0
Q99538-3	26	0	0	0	0	0	0	0	0	0
Q99571-2	16	0	0	0	0	0	0	0	0	0
Q99571-3	0	0	0	0	0	1	0	0	0	0
Q99590-2	0	0	0	0	0	1	0	0	0	0
Q99592-2	9	0	0	0	0	0	0	0	0	0
Q99613-2	0	0	0	0	0	1	0	0	0	0
Q99643-2	67	0	0	0	0	0	0	0	0	0
Q99643-3	0	0	0	0	0	1	0	0	0	0
Q99643-4	67	0	0	0	0	1	0	0	0	0
Q99643-5	0	0	0	0	0	1	0	0	0	0
Q99650-2	9	0	0	0	0	1	0	0	0	0
Q99661-2	0	0	0	0	0	1	0	0	0	0
Q99758-2	4	0	0	0	0	0	0	0	0	0
Q99759-2	31	0	0	3	3	0	0	0	0	0
Q99808-2	79	0	0	0	0	0	0	0	0	0
Q99836-2	0	0	0	0	0	1	0	0	0	0
Q99836-3	33	0	0	0	0	0	0	0	0	0
Q99836-4	34	0	0	0	0	0	0	0	0	0
Q99836-5	0	0	0	0	0	1	0	0	0	0
Q99836-6	8	0	0	0	0	0	0	0	0	0
Q99928-2	15	0	0	0	0	0	0	0	0	0
Q99959-2	0	0	0	0	0	1	0	0	0	0
Q99973-2	25	0	0	0	0	0	0	0	0	0
Q9BPX7-2	58	0	0	0	0	0	0	0	0	0
Q9BQ24-2	18	0	16	16	16	0	0	0	0	0
Q9BQ75-2	2	0	0	0	0	0	0	0	0	0
Q9BQA9-2	0	0	0	0	0	1	0	0	0	0
Q9BQE9-2	27	0	0	0	0	0	0	0	0	0
Q9BQE9-3	1	0	0	0	0	0	0	0	0	0
Q9BQE9-4	0	0	0	0	0	1	0	0	0	0
Q9BQG0-2	11	0	0	0	0	0	0	0	0	0
Q9BQG2-2	0	0	0	0	0	1	0	0	0	0
Q9BQI3-2	0	0	0	0	0	1	0	0	0	0
Q9BQK8-2	1	0	0	0	0	0	0	0	0	0
Q9BQL6-2	14	0	0	0	0	0	0	0	0	0
Q9BQL6-3	0	0	0	0	0	1	0	0	0	0
Q9BQL6-4	29	0	0	0	0	0	0	0	0	0
Q9BQS7-2	0	0	0	0	0	1	0	0	0	0
Q9BQS7-3	54	0	0	0	0	0	0	0	0	0
Q9BQS7-4	0	0	0	0	0	1	0	0	0	0
Q9BR77-2	0	0	0	0	0	1	0	0	0	0
Q9BRB3-2	65	0	16	29	34	0	0	0	0	0
Q9BRB3-3	14	0	0	0	0	0	0	0	0	0
Q9BRD0-2	0	0	0	0	0	1	0	0	0	0
Q9BRJ7-2	101	0	0	0	0	0	0	0	0	0
Q9BRN9-2	0	0	0	0	0	1	0	0	0	0
Q9BSA4-2	0	0	0	0	0	1	0	0	0	0
Q9BSC4-2	0	0	0	0	0	1	0	0	0	0
Q9BSC4-3	6	0	0	3	3	0	0	0	0	0
Q9BSC4-4	0	0	0	0	0	1	0	0	0	0
Q9BSF8-2	40	0	0	0	0	0	0	0	0	0
Q9BSH3-2	6	0	0	0	0	0	0	0	0	0
Q9BSJ5-2	0	0	0	0	0	1	0	0	0	0
Q9BSJ5-3	6	0	0	0	0	0	0	0	0	0
Q9BT17-2	69	0	0	0	0	0	0	0	0	0
Q9BT25-2	0	0	0	0	0	1	0	0	0	0
Q9BT25-3	0	0	0	0	0	1	0	0	0	0
Q9BTX1-2	0	0	0	0	0	1	0	0	0	0
Q9BTX1-3	0	0	0	0	0	1	0	0	0	0
Q9BTX1-4	31	0	0	0	0	0	0	0	0	0
Q9BTX1-5	0	0	0	0	0	1	0	0	0	0
Q9BTX1-6	0	0	0	0	0	1	0	0	0	0
Q9BTY2-2	28	0	0	0	0	0	0	0	0	0
Q9BU23-2	5	0	0	0	0	0	0	0	0	0
Q9BU23-3	0	0	0	0	0	1	0	0	0	0
Q9BU40-3	1	0	0	0	0	1	0	0	0	0
Q9BU40-4	2	0	0	0	0	0	0	0	0	0
Q9BU40-5	1	0	0	0	0	0	0	0	0	0
Q9BUB7-2	0	0	0	0	0	1	0	0	0	0
Q9BUB7-3	0	0	0	0	0	1	0	0	0	0
Q9BUL5-2	7	0	0	0	0	0	0	0	0	0
Q9BUL5-3	0	0	0	0	0	1	0	0	0	0
Q9BUL5-4	6	0	0	0	0	0	0	0	0	0
Q9BUP3-3	34	0	0	12	12	0	0	0	0	0
Q9BUP3-2	29	0	0	0	0	1	0	0	0	0
Q9BUZ4-2	0	0	0	0	0	1	0	0	0	0
Q9BVJ6-2	10	0	0	0	0	0	0	0	0	0
Q9BVJ6-3	0	0	0	0	0	1	0	0	0	0
Q9BVK2-2	17	0	0	0	0	0	0	0	0	0
Q9BVP2-2	0	0	0	0	0	1	0	0	0	0
Q9BVS4-2	5	0	0	0	0	0	0	0	0	0
Q9BW11-2	0	0	0	0	0	1	0	0	0	0
Q9BW11-3	25	0	0	0	0	0	0	0	0	0
Q9BW11-4	214	0	7	7	7	0	0	0	0	0
Q9BW27-2	70	0	0	0	0	0	0	0	0	0
Q9BW27-3	0	0	0	0	0	1	0	0	0	0
Q9BW66-2	16	0	0	0	0	0	0	0	0	0
Q9BW66-3	17	0	0	0	0	0	0	0	0	0
Q9BW71-2	0	0	0	0	0	1	0	0	0	0
Q9BW71-3	59	0	0	0	0	0	0	0	0	0
Q9BWE0-4	57	0	0	0	0	0	0	0	0	0
Q9BWG4-2	0	0	0	0	0	1	0	0	0	0
Q9BWU1-2	0	0	0	0	0	1	0	0	0	0
Q9BWW4-2	0	0	0	0	0	1	0	0	0	0
Q9BWW4-3	0	0	0	0	0	1	0	0	0	0
Q9BX10-2	0	0	0	0	0	1	0	0	0	0
Q9BX10-3	0	0	0	0	0	2	0	0	0	0
Q9BX10-4	0	0	0	0	0	1	0	0	0	0
Q9BX46-2	10	0	0	0	0	0	0	0	0	0
Q9BX46-5	0	0	0	0	0	1	0	0	0	0
Q9BXS0-2	27	0	0	0	0	0	0	0	0	0
Q9BXS0-3	0	0	0	0	0	3	0	0	0	0
Q9BY41-4	0	0	0	0	0	1	0	0	0	0
Q9BY41-5	11	0	0	0	0	0	0	0	0	0
Q9BY41-6	11	0	0	0	0	2	0	0	0	0
Q9BY41-7	12	0	0	0	0	0	0	0	0	0
Q9BY76-2	1	0	0	0	0	0	0	0	0	0
Q9BY76-3	0	0	0	0	0	1	0	0	0	0
Q9BYB4-2	2	0	0	0	0	0	0	0	0	0
Q9BYC5-2	26	0	0	0	0	0	0	0	0	0
Q9BYC5-3	0	0	0	0	0	1	0	0	0	0
Q9BYC5-4	10	0	0	0	0	1	0	0	0	0
Q9BYI3-2	0	0	0	0	0	1	0	0	0	0
Q9BYI3-3	80	0	0	0	0	0	0	0	0	0
Q9BYJ9-2	63	0	0	0	0	0	0	0	0	0
Q9BYT3-2	0	0	0	0	0	1	0	0	0	0
Q9BYV7-2	0	0	0	0	0	1	0	0	0	0
Q9BYV7-4	0	0	0	0	0	2	0	0	0	0
Q9BYV7-5	0	0	0	0	0	1	0	0	1	1
Q9BYV7-6	0	0	0	0	0	1	0	0	0	0
Q9BZ23-2	0	0	0	0	0	1	0	0	0	0
Q9BZ23-4	0	0	0	0	0	1	0	0	0	0
Q9BZ23-3	0	0	0	0	0	1	0	0	0	0
Q9BZ95-3	20	0	0	0	0	0	0	0	0	0
Q9BZ95-2	0	0	0	0	0	1	0	0	0	0
Q9BZ95-4	0	0	0	0	0	1	0	0	0	0
Q9BZ95-5	0	0	0	0	0	1	0	0	0	0
Q9BZA7-2	11	0	0	0	0	0	0	0	0	0
Q9BZA7-3	0	0	0	0	0	1	0	0	0	0
Q9BZA7-4	0	0	0	0	0	2	0	0	0	0
Q9BZA7-5	0	0	0	0	0	1	0	0	0	0
Q9BZA7-6	11	0	0	0	0	1	0	0	0	0
Q9BZA7-7	3	0	0	0	0	0	0	0	0	0
Q9BZA7-8	0	0	0	0	0	1	0	0	0	0
Q9BZJ0-2	0	0	0	0	0	1	0	0	0	0
Q9BZJ0-3	0	0	0	0	0	1	0	0	0	0
Q9BZJ0-4	0	0	0	0	0	1	0	0	0	0
Q9BZJ0-5	46	0	0	0	0	0	0	0	0	0
Q9BZQ4-2	22	0	0	0	0	0	0	0	0	0
Q9C010-2	7	0	0	0	0	0	0	0	0	0
Q9C0B6-2	41	0	0	0	0	0	0	0	0	0
Q9C0D7-2	7	0	0	0	0	0	0	0	0	0
Q9C0E4-2	16	0	0	0	0	0	0	0	0	0
Q9C0H6-2	21	0	0	0	0	0	0	0	0	0
Q9C0I3-2	7	0	0	0	0	0	0	0	0	0
Q9C0J1-2	0	0	0	0	0	1	0	1	0	1
Q9C0K1-2	4	0	0	0	0	0	0	0	0	0
Q9C0K1-3	22	0	0	0	0	0	0	0	0	0
Q9C0K7-2	6	0	0	0	0	0	0	0	0	0
Q9C0K7-3	0	0	0	0	0	1	0	0	0	0
Q9GZM3-2	69	0	0	0	0	0	0	0	0	0
Q9GZN1-2	53	0	0	0	0	0	0	0	0	0
Q9GZV1-2	0	0	0	0	0	1	0	0	0	0
Q9GZZ1-2	0	0	0	0	0	1	0	0	0	0
Q9H0C5-2	33	0	0	0	0	0	0	0	0	0
Q9H0R1-2	38	0	0	0	0	0	0	0	0	0
Q9H0R3-2	0	0	0	0	0	1	0	0	0	0
Q9H0U3-2	4	0	0	0	0	0	0	0	0	0
Q9H0V1-2	0	0	0	0	0	1	0	0	0	0
Q9H0V9-2	11	0	0	7	7	0	0	0	0	0
Q9H0V9-3	34	0	0	7	7	0	0	0	0	0
Q9H0X9-2	0	0	0	0	0	1	0	0	0	0
Q9H0X9-3	0	0	0	0	0	2	0	0	0	0
Q9H172-2	17	0	0	0	0	0	0	0	0	0
Q9H172-3	11	0	0	6	6	0	0	0	0	0
Q9H172-4	0	0	0	0	0	1	0	0	0	0
Q9H1R2-3	87	0	0	28	28	0	0	0	0	0
Q9H1R2-2	81	0	0	28	28	0	0	0	0	0
Q9H1R2-4	81	0	0	28	28	1	0	0	0	0
Q9H1X3-2	0	0	0	0	0	1	0	0	0	0
Q9H1X3-3	41	0	0	0	0	0	0	0	0	0
Q9H201-2	14	0	0	0	0	0	0	0	0	0
Q9H237-2	0	0	0	0	0	1	0	0	0	0
Q9H237-3	1	0	0	0	0	0	0	0	0	0
Q9H237-4	1	0	0	0	0	0	0	0	0	0
Q9H237-5	1	0	0	0	0	1	0	0	0	0
Q9H2B2-2	0	0	0	0	0	1	0	0	0	0
Q9H2F5-2	0	0	0	0	0	1	0	0	0	0
Q9H2F5-3	0	0	0	0	0	2	0	0	0	0
Q9H2J7-2	27	0	0	0	0	0	0	0	0	0
Q9H2J7-3	0	0	0	0	0	1	0	0	0	0
Q9H2X0-2	2	0	0	0	0	0	0	0	0	0
Q9H2X0-3	7	0	0	0	0	0	0	0	0	0
Q9H2X0-4	17	0	0	0	0	0	0	0	0	0
Q9H2X0-5	0	0	0	0	0	1	0	0	0	0
Q9H300-2	1	0	0	0	0	0	0	0	0	0
Q9H330-3	0	0	0	0	0	1	0	1	0	1
Q9H330-4	1	0	0	0	0	1	0	0	0	0
Q9H3D4-10	13	0	0	0	0	0	0	0	0	0
Q9H3D4-11	1	0	0	0	0	0	0	0	0	0
Q9H3D4-12	14	0	0	0	0	0	0	0	0	0
Q9H3D4-2	13	0	0	0	0	0	0	0	0	0
Q9H3D4-3	5	0	0	0	0	0	0	0	0	0
Q9H3D4-4	18	0	0	0	0	0	0	0	0	0
Q9H3D4-5	35	0	15	0	15	0	0	0	0	0
Q9H3D4-6	48	0	15	0	15	0	0	0	0	0
Q9H3D4-7	8	0	0	0	0	0	0	0	0	0
Q9H3D4-8	21	0	0	0	0	0	0	0	0	0
Q9H3D4-9	0	0	0	0	0	1	0	0	0	0
Q9H3E2-2	0	0	0	0	0	2	0	0	0	0
Q9H3H5-2	0	0	0	0	0	1	0	0	0	0
Q9H3H5-3	0	0	0	0	0	1	0	0	0	0
Q9H3M7-2	27	0	0	0	0	0	0	0	0	0
Q9H3S4-2	34	0	0	0	0	1	0	0	0	0
Q9H3U7-2	11	0	0	0	0	0	0	0	0	0
Q9H3Y8-2	4	0	0	0	0	0	0	0	0	0
Q9H488-2	13	0	0	0	0	0	0	0	0	0
Q9H490-2	0	0	0	0	0	1	0	0	0	0
Q9H497-2	22	0	0	0	0	0	0	0	0	0
Q9H497-3	0	0	0	0	0	1	0	0	0	0
Q9H4A5-2	0	0	0	0	0	1	0	0	0	0
Q9H4E5-2	0	0	0	0	0	1	0	0	0	0
Q9H4I3-2	0	0	0	0	0	1	0	0	0	0
Q9H4M3-2	98	0	0	44	44	0	0	0	0	0
Q9H4Y5-2	0	0	0	0	0	1	0	0	0	0
Q9H4Y5-3	0	0	0	0	0	1	0	0	0	0
Q9H5V9-2	0	0	0	0	0	1	0	0	0	0
Q9H5V9-3	0	0	0	0	0	1	0	0	0	0
Q9H5X1-2	6	0	0	0	0	0	0	0	0	0
Q9H633-2	23	0	0	0	0	0	0	0	0	0
Q9H633-3	22	0	0	0	0	0	0	0	0	0
Q9H633-4	8	0	0	0	0	0	0	0	0	0
Q9H6D7-2	0	0	0	0	0	1	0	0	0	0
Q9H6D7-3	0	0	0	0	0	1	0	0	0	0
Q9H6D7-4	0	0	0	0	0	1	0	0	0	0
Q9H6F5-2	0	0	0	0	0	1	0	0	0	0
Q9H6K1-2	0	0	0	0	0	1	0	0	0	0
Q9H6L2-2	67	0	0	0	0	0	0	0	0	0
Q9H6L2-3	0	0	0	0	0	1	0	0	0	0
Q9H6R6-2	0	0	0	0	0	1	0	0	0	0
Q9H6U8-2	0	0	0	0	0	1	0	0	0	0
Q9H6U8-3	7	0	0	0	0	0	0	0	0	0
Q9H6U8-4	7	0	0	0	0	1	0	0	0	0
Q9H6Y2-2	0	0	0	0	0	1	0	0	0	0
Q9H6Y7-2	0	0	0	0	0	1	0	0	0	0
Q9H788-2	14	0	0	0	0	0	0	0	0	0
Q9H7B4-2	4	0	0	0	0	0	0	0	0	0
Q9H7B4-3	0	0	0	0	0	1	0	0	0	0
Q9H7E9-2	13	0	0	0	0	0	0	0	0	0
Q9H7F0-2	38	0	0	0	0	1	0	0	0	0
Q9H7H0-2	0	0	0	0	0	1	0	0	0	0
Q9H7H0-3	53	0	0	0	0	0	0	0	0	0
Q9H825-2	0	0	0	0	0	1	0	0	0	0
Q9H857-2	76	0	0	0	0	0	0	0	0	0
Q9H857-3	76	0	0	0	0	1	0	0	1	1
Q9H857-4	0	0	0	0	0	1	0	0	0	0
Q9H875-2	63	0	0	0	0	1	0	0	0	0
Q9H898-2	0	0	0	0	0	1	0	0	0	0
Q9H8E8-2	0	0	0	0	0	1	0	0	0	0
Q9H8H0-2	10	0	0	0	0	0	0	0	0	0
Q9H8H2-2	39	0	0	0	0	0	0	0	0	0
Q9H8H2-3	14	0	0	0	0	0	0	0	0	0
Q9H8M2-1	33	0	0	0	0	0	0	0	0	0
Q9H8M2-2	0	0	0	0	0	1	0	0	0	0
Q9H8M2-3	13	0	0	0	0	0	0	0	0	0
Q9H8M2-4	36	0	0	0	0	0	0	0	0	0
Q9H8M2-6	96	0	0	0	0	0	0	0	0	0
Q9H8T0-2	1	0	0	0	0	0	0	0	0	0
Q9H902-2	7	0	0	0	0	0	0	0	0	0
Q9H902-3	17	0	0	0	0	0	0	0	0	0
Q9H902-4	73	0	0	0	0	0	0	0	0	0
Q9H910-2	0	0	0	0	0	1	0	0	0	0
Q9H910-3	28	0	0	0	0	0	0	0	0	0
Q9H944-2	7	0	0	0	0	0	0	0	0	0
Q9H981-2	0	0	0	0	0	1	0	0	0	0
Q9H981-3	5	0	0	0	0	1	0	0	0	0
Q9H9B1-2	50	0	0	0	0	0	0	0	0	0
Q9H9B1-3	1	0	0	0	0	0	0	0	0	0
Q9H9B1-4	11	0	0	0	0	0	0	0	0	0
Q9H9G7-2	0	0	0	0	0	1	0	0	0	0
Q9H9S3-2	22	0	0	0	0	0	0	0	0	0
Q9H9S3-3	0	0	0	0	0	1	0	0	0	0
Q9H9Y6-2	0	0	0	0	0	1	0	0	0	0
Q9H9Y6-3	38	0	0	0	0	0	0	0	0	0
Q9H9Y6-4	0	0	0	0	0	1	0	0	0	0
Q9H9Y6-5	13	0	0	0	0	0	0	0	0	0
Q9HA47-2	29	0	0	0	0	0	0	0	0	0
Q9HA47-3	0	0	0	0	0	1	0	0	0	0
Q9HA47-4	14	0	0	0	0	0	0	0	0	0
Q9HAJ7-2	0	0	0	0	0	1	0	0	0	0
Q9HAJ7-3	0	0	0	0	0	1	0	0	0	0
Q9HB40-2	2	0	0	0	0	0	0	0	0	0
Q9HB58-2	6	0	0	0	0	1	0	0	0	0
Q9HB58-3	16	0	0	0	0	0	0	0	0	0
Q9HB58-4	39	0	0	0	0	1	0	0	0	0
Q9HB58-5	18	0	0	0	0	0	0	0	0	0
Q9HB58-6	24	0	0	0	0	0	0	0	0	0
Q9HB58-7	22	0	0	0	0	0	0	0	0	0
Q9HB63-2	0	0	0	0	0	1	0	0	0	0
Q9HB63-3	0	0	0	0	0	1	0	0	0	0
Q9HBG6-10	2	0	0	0	0	1	0	0	0	0
Q9HBG6-11	1	0	0	0	0	0	0	0	0	0
Q9HBG6-3	1	0	0	0	0	0	0	0	0	0
Q9HBG6-4	2	0	0	0	0	1	0	0	0	0
Q9HBG6-5	51	0	0	0	0	0	0	0	0	0
Q9HBG6-6	53	0	0	0	0	0	0	0	0	0
Q9HBG6-7	1	0	0	0	0	1	0	0	0	0
Q9HBG6-8	0	0	0	0	0	1	0	0	0	0
Q9HBG6-9	7	0	0	0	0	1	0	0	0	0
Q9HBH0-2	12	0	0	0	0	0	0	0	0	0
Q9HBI0-2	2	0	0	0	0	0	0	0	0	0
Q9HBI0-3	1	0	0	0	0	0	0	0	0	0
Q9HBI0-4	89	0	0	0	0	0	0	0	0	0
Q9HBI0-5	22	0	0	0	0	0	0	0	0	0
Q9HBI1-2	69	0	0	0	0	0	0	0	0	0
Q9HBI1-3	0	0	0	0	0	1	0	0	0	0
Q9HBY8-1	60	0	0	0	0	0	0	0	0	0
Q9HBY8-3	26	0	0	0	0	0	0	0	0	0
Q9HC07-2	5	0	0	0	0	0	0	0	0	0
Q9HC21-2	0	0	0	0	0	1	0	0	0	0
Q9HC62-2	22	0	0	0	0	0	0	0	0	0
Q9HCC8-2	0	0	0	0	0	1	0	0	0	0
Q9HCC8-3	51	0	0	0	0	0	0	0	0	0
Q9HCE1-2	60	0	0	0	0	0	0	0	0	0
Q9HCE1-3	7	0	0	0	0	0	0	0	0	0
Q9HCE9-2	3	0	0	0	0	0	0	0	0	0
Q9HCF6-10	4	0	0	0	0	1	0	0	0	0
Q9HCF6-11	57	0	0	6	6	0	0	0	0	0
Q9HCF6-12	0	0	0	0	0	2	0	0	0	0
Q9HCF6-2	0	0	0	0	0	1	0	0	0	0
Q9HCF6-3	12	0	11	0	11	1	0	0	0	0
Q9HCF6-4	0	0	0	0	0	2	0	0	0	0
Q9HCF6-5	12	0	12	0	12	2	0	0	0	0
Q9HCF6-6	13	0	0	0	0	1	0	0	0	0
Q9HCF6-7	0	0	0	0	0	1	0	0	0	0
Q9HCF6-8	0	0	0	0	0	3	0	0	0	0
Q9HCJ1-2	0	0	0	0	0	1	0	0	0	0
Q9HCJ3-2	0	0	0	0	0	1	0	0	0	0
Q9HCP0-2	24	0	0	0	0	0	0	0	0	0
Q9HD40-2	9	0	0	0	0	0	0	0	0	0
Q9HD40-3	36	0	0	0	0	0	0	0	0	0
Q9NP58-4	0	0	0	0	0	1	0	0	0	0
Q9NP64-2	0	0	0	0	0	1	0	0	0	0
Q9NP64-3	13	0	0	0	0	0	0	0	0	0
Q9NP78-2	0	0	0	0	0	1	0	0	0	0
Q9NP78-3	12	0	0	0	0	0	0	0	0	0
Q9NP78-5	3	0	0	0	0	0	0	0	0	0
Q9NP78-7	0	0	0	0	0	1	0	0	0	0
Q9NPG3-2	0	0	0	0	0	1	0	0	0	0
Q9NPH0-2	11	0	0	0	0	0	0	0	0	0
Q9NPH3-2	6	0	0	0	0	0	0	0	0	0
Q9NPH3-3	39	0	0	0	0	0	0	0	0	0
Q9NPH3-5	215	0	43	0	43	0	0	0	0	0
Q9NPI1-2	1	0	0	0	0	0	0	0	0	0
Q9NQ55-2	0	0	0	0	0	1	0	0	0	0
Q9NQ55-3	73	0	0	0	0	0	0	0	0	0
Q9NQ90-2	2	0	0	0	0	0	0	0	0	0
Q9NQC1-2	0	0	0	0	0	1	0	0	0	0
Q9NQC1-3	42	0	0	0	0	0	0	0	0	0
Q9NQG6-2	38	0	0	0	0	0	0	0	0	0
Q9NQL2-2	0	0	0	0	0	1	0	0	0	0
Q9NQS3-2	10	0	0	0	0	0	0	0	0	0
Q9NQS3-3	167	0	0	0	0	0	0	0	0	0
Q9NQT5-2	3	0	0	0	0	0	0	0	0	0
Q9NQU5-2	0	0	0	0	0	1	0	0	0	0
Q9NQV6-1	10	0	0	0	0	0	0	0	0	0
Q9NQV6-2	10	0	0	0	0	2	0	0	0	0
Q9NQV6-4	13	0	0	0	0	1	0	0	0	0
Q9NQV6-5	23	0	0	0	0	0	0	0	0	0
Q9NQV6-6	87	0	0	0	0	1	0	0	0	0
Q9NQV6-7	13	0	0	0	0	0	0	0	0	0
Q9NR30-2	0	0	0	0	0	1	0	0	0	0
Q9NR96-2	0	0	0	0	0	1	0	0	0	0
Q9NR96-3	23	0	0	0	0	0	0	0	0	0
Q9NR96-4	24	0	6	0	6	0	0	0	0	0
Q9NR96-5	0	0	0	0	0	1	0	0	0	0
Q9NRA2-2	4	0	0	0	0	0	0	0	0	0
Q9NRC1-2	31	0	16	15	16	1	0	0	0	0
Q9NRC1-3	31	0	16	15	16	2	0	0	0	0
Q9NRC1-4	37	0	16	15	16	0	0	0	0	0
Q9NRC1-5	37	0	16	15	16	1	0	0	0	0
Q9NRC1-6	32	0	16	15	16	2	0	0	0	0
Q9NRC1-7	4	0	0	0	0	1	0	0	0	0
Q9NRD5-2	86	0	0	0	0	0	0	0	0	0
Q9NRG1-2	6	0	0	0	0	0	0	0	0	0
Q9NRG1-3	57	0	0	0	0	0	0	0	0	0
Q9NRH2-2	1	0	0	0	0	0	0	0	0	0
Q9NRJ4-2	3	0	0	0	0	1	0	0	0	0
Q9NRM6-2	32	0	0	0	0	0	0	0	0	0
Q9NRP0-2	27	0	0	0	0	0	0	0	0	0
Q9NRR6-2	0	0	0	0	0	1	0	0	0	0
Q9NRW4-2	36	0	0	0	0	0	0	0	0	0
Q9NRY2-2	2	0	0	0	0	0	0	0	0	0
Q9NRZ5-2	1	0	0	0	0	0	0	0	0	0
Q9NRZ7-2	0	0	0	0	0	1	0	0	0	0
Q9NRZ7-3	79	0	0	0	0	0	0	0	0	0
Q9NS85-2	0	0	0	0	0	1	0	0	0	0
Q9NSY2-3	27	0	0	0	0	0	0	0	0	0
Q9NTW7-2	31	0	0	0	0	0	0	0	0	0
Q9NTW7-3	5	0	0	0	0	0	0	0	0	0
Q9NTW7-4	320	0	0	0	0	0	0	0	0	0
Q9NTW7-5	319	0	0	0	0	0	0	0	0	0
Q9NTW7-6	319	0	0	0	0	1	0	0	0	0
Q9NUI1-2	93	0	0	0	0	0	0	0	0	0
Q9NUI1-3	0	0	0	0	0	1	0	0	0	0
Q9NUL5-4	0	0	0	0	0	1	0	0	0	0
Q9NUL5-2	11	0	0	0	0	0	0	0	0	0
Q9NUM3-2	0	0	0	0	0	1	0	0	0	0
Q9NUM3-3	1	0	0	0	0	0	0	0	0	0
Q9NUN5-3	0	0	0	0	0	1	0	0	0	0
Q9NUN5-2	25	0	0	0	0	0	0	0	0	0
Q9NUN5-4	25	0	0	0	0	1	0	0	0	0
Q9NUQ6-2	0	0	0	0	0	1	0	0	0	0
Q9NUQ6-3	30	0	0	0	0	0	0	0	0	0
Q9NUQ6-4	8	0	1	1	1	0	0	0	0	0
Q9NUT2-2	0	0	0	0	0	1	0	0	0	0
Q9NUT2-3	0	0	0	0	0	2	0	0	0	0
Q9NUT2-4	38	0	0	0	0	0	0	0	0	0
Q9NUT2-5	0	0	0	0	0	1	0	0	0	0
Q9NUW8-2	21	0	0	0	0	0	0	0	0	0
Q9NUY8-2	0	0	0	0	0	1	0	0	0	0
Q9NV06-2	6	0	0	0	0	0	0	0	0	0
Q9NV79-2	0	0	0	0	0	1	0	0	0	0
Q9NV79-3	8	0	0	0	0	0	0	0	0	0
Q9NV88-2	0	0	0	0	0	1	0	0	0	0
Q9NV88-3	0	0	0	0	0	1	0	0	0	0
Q9NVC6-2	3	0	0	0	0	0	0	0	0	0
Q9NVE5-2	12	0	0	0	0	1	0	0	0	0
Q9NVE5-3	12	0	0	0	0	0	0	0	0	0
Q9NVF7-2	7	0	0	0	0	0	0	0	0	0
Q9NVH2-2	0	0	0	0	0	1	0	0	0	0
Q9NVH2-3	0	0	0	0	0	1	0	0	0	0
Q9NVH2-4	0	0	0	0	0	1	0	0	0	0
Q9NVM4-2	0	0	0	0	0	2	0	0	0	0
Q9NVM4-3	0	0	0	0	0	1	0	0	0	0
Q9NVM4-4	35	0	0	0	0	0	0	0	0	0
Q9NVS2-2	74	0	0	0	0	0	0	0	0	0
Q9NVS2-3	1	0	0	0	0	0	0	0	0	0
Q9NVU0-2	0	0	0	0	0	1	0	0	0	0
Q9NVU0-3	32	0	0	0	0	0	0	0	0	0
Q9NVU0-4	0	0	0	0	0	1	0	0	0	0
Q9NVU0-5	0	0	0	0	0	1	0	0	0	0
Q9NVV4-2	174	0	0	0	0	0	0	0	0	0
Q9NVV5-1	19	0	0	0	0	0	0	0	0	0
Q9NVV5-3	0	0	0	0	0	1	0	0	0	0
Q9NVV5-4	0	0	0	0	0	1	0	0	1	1
Q9NVV5-5	3	0	0	0	0	0	0	0	0	0
Q9NVV5-6	1	0	0	0	0	0	0	0	0	0
Q9NVX7-2	16	0	0	0	0	0	0	0	0	0
Q9NW08-2	0	0	0	0	0	1	0	0	0	0
Q9NWM0-4	30	0	0	0	0	1	0	0	0	0
Q9NWM0-6	30	0	0	0	0	0	0	0	0	0
Q9NWM0-2	0	0	0	0	0	1	0	0	0	0
Q9NWM0-3	0	0	0	0	0	1	0	0	0	0
Q9NWM0-5	30	0	0	0	0	1	0	0	0	0
Q9NWS6-2	0	0	0	0	0	1	0	0	0	0
Q9NWU5-2	0	0	0	0	0	1	0	0	0	0
Q9NWU5-3	0	0	0	0	0	1	0	0	0	0
Q9NWW5-2	56	0	0	0	0	0	0	0	0	0
Q9NWX5-2	60	0	0	0	0	0	0	0	0	0
Q9NWZ5-2	104	0	0	0	0	0	0	0	0	0
Q9NWZ5-3	7	0	0	0	0	0	0	0	0	0
Q9NWZ5-4	19	0	0	0	0	0	0	0	0	0
Q9NX07-2	0	0	0	0	0	1	0	0	0	0
Q9NXE4-10	0	0	0	0	0	2	0	0	0	0
Q9NXE4-2	0	0	0	0	0	1	0	0	0	0
Q9NXE4-3	0	0	0	0	0	1	0	0	0	0
Q9NXE4-4	46	0	1	0	1	0	0	0	0	0
Q9NXE4-5	45	0	0	0	0	0	0	0	0	0
Q9NXE4-6	0	0	0	0	0	2	0	0	0	0
Q9NXE4-7	89	0	0	0	0	0	0	0	0	0
Q9NXE4-8	0	0	0	0	0	2	0	0	0	0
Q9NXE4-9	36	0	0	0	0	0	0	0	0	0
Q9NXE8-2	0	0	0	0	0	1	0	0	0	0
Q9NXF1-2	3	0	0	0	0	1	0	0	0	0
Q9NXJ5-2	0	0	0	0	0	1	0	0	0	0
Q9NXL6-2	5	0	0	5	5	0	0	0	0	0
Q9NXN4-2	11	0	0	0	0	0	0	0	0	0
Q9NY97-2	6	0	0	0	0	0	0	0	0	0
Q9NYB5-2	0	0	0	0	0	1	0	0	0	0
Q9NYB5-3	91	0	0	0	0	0	0	0	0	0
Q9NYB5-4	91	0	0	0	0	1	0	0	0	0
Q9NYF0-2	0	0	0	0	0	1	0	0	0	0
Q9NYG2-2	29	0	0	0	0	0	0	0	0	0
Q9NYJ1-2	9	0	0	0	0	0	0	0	0	0
Q9NYJ8-2	2	0	0	0	0	0	0	0	0	0
Q9NYL2-2	115	0	0	32	32	0	0	0	0	0
Q9NYL2-3	22	0	0	0	0	0	0	0	0	0
Q9NYN1-2	22	0	0	0	0	0	0	0	0	0
Q9NYN1-3	0	0	0	0	0	1	0	0	0	0
Q9NYP7-2	27	0	0	0	0	0	0	0	0	0
Q9NYP7-3	63	0	0	0	0	0	0	0	0	0
Q9NYU1-2	1	0	0	0	0	0	0	0	0	0
Q9NYV4-2	0	0	0	0	0	1	0	0	0	0
Q9NYV4-3	64	0	0	0	0	1	0	0	0	0
Q9NYV6-2	16	0	0	0	0	0	0	0	0	0
Q9NYV6-3	0	0	0	0	0	1	0	0	0	0
Q9NYV6-4	0	0	0	0	0	2	0	0	0	0
Q9NYY8-2	15	0	0	0	0	0	0	0	0	0
Q9NYZ4-2	1	0	0	0	0	0	0	0	0	0
Q9NYZ4-3	16	0	0	0	0	0	0	0	0	0
Q9NZJ7-2	0	0	0	0	0	1	0	0	0	0
Q9NZJ7-3	0	0	0	0	0	2	0	0	0	0
Q9NZK5-2	6	0	0	0	0	1	0	0	0	0
Q9NZL6-2	43	0	11	0	11	0	0	0	0	0
Q9NZQ0-2	6	0	0	0	0	0	0	0	0	0
Q9NZQ0-3	1	0	0	0	0	0	0	0	0	0
Q9NZQ7-4	17	0	0	0	0	0	0	0	0	0
Q9NZQ7-2	0	0	0	0	0	1	0	0	0	0
Q9NZQ7-3	1	0	0	0	0	0	0	0	0	0
Q9P0N9-2	0	0	0	0	0	1	0	0	0	0
Q9P0N9-3	13	0	0	0	0	0	0	0	0	0
Q9P0N9-4	0	0	0	0	0	1	0	0	0	0
Q9P0X4-2	7	0	0	0	0	0	0	0	0	0
Q9P0X4-3	8	0	0	0	0	0	0	0	0	0
Q9P0X4-4	1	0	0	0	0	0	0	0	0	0
Q9P107-2	0	0	0	0	0	1	0	0	0	0
Q9P1Q0-4	0	0	0	0	0	1	0	0	0	0
Q9P1Q0-2	3	0	0	0	0	0	0	0	0	0
Q9P1Q0-3	8	0	0	0	0	1	0	0	0	0
Q9P1Q0-5	0	0	0	0	0	1	0	0	0	0
Q9P202-2	55	0	0	0	0	0	0	0	0	0
Q9P202-3	0	0	0	0	0	1	0	0	0	0
Q9P202-4	25	0	0	0	0	0	0	0	0	0
Q9P2B7-2	10	0	0	0	0	0	0	0	0	0
Q9P2D8-2	0	0	0	0	0	1	0	0	0	0
Q9P2D8-3	23	0	0	0	0	0	0	0	0	0
Q9P2F6-2	7	0	0	0	0	0	0	0	0	0
Q9P2F6-3	9	0	0	0	0	0	0	0	0	0
Q9P2F6-4	0	0	0	0	0	1	0	0	0	0
Q9P2H3-2	0	0	0	0	0	1	0	0	0	0
Q9P2H3-3	314	0	66	52	103	0	0	0	0	0
Q9P2N6-3	0	0	0	0	0	1	0	0	0	0
Q9P2N6-4	0	0	0	0	0	2	0	0	0	0
Q9P2N6-5	0	0	0	0	0	3	0	0	0	0
Q9P2N6-6	16	0	0	7	7	2	0	0	0	0
Q9P2N6-7	7	0	0	0	0	1	0	0	0	0
Q9P2N6-8	7	0	0	0	0	2	0	0	0	0
Q9P2N7-2	0	0	0	0	0	1	0	0	0	0
Q9P2N7-3	16	0	0	0	0	0	0	0	0	0
Q9P2N7-4	26	0	0	0	0	0	0	0	0	0
Q9P2N7-5	35	0	9	0	9	0	0	0	0	0
Q9P2S2-2	1	0	0	0	0	3	0	0	0	0
Q9P2W7-2	13	0	0	0	0	0	0	0	0	0
Q9UBD5-2	1	0	0	0	0	0	0	0	0	0
Q9UBD5-3	0	0	0	0	0	1	0	0	0	0
Q9UBK7-2	1	0	1	1	1	0	0	0	0	0
Q9UBK7-3	10	0	0	0	0	0	0	0	0	0
Q9UBK9-2	12	0	0	0	0	0	0	0	0	0
Q9UBP6-2	58	0	0	0	0	0	0	0	0	0
Q9UBU9-2	15	0	0	0	0	0	0	0	0	0
Q9UBX3-2	9	0	0	0	0	0	0	0	0	0
Q9UDY8-2	0	0	0	0	0	1	0	0	0	0
Q9UER7-2	15	0	0	0	0	0	0	0	0	0
Q9UER7-3	0	0	0	0	0	1	0	0	0	0
Q9UER7-4	33	0	0	0	0	1	0	0	0	0
Q9UER7-5	35	0	0	0	0	0	0	0	0	0
Q9UF33-2	31	0	0	0	0	0	0	0	0	0
Q9UF33-3	95	0	0	0	0	0	0	0	0	0
Q9UF56-2	56	0	0	0	0	1	0	0	0	0
Q9UF56-3	0	0	0	0	0	1	0	0	0	0
Q9UFB7-2	0	0	0	0	0	1	0	0	0	0
Q9UGI6-2	4	0	0	0	0	0	0	0	0	0
Q9UGI6-3	0	0	0	0	0	1	0	0	0	0
Q9UGN5-2	0	0	0	0	0	1	0	0	0	0
Q9UH77-2	0	0	0	0	0	1	0	0	0	0
Q9UH77-3	0	0	0	0	0	1	0	0	0	0
Q9UH92-3	0	0	0	0	0	1	0	0	0	0
Q9UH92-2	0	0	0	0	0	2	0	0	0	0
Q9UHB4-2	9	0	0	0	0	0	0	0	0	0
Q9UHB4-3	13	0	0	0	0	1	0	0	0	0
Q9UHB4-4	0	0	0	0	0	1	0	0	0	0
Q9UHB7-2	21	0	0	0	0	0	0	0	0	0
Q9UHB7-3	3	0	0	0	0	0	0	0	0	0
Q9UHF7-2	13	0	0	0	0	0	0	0	0	0
Q9UHF7-3	4	0	0	0	0	0	0	0	0	0
Q9UHH9-2	26	0	0	0	0	0	0	0	0	0
Q9UHH9-3	1	0	0	0	0	0	0	0	0	0
Q9UHH9-4	111	0	0	0	0	0	0	0	0	0
Q9UHH9-5	114	0	0	0	0	0	0	0	0	0
Q9UHH9-6	10	0	0	0	0	0	0	0	0	0
Q9UHI5-2	0	0	0	0	0	1	0	0	0	0
Q9UHI5-3	35	0	0	0	0	0	0	0	0	0
Q9UHI5-4	63	0	0	0	0	0	0	0	0	0
Q9UHI6-2	3	0	0	0	0	1	0	0	0	0
Q9UHN6-2	0	0	0	0	0	1	0	0	0	0
Q9UHQ1-2	46	0	0	0	0	0	0	0	0	0
Q9UHQ1-3	0	0	0	0	0	1	0	0	0	0
Q9UHQ1-4	0	0	0	0	0	1	0	0	0	0
Q9UHV5-2	0	0	0	0	0	1	0	0	0	0
Q9UHV5-3	19	0	0	0	0	0	0	0	0	0
Q9UI17-2	41	0	0	0	0	0	0	0	0	0
Q9UI46-2	66	0	0	0	0	0	0	0	0	0
Q9UIB8-2	0	0	0	0	0	1	0	0	0	0
Q9UIB8-3	1	0	0	0	0	0	0	0	0	0
Q9UIB8-4	16	0	0	0	0	0	0	0	0	0
Q9UIB8-5	18	0	0	0	0	0	0	0	0	0
Q9UIB8-6	25	0	0	0	0	0	0	0	0	0
Q9UIB8-7	2	0	0	0	0	0	0	0	0	0
Q9UIG8-2	26	0	16	0	16	0	0	0	0	0
Q9UIG8-3	1	0	0	0	0	1	0	0	0	0
Q9UIG8-4	0	0	0	0	0	1	0	0	0	0
Q9UIK4-2	196	0	0	0	0	0	0	0	0	0
Q9UIY3-2	11	0	0	0	0	0	0	0	0	0
Q9UJ83-2	0	0	0	0	0	1	0	0	0	0
Q9UJ83-3	0	0	0	0	0	1	0	0	0	0
Q9UJ83-4	0	0	0	0	0	2	0	0	0	0
Q9UJD0-2	27	0	0	0	0	0	0	0	0	0
Q9UJG1-2	0	0	0	0	0	1	0	0	0	0
Q9UJG1-3	2	0	0	0	0	0	0	0	0	0
Q9UJT9-2	0	0	0	0	0	1	0	0	0	0
Q9UJV8-2	31	0	0	0	0	0	0	0	0	0
Q9UJX3-2	1	0	0	0	0	0	0	0	0	0
Q9UJX4-2	32	0	0	0	0	0	0	0	0	0
Q9UJX4-3	0	0	0	0	0	2	0	0	0	0
Q9UJX5-2	10	0	0	0	0	0	0	0	0	0
Q9UJX5-3	1	0	0	0	0	0	0	0	0	0
Q9UK58-4	7	0	0	0	0	0	0	0	0	0
Q9UK58-5	10	0	0	0	0	0	0	0	0	0
Q9UK58-6	15	0	0	0	0	0	0	0	0	0
Q9UK99-2	2	0	0	0	0	0	0	0	0	0
Q9UK99-3	2	0	0	0	0	1	0	0	0	0
Q9UKA8-2	0	0	0	0	0	1	0	0	0	0
Q9UKA8-3	50	0	0	0	0	0	0	0	0	0
Q9UKA8-4	45	0	0	0	0	0	0	0	0	0
Q9UKA8-5	0	0	0	0	0	1	0	0	0	0
Q9UKA8-6	0	0	0	0	0	1	0	0	0	0
Q9UKB1-2	0	0	0	0	0	1	0	0	0	0
Q9UKB1-3	20	0	0	0	0	0	0	0	0	0
Q9UKC9-2	0	0	0	0	0	1	0	0	0	0
Q9UKG9-2	4	0	0	0	0	0	0	0	0	0
Q9UKG9-3	28	0	0	0	0	0	0	0	0	0
Q9UKI8-2	21	0	0	0	0	0	0	0	0	0
Q9UKI8-3	0	0	0	0	0	1	0	0	0	0
Q9UKI8-4	13	0	0	0	0	0	0	0	0	0
Q9UKI8-5	0	0	0	0	0	1	0	0	0	0
Q9UKT5-2	8	0	0	0	0	0	0	0	0	0
Q9UKT8-2	0	0	0	0	0	1	0	0	0	0
Q9UKU9-2	0	0	0	0	0	1	0	0	0	0
Q9UL03-2	2	0	0	0	0	0	0	0	0	0
Q9UL03-3	0	0	0	0	0	1	0	0	0	0
Q9UL12-2	0	0	0	0	0	1	0	0	0	0
Q9UL63-2	0	0	0	0	0	1	0	0	0	0
Q9ULC0-2	0	0	0	0	0	1	0	0	0	0
Q9ULC0-3	1	0	0	0	0	0	0	0	0	0
Q9ULC4-2	9	0	8	0	8	0	0	0	0	0
Q9ULC4-3	4	0	0	0	0	0	0	0	0	0
Q9ULC5-3	56	0	0	0	0	0	0	0	0	0
Q9ULC5-4	0	0	0	0	0	1	0	0	0	0
Q9ULI3-2	27	0	0	0	0	0	0	0	0	0
Q9ULJ3-2	0	0	0	0	0	1	0	0	0	0
Q9ULJ6-3	0	0	0	0	0	1	0	0	0	0
Q9ULJ7-2	0	0	0	0	0	1	0	0	0	0
Q9ULK4-2	14	0	0	0	0	0	0	0	0	0
Q9ULK4-3	6	0	0	0	0	1	0	0	0	0
Q9ULK4-5	4	0	0	0	0	0	0	0	0	0
Q9ULK4-6	19	0	0	0	0	0	0	0	0	0
Q9ULK6-2	0	0	0	0	0	1	0	0	0	0
Q9ULK6-3	4	0	0	0	0	0	0	0	0	0
Q9ULK6-4	19	0	0	0	0	0	0	0	0	0
Q9ULL8-2	0	0	0	0	0	1	0	0	0	0
Q9ULQ1-2	47	0	0	0	0	1	0	0	0	0
Q9ULQ1-3	72	0	0	0	0	0	0	0	0	0
Q9ULV0-2	0	0	0	0	0	2	0	0	0	0
Q9ULV0-3	0	0	0	0	0	1	0	0	0	0
Q9ULV3-2	0	0	0	0	0	2	0	0	0	0
Q9ULV3-3	0	0	0	0	0	2	0	0	0	0
Q9ULV3-4	0	0	0	0	0	1	0	0	0	0
Q9ULV3-5	0	0	0	0	0	1	0	0	0	0
Q9ULW5-2	0	0	0	0	0	1	0	0	0	0
Q9ULW6-2	0	0	0	0	0	1	0	0	0	0
Q9ULX5-2	1	0	0	0	0	0	0	0	0	0
Q9UM00-1	0	0	0	0	0	1	0	0	0	0
Q9UM00-2	0	0	0	0	0	1	0	0	0	0
Q9UM21-2	29	0	0	0	0	0	0	0	0	0
Q9UMX1-2	1	0	0	0	0	0	0	0	0	0
Q9UMX1-3	46	0	0	0	0	0	0	0	0	0
Q9UMX3-2	0	0	0	0	0	1	0	0	0	0
Q9UMY1-2	6	0	0	0	0	0	0	0	0	0
Q9UN74-2	3	0	0	0	0	0	0	0	0	0
Q9UNE2-2	0	0	0	0	0	1	0	0	0	0
Q9UNL2-2	13	0	0	0	0	0	0	0	0	0
Q9UNP4-3	4	0	0	0	0	0	0	0	0	0
Q9UNP4-2	0	0	0	0	0	1	0	0	0	0
Q9UNQ0-2	62	0	0	0	0	0	0	0	0	0
Q9UNT1-2	1	0	0	0	0	0	0	0	0	0
Q9UNT1-3	10	0	0	0	0	0	0	0	0	0
Q9UNW1-2	31	0	0	0	0	0	0	0	0	0
Q9UNW1-3	6	0	0	0	0	0	0	0	0	0
Q9UNW1-4	11	0	0	0	0	0	0	0	0	0
Q9UNY4-2	33	0	0	0	0	0	0	0	0	0
Q9UPI3-2	17	0	0	0	0	0	0	0	0	0
Q9UPM8-2	0	0	0	0	0	1	0	0	0	0
Q9UPM9-2	18	0	0	0	0	0	0	0	0	0
Q9UPT9-2	44	0	0	0	0	0	0	0	0	0
Q9UPY3-2	38	0	0	0	0	0	0	0	0	0
Q9UPY3-3	9	0	0	0	0	1	0	0	0	0
Q9Y221-2	0	0	0	0	0	1	0	0	0	0
Q9Y232-2	7	0	7	0	7	0	0	0	0	0
Q9Y232-3	0	0	0	0	0	1	0	0	0	0
Q9Y232-4	0	0	0	0	0	1	0	0	0	0
Q9Y241-2	14	0	0	0	0	0	0	0	0	0
Q9Y279-3	1	0	0	0	0	0	0	0	0	0
Q9Y297-2	0	0	0	0	0	1	0	0	0	0
Q9Y2B2-2	17	0	0	0	0	0	0	0	0	0
Q9Y2D2-2	42	0	0	0	0	0	0	0	0	0
Q9Y2D2-3	9	0	0	0	0	0	0	0	0	0
Q9Y2G2-1	24	0	0	0	0	1	0	0	0	0
Q9Y2G2-2	28	0	0	0	0	1	0	0	0	0
Q9Y2G2-3	4	0	0	0	0	0	0	0	0	0
Q9Y2G2-4	0	0	0	0	0	1	0	0	0	0
Q9Y2G2-7	5	0	0	0	0	0	0	0	0	0
Q9Y2G5-1	42	0	0	0	0	0	0	0	0	0
Q9Y2G5-2	2	0	0	0	0	0	0	0	0	0
Q9Y2G8-2	0	0	0	0	0	1	0	0	0	0
Q9Y2K7-2	0	0	0	0	0	1	0	0	0	0
Q9Y2K7-3	6	0	0	0	0	0	0	0	0	0
Q9Y2K7-4	0	0	0	0	0	1	0	0	0	0
Q9Y2K7-5	49	0	0	0	0	1	0	0	0	0
Q9Y2L6-2	0	0	0	0	0	1	0	0	0	0
Q9Y2M5-2	9	0	0	0	0	0	0	0	0	0
Q9Y2P8-2	8	0	0	0	0	0	0	0	0	0
Q9Y2X0-2	12	0	0	0	0	0	0	0	0	0
Q9Y2X0-3	32	0	0	0	0	0	0	0	0	0
Q9Y2X0-4	103	0	0	0	0	0	0	0	0	0
Q9Y2X0-5	21	0	0	0	0	1	0	0	0	0
Q9Y2X9-2	0	0	0	0	0	1	0	0	0	0
Q9Y2Z2-2	0	0	0	0	0	2	0	0	1	1
Q9Y2Z2-4	0	0	0	0	0	1	0	0	1	1
Q9Y2Z2-5	0	0	0	0	0	1	0	0	0	0
Q9Y2Z2-6	40	0	0	0	0	1	0	0	1	1
Q9Y320-2	1	0	0	0	0	0	0	0	0	0
Q9Y3A2-2	3	0	0	0	0	0	0	0	0	0
Q9Y3C1-2	105	0	0	0	0	0	0	0	0	0
Q9Y3C1-3	101	0	0	0	0	0	0	0	0	0
Q9Y3D3-2	27	0	0	0	0	1	0	0	0	0
Q9Y463-2	0	0	0	0	0	1	0	0	0	0
Q9Y463-3	0	0	0	0	0	1	0	0	0	0
Q9Y467-3	85	0	0	0	0	0	0	0	0	0
Q9Y4A5-2	1	0	0	0	0	1	0	0	0	0
Q9Y4F3-3	0	0	0	0	0	1	0	0	0	0
Q9Y4F3-4	0	0	0	0	0	1	0	0	0	0
Q9Y4F3-5	1	0	0	0	0	1	0	0	0	0
Q9Y4F3-6	7	0	0	0	0	0	0	0	0	0
Q9Y4F4-2	6	0	4	0	4	0	0	0	0	0
Q9Y4F4-3	23	0	0	0	0	0	0	0	0	0
Q9Y535-2	0	0	0	0	0	1	0	0	0	0
Q9Y548-2	0	0	0	0	0	1	0	0	0	0
Q9Y573-2	31	0	0	0	0	0	0	0	0	0
Q9Y575-3	38	0	0	0	0	0	0	0	0	0
Q9Y575-2	0	0	0	0	0	1	0	0	0	0
Q9Y587-2	57	0	0	0	0	0	0	0	0	0
Q9Y587-3	37	0	0	0	0	0	0	0	0	0
Q9Y587-4	47	0	0	0	0	0	0	0	0	0
Q9Y5B6-2	37	0	0	0	0	0	0	0	0	0
Q9Y5B6-3	5	0	0	0	0	0	0	0	0	0
Q9Y5B6-4	9	0	0	0	0	0	0	0	0	0
Q9Y5G0-2	19	0	0	0	0	0	0	0	0	0
Q9Y5G3-2	7	0	0	0	0	0	0	0	0	0
Q9Y5G7-2	10	0	0	0	0	0	0	0	0	0
Q9Y5I2-2	0	0	0	0	0	1	0	0	0	0
Q9Y5I2-3	48	0	0	0	0	0	0	0	0	0
Q9Y5L0-1	34	0	0	0	0	0	0	0	0	0
Q9Y5L0-3	6	0	0	0	0	0	0	0	0	0
Q9Y5L0-5	0	0	0	0	0	1	0	0	0	0
Q9Y5N1-2	8	0	0	0	0	0	0	0	0	0
Q9Y5N1-3	0	0	0	0	0	1	0	0	0	0
Q9Y5N1-4	0	0	0	0	0	1	0	0	0	0
Q9Y5N1-5	0	0	0	0	0	1	0	0	0	0
Q9Y5N1-6	0	0	0	0	0	1	0	0	0	0
Q9Y5N1-7	0	0	0	0	0	1	0	0	0	0
Q9Y5Q9-2	7	0	0	0	0	0	0	0	0	0
Q9Y5W7-2	0	0	0	0	0	2	0	1	1	1
Q9Y5W7-3	0	0	0	0	0	1	0	0	0	0
Q9Y5W7-4	0	0	0	0	0	1	0	0	0	0
Q9Y5W8-2	0	0	0	0	0	1	0	0	0	0
Q9Y5Y5-2	29	0	0	0	0	0	0	0	0	0
Q9Y5Z7-2	2	0	0	0	0	0	0	0	0	0
Q9Y624-2	0	0	0	0	0	1	0	0	0	0
Q9Y673-2	0	0	0	0	0	1	0	0	0	0
Q9Y689-2	0	0	0	0	0	1	0	0	0	0
Q9Y6A1-2	0	0	0	0	0	1	0	0	0	0
Q9Y6A1-3	0	0	0	0	0	2	0	0	0	0
Q9Y6A1-4	0	0	0	0	0	2	0	0	0	0
Q9Y6B7-2	20	0	0	0	0	1	0	0	0	0
Q9Y6I4-2	1	0	0	0	0	0	0	0	0	0
Q9Y6K1-2	23	0	0	0	0	0	0	0	0	0
Q9Y6K1-3	9	0	0	0	0	1	0	0	0	0
Q9Y6M4-2	9	0	0	9	9	0	0	0	0	0
Q9Y6M4-3	9	0	0	9	9	1	0	0	1	1
Q9Y6M4-4	10	0	0	9	9	1	0	0	1	1
Q9Y6M4-5	9	0	0	9	9	2	0	0	1	1
Q9Y6M4-6	10	0	0	9	9	2	0	0	1	1
Q9Y6M7-6	50	0	15	15	15	1	0	0	0	0
Q9Y6M7-10	16	0	0	0	0	1	0	0	0	0
Q9Y6M7-11	16	0	0	0	0	1	0	0	0	0
Q9Y6M7-12	14	0	0	0	0	1	0	0	0	0
Q9Y6M7-13	54	0	15	15	15	1	0	0	0	0
Q9Y6M7-14	20	0	0	0	0	1	0	0	0	0
Q9Y6M7-2	0	0	0	0	0	1	0	0	0	0
Q9Y6M7-3	60	0	0	0	0	2	0	0	0	0
Q9Y6M7-4	24	0	0	0	0	2	0	0	0	0
Q9Y6M7-5	45	0	15	15	15	0	0	0	0	0
Q9Y6M7-7	54	0	15	15	15	0	0	0	0	0
Q9Y6M7-8	54	0	15	15	15	1	0	0	0	0
Q9Y6M7-9	14	0	0	0	0	1	0	0	0	0
Q9Y6R4-2	0	0	0	0	0	1	0	0	0	0
Q9Y6V7-2	47	0	0	0	0	1	0	0	0	0
Q9Y6W5-2	7	0	0	0	0	0	0	0	0	0
Q9Y6X3-2	0	0	0	0	0	2	0	0	0	0
Q9Y6X3-3	8	0	0	0	0	1	0	0	0	0
A1KXE4-2	46	0	0	0	0	0	0	0	0	0
O00187-2	4	0	0	0	0	0	0	0	0	0
O14646-2	0	0	0	0	0	1	0	0	0	0
O14958-2	1	0	0	0	0	0	0	0	0	0
O15381-5	0	0	0	0	0	1	0	0	0	0
O15381-2	0	0	0	0	0	1	0	0	0	0
O15381-3	0	0	0	0	0	2	0	0	0	0
O15381-4	27	0	0	0	0	1	0	0	0	0
O15534-4	63	0	0	0	0	0	0	0	0	0
O43306-2	0	0	0	0	0	1	0	0	0	0
O43929-2	0	0	0	0	0	1	0	0	0	0
O43929-3	0	0	0	0	0	1	0	0	0	0
O60320-2	0	0	0	0	0	1	0	0	0	0
O75925-2	8	0	0	0	0	0	0	0	0	0
O75925-3	10	0	0	0	0	0	0	0	0	0
O94956-3	0	0	0	0	0	1	0	0	0	0
O94956-2	0	0	0	0	0	2	0	0	0	0
O94956-4	0	0	0	0	0	1	0	0	0	0
O95273-2	2	0	0	0	0	0	0	0	0	0
O95273-3	0	0	0	0	0	1	0	0	0	0
O95273-4	25	0	0	0	0	1	0	0	0	0
P08514-2	0	0	0	0	0	1	0	0	0	0
P08514-3	44	0	0	0	0	0	0	0	0	0
P12107-2	51	0	0	0	0	0	0	0	0	0
P12107-3	0	0	0	0	0	1	0	0	0	0
P12107-4	0	0	0	0	0	1	0	0	0	0
P14151-2	13	0	0	0	0	0	0	0	0	0
P21128-2	0	0	0	0	0	1	0	0	0	0
P21128-3	1	0	0	0	0	0	0	0	0	0
P22460-2	0	0	0	0	0	1	0	0	0	0
P22735-2	0	0	0	0	0	1	0	0	0	0
P29508-2	0	0	0	0	0	1	0	0	0	0
P30793-2	4	0	0	0	0	0	0	0	0	0
P30793-4	24	0	0	0	0	0	0	0	0	0
P48061-3	30	0	0	0	0	0	0	0	0	0
P48061-4	52	0	0	7	7	0	0	0	0	0
P48061-5	2	0	0	0	0	0	0	0	0	0
P48061-6	11	0	0	0	0	0	0	0	0	0
P48061-7	65	0	0	0	0	0	0	0	0	0
P48740-2	244	0	0	4	4	0	0	0	0	0
P48740-3	14	0	0	0	0	0	0	0	0	0
P48740-4	244	0	0	4	4	1	0	0	0	0
P63267-2	0	0	0	0	0	1	0	0	0	0
P78380-2	36	0	0	0	0	0	0	0	0	0
P78380-3	1	0	0	0	0	0	0	0	0	0
P78539-2	38	0	0	0	0	0	0	0	0	0
P78539-3	1	0	0	0	0	0	0	0	0	0
P78539-4	13	0	0	0	0	0	0	0	0	0
P78539-5	0	0	0	0	0	1	0	0	0	0
Q02985-2	0	0	0	0	0	1	0	0	0	0
Q06190-2	35	0	0	0	0	0	0	0	0	0
Q06190-3	0	0	0	0	0	1	0	0	0	0
Q13595-2	1	0	0	0	0	1	0	0	0	0
Q13595-3	0	0	0	0	0	1	0	0	0	0
Q13595-4	0	0	0	0	0	2	0	0	0	0
Q13946-2	19	0	0	0	0	0	0	0	0	0
Q13946-3	6	0	0	0	0	0	0	0	0	0
Q14511-2	14	0	0	0	0	0	0	0	0	0
Q14511-3	3	0	0	0	0	0	0	0	0	0
Q15011-2	0	0	0	0	0	1	0	0	0	0
Q15011-3	0	0	0	0	0	2	0	0	0	0
Q15011-4	0	0	0	0	0	1	0	0	0	0
Q15038-2	27	0	0	0	0	0	0	0	0	0
Q15038-3	0	0	0	0	0	1	0	0	0	0
Q15038-4	0	0	0	0	0	1	0	0	0	0
Q15038-5	107	0	0	0	0	0	0	0	0	0
Q15038-6	0	0	0	0	0	1	0	0	0	0
Q15043-2	34	0	0	0	0	0	0	0	0	0
Q15043-3	31	0	0	0	0	0	0	0	0	0
Q15532-2	0	0	0	0	0	1	0	0	0	0
Q15649-2	50	0	0	0	0	0	0	0	0	0
Q16342-2	8	0	1	0	1	1	0	0	0	0
Q16342-3	0	0	0	0	0	1	0	0	0	0
Q16342-4	8	0	1	0	1	0	0	0	0	0
Q16342-5	1	0	0	0	0	1	0	0	0	0
Q16584-2	0	0	0	0	0	1	0	0	0	0
Q3B7J2-2	0	0	0	0	0	1	0	0	0	0
Q3B7J2-3	21	0	0	0	0	0	0	0	0	0
Q3LIE5-3	4	0	0	0	0	0	0	0	0	0
Q58A45-3	0	0	0	0	0	1	0	0	0	0
Q58A45-2	16	0	0	0	0	0	0	0	0	0
Q58A45-4	4	0	0	0	0	0	0	0	0	0
Q5BKY9-2	0	0	0	0	0	1	0	0	0	0
Q5HYJ3-3	3	0	0	0	0	0	0	0	0	0
Q5HYJ3-2	3	0	0	0	0	0	0	0	0	0
Q658P3-2	10	0	0	0	0	0	0	0	0	0
Q658P3-3	0	0	0	0	0	1	0	0	0	0
Q658P3-4	59	0	0	0	0	1	0	0	0	0
Q6MZZ7-2	7	0	0	0	0	0	0	0	0	0
Q6P179-2	8	0	0	0	0	0	0	0	0	0
Q6P179-3	0	0	0	0	0	1	0	0	0	0
Q6P179-4	24	0	0	0	0	0	0	0	0	0
Q6P1X6-2	56	0	0	0	0	0	0	0	0	0
Q6PJF5-2	0	0	0	0	0	1	0	1	1	1
Q6ZMT9-2	2	0	0	0	0	0	0	0	0	0
Q6ZNL6-2	0	0	0	0	0	1	0	0	0	0
Q6ZUT6-2	4	0	0	0	0	0	0	0	0	0
Q6ZUT6-3	79	0	0	0	0	0	0	0	0	0
Q6ZUT6-4	46	0	0	0	0	0	0	0	0	0
Q6ZV70-2	21	0	0	0	0	0	0	0	0	0
Q6ZWJ1-2	7	0	0	0	0	1	0	0	0	0
Q7L5Y1-2	20	0	0	0	0	0	0	0	0	0
Q7L5Y1-3	49	0	0	0	0	0	0	0	0	0
Q7L5Y1-4	43	0	0	0	0	1	0	0	0	0
Q7L5Y1-5	67	0	0	0	0	1	0	0	0	0
Q7L5Y1-6	0	0	0	0	0	1	0	0	0	0
Q7L5Y1-7	0	0	0	0	0	1	0	0	0	0
Q7L8W6-2	54	0	0	0	0	0	0	0	0	0
Q7Z304-2	0	0	0	0	0	1	0	0	0	0
Q7Z7A1-2	0	0	0	0	0	1	0	0	0	0
Q7Z7A1-3	0	0	0	0	0	1	0	0	0	0
Q7Z7A1-4	0	0	0	0	0	2	0	0	0	0
Q7Z7A1-5	0	0	0	0	0	1	0	0	0	0
Q86XR8-3	1	0	0	0	0	0	0	0	0	0
Q86XR8-2	0	0	0	0	0	1	0	0	0	0
Q86XR8-4	5	0	0	0	0	0	0	0	0	0
Q86XR8-5	5	0	0	0	0	0	0	0	0	0
Q86YB8-2	0	0	0	0	0	1	0	0	0	0
Q8N2G4-2	23	0	0	0	0	0	0	0	0	0
Q8N2G4-3	20	0	0	0	0	0	0	0	0	0
Q8N2G4-4	0	0	0	0	0	1	0	0	0	0
Q8N3Y7-2	0	0	0	0	0	1	0	0	0	0
Q8NDC4-2	79	0	0	0	0	0	0	0	0	0
Q8NE00-2	68	0	0	0	0	0	0	0	0	0
Q8NEQ5-2	0	0	0	0	0	1	0	0	0	0
Q8NES3-2	14	0	0	0	0	0	0	0	0	0
Q8NES3-3	3	0	0	0	0	0	0	0	0	0
Q8NES3-4	68	0	0	0	0	0	0	0	0	0
Q8NHM5-2	30	0	0	0	0	0	0	0	0	0
Q8NHM5-3	3	0	0	0	0	0	0	0	0	0
Q8NHM5-4	22	0	0	0	0	1	0	0	0	0
Q8NHM5-5	23	0	0	0	0	1	0	0	0	0
Q8TAP4-4	18	0	0	0	0	0	0	0	0	0
Q8TAP4-2	42	0	0	0	0	0	0	0	0	0
Q8TAP4-3	11	0	0	0	0	0	0	0	0	0
Q8TB40-2	19	0	0	0	0	0	0	0	0	0
Q8TDD1-2	1	0	0	0	0	0	0	0	0	0
Q8WVN8-2	19	0	0	0	0	0	0	0	0	0
Q8WVN8-3	43	0	0	0	0	0	0	0	0	0
Q8WVN8-4	0	0	0	0	0	1	0	0	0	0
Q92567-2	0	0	0	0	0	1	0	0	0	0
Q92567-3	1	0	0	0	0	1	0	0	0	0
Q92759-2	1	0	0	0	0	1	0	0	0	0
Q96A83-2	0	0	0	0	0	1	0	0	0	0
Q96F15-2	53	0	0	0	0	0	0	0	0	0
Q96GX1-2	0	0	0	0	0	1	0	0	0	0
Q96H79-2	13	0	0	0	0	0	0	0	0	0
Q96JY0-2	0	0	0	0	0	1	0	0	0	0
Q96JY0-3	2	0	0	0	0	0	0	0	0	0
Q96K19-5	8	0	0	0	0	0	0	0	0	0
Q96K19-2	64	0	0	0	0	0	0	0	0	0
Q96K19-3	62	0	0	0	0	0	0	0	0	0
Q96K19-4	35	0	0	0	0	0	0	0	0	0
Q96K19-6	0	0	0	0	0	1	0	0	0	0
Q96NA2-2	2	0	0	0	0	0	0	0	0	0
Q96NH3-4	41	0	0	0	0	0	0	0	0	0
Q96NH3-5	2	0	0	0	0	0	0	0	0	0
Q96NM4-3	27	0	0	0	0	1	0	0	0	0
Q96NM4-2	27	0	0	0	0	0	0	0	0	0
Q96NM4-4	58	0	0	0	0	0	0	0	0	0
Q96P63-2	20	0	0	0	0	0	0	0	0	0
Q96Q45-2	5	0	0	0	0	0	0	0	0	0
Q96Q45-3	34	0	0	0	0	0	0	0	0	0
Q96Q45-4	0	0	0	0	0	1	0	0	0	0
Q96Q45-5	5	0	0	0	0	0	0	0	0	0
Q99704-2	25	0	0	0	0	0	0	0	0	0
Q99704-3	0	0	0	0	0	1	0	0	0	0
Q99952-2	0	0	0	0	0	1	0	0	0	0
Q9BQB6-2	62	0	0	0	0	0	0	0	0	0
Q9BQB6-3	34	0	0	0	0	0	0	0	0	0
Q9BTM9-2	64	0	0	0	0	0	0	0	0	0
Q9BUB5-2	0	0	0	0	0	1	0	0	0	0
Q9BUB5-3	12	0	0	0	0	1	0	0	0	0
Q9BXJ4-2	0	0	0	0	0	2	0	0	0	0
Q9BXJ4-3	73	0	0	0	0	0	0	0	0	0
Q9BYW1-2	63	0	0	0	0	0	0	0	0	0
Q9BYW1-3	9	0	0	0	0	0	0	0	0	0
Q9BYW1-4	13	0	0	0	0	0	0	0	0	0
Q9BZW5-2	0	0	0	0	0	1	0	0	0	0
Q9H165-2	26	0	0	0	0	0	0	0	0	0
Q9H165-3	23	0	0	7	7	0	0	0	0	0
Q9H165-6	1	0	0	0	0	0	0	0	0	0
Q9H165-8	14	0	0	0	0	0	0	0	0	0
Q9H2S1-2	0	0	0	0	0	1	0	0	0	0
Q9H2V7-2	0	0	0	0	0	1	0	0	0	0
Q9H2V7-3	0	0	0	0	0	2	0	0	0	0
Q9H2V7-4	0	0	0	0	0	1	0	0	0	0
Q9H2V7-5	7	0	0	0	0	0	0	0	0	0
Q9H3T3-3	51	0	0	0	0	0	0	0	0	0
Q9H892-2	51	0	0	0	0	0	0	0	0	0
Q9H974-2	0	0	0	0	0	1	0	0	0	0
Q9H974-3	4	0	0	0	0	0	0	0	0	0
Q9H974-4	12	0	0	0	0	0	0	0	0	0
Q9H9P5-5	29	0	0	0	0	0	0	0	0	0
Q9H9P5-1	50	0	0	41	41	1	0	0	0	0
Q9H9P5-2	0	0	0	0	0	1	0	0	0	0
Q9H9P5-3	66	0	0	41	41	0	0	0	0	0
Q9H9P5-6	326	0	0	0	0	0	0	0	0	0
Q9HC16-3	18	0	0	0	0	0	0	0	0	0
Q9HCJ0-2	39	0	0	0	0	1	0	0	0	0
Q9NPE2-3	7	0	0	0	0	0	0	0	0	0
Q9NPP4-2	0	0	0	0	0	1	0	0	0	0
Q9NPP4-3	2	0	0	0	0	0	0	0	0	0
Q9NPP4-4	1	0	0	0	0	0	0	0	0	0
Q9NVX2-2	0	0	0	0	0	1	0	0	0	0
Q9NWD8-2	4	0	0	0	0	0	0	0	0	0
Q9UGP5-2	21	0	0	0	0	0	0	0	0	0
Q9UIF8-2	0	0	0	0	0	2	0	0	0	0
Q9UIF8-3	0	0	0	0	0	1	0	0	0	0
Q9UIF8-4	0	0	0	0	0	1	0	0	0	0
Q9UIF8-5	0	0	0	0	0	2	0	0	0	0
Q9UM11-2	0	0	0	0	0	1	0	0	0	0
Q9UM11-3	0	0	0	0	0	2	0	0	0	0
Q9UPP1-2	0	0	0	0	0	1	0	0	0	0
Q9UPP1-3	0	0	0	0	0	1	0	0	0	0
Q9UPP1-4	25	0	0	0	0	2	0	0	0	0
Q9UPP1-5	21	0	0	0	0	1	0	0	0	0
Q9Y210-2	0	0	0	0	0	1	0	0	0	0
Q9Y210-3	0	0	0	0	0	1	0	0	0	0
Q9Y3Q0-2	37	0	0	0	0	0	0	0	0	0
Q9Y5N5-2	0	0	0	0	0	1	0	0	0	0
Q9Y692-2	0	0	0	0	0	1	0	0	0	0
A0AV96-2	0	0	0	0	0	1	0	0	0	0
A2A2Y4-2	4	0	0	0	0	0	0	0	0	0
A2A2Y4-3	7	0	0	0	0	0	0	0	0	0
A2A2Y4-4	51	0	0	0	0	0	0	0	0	0
A2A2Y4-5	4	0	0	0	0	0	0	0	0	0
O14645-2	5	0	0	0	0	0	0	0	0	0
O15014-2	1	0	0	0	0	0	0	0	0	0
O15527-2	7	0	0	0	0	0	0	0	0	0
O15527-3	94	0	0	0	0	0	0	0	0	0
O15527-4	108	0	0	0	0	0	0	0	0	0
O15527-5	105	0	0	0	0	0	0	0	0	0
O15527-6	5	0	0	0	0	0	0	0	0	0
O15527-7	40	0	0	0	0	0	0	0	0	0
O15527-8	6	0	0	0	0	0	0	0	0	0
O15533-2	8	0	0	0	0	0	0	0	0	0
O15533-3	59	0	0	0	0	0	0	0	0	0
O15533-4	0	0	0	0	0	1	0	0	0	0
O43913-2	31	0	0	0	0	0	0	0	0	0
O60427-2	0	0	0	0	0	1	0	0	0	0
O60858-2	1	0	0	0	0	0	0	0	0	0
O60858-3	3	0	0	0	0	0	0	0	0	0
O60921-2	0	0	0	0	0	1	0	0	0	0
O75529-2	1	0	0	0	0	0	0	0	0	0
O75570-2	60	0	0	0	0	0	0	0	0	0
O75602-2	18	0	0	0	0	0	0	0	0	0
O75602-3	76	0	0	11	11	0	0	0	0	0
O75602-4	0	0	0	0	0	1	0	0	0	0
O75602-5	13	0	0	0	0	0	0	0	0	0
O94983-5	0	0	0	0	0	1	0	0	0	0
O94983-2	0	0	0	0	0	1	0	0	0	0
O94983-3	11	0	0	0	0	1	0	0	0	0
O94983-4	23	0	0	0	0	1	0	0	0	0
O94983-6	84	0	0	0	0	0	0	0	0	0
P03951-2	0	0	0	0	0	1	0	0	0	0
P04053-2	0	0	0	0	0	1	0	0	0	0
P10632-2	7	0	0	0	0	0	0	0	0	0
P27540-2	0	0	0	0	0	1	0	0	0	0
P27540-3	0	0	0	0	0	2	0	0	0	0
P27540-4	0	0	0	0	0	1	0	0	0	0
P28332-2	8	0	0	0	0	0	0	0	0	0
P35711-4	0	0	0	0	0	2	0	0	0	0
P35711-2	0	0	0	0	0	1	0	0	0	0
P35711-3	1	0	0	0	0	0	0	0	0	0
P35711-5	2	0	0	0	0	0	0	0	0	0
P48378-2	0	0	0	0	0	1	0	0	0	0
P49842-1	114	0	0	0	0	0	0	0	0	0
P49842-2	110	0	0	0	0	0	0	0	0	0
P49842-3	4	0	0	0	0	0	0	0	0	0
P52848-3	0	0	0	0	0	1	0	0	0	0
P52848-2	28	0	0	0	0	1	0	0	0	0
P52926-2	20	0	0	0	0	0	0	0	0	0
P52926-3	3	0	0	0	0	0	0	0	0	0
P52926-4	9	0	0	0	0	0	0	0	0	0
P52926-5	20	0	0	0	0	0	0	0	0	0
P52926-6	7	0	0	0	0	0	0	0	0	0
P81408-2	0	0	0	0	0	1	0	0	0	0
P81408-3	1	0	0	0	0	1	0	0	0	0
P81408-4	1	0	0	0	0	0	0	0	0	0
P98173-2	0	0	0	0	0	1	0	0	0	0
P98173-3	0	0	0	0	0	1	0	0	0	0
Q13075-2	57	0	0	0	0	0	0	0	0	0
Q13214-2	0	0	0	0	0	1	0	0	0	0
Q14654-2	0	0	0	0	0	1	0	0	0	0
Q14934-10	40	0	0	0	0	0	0	0	0	0
Q14934-11	63	0	0	0	0	1	0	0	0	0
Q14934-12	0	0	0	0	0	1	0	0	0	0
Q14934-13	21	0	0	0	0	1	0	0	0	0
Q14934-14	32	0	0	0	0	1	0	0	0	0
Q14934-15	13	0	0	0	0	1	0	0	0	0
Q14934-16	0	0	0	0	0	1	0	0	0	0
Q14934-17	19	0	0	0	0	1	0	0	0	0
Q14934-18	0	0	0	0	0	2	0	0	0	0
Q14934-19	0	0	0	0	0	1	0	0	0	0
Q14934-2	63	0	0	0	0	0	0	0	0	0
Q14934-20	21	0	0	0	0	1	0	0	0	0
Q14934-21	0	0	0	0	0	2	0	0	0	0
Q14934-22	0	0	0	0	0	1	0	0	0	0
Q14934-23	21	0	0	0	0	1	0	0	0	0
Q14934-24	0	0	0	0	0	2	0	0	0	0
Q14934-3	84	0	0	0	0	0	0	0	0	0
Q14934-4	32	0	0	0	0	0	0	0	0	0
Q14934-5	53	0	0	0	0	0	0	0	0	0
Q14934-6	13	0	0	0	0	0	0	0	0	0
Q14934-7	34	0	0	0	0	0	0	0	0	0
Q14934-8	21	0	0	0	0	0	0	0	0	0
Q14934-9	19	0	0	0	0	0	0	0	0	0
Q2MV58-2	5	0	0	0	0	0	0	0	0	0
Q2MV58-3	23	0	0	0	0	0	0	0	0	0
Q2MV58-4	16	0	0	0	0	0	0	0	0	0
Q2MV58-5	14	0	0	0	0	1	0	0	0	0
Q2MV58-6	64	0	0	0	0	1	0	0	0	0
Q30201-10	0	0	0	0	0	1	0	0	0	0
Q30201-11	1	0	0	0	0	0	0	0	0	0
Q30201-2	1	0	0	0	0	0	0	0	0	0
Q30201-3	0	0	0	0	0	1	0	0	0	0
Q30201-4	1	0	0	0	0	1	0	0	0	0
Q30201-5	1	0	0	0	0	0	0	0	0	0
Q30201-6	1	0	0	0	0	0	0	0	0	0
Q30201-7	0	0	0	0	0	1	0	0	0	0
Q30201-8	2	0	0	0	0	0	0	0	0	0
Q30201-9	18	0	0	0	0	0	0	0	0	0
Q4G0X9-2	83	0	0	0	0	0	0	0	0	0
Q4G0X9-3	6	0	0	0	0	0	0	0	0	0
Q4G0X9-4	56	0	0	0	0	0	0	0	0	0
Q4G0X9-5	33	0	0	0	0	0	0	0	0	0
Q4ZIN3-2	2	0	0	0	0	0	0	0	0	0
Q53RD9-2	0	0	0	0	0	1	0	0	0	0
Q53RD9-3	0	0	0	0	0	1	0	0	0	0
Q53RD9-4	0	0	0	0	0	1	0	0	0	0
Q5JTW2-2	36	0	0	0	0	0	0	0	0	0
Q5JTW2-3	16	0	0	0	0	0	0	0	0	0
Q5JTW2-5	20	0	0	0	0	0	0	0	0	0
Q5T1R4-2	0	0	0	0	0	1	0	0	0	0
Q5TA45-2	0	0	0	0	0	1	0	0	0	0
Q5TA45-3	0	0	0	0	0	1	0	0	0	0
Q5TA45-4	0	0	0	0	0	1	0	0	0	0
Q5TA45-5	14	0	0	0	0	0	0	0	0	0
Q5VVJ2-2	0	0	0	0	0	1	0	0	0	0
Q5VVJ2-3	0	0	0	0	0	1	0	0	0	0
Q5VZY2-2	1	0	0	0	0	0	0	0	0	0
Q5VZY2-3	0	0	0	0	0	1	0	0	0	0
Q5VZY2-4	38	0	0	0	0	0	0	0	0	0
Q66K41-2	0	0	0	0	0	1	0	0	0	0
Q6AZY7-2	9	0	0	0	0	0	0	0	0	0
Q6NTE8-2	91	0	0	0	0	0	0	0	0	0
Q6NTE8-3	0	0	0	0	0	1	0	0	0	0
Q6NW34-2	1	0	0	0	0	0	0	0	0	0
Q6P4H8-2	0	0	0	0	0	1	0	0	0	0
Q6P5X7-2	0	0	0	0	0	1	0	0	0	0
Q6P5X7-3	0	0	0	0	0	1	0	0	0	0
Q6PI97-2	28	0	0	0	0	0	0	0	0	0
Q6PI97-3	27	0	0	0	0	0	0	0	0	0
Q6UVM3-2	0	0	0	0	0	1	0	0	0	0
Q6UVM3-3	7	0	0	0	0	2	0	0	0	0
Q6UVM3-4	31	0	0	0	0	2	0	0	0	0
Q6UWJ1-2	10	0	0	0	0	0	0	0	0	0
Q6UWJ1-3	4	0	0	0	0	0	0	0	0	0
Q6UXI9-2	4	0	0	0	0	0	0	0	0	0
Q6UXI9-3	30	0	0	0	0	0	0	0	0	0
Q6UXI9-4	31	0	0	0	0	0	0	0	0	0
Q6UXI9-5	1	0	0	0	0	0	0	0	0	0
Q6UXI9-6	17	0	0	5	5	0	0	0	0	0
Q86TL0-2	0	0	0	0	0	1	0	0	0	0
Q86UA6-2	0	0	0	0	0	1	0	0	0	0
Q86UA6-4	4	0	0	0	0	0	0	0	0	0
Q86UA6-5	2	0	0	0	0	0	0	0	0	0
Q86UA6-6	1	0	0	0	0	0	0	0	0	0
Q86UA6-7	3	0	0	0	0	0	0	0	0	0
Q86UA6-8	21	0	0	0	0	0	0	0	0	0
Q86UA6-9	5	0	0	0	0	0	0	0	0	0
Q86UB2-2	7	0	0	0	0	1	0	0	0	0
Q86VL8-6	36	0	0	0	0	0	0	0	0	0
Q86VL8-2	6	0	0	0	0	2	0	0	0	0
Q86VL8-3	0	0	0	0	0	1	0	0	0	0
Q86VL8-4	14	0	0	0	0	1	0	0	0	0
Q86VL8-5	76	0	0	0	0	1	0	0	0	0
Q8IXK2-2	0	0	0	0	0	1	0	0	0	0
Q8N136-2	42	0	0	0	0	0	0	0	0	0
Q8N1V2-2	32	0	0	0	0	0	0	0	0	0
Q8N1V2-3	0	0	0	0	0	1	0	0	0	0
Q8NB59-2	8	0	0	0	0	0	0	0	0	0
Q8NB59-3	0	0	0	0	0	1	0	0	0	0
Q8NB59-4	5	0	0	0	0	1	0	0	0	0
Q8NB59-5	27	0	0	0	0	0	0	0	0	0
Q8NB59-6	19	0	0	0	0	0	0	0	0	0
Q8NB59-7	82	0	0	0	0	0	0	0	0	0
Q8NBA8-2	6	0	0	0	0	0	0	0	0	0
Q8NBW4-2	27	0	0	0	0	0	0	0	0	0
Q8NBW4-3	8	0	0	0	0	1	0	0	0	0
Q8NBW4-4	0	0	0	0	0	1	0	0	0	0
Q8NCW6-2	7	0	0	0	0	0	0	0	0	0
Q8TBK6-2	0	0	0	0	0	1	0	0	0	0
Q8TCG1-2	0	0	0	0	0	1	0	0	0	0
Q8TD26-2	51	0	0	0	0	0	0	0	0	0
Q8TD26-3	3	0	0	0	0	1	0	0	0	0
Q8TD31-3	89	0	0	0	0	1	0	0	0	0
Q8TD31-2	89	0	0	0	0	0	0	0	0	0
Q8TD84-2	0	0	0	0	0	1	0	0	0	0
Q8TE99-2	10	0	0	0	0	0	0	0	0	0
Q8TEP8-1	2	0	0	0	0	0	0	0	0	0
Q8TEP8-2	7	0	0	0	0	0	0	0	0	0
Q8WUD6-2	2	0	0	0	0	0	0	0	0	0
Q92523-2	1	0	0	0	0	0	0	0	0	0
Q92523-3	0	0	0	0	0	1	0	0	0	0
Q92523-4	0	0	0	0	0	1	0	0	0	0
Q96EX2-2	81	0	0	0	0	0	0	0	0	0
Q96EX2-3	20	0	0	0	0	1	0	0	0	0
Q96EX2-4	0	0	0	0	0	1	0	0	0	0
Q96EX2-5	20	0	0	0	0	0	0	0	0	0
Q96HQ2-2	5	0	0	0	0	0	0	0	0	0
Q96JP9-2	61	0	0	0	0	0	0	0	0	0
Q96KN3-2	10	0	0	0	0	0	0	0	0	0
Q96NE9-2	0	0	0	0	0	1	0	0	0	0
Q96NE9-3	0	0	0	0	0	1	0	0	0	0
Q96PD2-2	14	0	0	0	0	0	0	0	0	0
Q99612-2	55	0	0	0	0	0	0	0	0	0
Q99612-3	11	0	0	0	0	0	0	0	0	0
Q9BQ13-2	0	0	0	0	0	1	0	0	0	0
Q9BRC7-2	11	0	0	0	0	0	0	0	0	0
Q9BRL6-2	0	0	0	0	0	1	0	0	0	0
Q9BRQ4-2	0	0	0	0	0	1	0	0	0	0
Q9BRQ4-3	9	0	0	0	0	0	0	0	0	0
Q9BSY9-2	0	0	0	0	0	1	0	0	0	0
Q9BU76-2	14	0	0	0	0	0	0	0	0	0
Q9BU76-3	5	0	0	0	0	0	0	0	0	0
Q9BU76-4	12	0	0	0	0	0	0	0	0	0
Q9BVG8-5	1	0	0	0	0	1	0	0	0	0
Q9BVG8-2	1	0	0	0	0	0	0	0	0	0
Q9BVG8-4	12	0	0	0	0	0	0	0	0	0
Q9BVG8-6	23	0	0	0	0	0	0	0	0	0
Q9BVK8-2	0	0	0	0	0	1	0	0	0	0
Q9BX59-2	40	0	0	0	0	0	0	0	0	0
Q9BX59-3	0	0	0	0	0	1	0	0	0	0
Q9BX59-4	24	0	0	0	0	0	0	0	0	0
Q9BX59-5	0	0	0	0	0	1	0	0	0	0
Q9BX59-6	53	0	0	0	0	0	0	0	0	0
Q9BX59-7	79	0	0	0	0	0	0	0	0	0
Q9BYZ6-2	22	0	0	0	0	0	0	0	0	0
Q9BYZ6-3	7	0	0	0	0	0	0	0	0	0
Q9BZL6-2	0	0	0	0	0	1	0	0	0	0
Q9BZL6-3	10	0	0	0	0	0	0	0	0	0
Q9H1J1-2	0	0	0	0	0	1	0	0	0	0
Q9H1J1-3	0	0	0	0	0	1	0	0	0	0
Q9H1X1-2	96	0	0	0	0	1	0	0	0	0
Q9H3H1-5	0	0	0	0	0	2	0	0	0	0
Q9H3H1-2	0	0	0	0	0	1	0	0	0	0
Q9H3H1-3	0	0	0	0	0	2	0	0	0	0
Q9H3H1-4	0	0	0	0	0	1	0	0	0	0
Q9H3H1-6	4	0	0	0	0	0	0	0	0	0
Q9H410-2	16	0	0	0	0	0	0	0	0	0
Q9H410-3	0	0	0	0	0	1	0	0	0	0
Q9H410-4	0	0	0	0	0	1	0	0	0	0
Q9H6R7-2	13	0	0	0	0	0	0	0	0	0
Q9H6R7-3	0	0	0	0	0	1	0	0	0	0
Q9NQV8-2	3	0	3	0	3	0	0	0	0	0
Q9NTN3-2	19	0	0	0	0	1	0	0	0	0
Q9NVL1-2	0	0	0	0	0	1	0	0	0	0
Q9NVL1-3	27	0	0	0	0	0	0	0	0	0
Q9NX02-2	0	0	0	0	0	1	0	0	0	0
Q9NX02-4	0	0	0	0	0	1	0	0	0	0
Q9NX02-5	0	0	0	0	0	1	0	0	0	0
Q9NXB0-2	47	0	0	0	0	0	0	0	0	0
Q9NXB0-3	11	0	0	0	0	0	0	0	0	0
Q9NYC9-2	0	0	0	0	0	1	0	0	0	0
Q9NYC9-3	0	0	0	0	0	1	0	0	0	0
Q9NZV5-2	0	0	0	0	0	1	0	0	0	0
Q9UBP9-2	34	0	0	0	0	0	0	0	0	0
Q9UBP9-3	0	0	0	0	0	1	0	0	0	0
Q9UBP9-4	10	0	0	0	0	0	0	0	0	0
Q9UI33-2	1	0	0	0	0	0	0	0	0	0
Q9UI33-3	0	0	0	0	0	1	0	0	0	0
Q9UKJ1-2	30	0	0	0	0	0	0	0	0	0
Q9UKJ1-3	0	0	0	0	0	1	0	0	0	0
Q9UKJ1-4	21	0	0	0	0	0	0	0	0	0
Q9ULD4-2	0	0	0	0	0	1	0	0	0	0
Q9ULD4-3	0	0	0	0	0	1	0	0	0	0
Q9ULI0-2	0	0	0	0	0	1	0	1	0	1
Q9UQ88-10	0	0	0	0	0	1	0	0	0	0
Q9UQ88-2	12	0	0	0	0	0	0	0	0	0
Q9UQ88-3	10	0	0	0	0	0	0	0	0	0
Q9UQ88-4	1	0	0	0	0	0	0	0	0	0
Q9UQ88-5	28	0	0	0	0	0	0	0	0	0
Q9UQ88-8	37	0	0	0	0	0	0	0	0	0
Q9UQ88-9	36	0	0	0	0	1	0	0	0	0
Q9Y2U9-2	11	0	0	0	0	0	0	0	0	0
Q9Y561-2	0	0	0	0	0	1	0	0	0	0
Q9Y5G2-2	4	0	0	0	0	0	0	0	0	0
Q9Y5X0-2	0	0	0	0	0	1	0	0	0	0
Q9Y6M1-1	0	0	0	0	0	1	0	0	0	0
Q9Y6M1-3	16	0	0	0	0	0	0	0	0	0
Q9Y6M1-4	22	0	0	0	0	0	0	0	0	0
Q9Y6M1-5	16	0	0	0	0	1	0	0	0	0
Q9Y6M1-6	0	0	0	0	0	1	0	0	0	0
O15315-1	5	0	0	0	0	0	0	0	0	0
O15315-2	5	0	0	0	0	0	0	0	0	0
O15315-4	20	0	0	0	0	0	0	0	0	0
O15315-5	5	0	0	0	0	1	0	0	0	0
O43422-2	4	0	0	0	0	0	0	0	0	0
P04035-2	0	0	0	0	0	1	0	0	0	0
P04035-3	20	0	0	0	0	0	0	0	0	0
P23415-2	0	0	0	0	0	1	0	0	0	0
P33993-2	0	0	0	0	0	1	0	0	0	0
P33993-3	0	0	0	0	0	1	0	0	0	0
P49662-2	0	0	0	0	0	1	0	0	0	0
P49662-3	26	0	0	0	0	0	0	0	0	0
P49662-4	3	0	0	0	0	0	0	0	0	0
P49662-5	30	0	0	0	0	0	0	0	0	0
Q13201-2	0	0	0	0	0	2	0	0	0	0
Q13608-2	33	0	0	0	0	0	0	0	0	0
Q13608-3	0	0	0	0	0	1	0	0	0	0
Q16831-2	19	0	0	0	0	0	0	0	0	0
Q4VNC1-3	15	0	0	0	0	1	0	0	0	0
Q4VNC1-4	0	0	0	0	0	1	0	0	0	0
Q68DX3-2	5	0	0	0	0	2	0	0	0	0
Q68DX3-3	2	0	0	0	0	0	0	0	0	0
Q68DX3-4	6	0	0	0	0	0	0	0	0	0
Q68DX3-5	0	0	0	0	0	1	0	0	0	0
Q6V0I7-2	32	0	0	0	0	1	0	0	0	0
Q6V0I7-3	0	0	0	0	0	1	0	0	0	0
Q76M96-2	11	0	0	0	0	0	0	0	0	0
Q76M96-3	0	0	0	0	0	1	0	0	0	0
Q7Z5L7-2	29	0	0	0	0	0	0	0	0	0
Q7Z5L7-3	48	0	0	0	0	0	0	0	0	0
Q7Z5L7-4	48	0	0	0	0	1	0	0	0	0
Q8IWY9-1	32	0	0	0	0	1	0	0	0	0
Q8IZD2-3	26	0	0	0	0	0	0	0	0	0
Q8IZD2-8	9	0	0	0	0	1	0	0	0	0
Q8IZD2-2	0	0	0	0	0	1	0	0	0	0
Q8IZD2-4	16	0	0	0	0	0	0	0	0	0
Q8IZD2-5	130	0	0	0	0	0	0	0	0	0
Q8IZD2-6	170	0	0	0	0	0	0	0	0	0
Q8IZD2-7	0	0	0	0	0	1	0	0	0	0
Q8NG66-2	4	0	0	0	0	0	0	0	0	0
Q8NG66-3	13	0	0	0	0	0	0	0	0	0
Q8NG66-4	54	0	0	0	0	0	0	0	0	0
Q92466-2	0	0	0	0	0	1	0	0	0	0
Q92466-3	4	0	0	0	0	0	0	0	0	0
Q92466-4	0	0	0	0	0	1	0	0	0	0
Q92466-5	9	0	0	0	0	0	0	0	0	0
Q96NX9-2	0	0	0	0	0	2	0	0	0	0
Q96NX9-3	0	0	0	0	0	1	0	0	0	0
Q96NX9-4	0	0	0	0	0	1	0	0	0	0
Q9UKW4-3	4	0	0	0	0	0	0	0	0	0
Q9UKW4-2	9	0	0	0	0	0	0	0	0	0
Q9UKW4-4	29	0	0	0	0	0	0	0	0	0
O43903-2	5	0	0	0	0	0	0	0	0	0
P04818-2	0	0	0	0	0	1	0	0	0	0
P04818-3	0	0	0	0	0	1	0	0	0	0
P42229-2	0	0	0	0	0	1	0	0	0	0
Q15782-5	0	0	0	0	0	1	0	0	0	0
Q15782-6	0	0	0	0	0	1	0	0	0	0
Q4KMZ8-3	0	0	0	0	0	2	0	0	0	0
Q8TEL6-3	0	0	0	0	0	1	0	0	0	0
Q96FL8-2	5	0	0	0	0	0	0	0	0	0
Q96FL8-3	28	0	0	0	0	0	0	0	0	0
Q96J87-2	17	0	0	0	0	0	0	0	0	0
Q96J87-3	0	0	0	0	0	1	0	0	0	0
Q96J87-4	0	0	0	0	0	3	0	0	0	0
Q9BXI9-1	0	0	0	0	0	1	0	0	0	0
Q9BXI9-3	22	0	22	0	22	0	0	0	0	0
Q9NPB6-2	0	0	0	0	0	1	0	1	0	1
Q9UGM5-2	0	0	0	0	0	1	0	0	0	0
P08709-2	0	0	0	0	0	1	0	0	0	0
Q5I0G3-2	0	0	0	0	0	1	0	0	0	0
Q5I0G3-3	27	0	0	0	0	1	0	0	0	0
Q5JST6-2	0	0	0	0	0	1	0	0	0	0
Q6P2H8-2	0	0	0	0	0	1	0	0	0	0
Q86VV8-2	1	0	0	0	0	0	0	0	0	0
Q86VV8-4	16	0	0	0	0	0	0	0	0	0
Q86VV8-3	1	0	0	0	0	0	0	0	0	0
Q86YH6-2	29	0	0	0	0	0	0	0	0	0
Q8N3Z6-2	2	0	0	0	0	0	0	0	0	0
Q8NBK3-2	0	0	0	0	0	1	0	0	1	1
Q8NBK3-3	83	0	0	0	0	0	0	0	0	0
Q8NBK3-4	0	0	0	0	0	1	0	0	0	0
Q8NBK3-5	0	0	0	0	0	1	0	0	0	0
Q8WXU2-2	32	0	0	0	0	0	0	0	0	0
Q8WXU2-3	26	0	0	0	0	0	0	0	0	0
Q969F2-2	47	0	0	0	0	0	0	0	0	0
Q96H72-2	0	0	0	0	0	1	0	0	0	0
P24468-2	13	0	0	0	0	0	0	0	0	0
P24468-3	0	0	0	0	0	1	0	0	0	0
P49747-2	0	0	0	0	0	1	0	0	0	0
Q96GE6-2	0	0	0	0	0	1	0	0	0	0
Q96GE6-3	0	0	0	0	0	1	0	0	0	0
Q96GE6-4	0	0	0	0	0	1	0	0	0	0
Q96GE6-5	15	0	0	0	0	0	0	0	0	0
Q9H095-2	0	0	0	0	0	1	0	0	0	0
Q9H2A2-2	0	0	0	0	0	1	0	0	0	0
Q9H2A2-3	10	0	0	0	0	0	0	0	0	0
Q9H2A2-4	0	0	0	0	0	1	0	0	0	0
O15245-2	45	0	0	0	0	0	0	0	0	0
O15245-3	0	0	0	0	0	1	0	0	0	0
A6NHL2-2	0	0	0	0	0	1	0	0	0	0
C9JRZ8-2	49	0	0	0	0	0	0	0	0	0
O00182-2	0	0	0	0	0	1	0	0	0	0
O00182-3	0	0	0	0	0	1	0	0	0	0
O00182-4	25	0	0	0	0	1	0	0	0	0
O00182-5	25	0	0	0	0	1	0	0	0	0
O00182-6	0	0	0	0	0	1	0	0	0	0
O14519-2	0	0	0	0	0	1	0	0	0	0
O43760-2	113	0	0	0	0	0	0	0	0	0
O60936-1	118	0	0	0	0	0	0	0	0	0
O60936-3	62	0	0	0	0	0	0	0	0	0
O95214-2	73	0	0	0	0	0	0	0	0	0
P14678-2	2	0	0	0	0	0	0	0	0	0
P14678-3	51	0	0	0	0	0	0	0	0	0
P17405-2	12	0	0	0	0	0	0	0	0	0
P17405-3	0	0	0	0	0	1	0	0	0	0
P17405-4	0	0	0	0	0	1	0	0	0	0
P25205-2	45	0	0	0	0	0	0	0	0	0
P35030-2	0	0	0	0	0	1	0	0	0	0
P35030-3	12	0	0	0	0	0	0	0	0	0
P35030-4	27	0	0	0	0	0	0	0	0	0
P35030-5	5	0	0	0	0	0	0	0	0	0
Q13387-4	0	0	0	0	0	1	0	0	0	0
Q13387-2	26	0	0	0	0	0	0	0	0	0
Q13387-3	95	0	0	0	0	2	0	0	0	0
Q14153-2	3	0	0	0	0	0	0	0	0	0
Q5EB52-2	0	0	0	0	0	1	0	0	0	0
Q5EB52-3	0	0	0	0	0	2	0	0	0	0
Q5IJ48-2	39	0	0	0	0	0	0	0	0	0
Q5IJ48-3	10	0	0	0	0	2	0	0	0	0
Q5JPE7-3	2	0	0	0	0	0	0	0	0	0
Q6RW13-2	0	0	0	0	0	1	0	0	0	0
Q6RW13-3	121	0	0	0	0	0	0	0	0	0
Q6RW13-4	98	0	0	0	0	0	0	0	0	0
Q6RW13-5	131	0	0	0	0	0	0	0	0	0
Q7Z7F7-2	36	0	0	0	0	0	0	0	0	0
Q86UN3-2	19	0	0	0	0	0	0	0	0	0
Q86XR7-2	188	0	0	111	111	0	0	0	0	0
Q8N5H3-1	0	0	0	0	0	1	0	0	0	0
Q8N5H3-2	20	0	0	0	0	0	0	0	0	0
Q8N5H3-4	54	0	0	0	0	0	0	0	0	0
Q8NAA5-2	75	0	0	0	0	0	0	0	0	0
Q8NHP1-3	77	0	0	0	0	0	0	0	0	0
Q8WUG5-2	1	0	0	0	0	0	0	0	0	0
Q8WUG5-3	26	0	0	0	0	0	0	0	0	0
Q969M3-2	0	0	0	0	0	1	0	0	0	0
Q969M3-3	23	0	0	0	0	0	0	0	0	0
Q969S0-2	7	0	0	0	0	0	0	0	0	0
Q969S0-3	3	0	0	0	0	0	0	0	0	0
Q96D05-2	42	0	0	0	0	0	0	0	0	0
Q96LW7-2	79	0	0	32	32	0	0	0	0	0
Q99720-4	4	0	0	0	0	0	0	0	0	0
Q99720-2	0	0	0	0	0	1	0	0	0	0
Q99720-3	0	0	0	0	0	1	0	0	0	0
Q99720-5	0	0	0	0	0	2	0	0	0	0
Q99946-2	25	0	0	0	0	0	0	0	0	0
Q9BSA9-2	0	0	0	0	0	1	0	0	0	0
Q9BUK0-2	12	0	0	0	0	0	0	0	0	0
Q9BUK0-3	47	0	0	0	0	0	0	0	0	0
Q9BUK0-4	25	0	0	0	0	0	0	0	0	0
Q9BUK0-5	35	0	0	0	0	0	0	0	0	0
Q9BUN8-2	0	0	0	0	0	1	0	0	0	0
Q9BZ76-2	8	0	0	0	0	0	0	0	0	0
Q9NRA0-2	0	0	0	0	0	1	0	0	0	0
Q9NRA0-3	90	0	0	0	0	1	0	0	0	0
Q9NRA0-4	0	0	0	0	0	1	0	0	0	0
Q9NRA0-5	133	0	0	15	15	0	0	0	0	0
Q9NSD5-3	23	0	0	0	0	0	0	0	0	0
Q9NSD5-2	0	0	0	0	0	1	0	0	0	0
Q9NSN8-2	0	0	0	0	0	1	0	0	0	0
Q9NXS2-3	0	0	0	0	0	1	0	0	0	0
Q9P2X0-2	30	0	0	0	0	0	0	0	0	0
Q9UBM1-2	37	0	0	0	0	0	0	0	0	0
Q9UBM1-3	74	0	0	0	0	0	0	0	0	0
Q9UBX7-1	0	0	0	0	0	1	0	0	0	0
Q9UBX7-3	25	0	0	0	0	0	0	0	0	0
Q9UBX7-4	25	0	0	0	0	1	0	0	0	0
Q9UDX5-2	66	0	0	0	0	0	0	0	0	0
Q9Y383-2	19	0	0	0	0	0	0	0	0	0
Q9Y383-3	16	0	0	0	0	0	0	0	0	0
A0A1B0GTI8-2	0	0	0	0	0	1	0	0	0	0
A0AVI4-2	5	0	0	0	0	0	0	0	0	0
A5D8V7-2	22	0	0	0	0	1	0	0	0	0
A5PLL7-2	0	0	0	0	0	1	0	0	0	0
A6ND91-2	9	0	0	0	0	1	0	0	0	0
A6NFC5-2	1	0	0	0	0	0	0	0	0	0
A6NFC5-3	0	0	0	0	0	1	0	0	0	0
A6NKB5-2	23	0	0	0	0	3	0	0	0	0
A6NKB5-3	46	0	0	0	0	1	0	0	0	0
A6NKB5-4	0	0	0	0	0	1	0	0	0	0
A6NKB5-5	3	0	0	0	0	2	0	0	0	0
A6NKF1-2	44	0	0	0	0	0	0	0	0	0
A6NNE9-2	0	0	0	0	0	1	0	0	0	0
A8CG34-2	0	0	0	0	0	1	0	0	0	0
A8K0R7-2	2	0	0	0	0	0	0	0	0	0
A8K0R7-5	116	0	0	31	31	0	0	0	0	0
A8MPS7-3	19	0	0	0	0	0	0	0	0	0
A8MPS7-2	7	0	0	0	0	0	0	0	0	0
E5RJM6-2	93	0	0	0	0	0	0	0	0	0
E5RJM6-3	1	0	0	0	0	0	0	0	0	0
I6L899-2	48	0	0	0	0	1	0	0	0	0
O00238-2	30	0	0	0	0	0	0	0	0	0
O00453-10	0	0	0	0	0	1	0	0	0	0
O00453-11	7	0	0	0	0	0	0	0	0	0
O00453-12	29	0	0	0	0	0	0	0	0	0
O00453-13	7	0	0	0	0	1	0	0	0	0
O00453-2	35	0	0	0	0	0	0	0	0	0
O00453-3	32	0	0	0	0	0	0	0	0	0
O00453-4	1	0	0	0	0	0	0	0	0	0
O00453-5	22	0	0	0	0	0	0	0	0	0
O00453-6	0	0	0	0	0	2	0	0	0	0
O00453-7	29	0	0	0	0	1	0	0	0	0
O00453-8	26	0	0	0	0	0	0	0	0	0
O00453-9	7	0	0	0	0	0	0	0	0	0
O00470-2	91	0	0	0	0	0	0	0	0	0
O00481-2	13	0	0	0	0	0	0	0	0	0
O00481-3	39	0	0	0	0	0	0	0	0	0
O00481-4	0	0	0	0	0	1	0	0	0	0
O14524-2	0	0	0	0	0	1	0	0	0	0
O14640-2	1	0	0	1	1	0	0	0	0	0
O15120-2	0	0	0	0	0	1	0	0	0	0
O15198-2	0	0	0	0	0	1	0	0	0	0
O43291-2	0	0	0	0	0	1	0	0	0	0
O43508-2	158	0	0	64	64	0	0	0	0	0
O43679-2	34	0	0	0	0	0	0	0	0	0
O43679-3	0	0	0	0	0	2	0	0	0	0
O43914-2	0	0	0	0	0	1	0	0	0	0
O43914-3	0	0	0	0	0	1	0	0	0	0
O60336-2	0	0	0	0	0	2	0	0	0	0
O60336-3	0	0	0	0	0	2	0	0	0	0
O60336-4	0	0	0	0	0	1	0	0	0	0
O60336-5	2	0	0	0	0	0	0	0	0	0
O60336-6	0	0	0	0	0	1	0	0	0	0
O60512-2	22	0	0	0	0	0	0	0	0	0
O60662-2	0	0	0	0	0	1	0	0	0	0
O60671-2	0	0	0	0	0	1	0	0	0	0
O60671-3	2	0	0	0	0	0	0	0	0	0
O75425-2	8	0	0	0	0	0	0	0	0	0
O75425-3	14	0	0	0	0	0	0	0	0	0
O75425-4	0	0	0	0	0	1	0	0	0	0
O75586-2	7	0	0	0	0	0	0	0	0	0
O75586-3	26	0	0	0	0	0	0	0	0	0
O75636-2	0	0	0	0	0	1	0	0	0	0
O75678-2	30	0	0	0	0	0	0	0	0	0
O75678-3	23	0	0	0	0	0	0	0	0	0
O75865-2	14	0	0	0	0	0	0	0	0	0
O75865-3	82	0	0	0	0	0	0	0	0	0
O75865-4	96	0	0	0	0	0	0	0	0	0
O76075-2	9	0	0	0	0	0	0	0	0	0
O76075-3	33	0	0	0	0	0	0	0	0	0
O76075-4	17	0	0	0	0	0	0	0	0	0
O94762-3	22	0	0	0	0	0	0	0	0	0
O94762-4	0	0	0	0	0	1	0	0	0	0
O94927-2	15	0	0	0	0	0	0	0	0	0
O94941-2	0	0	0	0	0	1	0	0	0	0
O95379-2	1	0	0	0	0	0	0	0	0	0
O95379-3	0	0	0	0	0	1	0	0	0	0
O95379-4	21	0	0	0	0	0	0	0	0	0
O95402-2	10	0	0	0	0	0	0	0	0	0
O95696-2	131	0	0	0	0	0	0	0	0	0
O95754-2	0	0	0	0	0	1	0	0	0	0
O95922-2	18	0	0	0	0	0	0	0	0	0
O95922-4	0	0	0	0	0	1	0	0	0	0
P01127-2	5	0	0	0	0	0	0	0	0	0
P01130-2	0	0	0	0	0	2	0	0	0	0
P01130-3	1	0	0	0	0	0	0	0	0	0
P01130-4	1	0	0	0	0	0	0	0	0	0
P01130-5	0	0	0	0	0	1	0	0	0	0
P01130-6	0	0	0	0	0	1	0	0	0	0
P04278-2	5	0	0	0	0	1	0	0	0	0
P04278-3	5	0	0	0	0	0	0	0	0	0
P04278-4	0	0	0	0	0	1	0	0	0	0
P04278-5	0	0	0	0	0	1	0	0	0	0
P07949-2	9	0	0	0	0	0	0	0	0	0
P08493-2	25	0	0	0	0	0	0	0	0	0
P09603-2	0	0	0	0	0	1	0	0	0	0
P09603-3	0	0	0	0	0	1	0	0	0	0
P10415-2	7	0	0	0	0	1	0	0	0	0
P12272-3	34	0	0	0	0	0	0	0	0	0
P14373-2	5	0	0	0	0	0	0	0	0	0
P14859-6	23	0	0	0	0	0	0	0	0	0
P14859-2	12	0	0	0	0	0	0	0	0	0
P14859-3	17	0	0	0	0	0	0	0	0	0
P14859-4	13	0	0	0	0	0	0	0	0	0
P14859-5	23	0	0	0	0	1	0	0	0	0
P15291-2	0	0	0	0	0	1	0	0	0	0
P16473-2	12	0	0	0	0	1	0	0	0	0
P16473-3	33	0	0	0	0	0	0	0	0	0
P17936-2	6	0	0	0	0	0	0	0	0	0
P20062-2	1	0	0	0	0	0	0	0	0	0
P20941-2	0	0	0	0	0	1	0	0	0	0
P20941-3	37	0	0	0	0	0	0	0	0	0
P21145-2	0	0	0	0	0	1	0	0	0	0
P21145-3	0	0	0	0	0	1	0	0	0	0
P21145-4	0	0	0	0	0	1	0	0	0	0
P25021-2	38	0	0	0	0	0	0	0	0	0
P28335-2	86	0	0	0	0	0	0	0	0	0
P29279-2	0	0	0	0	0	1	0	0	0	0
P29320-2	7	0	0	0	0	0	0	0	0	0
P30511-2	0	0	0	0	0	1	0	0	0	0
P30511-3	97	0	0	0	0	0	0	0	0	0
P32239-2	69	0	0	0	0	0	0	0	0	0
P32239-3	0	0	0	0	0	1	0	0	0	0
P35372-10	93	0	0	0	0	0	0	0	0	0
P35372-11	1	0	0	0	0	0	0	0	0	0
P35372-12	0	0	0	0	0	1	0	0	0	0
P35372-13	14	0	0	0	0	0	0	0	0	0
P35372-14	26	0	0	0	0	1	0	0	0	0
P35372-15	4	0	0	0	0	1	0	0	0	0
P35372-16	30	0	0	0	0	0	0	0	0	0
P35372-17	5	0	0	0	0	0	0	0	0	0
P35372-18	82	0	0	0	0	0	0	0	0	0
P35372-2	4	0	0	0	0	0	0	0	0	0
P35372-3	55	0	0	0	0	0	0	0	0	0
P35372-4	15	0	0	0	0	0	0	0	0	0
P35372-5	30	0	0	0	0	0	0	0	0	0
P35372-6	14	0	0	0	0	0	0	0	0	0
P35372-7	18	0	0	0	0	0	0	0	0	0
P35372-8	9	0	0	0	0	0	0	0	0	0
P35372-9	32	0	0	0	0	0	0	0	0	0
P35475-2	124	0	0	0	0	0	0	0	0	0
P35858-2	38	0	0	0	0	0	0	0	0	0
P40337-2	0	0	0	0	0	1	0	0	0	0
P40337-3	0	0	0	0	0	1	0	0	0	0
P42771-2	0	0	0	0	0	1	0	0	0	0
P42771-3	55	0	0	0	0	1	0	0	0	0
P42771-4	15	0	0	0	0	0	0	0	0	0
P43166-2	0	0	0	0	0	1	0	0	0	0
P43681-2	53	0	0	0	0	0	0	0	0	0
P49336-2	0	0	0	0	0	1	0	0	0	0
P49761-1	0	0	0	0	0	1	0	0	0	0
P49761-2	29	0	0	0	0	1	0	0	0	0
P49761-3	0	0	0	0	0	2	0	0	0	0
P49810-2	0	0	0	0	0	1	0	0	0	0
P49810-3	0	0	0	0	0	1	0	0	0	0
P51948-2	0	0	0	0	0	1	0	0	0	0
P52849-2	12	0	0	0	0	0	0	0	0	0
P56179-2	90	0	0	0	0	0	0	0	0	0
P56179-3	118	0	0	0	0	0	0	0	0	0
P57081-2	0	0	0	0	0	1	0	0	0	0
P57081-3	0	0	0	0	0	1	0	0	0	0
P58753-2	20	0	0	0	0	0	0	0	0	0
P58753-3	35	0	0	0	0	0	0	0	0	0
P68543-2	0	0	0	0	0	1	0	0	0	0
P78381-2	5	0	0	0	0	0	0	0	0	0
P78381-3	87	0	0	0	0	0	0	0	0	0
P78381-4	33	0	0	0	0	0	0	0	0	0
P78381-5	5	0	0	0	0	1	0	0	0	0
P78509-2	0	0	0	0	0	1	0	0	0	0
P80108-2	9	0	0	0	0	0	0	0	0	0
Q04941-2	28	0	0	0	0	0	0	0	0	0
Q05932-2	0	0	0	0	0	1	0	0	0	0
Q05932-3	0	0	0	0	0	1	0	0	0	0
Q05932-4	0	0	0	0	0	1	0	0	0	0
Q12772-2	86	0	0	0	0	1	0	0	0	0
Q13257-2	14	0	0	0	0	0	0	0	0	0
Q13286-2	0	0	0	0	0	1	0	0	0	0
Q13286-3	6	0	0	0	0	0	0	0	0	0
Q13286-5	11	0	0	0	0	1	0	0	0	0
Q13286-6	29	0	0	0	0	0	0	0	0	0
Q13286-7	0	0	0	0	0	1	0	0	0	0
Q13488-2	0	0	0	0	0	1	0	0	0	0
Q14031-2	3	0	0	0	0	0	0	0	0	0
Q14393-1	43	0	0	0	0	0	0	0	0	0
Q14393-3	31	0	0	0	0	0	0	0	0	0
Q14393-4	0	0	0	0	0	1	0	0	0	0
Q14393-5	0	0	0	0	0	1	0	0	1	1
Q14493-2	0	0	0	0	0	1	0	0	0	0
Q14508-2	22	0	0	0	0	0	0	0	0	0
Q14508-3	0	0	0	0	0	1	0	0	0	0
Q14508-4	10	0	0	0	0	0	0	0	0	0
Q14508-5	28	0	0	0	0	0	0	0	0	0
Q15544-2	18	0	0	0	0	0	0	0	0	0
Q15629-2	0	0	0	0	0	1	0	0	0	0
Q15906-2	11	0	0	0	0	0	0	0	0	0
Q16378-2	29	0	0	0	0	0	0	0	0	0
Q16538-2	1	0	0	0	0	1	0	0	0	0
Q16611-2	37	0	0	0	0	0	0	0	0	0
Q16877-2	0	0	0	0	0	1	0	0	0	0
Q16877-3	0	0	0	0	0	1	0	0	0	0
Q32M45-2	1	0	0	0	0	0	0	0	0	0
Q32M45-3	0	0	0	0	0	2	0	0	0	0
Q32M88-2	48	0	0	0	0	0	0	0	0	0
Q3B7T1-3	4	0	0	0	0	0	0	0	0	0
Q3B7T1-4	7	0	0	0	0	0	0	0	0	0
Q3B7T1-5	0	0	0	0	0	1	0	0	0	0
Q3KRA9-2	28	0	0	0	0	0	0	0	0	0
Q3KRA9-3	77	0	0	0	0	0	0	0	0	0
Q3YBM2-2	0	0	0	0	0	1	0	0	0	0
Q400G9-2	87	0	0	0	0	0	0	0	0	0
Q4ADV7-2	21	0	0	0	0	0	0	0	0	0
Q4ADV7-3	0	0	0	0	0	1	0	0	0	0
Q567V2-2	0	0	0	0	0	1	0	0	0	0
Q5BJH2-2	7	0	0	0	0	0	0	0	0	0
Q5BKX5-3	40	0	0	0	0	0	0	0	0	0
Q5BKX5-2	45	0	0	0	0	0	0	0	0	0
Q5D0E6-2	69	0	0	0	0	0	0	0	0	0
Q5D0E6-3	6	0	0	0	0	0	0	0	0	0
Q5D0E6-4	0	0	0	0	0	1	0	0	0	0
Q5JW98-2	0	0	0	0	0	1	0	0	0	0
Q5JW98-3	0	0	0	0	0	1	0	0	0	0
Q5JW98-4	19	0	0	7	7	0	0	0	0	0
Q5JZY3-2	8	0	0	0	0	0	0	0	0	0
Q5JZY3-3	4	0	0	0	0	0	0	0	0	0
Q5K4L6-2	0	0	0	0	0	1	0	0	0	0
Q5K4L6-3	7	0	0	0	0	0	0	0	0	0
Q5QP82-2	0	0	0	0	0	1	0	0	0	0
Q5TAX3-2	28	0	0	0	0	1	0	0	0	0
Q5TC82-2	1	0	0	0	0	1	0	0	0	0
Q5VTY9-2	54	0	0	0	0	1	0	0	0	0
Q5VTY9-3	54	0	0	0	0	0	0	0	0	0
Q5VTY9-4	33	0	0	0	0	1	0	0	0	0
Q5VTY9-5	0	0	0	0	0	1	0	0	0	0
Q5VTY9-6	0	0	0	0	0	1	0	0	0	0
Q5VTY9-7	27	0	0	0	0	1	0	0	0	0
Q5VUD6-2	0	0	0	0	0	1	0	0	0	0
Q5VZI3-2	13	0	0	0	0	0	0	0	0	0
Q5VZI3-3	1	0	0	0	0	0	0	0	0	0
Q5XKK7-2	11	0	0	0	0	0	0	0	0	0
Q5XKK7-3	22	0	0	0	0	0	0	0	0	0
Q63HM1-2	5	0	0	0	0	0	0	0	0	0
Q64LD2-2	16	0	0	0	0	0	0	0	0	0
Q68CP4-2	0	0	0	0	0	1	0	0	0	0
Q68CQ7-2	38	0	0	0	0	0	0	0	0	0
Q6MZQ0-2	7	0	0	0	0	0	0	0	0	0
Q6MZQ0-3	0	0	0	0	0	2	0	0	0	0
Q6MZQ0-4	7	0	0	0	0	0	0	0	0	0
Q6NSJ2-2	4	0	0	0	0	0	0	0	0	0
Q6NT76-2	30	0	0	0	0	1	0	0	0	0
Q6NT76-3	0	0	0	0	0	1	0	0	0	0
Q6NT76-4	21	0	0	0	0	0	0	0	0	0
Q6NT76-5	24	0	0	0	0	1	0	0	0	0
Q6NUS6-2	39	0	0	0	0	0	0	0	0	0
Q6NUS6-3	0	0	0	0	0	2	0	0	0	0
Q6NUS6-4	2	0	0	0	0	0	0	0	0	0
Q6NUS6-5	1	0	0	0	0	1	0	0	0	0
Q6P5X5-2	16	0	0	0	0	0	0	0	0	0
Q6PI98-3	48	0	0	0	0	0	0	0	0	0
Q6PI98-4	36	0	0	0	0	0	0	0	0	0
Q6PID8-2	0	0	0	0	0	1	0	0	0	0
Q6UX01-2	0	0	0	0	0	1	0	0	1	1
Q6UX01-3	0	0	0	0	0	1	0	0	0	0
Q6UX01-4	46	0	0	0	0	0	0	0	0	0
Q6UX01-5	28	0	0	0	0	0	0	0	0	0
Q6UX07-2	0	0	0	0	0	1	0	0	0	0
Q6UX07-3	0	0	0	0	0	1	0	0	0	0
Q6V1P9-5	27	0	0	0	0	0	0	0	0	0
Q6XR72-2	0	0	0	0	0	1	0	0	0	0
Q6XR72-3	7	0	0	0	0	0	0	0	0	0
Q6ZMP0-2	12	0	0	0	0	0	0	0	0	0
Q6ZMP0-3	143	0	0	0	0	0	0	0	0	0
Q6ZMP0-4	20	0	0	0	0	0	0	0	0	0
Q6ZSJ9-2	32	0	0	0	0	0	0	0	0	0
Q6ZSJ9-3	51	0	0	0	0	0	0	0	0	0
Q6ZW31-2	0	0	0	0	0	1	0	0	0	0
Q6ZWL3-2	0	0	0	0	0	1	0	0	0	0
Q71RH2-2	0	0	0	0	0	1	0	0	0	0
Q71SY5-4	78	0	0	0	0	0	0	0	0	0
Q71SY5-5	0	0	0	0	0	1	0	0	0	0
Q71SY5-6	0	0	0	0	0	1	0	0	0	0
Q75N03-2	0	0	0	0	0	1	0	0	0	0
Q7L8A9-2	25	0	0	0	0	0	0	0	0	0
Q7Z412-2	0	0	0	0	0	1	0	0	0	0
Q7Z5J1-2	57	0	0	9	9	0	0	0	0	0
Q7Z5J1-3	0	0	0	0	0	1	0	0	0	0
Q7Z5J1-4	0	0	0	0	0	1	0	0	0	0
Q7Z5J1-5	57	0	0	9	9	1	0	0	0	0
Q7Z5J1-6	57	0	0	9	9	1	0	0	0	0
Q7Z5J1-7	57	0	0	9	9	1	0	0	0	0
Q7Z5J1-8	16	0	0	0	0	0	0	0	0	0
Q7Z736-2	63	0	0	0	0	0	0	0	0	0
Q7Z736-3	39	0	0	0	0	0	0	0	0	0
Q7Z736-4	16	0	0	0	0	0	0	0	0	0
Q86SE8-2	11	0	0	0	0	1	0	0	0	0
Q86TE4-2	26	0	0	0	0	0	0	0	0	0
Q86TE4-3	4	0	0	0	0	0	0	0	0	0
Q86TE4-4	0	0	0	0	0	1	0	0	0	0
Q86U06-2	1	0	0	0	0	0	0	0	0	0
Q86U06-3	6	0	0	0	0	0	0	0	0	0
Q86U06-4	1	0	0	0	0	1	0	0	0	0
Q86U06-5	74	0	0	0	0	0	0	0	0	0
Q86WI0-2	0	0	0	0	0	1	0	0	0	0
Q86WI0-3	0	0	0	0	0	1	0	0	0	0
Q86WQ0-2	29	0	0	0	0	0	0	0	0	0
Q86WZ6-2	0	0	0	0	0	1	0	0	0	0
Q86X29-2	0	0	0	0	0	2	0	0	0	0
Q86X29-3	0	0	0	0	0	2	0	0	0	0
Q86X29-4	0	0	0	0	0	1	0	0	0	0
Q86X29-5	1	0	0	0	0	0	0	0	0	0
Q86X29-6	1	0	0	0	0	1	0	0	0	0
Q86X40-2	22	0	0	0	0	0	0	0	0	0
Q86X40-3	39	0	0	0	0	0	0	0	0	0
Q86YD1-2	74	0	0	0	0	0	0	0	0	0
Q86YD1-3	0	0	0	0	0	1	0	0	0	0
Q86YJ7-2	0	0	0	0	0	1	0	0	0	0
Q86YN1-2	0	0	0	0	0	1	0	0	0	0
Q8IU60-2	0	0	0	0	0	1	0	0	0	0
Q8IUH4-2	0	0	0	0	0	1	0	0	0	0
Q8IUH4-3	0	0	0	0	0	1	0	0	0	0
Q8IV42-2	25	0	0	0	0	0	0	0	0	0
Q8IVG5-2	0	0	0	0	0	1	0	0	0	0
Q8IZD6-2	2	0	0	0	0	0	0	0	0	0
Q8IZF0-2	77	0	0	0	0	0	0	0	0	0
Q8IZF0-3	0	0	0	0	0	1	0	0	0	0
Q8IZN3-2	0	0	0	0	0	1	0	0	0	0
Q8N4B1-4	13	0	0	0	0	0	0	0	0	0
Q8N4B1-2	14	0	0	0	0	0	0	0	0	0
Q8N4B1-3	18	0	0	0	0	0	0	0	0	0
Q8N4S7-2	0	0	0	0	0	1	0	0	0	0
Q8N4S7-3	0	0	0	0	0	1	0	0	0	0
Q8N6T7-2	0	0	0	0	0	1	0	0	0	0
Q8N755-2	0	0	0	0	0	1	0	0	0	0
Q8N9A8-2	17	0	0	14	14	0	0	0	0	0
Q8N9A8-3	15	0	0	0	0	0	0	0	0	0
Q8N9H8-2	8	0	0	0	0	0	0	0	0	0
Q8N9H8-3	0	0	0	0	0	3	0	0	0	0
Q8N9H8-4	14	0	0	0	0	0	0	0	0	0
Q8N9H8-5	27	0	0	0	0	0	0	0	0	0
Q8NB15-1	35	0	0	0	0	0	0	0	0	0
Q8NCC5-2	0	0	0	0	0	1	0	0	0	0
Q8NCC5-3	99	0	0	0	0	0	0	0	0	0
Q8NCE0-2	0	0	0	0	0	1	0	0	0	0
Q8NCE0-3	0	0	0	0	0	1	0	0	0	0
Q8NCE0-4	0	0	0	0	0	1	0	0	0	0
Q8NCE0-5	12	0	0	0	0	1	0	0	0	0
Q8NEP7-2	56	0	0	0	0	0	0	0	0	0
Q8NEP7-3	82	0	0	0	0	0	0	0	0	0
Q8NHS3-2	4	0	0	0	0	2	0	0	0	0
Q8TAA9-2	0	0	0	0	0	1	0	0	0	0
Q8TB24-4	26	0	0	7	7	0	0	0	0	0
Q8TBM7-3	19	0	0	0	0	0	0	0	0	0
Q8TBR7-1	0	0	0	0	0	1	0	0	0	0
Q8TCI5-2	21	0	0	0	0	0	0	0	0	0
Q8TCI5-3	0	0	0	0	0	1	0	0	0	0
Q8TCQ1-2	36	0	0	0	0	0	0	0	0	0
Q8TCT1-2	37	0	0	0	0	0	0	0	0	0
Q8TCT1-3	39	0	0	0	0	0	0	0	0	0
Q8TDQ0-2	11	0	0	0	0	0	0	0	0	0
Q8TEB9-2	8	0	0	0	0	0	0	0	0	0
Q8WU67-2	75	0	0	0	0	0	0	0	0	0
Q8WV44-2	29	0	0	0	0	0	0	0	0	0
Q8WV44-3	0	0	0	0	0	1	0	0	0	0
Q8WV44-4	1	0	0	0	0	0	0	0	0	0
Q8WXK3-2	1	0	0	0	0	0	0	0	0	0
Q8WYN0-2	0	0	0	0	0	1	0	0	0	0
Q8WYN0-3	0	0	0	0	0	1	0	0	0	0
Q8WYN0-5	0	0	0	0	0	1	0	0	0	0
Q8WYP3-2	49	0	0	0	0	0	0	0	0	0
Q8WZ71-2	0	0	0	0	0	1	0	0	0	0
Q92626-2	22	0	0	0	0	0	0	0	0	0
Q92664-2	2	0	0	0	0	0	0	0	0	0
Q92830-2	0	0	0	0	0	1	0	0	0	0
Q92832-2	0	0	0	0	0	1	0	0	0	0
Q92989-2	0	0	0	0	0	1	0	0	0	0
Q969H6-2	0	0	0	0	0	1	0	0	0	0
Q969S8-2	0	0	0	0	0	1	0	0	0	0
Q969S8-4	47	0	0	12	12	0	0	0	0	0
Q969S8-5	0	0	0	0	0	1	0	0	0	0
Q969T3-2	3	0	0	0	0	0	0	0	0	0
Q969T3-3	6	0	0	0	0	0	0	0	0	0
Q969W9-2	1	0	0	0	0	0	0	0	0	0
Q969W9-3	0	0	0	0	0	1	0	0	0	0
Q96A37-2	0	0	0	0	0	1	0	0	0	0
Q96A37-3	0	0	0	0	0	1	0	0	0	0
Q96A46-2	0	0	0	0	0	1	0	0	0	0
Q96A46-3	0	0	0	0	0	2	0	0	0	0
Q96AE7-2	66	0	0	0	0	0	0	0	0	0
Q96AQ1-2	0	0	0	0	0	1	0	0	1	1
Q96AW1-2	6	0	0	0	0	0	0	0	0	0
Q96AW1-3	14	0	0	0	0	0	0	0	0	0
Q96AW1-4	0	0	0	0	0	1	0	0	0	0
Q96AZ6-2	10	0	0	0	0	0	0	0	0	0
Q96BI3-2	1	0	0	0	0	0	0	0	0	0
Q96BI3-3	12	0	0	0	0	0	0	0	0	0
Q96C03-3	11	0	0	11	11	0	0	0	0	0
Q96C03-2	95	0	0	0	0	1	0	0	0	0
Q96DC7-2	6	0	0	0	0	0	0	0	0	0
Q96E40-2	3	0	0	0	0	0	0	0	0	0
Q96EW2-2	35	0	0	0	0	0	0	0	0	0
Q96EW2-3	28	0	0	0	0	0	0	0	0	0
Q96FZ5-2	0	0	0	0	0	1	0	0	0	0
Q96HA1-2	0	0	0	0	0	1	0	0	0	0
Q96HA1-3	43	0	0	0	0	1	0	0	0	0
Q96HA7-2	11	0	0	0	0	0	0	0	0	0
Q96HA9-2	0	0	0	0	0	1	0	0	0	0
Q96IQ9-2	81	0	0	6	6	0	0	0	0	0
Q96J84-2	16	0	0	0	0	0	0	0	0	0
Q96J84-3	1	0	0	0	0	0	0	0	0	0
Q96JK4-2	26	0	0	0	0	0	0	0	0	0
Q96JM7-2	0	0	0	0	0	1	0	0	0	0
Q96LA8-2	1	0	0	0	0	0	0	0	0	0
Q96LI5-2	17	0	0	0	0	1	0	0	0	0
Q96LT9-2	0	0	0	0	0	1	0	0	0	0
Q96MN5-2	0	0	0	0	0	1	0	0	0	0
Q96MY7-2	63	0	0	0	0	0	0	0	0	0
Q96N28-2	0	0	0	0	0	1	0	0	0	0
Q96NT3-2	1	0	0	1	1	0	0	0	0	0
Q96NT3-3	69	0	0	1	1	0	0	0	0	0
Q96PN7-2	0	0	0	0	0	2	0	0	0	0
Q96PN7-3	12	0	0	0	0	2	0	0	0	0
Q96PN7-4	0	0	0	0	0	1	0	0	0	0
Q96PN7-5	12	0	0	0	0	1	0	0	0	0
Q96PV6-1	67	0	0	0	0	1	0	0	0	0
Q96PV6-3	0	0	0	0	0	1	0	0	0	0
Q96RP7-2	67	0	0	0	0	0	0	0	0	0
Q96RV3-2	9	0	0	0	0	1	0	0	0	0
Q96RV3-3	0	0	0	0	0	1	0	0	0	0
Q96RV3-4	0	0	0	0	0	2	0	0	0	0
Q96S06-2	0	0	0	0	0	1	0	0	0	0
Q96S94-5	3	0	0	0	0	0	0	0	0	0
Q96S94-2	7	0	0	0	0	0	0	0	0	0
Q96S94-3	0	0	0	0	0	1	0	0	0	0
Q96S94-4	16	0	0	0	0	0	0	0	0	0
Q96SK2-2	0	0	0	0	0	1	0	0	1	1
Q96SK2-3	0	0	0	0	0	1	0	0	1	1
Q96SK2-4	12	0	0	0	0	0	0	0	0	0
Q96SL1-2	28	0	0	0	0	0	0	0	0	0
Q99502-2	7	0	0	0	0	0	0	0	0	0
Q99502-3	0	0	0	0	0	2	0	0	0	0
Q99985-2	4	0	0	0	0	1	0	0	0	0
Q9BRA0-2	73	0	0	0	0	0	0	0	0	0
Q9BRK3-2	16	0	0	0	0	0	0	0	0	0
Q9BRK3-3	7	0	0	0	0	0	0	0	0	0
Q9BRK3-4	0	0	0	0	0	1	0	0	0	0
Q9BRR9-2	0	0	0	0	0	1	0	0	0	0
Q9BRR9-3	0	0	0	0	0	1	0	0	0	0
Q9BRR9-4	0	0	0	0	0	2	0	0	0	0
Q9BRR9-5	1	0	0	0	0	1	0	0	0	0
Q9BRY0-2	32	0	0	0	0	0	0	0	0	0
Q9BT04-2	23	0	0	0	0	0	0	0	0	0
Q9BT04-3	0	0	0	0	0	1	0	0	0	0
Q9BTC8-2	7	0	0	0	0	0	0	0	0	0
Q9BUT9-2	14	0	0	0	0	0	0	0	0	0
Q9BUV0-2	14	0	0	0	0	0	0	0	0	0
Q9BUV0-3	2	0	0	0	0	0	0	0	0	0
Q9BV47-2	0	0	0	0	0	1	0	0	0	0
Q9BW60-2	0	0	0	0	0	1	0	0	0	0
Q9BY07-3	0	0	0	0	0	1	0	0	0	0
Q9BY07-2	6	0	0	0	0	0	0	0	0	0
Q9BY07-4	0	0	0	0	0	1	0	0	0	0
Q9BY07-5	123	0	0	0	0	0	0	0	0	0
Q9BY07-6	11	0	0	0	0	3	0	0	0	0
Q9BY07-7	1	0	0	0	0	2	0	0	0	0
Q9BYX4-2	11	0	0	0	0	0	0	0	0	0
Q9BZD2-2	0	0	0	0	0	1	0	0	0	0
Q9BZX2-2	0	0	0	0	0	1	0	0	0	0
Q9C004-2	7	0	0	0	0	1	0	0	0	0
Q9C035-3	43	0	0	0	0	0	0	0	0	0
Q9C035-2	11	0	0	0	0	0	0	0	0	0
Q9C035-4	28	0	0	0	0	0	0	0	0	0
Q9C035-5	18	0	0	0	0	0	0	0	0	0
Q9C035-6	5	0	0	0	0	0	0	0	0	0
Q9GZS1-1	83	0	0	0	0	0	0	0	0	0
Q9H0F6-2	18	0	0	0	0	0	0	0	0	0
Q9H1B5-2	53	0	0	0	0	0	0	0	0	0
Q9H336-2	19	0	0	0	0	0	0	0	0	0
Q9H3U5-2	6	0	0	0	0	0	0	0	0	0
Q9H3U5-3	17	0	0	0	0	0	0	0	0	0
Q9H3U5-4	0	0	0	0	0	1	0	0	0	0
Q9H3U5-5	66	0	0	0	0	0	0	0	0	0
Q9H3U5-6	49	0	0	0	0	0	0	0	0	0
Q9H4K7-2	0	0	0	0	0	1	0	0	0	0
Q9H6A9-2	47	0	0	0	0	0	0	0	0	0
Q9H6A9-3	9	0	0	0	0	0	0	0	0	0
Q9H6R0-2	0	0	0	0	0	1	0	0	0	0
Q9H6R4-2	9	0	0	0	0	0	0	0	0	0
Q9H6R4-3	0	0	0	0	0	1	0	0	0	0
Q9H6R4-4	0	0	0	0	0	1	0	0	0	0
Q9HA72-2	30	0	0	0	0	0	0	0	0	0
Q9HA72-3	15	0	0	0	0	0	0	0	0	0
Q9HBE1-4	82	0	0	0	0	0	0	0	0	0
Q9HBE1-2	31	0	0	7	7	0	0	0	0	0
Q9HBE1-3	0	0	0	0	0	1	0	0	0	0
Q9HD89-2	1	0	0	0	0	0	0	0	0	0
Q9NPB0-2	1	0	0	0	0	0	0	0	0	0
Q9NPF0-2	0	0	0	0	0	1	0	0	0	0
Q9NRG9-2	1	0	0	0	0	0	0	0	0	0
Q9NS00-2	13	0	0	0	0	0	0	0	0	0
Q9NS39-2	61	0	0	0	0	0	0	0	0	0
Q9NSI2-2	0	0	0	0	0	1	0	0	0	0
Q9NSI8-2	0	0	0	0	0	1	0	0	0	0
Q9NSI8-3	86	0	0	0	0	0	0	0	0	0
Q9NT22-2	0	0	0	0	0	1	0	0	0	0
Q9NTN9-3	131	0	0	0	0	0	0	0	0	0
Q9NTN9-2	5	0	0	0	0	0	0	0	0	0
Q9NUE0-2	0	0	0	0	0	1	0	0	0	0
Q9NUX5-2	7	0	0	0	0	0	0	0	0	0
Q9NV66-2	17	0	0	0	0	0	0	0	0	0
Q9NVF9-2	56	0	0	0	0	0	0	0	0	0
Q9NVF9-3	0	0	0	0	0	1	0	0	0	0
Q9NWK9-2	0	0	0	0	0	1	0	0	0	0
Q9NX78-3	1	0	0	0	0	0	0	0	0	0
Q9NXL9-2	33	0	0	5	5	0	0	0	0	0
Q9NXL9-3	7	0	0	0	0	0	0	0	0	0
Q9NXL9-4	1	0	0	0	0	0	0	0	0	0
Q9NXX6-2	35	0	0	0	0	0	0	0	0	0
Q9NY93-2	0	0	0	0	0	1	0	0	0	0
Q9NYA1-2	86	0	0	0	0	0	0	0	0	0
Q9NYA1-3	14	0	0	0	0	0	0	0	0	0
Q9NZC2-2	52	0	0	0	0	0	0	0	0	0
Q9NZC2-3	55	0	0	0	0	0	0	0	0	0
Q9P003-2	0	0	0	0	0	1	0	0	0	0
Q9P2N2-2	46	0	0	0	0	1	0	0	0	0
Q9P2N2-3	49	0	0	0	0	0	0	0	0	0
Q9P2N2-5	0	0	0	0	0	1	0	0	0	0
Q9UBC1-2	0	0	0	0	0	1	0	0	0	0
Q9UBC1-3	0	0	0	0	0	1	0	0	0	0
Q9UET6-2	0	0	0	0	0	1	0	0	0	0
Q9UFF9-2	0	0	0	0	0	1	0	0	0	0
Q9UFF9-3	0	0	0	0	0	1	0	0	0	0
Q9UGQ2-2	1	0	0	0	0	0	0	0	0	0
Q9UGQ2-3	91	0	0	0	0	0	0	0	0	0
Q9UGQ2-4	90	0	0	0	0	0	0	0	0	0
Q9UGQ3-2	0	0	0	0	0	1	0	0	0	0
Q9UJA2-2	2	0	0	0	0	0	0	0	0	0
Q9UK00-2	0	0	0	0	0	1	0	0	0	0
Q9UKV0-3	16	0	0	0	0	0	0	0	0	0
Q9UKV0-6	64	0	0	0	0	1	0	0	0	0
Q9UKV0-7	64	0	0	0	0	0	0	0	0	0
Q9UKV0-10	19	0	0	0	0	1	0	0	0	0
Q9UKV0-11	16	0	0	0	0	3	0	0	0	0
Q9UKV0-2	0	0	0	0	0	1	0	0	0	0
Q9UKV0-4	16	0	0	0	0	0	0	0	0	0
Q9UKV0-5	61	0	0	0	0	0	0	0	0	0
Q9UKV0-8	58	0	0	0	0	1	0	0	0	0
Q9UKV0-9	16	0	0	0	0	1	0	0	0	0
Q9ULC8-2	0	0	0	0	0	1	0	0	0	0
Q9ULC8-3	66	0	0	0	0	0	0	0	0	0
Q9ULD6-2	11	0	0	0	0	0	0	0	0	0
Q9ULD6-3	12	0	0	0	0	0	0	0	0	0
Q9ULD6-4	29	0	0	0	0	0	0	0	0	0
Q9ULI2-2	23	0	0	0	0	0	0	0	0	0
Q9ULZ9-2	0	0	0	0	0	1	0	0	0	0
Q9UMR5-2	44	0	0	0	0	0	0	0	0	0
Q9UMR5-3	6	0	0	0	0	0	0	0	0	0
Q9UPS6-2	0	0	0	0	0	2	0	0	0	0
Q9Y3V2-2	4	0	0	0	0	0	0	0	0	0
Q9Y3V2-3	30	0	0	0	0	0	0	0	0	0
Q9Y3V2-4	18	0	0	0	0	0	0	0	0	0
Q9Y5F8-2	3	0	0	0	0	0	0	0	0	0
Q9Y5G8-2	6	0	0	0	0	0	0	0	0	0
Q9Y5H2-2	20	0	0	0	0	0	0	0	0	0
Q9Y5H2-3	0	0	0	0	0	1	0	0	0	0
Q9Y5H3-2	35	0	0	0	0	0	0	0	0	0
Q9Y5H6-2	13	0	0	0	0	1	0	0	0	0
Q9Y6I8-2	10	0	0	0	0	1	0	0	0	0
O43934-2	0	0	0	0	0	1	0	0	0	0
O95069-2	0	0	0	0	0	1	0	0	0	0
O95069-3	11	0	0	0	0	0	0	0	0	0
O95069-4	28	0	0	0	0	0	0	0	0	0
O95236-2	2	0	0	0	0	0	0	0	0	0
O95236-3	0	0	0	0	0	1	0	0	0	0
P0C869-6	232	0	0	0	0	0	0	0	0	0
P0C869-8	232	0	0	0	0	1	0	0	0	0
P0C869-4	0	0	0	0	0	1	0	0	0	0
P0C869-7	241	0	0	0	0	0	0	0	0	0
P11049-2	0	0	0	0	0	1	0	0	0	0
P11049-3	14	0	0	0	0	1	0	0	0	0
P34998-2	0	0	0	0	0	1	0	0	0	0
P34998-3	1	0	0	0	0	1	0	0	0	0
P34998-4	0	0	0	0	0	2	0	0	0	0
P34998-5	0	0	0	0	0	1	0	0	0	0
P48380-2	51	0	0	0	0	0	0	0	0	0
P48380-3	10	0	0	0	0	0	0	0	0	0
P54821-2	18	0	0	0	0	0	0	0	0	0
Q13887-2	0	0	0	0	0	1	0	0	0	0
Q13887-3	59	0	0	0	0	0	0	0	0	0
Q13887-4	0	0	0	0	0	1	0	0	0	0
Q15485-2	0	0	0	0	0	1	0	0	0	0
Q3SXY8-2	0	0	0	0	0	1	0	0	0	0
Q3SXY8-3	0	0	0	0	0	1	0	0	0	0
Q70J99-2	43	0	0	0	0	0	0	0	0	0
Q70J99-3	62	0	0	0	0	0	0	0	0	0
Q86TJ2-3	0	0	0	0	0	1	0	0	0	0
Q86TJ2-2	0	0	0	0	0	1	0	0	0	0
Q8IYA8-2	25	0	0	0	0	1	0	0	0	0
Q8IYA8-3	62	0	0	8	8	0	0	0	0	0
Q8N2S1-2	72	0	0	9	9	1	0	0	0	0
Q8N2S1-3	27	0	0	0	0	0	0	0	0	0
Q8N2S1-4	8	0	0	0	0	2	0	0	0	0
Q8N539-2	40	0	0	0	0	1	0	0	0	0
Q8TCT0-2	0	0	0	0	0	1	0	0	0	0
Q92496-2	0	0	0	0	0	1	0	0	0	0
Q92496-3	0	0	0	0	0	1	0	0	0	0
Q96BD0-2	56	0	0	0	0	1	0	0	0	0
Q96BD0-3	111	0	0	0	0	0	0	0	0	0
Q96BD0-4	32	0	0	0	0	0	0	0	0	0
Q96CG8-2	39	0	0	0	0	0	0	0	0	0
Q96CG8-3	35	0	0	0	0	0	0	0	0	0
Q96GP6-2	0	0	0	0	0	1	0	0	0	0
Q96P44-2	3	0	0	0	0	1	0	0	0	0
Q96P44-3	0	0	0	0	0	1	0	0	0	0
Q96T88-2	13	0	0	0	0	0	0	0	0	0
Q99788-2	0	0	0	0	0	1	0	0	0	0
Q9H2F3-2	19	0	0	0	0	0	0	0	0	0
Q9NPJ8-3	55	0	0	0	0	0	0	0	0	0
Q9NPJ8-4	0	0	0	0	0	1	0	0	0	0
Q9NUD5-2	0	0	0	0	0	1	0	0	0	0
Q9UBN4-2	0	0	0	0	0	1	0	0	0	0
Q9UBN4-3	0	0	0	0	0	1	0	0	0	0
Q9UBN4-4	0	0	0	0	0	2	0	0	0	0
Q9UBN4-5	5	0	0	0	0	0	0	0	0	0
Q9UBN4-6	0	0	0	0	0	1	0	0	0	0
Q9UBN4-7	18	0	0	0	0	1	0	0	0	0
A4FU01-2	8	0	0	0	0	0	0	0	0	0
A4FU01-3	8	0	0	0	0	1	0	0	0	0
A4FU01-4	12	0	0	0	0	0	0	0	0	0
A4FU01-5	31	0	0	0	0	0	0	0	0	0
A4FU01-6	5	0	0	0	0	1	0	0	0	0
A8MYP8-2	32	0	0	0	0	0	0	0	0	0
O14593-2	1	0	0	0	0	2	0	0	0	0
O14593-3	1	0	0	0	0	0	0	0	0	0
O14682-2	0	0	0	0	0	1	0	0	0	0
O14896-2	0	0	0	0	0	1	0	0	0	0
O15519-10	35	0	0	0	0	0	0	0	0	0
O15519-11	24	0	0	0	0	0	0	0	0	0
O15519-12	28	0	0	0	0	0	0	0	0	0
O15519-15	0	0	0	0	0	1	0	0	0	0
O15519-2	16	0	0	0	0	0	0	0	0	0
O15519-3	24	0	0	0	0	1	0	0	0	0
O15519-4	0	0	0	0	0	1	0	0	0	0
O15519-5	1	0	0	0	0	0	0	0	0	0
O15519-6	19	0	0	0	0	0	0	0	0	0
O15519-7	25	0	0	0	0	1	0	0	0	0
O15519-8	0	0	0	0	0	1	0	0	0	0
O15519-9	32	0	0	0	0	1	0	0	0	0
O75030-10	10	0	0	0	0	1	0	0	0	0
O75030-11	10	0	0	0	0	2	0	0	0	0
O75030-12	0	0	0	0	0	2	0	0	0	0
O75030-2	0	0	0	0	0	1	0	0	0	0
O75030-3	8	0	0	0	0	0	0	0	0	0
O75030-4	8	0	0	0	0	1	0	0	0	0
O75030-5	32	0	0	0	0	0	0	0	0	0
O75030-6	32	0	0	0	0	1	0	0	0	0
O75030-7	18	0	0	0	0	0	0	0	0	0
O75030-8	18	0	0	0	0	1	0	0	0	0
O75030-9	10	0	0	0	0	0	0	0	0	0
O94769-2	21	0	0	0	0	1	0	0	0	0
P08949-2	44	0	0	0	0	0	0	0	0	0
P11308-1	10	0	0	0	0	1	0	0	0	0
P11308-2	0	0	0	0	0	2	0	0	0	0
P11308-3	10	0	0	0	0	0	0	0	0	0
P11308-5	13	0	0	0	0	0	0	0	0	0
P11308-6	77	0	0	0	0	0	0	0	0	0
P13727-2	0	0	0	0	0	1	0	0	0	0
P30279-2	69	0	0	0	0	0	0	0	0	0
P47804-3	0	0	0	0	0	1	0	0	0	0
P47804-2	4	0	0	0	0	0	0	0	0	0
Q14435-2	17	0	0	0	0	0	0	0	0	0
Q14449-2	17	0	0	0	0	0	0	0	0	0
Q16570-2	8	0	0	0	0	0	0	0	0	0
Q2T9J0-2	9	0	0	0	0	0	0	0	0	0
Q53EV4-2	56	0	0	0	0	0	0	0	0	0
Q6GPH4-2	0	0	0	0	0	1	0	0	0	0
Q6GPH4-4	0	0	0	0	0	1	0	0	0	0
Q6GPH4-5	23	0	0	0	0	0	0	0	0	0
Q6GPH4-6	33	0	0	0	0	0	0	0	0	0
Q6GPH4-7	18	0	0	0	0	0	0	0	0	0
Q6P9H5-2	19	0	0	0	0	0	0	0	0	0
Q6P9H5-3	26	0	0	0	0	1	0	0	0	0
Q6XYB7-2	64	0	0	15	15	0	0	0	0	0
Q7L5Y6-2	11	0	0	0	0	0	0	0	0	0
Q86UC2-2	0	0	0	0	0	1	0	0	0	0
Q86UY6-3	0	0	0	0	0	1	0	0	0	0
Q86UY6-4	10	0	0	0	0	0	0	0	0	0
Q86XW9-2	13	0	0	0	0	2	0	0	0	0
Q86XW9-3	13	0	0	0	0	1	0	0	0	0
Q8IUX4-2	15	0	0	0	0	0	0	0	0	0
Q8IUX4-3	43	0	0	0	0	0	0	0	0	0
Q8IW40-2	6	0	0	0	0	0	0	0	0	0
Q8IXF0-2	0	0	0	0	0	1	0	0	0	0
Q8IXF0-3	17	0	0	0	0	1	0	0	0	0
Q8IXF0-4	0	0	0	0	0	2	0	0	0	0
Q8IXF0-5	9	0	0	0	0	2	0	0	0	0
Q8IXF0-6	9	0	0	0	0	0	0	0	0	0
Q8IXL6-2	0	0	0	0	0	1	0	0	0	0
Q8TDY8-2	49	0	0	0	0	1	0	0	0	0
Q96C92-2	0	0	0	0	0	1	0	0	0	0
Q96C92-3	0	0	0	0	0	1	0	0	0	0
Q96C92-4	0	0	0	0	0	1	0	0	0	0
Q96GE4-2	0	0	0	0	0	1	0	0	0	0
Q96MU8-2	22	0	0	0	0	0	0	0	0	0
Q96MU8-3	2	0	0	0	0	1	0	0	0	0
Q96NU1-1	0	0	0	0	0	2	0	0	0	0
Q96NU1-2	33	0	0	0	0	1	0	0	0	0
Q96NU1-4	1	0	0	0	0	1	0	0	0	0
Q96NU1-5	34	0	0	0	0	1	0	0	0	0
Q96NU1-6	0	0	0	0	0	1	0	0	0	0
Q96SI1-2	3	0	0	0	0	0	0	0	0	0
Q9BXY5-2	57	0	0	0	0	1	0	0	0	0
Q9BXY5-3	0	0	0	0	0	2	0	0	0	0
Q9BZG2-2	0	0	0	0	0	1	0	0	1	1
Q9BZG2-3	46	0	0	0	0	0	0	0	0	0
Q9BZZ2-2	18	0	0	0	0	0	0	0	0	0
Q9BZZ2-3	36	0	0	0	0	0	0	0	0	0
Q9H3C7-2	6	0	0	0	0	0	0	0	0	0
Q9H3C7-3	1	0	0	0	0	0	0	0	0	0
Q9H5V8-2	0	0	0	0	0	1	0	0	0	0
Q9H5V8-3	1	0	0	0	0	0	0	0	0	0
Q9H6P5-2	32	0	0	0	0	0	0	0	0	0
Q9H6P5-3	47	0	0	0	0	0	0	0	0	0
Q9H939-2	62	0	0	0	0	0	0	0	0	0
Q9NRM0-2	20	0	0	0	0	0	0	0	0	0
Q9NV58-2	28	0	0	0	0	0	0	0	0	0
Q9NV58-3	0	0	0	0	0	1	0	0	0	0
Q9P212-2	83	0	0	0	0	0	0	0	0	0
Q9UL19-2	26	0	0	0	0	0	0	0	0	0
Q9ULE3-2	20	0	0	0	0	0	0	0	0	0
Q9UPQ4-2	60	0	0	0	0	0	0	0	0	0
Q9Y272-2	23	0	0	0	0	0	0	0	0	0
Q9Y6Q2-2	440	0	0	0	0	0	0	0	0	0
Q9Y6Q2-3	415	0	0	0	0	0	0	0	0	0
O75311-2	0	0	0	0	0	1	0	0	0	0
O75820-2	0	0	0	0	0	1	0	0	0	0
O75820-3	0	0	0	0	0	1	0	0	0	0
O75820-4	0	0	0	0	0	1	0	0	0	0
P13224-2	207	0	0	0	0	0	0	0	0	0
P24863-2	0	0	0	0	0	1	0	0	0	0
P49765-2	52	0	0	0	0	0	0	0	0	0
Q32P28-2	3	0	0	0	0	0	0	0	0	0
Q32P28-3	119	0	0	0	0	0	0	0	0	0
Q32P28-4	12	0	0	0	0	0	0	0	0	0
Q66K79-2	0	0	0	0	0	1	0	0	0	0
Q66K79-3	0	0	0	0	0	1	0	0	0	0
Q6J4K2-2	0	0	0	0	0	1	0	0	0	0
Q6WKZ4-1	0	0	0	0	0	1	0	0	0	0
Q6WKZ4-2	10	0	0	0	0	2	0	0	0	0
Q6WKZ4-3	0	0	0	0	0	1	0	0	0	0
Q6WKZ4-5	23	0	0	0	0	0	0	0	0	0
Q8IZV2-2	0	0	0	0	0	1	0	0	0	0
Q8TF72-2	50	0	0	0	0	0	0	0	0	0
Q8WUJ3-2	12	0	0	0	0	0	0	0	0	0
Q93097-2	40	0	0	0	0	0	0	0	0	0
Q96PC3-2	21	0	0	0	0	0	0	0	0	0
Q96PC3-3	7	0	0	0	0	0	0	0	0	0
Q96PC3-4	11	0	0	0	0	0	0	0	0	0
Q9BZB8-2	0	0	0	0	0	1	0	0	0	0
Q9BZB8-3	2	0	0	0	0	1	0	0	0	0
Q9BZB8-4	0	0	0	0	0	2	0	0	0	0
Q9H239-2	3	0	0	0	0	0	0	0	0	0
Q9UBI4-2	0	0	0	0	0	1	0	0	0	0
Q9UBI4-3	0	0	0	0	0	1	0	0	0	0
Q9UBI4-4	0	0	0	0	0	2	0	0	0	0
Q9UBI4-5	1	0	0	0	0	1	0	0	0	0
Q9UBI4-6	0	0	0	0	0	1	0	0	0	0
O75095-2	51	0	0	0	0	1	0	0	0	0
O75618-2	31	0	0	0	0	0	0	0	0	0
Q03721-2	44	0	0	0	0	0	0	0	0	0
Q03721-3	20	0	0	0	0	0	0	0	0	0
Q5SVS4-2	0	0	0	0	0	1	0	0	0	0
Q9C0B9-2	0	0	0	0	0	1	0	0	0	0
Q13422-7	0	0	0	0	0	1	0	0	0	0
Q13422-2	0	0	0	0	0	1	0	0	0	0
Q13422-3	0	0	0	0	0	1	0	0	0	0
Q13422-4	0	0	0	0	0	2	0	0	0	0
Q13422-5	0	0	0	0	0	1	0	0	0	0
Q13422-6	0	0	0	0	0	1	0	0	0	0
Q13422-8	9	0	0	0	0	1	0	0	0	0
Q4VC44-2	0	0	0	0	0	1	0	0	0	0
Q4VC44-3	49	0	0	0	0	0	0	0	0	0
Q4VC44-4	0	0	0	0	0	1	0	0	0	0
Q4VC44-5	108	0	0	0	0	0	0	0	0	0
Q6PH81-2	0	0	0	0	0	1	0	0	0	0
Q9NNX6-10	14	0	0	0	0	1	0	0	0	0
Q9NNX6-11	14	0	0	0	0	2	0	0	0	0
Q9NNX6-12	35	0	0	0	0	1	0	0	0	0
Q9NNX6-2	0	0	0	0	0	1	0	0	0	0
Q9NNX6-3	0	0	0	0	0	1	0	0	0	0
Q9NNX6-4	0	0	0	0	0	1	0	0	0	0
Q9NNX6-5	14	0	0	0	0	0	0	0	0	0
Q9NNX6-6	0	0	0	0	0	1	0	0	0	0
Q9NNX6-7	0	0	0	0	0	1	0	0	0	0
Q9NNX6-8	0	0	0	0	0	2	0	0	0	0
Q9NNX6-9	5	0	0	0	0	0	0	0	0	0
Q9NVW2-2	2	0	0	0	0	0	0	0	0	0
Q9P0U3-2	0	0	0	0	0	1	0	0	0	0
P22455-2	24	0	0	0	0	0	0	0	0	0
P54868-2	0	0	0	0	0	1	0	0	0	0
P54868-3	0	0	0	0	0	1	0	0	0	0
Q4AC94-1	3	0	0	0	0	0	0	0	0	0
Q4AC94-2	27	0	0	0	0	1	0	0	0	0
Q4AC94-3	7	0	0	0	0	0	0	0	0	0
Q4AC94-4	25	0	0	0	0	0	0	0	0	0
Q96K12-2	0	0	0	0	0	1	0	0	0	0
O60928-2	16	0	0	0	0	0	0	0	0	0
Q8NCU8-1	82	0	0	0	0	0	0	0	0	0
Q96M98-2	0	0	0	0	0	1	0	0	1	1
P33947-2	66	0	0	0	0	0	0	0	0	0
P78329-2	33	0	0	0	0	1	0	0	0	0
