isoform	events	note
A0A096LP49-2	A3SS,AF	
A0A0B4J2D5-2		no Ensembl transcript
A0A0K2S4Q6-2	SE,A5SS	
A0A0U1RRN3-2	AF,AL	
A0A1B0GTI8-2	SE,A5SS	
A0A1B0GTW7-2	SE	
A0A1B0GTW7-3		no Ensembl transcript
A0A1B0GVQ0-2		no Ensembl transcript
A0A1B0GVS7-2	SE	
A0AUZ9-2	SE	
A0AUZ9-3	A5SS,AL	
A0AUZ9-4		no Ensembl transcript
A0AV02-2		no Ensembl transcript
A0AV02-3	A3SS,AF	
A0AV02-4		no Ensembl transcript
A0AV02-5		no Ensembl transcript
A0AV96-2	SE	
A0AVF1-2	SE,A5SS	
A0AVF1-3	SE	
A0AVI2-2		no Ensembl transcript
A0AVI2-4		no Ensembl transcript
A0AVI4-2	SE,A5SS	
A0AVT1-2		no Ensembl transcript
A0AVT1-3	A5SS,AL	
A0AVT1-4		no Ensembl transcript
A0FGR8-2	A3SS	
A0FGR8-4		no Ensembl transcript
A0FGR8-5		no Ensembl transcript
A0FGR8-6		no Ensembl transcript
A0FGR9-2	A5SS,AL	
A0JLT2-2	SE,AL	
A0JNW5-2	SE,AL	
A0JP26-2	SE,AL	
A0JP26-3		no Ensembl transcript
A0MZ66-2	SE,A5SS	
A0MZ66-3		no Ensembl transcript
A0MZ66-4	SE,AL	
A0MZ66-5	A3SS,AF	
A0MZ66-6		no Ensembl transcript
A0MZ66-7		no Ensembl transcript
A0MZ66-8	SE,A3SS,AF,AL	
A0PG75-2	A5SS	
A0PJE2-2	SE,A5SS,A3SS,AF,AL	
A0PJE2-3	SE,MXE,A3SS,AF,AL	
A0PJE2-4	SE,A3SS,AF	
A0PJK1-2	SE	
A0PJK1-3	SE,MXE,A3SS,AF	
A0PJK1-4	A3SS	
A0PJK1-5	SE	
A0PJY2-2	A5SS,A3SS,RI	
A0PJY2-3		no Ensembl transcript
A0PK05-2	A3SS,AF	
A1A4F0-2		no Ensembl transcript
A1A4F0-3		no Ensembl transcript
A1A4F0-4		no Ensembl transcript
A1A4V9-2		no Ensembl transcript
A1A4V9-3		no Ensembl transcript
A1A4V9-4	A5SS,AL	
A1A4Y4-2		no Ensembl transcript
A1A4Y4-3		no Ensembl transcript
A1A4Y4-4		no Ensembl transcript
A1A519-2	A3SS	
A1A519-3	SE,A3SS	
A1A519-4		no Ensembl transcript
A1A5B4-2		no Ensembl transcript
A1A5B4-3		no Ensembl transcript
A1A5C7-2	A3SS,AF	
A1A5C7-3		no Ensembl transcript
A1A5C7-4	A5SS,AL	
A1A5D9-2	A3SS,AF	
A1KXE4-2		no Ensembl transcript
A1KZ92-2		no Ensembl transcript
A1KZ92-3		no Ensembl transcript
A1L170-2	A3SS,AF	
A1L390-2		no Ensembl transcript
A1L390-3	SE	
A1L4H1-2	SE,AL	
A1L4K1-2	SE	
A1XBS5-2	SE	
A1XBS5-3	SE,AL	
A1XBS5-4	SE,A5SS,AL	
A1XBS5-5		no Ensembl transcript
A1Z1Q3-1		canonical and isoform share a transcript
A1Z1Q3-4	A3SS,AF	
A1Z1Q3-5		no Ensembl transcript
A1Z1Q3-6	A3SS,AF	
A2A288-3		no Ensembl transcript
A2A288-4		no Ensembl transcript
A2A2Y4-2	A5SS,AL	
A2A2Y4-3	SE,A5SS,AF,AL	
A2A2Y4-4	SE,A5SS,AF,AL	
A2A2Y4-5	SE,AF	
A2A3K4-2	SE,AF	
A2AJT9-2	A5SS	
A2AJT9-3		no Ensembl transcript
A2IDD5-2		no Ensembl transcript
A2IDD5-3		no Ensembl transcript
A2IDD5-4		no Ensembl transcript
A2IDD5-5		no Ensembl transcript
A2IDD5-6		no Ensembl transcript
A2PYH4-2		no Ensembl transcript
A2RRH5-2	SE	
A2RRH5-3		no Ensembl transcript
A2RRH5-4	SE,A5SS,A3SS	
A2RRL7-2	SE	
A2RRL7-3	A3SS	
A2RRL7-4	SE,AL	
A2RRP1-2		no Ensembl transcript
A2RTX5-2		no Ensembl transcript
A2RTY3-2		no Ensembl transcript
A2RTY3-3	A5SS	
A2RTY3-4	SE,A3SS,AF,AL	
A2RTY3-5	SE,A5SS,A3SS,AF,AL	
A2RU30-2	A3SS,AF	
A2RU30-3		no Ensembl transcript
A2RU49-2	SE,AL	
A2RU49-3	A5SS,AL	
A2RUB1-1		canonical and isoform share a transcript
A2RUB1-2		no Ensembl transcript
A2RUB1-5		no Ensembl transcript
A2RUB6-2		no Ensembl transcript
A2RUB6-3	AF	
A2RUB6-4		no Ensembl transcript
A2RUC4-2		no Ensembl transcript
A2RUH7-2	A5SS	
A2RUR9-2		no Ensembl transcript
A2RUR9-3		no Ensembl transcript
A2RUS2-2	SE	
A2RUS2-3		no Ensembl transcript
A2RUS2-4		no Ensembl transcript
A2VDF0-2	SE,AL	
A2VDJ0-2		no Ensembl transcript
A2VDJ0-3		no Ensembl transcript
A2VDJ0-5	A3SS	
A2VDJ0-6		no Ensembl transcript
A2VEC9-2		no Ensembl transcript
A3KMH1-2	A5SS,AL	
A3KMH1-3		no Ensembl transcript
A3KN83-2	A3SS	
A3KN83-3	A5SS	
A3KN83-4		no Ensembl transcript
A4D0S4-2		no Ensembl transcript
A4D0S4-3		no Ensembl transcript
A4D0V7-2	SE,AL	
A4D126-2	SE	
A4D161-2	SE	
A4D161-3	SE	
A4D1B5-2		no Ensembl transcript
A4D1B5-3	A5SS,AL	
A4D1B5-4		no Ensembl transcript
A4D1E9-2	SE	
A4D1E9-3	SE,A5SS,AL	
A4D1F6-2	SE,A3SS,AF,AL	
A4D1P6-2	SE,A5SS,AL	
A4D1P6-3		no Ensembl transcript
A4D1S0-2	SE,A5SS	
A4D1S5-2		no Ensembl transcript
A4D2B8-2		no Ensembl transcript
A4D2B8-3		no Ensembl transcript
A4FU01-2		no Ensembl transcript
A4FU01-3		no Ensembl transcript
A4FU01-4	A5SS,A3SS,AF,AL	
A4FU01-5		no Ensembl transcript
A4FU01-6		no Ensembl transcript
A4FU49-3	SE,A3SS	
A4FU49-4		no Ensembl transcript
A4FU49-5		no Ensembl transcript
A4FU49-6	SE,A3SS,AF	
A4FU69-2	SE,AL	
A4FU69-3		no Ensembl transcript
A4FU69-4		no Ensembl transcript
A4FU69-5	SE,MXE,A3SS,AF,AL	
A4FU69-6		no Ensembl transcript
A4GXA9-2		no Ensembl transcript
A4IF30-2	A3SS,AF	
A4QPB2-2		no Ensembl transcript
A4QPH2-2		no Ensembl transcript
A4QPH2-4		no Ensembl transcript
A4UGR9-2	A3SS,AF	
A4UGR9-3		no Ensembl transcript
A4UGR9-4	SE,A5SS,A3SS,AF,AL	
A4UGR9-5		no Ensembl transcript
A4UGR9-6	SE,MXE,A5SS,A3SS,AF,AL	
A4UGR9-7	SE,A5SS,A3SS,AF,AL	
A4UGR9-8	A3SS,AF	
A5D6W6-2	A3SS,AF	
A5D8T8-2		no Ensembl transcript
A5D8V7-2		identical exon structure
A5D8W1-2		no Ensembl transcript
A5D8W1-3	SE,A5SS,AL	
A5D8W1-4		no Ensembl transcript
A5D8W1-5	A5SS	
A5PKW4-2	A3SS,AF	
A5PL33-2		canonical and isoform share a transcript
A5PL33-3	SE	
A5PLK6-2		no Ensembl transcript
A5PLK6-3		no Ensembl transcript
A5PLK6-4		no Ensembl transcript
A5PLK6-5		no Ensembl transcript
A5PLK6-6		no Ensembl transcript
A5PLL7-2	A5SS	
A5PLN7-2	A3SS,AF	
A5PLN7-3	A3SS	
A5PLN7-4	A3SS	
A5PLN9-2	SE	
A5PLN9-4	SE,A3SS	
A5PLN9-5	A3SS	
A5PLN9-7		no Ensembl transcript
A5X5Y0-2	SE	
A5X5Y0-3	A3SS,AF	
A5X5Y0-4	SE,A3SS,AF	
A5X5Y0-6	SE,A5SS,A3SS,AF	
A5YKK6-2	A5SS	
A5YKK6-3	SE,A5SS,AL	
A5YKK6-4	A5SS,AL	
A5YM72-2		no Ensembl transcript
A5YM72-3		no Ensembl transcript
A5YM72-4	A5SS,A3SS,RI,AF	
A5YM72-5	A3SS,AF	
A6BM72-2	SE,A3SS,AF	
A6BM72-3		no Ensembl transcript
A6BM72-4		no Ensembl transcript
A6H8M9-2	A5SS,RI,AL	
A6H8Y1-2		no Ensembl transcript
A6H8Y1-3		no Ensembl transcript
A6H8Y1-4		no Ensembl transcript
A6H8Y1-5		no Ensembl transcript
A6H8Y1-6		no Ensembl transcript
A6H8Y1-7		no Ensembl transcript
A6H8Y1-8		no Ensembl transcript
A6H8Z2-2		no Ensembl transcript
A6H8Z2-3	SE,A5SS,AL	
A6NC05-2	SE,AL	
A6NC57-2		no Ensembl transcript
A6NC86-2	A3SS	
A6NC86-3		no Ensembl transcript
A6NC86-4	A3SS,AF	
A6NC98-2		no Ensembl transcript
A6NC98-3		no Ensembl transcript
A6NC98-4		no Ensembl transcript
A6NC98-5		no Ensembl transcript
A6NC98-6		no Ensembl transcript
A6NCC3-1		no Ensembl transcript
A6NCI4-2		no Ensembl transcript
A6NCI4-3		no Ensembl transcript
A6NCI4-4	SE,A3SS,AF	
A6ND01-2	A5SS	
A6ND36-2		no Ensembl transcript
A6ND91-2	SE,AF	
A6NDA9-2	SE	
A6NDV4-2	A5SS,AL	
A6NDV4-3		no Ensembl transcript
A6NDY0-2	SE,A5SS	
A6NDY0-3		no Ensembl transcript
A6NDY0-4		no Ensembl transcript
A6NE52-2		no Ensembl transcript
A6NEC2-2		no Ensembl transcript
A6NEC2-3		no Ensembl transcript
A6NEM1-2	SE	
A6NFC5-2	SE	
A6NFC5-3	SE	
A6NFD8-4	A3SS	
A6NFN3-2	A5SS	
A6NFN9-1		no Ensembl transcript
A6NFN9-3	A5SS,AL	
A6NFQ2-2	A5SS,AL	
A6NFQ2-3	SE,AF	
A6NFR6-2		no Ensembl transcript
A6NFR6-3	A5SS,AL	
A6NFR6-4		no Ensembl transcript
A6NFU8-2	A3SS,AF	
A6NFY4-2	SE,A5SS,A3SS,AF,AL	
A6NGG3-2		no Ensembl transcript
A6NGU7-2		no Ensembl transcript
A6NH21-2		canonical and isoform share a transcript
A6NH52-2	SE,MXE	
A6NHL2-2	A3SS	
A6NHP3-2	AF,AL	
A6NHR9-2		no Ensembl transcript
A6NHR9-3		no Ensembl transcript
A6NI73-2	SE	
A6NI73-3		no Ensembl transcript
A6NI73-4		no Ensembl transcript
A6NJ46-2	SE,AF	
A6NJ78-2	SE,AL	
A6NJ78-3	SE,AL	
A6NJ78-4	A5SS,A3SS	
A6NJB7-2	A5SS,RI	
A6NK59-2		no Ensembl transcript
A6NK59-3		no Ensembl transcript
A6NK97-2		no Ensembl transcript
A6NKB5-2		no Ensembl transcript
A6NKB5-3	A5SS,A3SS,AF,AL	
A6NKB5-4		no Ensembl transcript
A6NKB5-5		no Ensembl transcript
A6NKF1-2		no Ensembl transcript
A6NKQ9-2		no Ensembl transcript
A6NKU9-2		no Ensembl transcript
A6NLP5-2	A3SS	
A6NM10-2	A5SS,A3SS,RI	
A6NMZ7-2		no Ensembl transcript
A6NNE9-2		no Ensembl transcript
A6NNF4-2		no Ensembl transcript
A6NNL0-2	SE,AL	
A6NNM8-2		no Ensembl transcript
A6NNP5-2		no Ensembl transcript
A6NNP5-3	SE,A3SS,AF,AL	
A6NNP5-4	SE,AL	
A6NNP5-5	A3SS,AF	
A6NNP5-6	SE,A3SS,AF,AL	
A6NNS2-2	A3SS	
A6NNW6-2	SE	
A6NNW6-4		no Ensembl transcript
A6PVC2-2		no Ensembl transcript
A6PVL3-2	SE	
A6PVS8-2	SE,AL	
A6PVS8-3	SE,AL	
A6PVY3-2	SE,AL	
A6QL63-2	SE	
A6QL63-3	A5SS,AL	
A6QL63-4	A3SS,AF	
A6QL63-5	SE,AF	
A6QL64-3		no Ensembl transcript
A6QL64-4	SE,A5SS,AL	
A6QL64-5	SE,A5SS,AL	
A6XGL0-2	SE	
A7E2F4-3		no Ensembl transcript
A7E2S9-2	SE,AL	
A7E2V4-2	A5SS,A3SS,RI	
A7E2V4-3		no Ensembl transcript
A7E2V4-4	A3SS	
A7E2V4-5		no Ensembl transcript
A7E2Y1-2		no Ensembl transcript
A7E2Y1-3		no Ensembl transcript
A7KAX9-2	A3SS,AF	
A7KAX9-3		no Ensembl transcript
A7MCY6-2		no Ensembl transcript
A8CG34-2	A3SS,AF	
A8K0R7-2		no Ensembl transcript
A8K0R7-5	A3SS,AF	
A8K2U0-2	SE,AF	
A8K830-1		identical exon structure
A8K830-3		no Ensembl transcript
A8K830-4	A3SS,AF	
A8K855-2		no Ensembl transcript
A8K8P3-10	SE	
A8K8P3-2	SE	
A8K8P3-3	SE	
A8K8P3-4		no Ensembl transcript
A8K8P3-5		no Ensembl transcript
A8K8P3-9	SE	
A8K8V0-2	A5SS	
A8K979-2	A3SS,AF	
A8K979-3		identical exon structure
A8K979-4	SE,AL	
A8MPS7-2	SE,A5SS	
A8MPS7-3	A5SS,AL	
A8MPX8-2		no Ensembl transcript
A8MPX8-3	SE,AL	
A8MQ27-2	SE	
A8MQ27-3	SE	
A8MQT2-2		no Ensembl transcript
A8MT69-2	SE	
A8MT69-3	SE,A5SS	
A8MT70-2	SE	
A8MT70-3	A3SS,AF	
A8MTA8-2	AL	
A8MTZ0-2	A3SS,AF	
A8MTZ0-3	SE	
A8MTZ0-4	SE,A5SS	
A8MUH7-2		no Ensembl transcript
A8MV23-2	A5SS,AL	
A8MV65-2	SE,AL	
A8MVW5-2	A3SS,AF	
A8MVW5-3	SE	
A8MVX0-2	SE,AL	
A8MW92-2	SE,A5SS,AL	
A8MW92-4		no Ensembl transcript
A8MWY0-2	SE,A3SS,AF	
A8MWY0-3	SE,A3SS,AF	
A8MX76-2		canonical and isoform share a transcript
A8MYP8-2		no Ensembl transcript
A8MZ59-1		canonical and isoform share a transcript
A8TX70-2	SE,AL	
A9UHW6-2	SE	
A9UHW6-3	SE	
A9YTQ3-2		no Ensembl transcript
A9YTQ3-3		no Ensembl transcript
A9Z1Z3-2		no Ensembl transcript
A9Z1Z3-3		no Ensembl transcript
A9Z1Z3-4		no Ensembl transcript
B0I1T2-2		no Ensembl transcript
B0I1T2-3		no Ensembl transcript
B0I1T2-4		no Ensembl transcript
B0YJ81-2		no Ensembl transcript
B1AJZ9-3		no Ensembl transcript
B1AJZ9-4		no Ensembl transcript
B1AK53-2	A3SS,RI,AF	
B1ANS9-2		no Ensembl transcript
B1APH4-2	A3SS	
B2RC85-2	AF,AL	
B2RNN3-2		no Ensembl transcript
B2RTY4-2	SE	
B2RTY4-3		no Ensembl transcript
B2RTY4-4		no Ensembl transcript
B2RTY4-5		no Ensembl transcript
B2RUY7-2		no Ensembl transcript
B3KU38-2	SE	
B4DS77-2		no Ensembl transcript
B4DS77-3	SE,AL	
B6A8C7-2	SE,AF	
B7ZAQ6-2		no Ensembl transcript
B7ZAQ6-3	A3SS,AF	
B7ZAQ6-4	AL	
B8ZZ34-3		canonical and isoform share a transcript
B9A064-2	SE,A5SS	
B9EJG8-2		identical exon structure
C9JBD0-2	SE,AL	
C9JH25-2	A5SS,RI	
C9JH25-3		no Ensembl transcript
C9JJ37-2	SE,A5SS,AL	
C9JL84-2		no Ensembl transcript
C9JQI7-2	SE,A5SS,AL	
C9JRZ8-2	SE,AF	
E5RJM6-2	SE,A5SS	
E5RJM6-3	SE,A5SS	
E9PAV3-2	A5SS,A3SS,RI	
E9PB15-2		no Ensembl transcript
E9PB15-3	SE,MXE	
E9PKD4-2	AF,AL	
F5H4B4-2		canonical and isoform share a transcript
G3V211-2		no Ensembl transcript
G3V211-3		no Ensembl transcript
G9CGD6-2		no Ensembl transcript
G9CGD6-3		no Ensembl transcript
H3BSY2-2		no Ensembl transcript
H3BSY2-3		no Ensembl transcript
H3BTG2-2		no Ensembl transcript
H3BV60-2		identical exon structure
I6L899-2		no Ensembl transcript
K7EIQ3-2		no Ensembl transcript
K7EJ46-2	A5SS	
K9M1U5-2		no Ensembl transcript
K9M1U5-3		no Ensembl transcript
K9M1U5-4		no Ensembl transcript
M0R2J8-2	SE,A5SS,AL	
M0R2J8-3	SE,AL	
O00115-2	SE	
O00124-2		no Ensembl transcript
O00124-3	A3SS	
O00139-1		identical exon structure
O00139-2	A5SS	
O00139-4	SE,A3SS,AF	
O00139-5		no Ensembl transcript
O00141-2	SE,AF	
O00141-3	SE,AF	
O00141-4	A3SS,AF	
O00141-5	SE,AF	
O00142-2	SE,AF	
O00142-3	SE	
O00142-4	SE	
O00142-5	A3SS,AF	
O00142-6		no Ensembl transcript
O00148-2	SE,A5SS,AL	
O00148-3	SE,AL	
O00154-2	SE,MXE,AF,AL	
O00154-3	SE,MXE,A5SS,AF,AL	
O00154-4	SE,AF	
O00154-5	SE,AF	
O00154-6	SE,AF	
O00154-7	SE,AF	
O00159-2	A3SS,AF	
O00159-3	SE,AF	
O00161-2	SE	
O00165-2	A3SS	
O00165-3	A3SS,AF	
O00165-4		no Ensembl transcript
O00165-5	A3SS	
O00165-6	A5SS,AL	
O00167-2		no Ensembl transcript
O00167-3	SE	
O00182-2	SE	
O00182-3	SE	
O00182-4	SE,A5SS	
O00182-5		no Ensembl transcript
O00182-6		no Ensembl transcript
O00187-2	SE,AL	
O00192-2	SE,AF	
O00203-3	A3SS,AF	
O00204-2	A3SS,AF	
O00206-2	A3SS,AF	
O00206-3		canonical and isoform share a transcript
O00213-2	SE	
O00213-3	SE,MXE,AF	
O00213-4	A3SS,AF	
O00213-5	SE,AF	
O00213-6	SE,AF	
O00214-2	SE	
O00219-2	SE,AL	
O00222-2	A5SS,AL	
O00222-3	SE,A5SS,AL	
O00231-2		no Ensembl transcript
O00232-2	SE	
O00233-2	SE,A5SS,AL	
O00233-3	SE	
O00238-2	A3SS,AF	
O00241-2	SE	
O00254-2	A3SS,AF	
O00255-1		identical exon structure
O00255-3		no Ensembl transcript
O00257-3		no Ensembl transcript
O00258-2	AF	
O00264-2	SE	
O00267-2	SE	
O00273-2	A5SS,AL	
O00291-3	SE	
O00291-4	SE,AF	
O00292-2	A5SS,A3SS,RI	
O00294-2	SE	
O00305-2	SE,AF	
O00305-3	SE,AF	
O00305-4	SE	
O00308-2	A3SS,AF	
O00308-3	A3SS,AF	
O00308-4	A5SS,AL	
O00321-2	A5SS,A3SS,RI	
O00322-2	SE,A5SS,AL	
O00327-1		canonical and isoform share a transcript
O00327-3	SE,AF,AL	
O00327-4	SE,AF	
O00327-5		no Ensembl transcript
O00327-6		no Ensembl transcript
O00327-7	A3SS,AF	
O00327-8	SE,AF	
O00327-9		canonical and isoform share a transcript
O00329-2	A5SS,AL	
O00330-2	SE	
O00330-3		no Ensembl transcript
O00337-2	SE,AL	
O00338-2	SE,A3SS	
O00339-2	A3SS	
O00339-3	SE	
O00339-4		no Ensembl transcript
O00341-2	SE,AL	
O00391-2	A5SS,AL	
O00408-2	SE,A3SS,AF	
O00408-3	A3SS,AF	
O00408-4	SE,AF	
O00408-5	SE,A3SS,AF	
O00408-6		no Ensembl transcript
O00409-2	SE	
O00410-2		no Ensembl transcript
O00410-3	A3SS,AF	
O00421-2	A3SS,AF	
O00422-2	A3SS	
O00423-3	SE	
O00425-2	A3SS,AF	
O00429-2	SE	
O00429-3	SE	
O00429-4	SE	
O00429-5		no Ensembl transcript
O00429-6	SE	
O00429-7	SE	
O00429-8	SE,MXE	
O00429-9	SE,MXE	
O00442-2	SE	
O00443-2		no Ensembl transcript
O00444-2	SE	
O00444-3	A3SS,AF	
O00445-2	SE,A3SS	
O00451-2	SE	
O00451-3	SE	
O00453-10	SE	
O00453-11	A3SS	
O00453-12	SE	
O00453-13	SE,A3SS	
O00453-2		no Ensembl transcript
O00453-3		no Ensembl transcript
O00453-4		no Ensembl transcript
O00453-5	SE,A5SS	
O00453-6	SE,A3SS	
O00453-7		no Ensembl transcript
O00453-8	SE	
O00453-9	SE	
O00458-2	A3SS,AF	
O00463-2	A3SS	
O00463-3	SE	
O00468-2		no Ensembl transcript
O00468-3		no Ensembl transcript
O00468-4		no Ensembl transcript
O00468-5		no Ensembl transcript
O00468-6	SE,A3SS,AF	
O00468-7		no Ensembl transcript
O00469-2	SE	
O00469-3	SE,A3SS,AF	
O00470-2	SE,A3SS,AF,AL	
O00472-2		no Ensembl transcript
O00476-2	SE	
O00478-2	SE,A3SS,AF	
O00481-2	SE,AL	
O00481-3	SE,AL	
O00481-4	A3SS	
O00482-2	SE	
O00482-3		no Ensembl transcript
O00482-4	A3SS,AF	
O00499-10	SE,MXE	
O00499-11	SE,MXE	
O00499-2	SE	
O00499-3	SE	
O00499-4	SE	
O00499-5	SE	
O00499-6	SE	
O00499-7	SE	
O00499-8	SE,MXE	
O00499-9	SE	
O00506-2	SE	
O00506-3	A3SS,AF	
O00507-2		no Ensembl transcript
O00522-2		no Ensembl transcript
O00522-3	SE	
O00533-2	SE	
O00534-2		no Ensembl transcript
O00534-3	A5SS,AL	
O00534-4		no Ensembl transcript
O00541-2	A3SS	
O00548-2		no Ensembl transcript
O00555-2	SE,A5SS,A3SS,AL	
O00555-3	SE,MXE,A3SS,AL	
O00555-4		no Ensembl transcript
O00555-5	SE,A3SS,AL	
O00555-6		no Ensembl transcript
O00559-2	SE,A3SS	
O00560-2	A3SS	
O00560-3	A5SS	
O00562-2	A3SS	
O00571-2	SE	
O00584-2	SE,AL	
O00587-2	SE,A5SS	
O00592-2	SE	
O00624-2	SE,A5SS,AL	
O00624-3	A5SS,AL	
O00628-2	SE,AL	
O00712-2		no Ensembl transcript
O00712-4		no Ensembl transcript
O00712-5	SE	
O00712-6	SE,A5SS,A3SS,AF	
O00716-2	SE,A3SS,AF	
O00743-2	SE	
O00743-3	SE,A5SS	
O00744-2	A5SS,A3SS,RI	
O00746-2	A3SS,AF	
O00748-2	A5SS	
O00748-4		no Ensembl transcript
O00748-5		no Ensembl transcript
O00754-2	A3SS	
O00762-2	A3SS,AF	
O00762-3	SE	
O00762-4	SE,MXE	
O00763-2		no Ensembl transcript
O00763-3		identical exon structure
O00764-2	SE	
O00764-3		no Ensembl transcript
O14490-2	SE,AF	
O14490-3	SE,A5SS,AF,AL	
O14490-4	SE,AF	
O14490-5	SE,A3SS,AF	
O14490-6	SE,AF	
O14490-7	A5SS,AL	
O14492-2		no Ensembl transcript
O14494-2	SE,MXE	
O14497-2	A3SS	
O14497-3	A3SS,AF	
O14511-2	SE,MXE	
O14511-3	SE	
O14511-4	SE,MXE	
O14511-5	SE,A5SS,AL	
O14511-6	SE,AL	
O14511-7		no Ensembl transcript
O14511-8	SE,AF	
O14512-2		no Ensembl transcript
O14513-2	SE	
O14513-3		no Ensembl transcript
O14513-4		no Ensembl transcript
O14519-2	A3SS,AF	
O14520-2	A5SS,A3SS,AF,AL	
O14521-2	SE	
O14521-3	SE,A5SS	
O14521-4	SE,AL	
O14522-1		canonical and isoform share a transcript
O14523-2	A3SS	
O14524-2	SE,A5SS	
O14525-2	A5SS	
O14525-3	A5SS,AL	
O14526-2		no Ensembl transcript
O14526-3	A3SS,AF	
O14530-2	A5SS,AL	
O14545-2	A5SS,AL	
O14559-10	A5SS,A3SS,RI,AF	
O14559-11	A3SS	
O14559-12		no Ensembl transcript
O14576-2	A3SS	
O14576-3	SE,A3SS	
O14576-4	SE,A3SS,AL	
O14576-5	SE	
O14578-2		no Ensembl transcript
O14578-3		no Ensembl transcript
O14578-4	SE	
O14579-2	SE	
O14579-3	SE	
O14593-2		no Ensembl transcript
O14593-3	SE	
O14603-2		no Ensembl transcript
O14607-2	SE,AL	
O14607-3	A5SS,AL	
O14607-4	SE	
O14607-5	SE,MXE,A5SS	
O14617-2		no Ensembl transcript
O14617-3		no Ensembl transcript
O14617-4		no Ensembl transcript
O14617-5	SE	
O14628-4	SE	
O14628-5	SE	
O14628-6	SE,MXE,AF	
O14628-7	SE,MXE,AF	
O14628-8	SE,AF,AL	
O14639-2	SE,AF	
O14639-3	SE,MXE,A3SS,AF	
O14639-4	SE,A3SS,AF	
O14639-5	SE,MXE,A3SS,AF	
O14639-6	SE,MXE,A3SS,AF	
O14640-2	A5SS	
O14645-2		no Ensembl transcript
O14646-2		no Ensembl transcript
O14647-2	A5SS,AL	
O14647-3	A5SS,AL	
O14653-2	A5SS,AL	
O14653-3	A5SS,AL	
O14656-2		no Ensembl transcript
O14662-2	SE,A5SS	
O14662-3	SE,A5SS,AL	
O14662-4	A5SS	
O14662-5	SE	
O14662-6	A3SS,AF	
O14668-2	SE,AL	
O14672-2		no Ensembl transcript
O14681-3	A3SS	
O14682-2	A3SS	
O14686-3	A5SS	
O14709-2	SE,AL	
O14713-2	SE	
O14717-2		no Ensembl transcript
O14717-3		no Ensembl transcript
O14717-4	SE,A5SS,AL	
O14717-5		no Ensembl transcript
O14717-6		no Ensembl transcript
O14727-2	A5SS	
O14727-3	SE,A5SS	
O14727-4	SE	
O14727-5		no Ensembl transcript
O14727-6	SE,A5SS	
O14730-2	A3SS	
O14732-2		no Ensembl transcript
O14733-2		no Ensembl transcript
O14733-3	SE	
O14733-4	A3SS	
O14735-2		no Ensembl transcript
O14735-3	SE	
O14737-2	A5SS,AL	
O14744-2	SE,AF	
O14744-3	SE,MXE,A3SS,AF	
O14744-4	SE,MXE,AF	
O14744-5	SE,A3SS	
O14745-2	A3SS,AF	
O14746-2	SE,A5SS,AL	
O14746-3	SE	
O14746-4	SE,A5SS,A3SS,AL	
O14757-2	SE,A3SS	
O14757-3	SE	
O14763-2	A5SS,A3SS,RI	
O14763-3	A5SS,AL	
O14770-2	SE,AL	
O14770-3	SE,A3SS,AL	
O14770-4	A3SS	
O14770-5	SE,A5SS,AL	
O14770-6	SE,A3SS,AF,AL	
O14770-7	SE,A3SS,AF,AL	
O14770-8	SE,A3SS,AF,AL	
O14771-2		no Ensembl transcript
O14772-2	A5SS,A3SS,RI	
O14772-3		identical exon structure
O14773-2	A3SS,AF	
O14775-2	AF	
O14775-3	SE,AF	
O14776-2	SE	
O14786-2	A5SS,AL	
O14786-3	SE,A5SS,AL	
O14787-2	A3SS	
O14788-2	AF	
O14788-3		no Ensembl transcript
O14791-2	A3SS,AF	
O14791-3	SE	
O14795-2	SE	
O14796-2	SE	
O14807-2	A3SS,AF	
O14815-2	SE	
O14818-2	A3SS,AF	
O14818-4	A5SS,AL	
O14828-2	SE	
O14829-2		no Ensembl transcript
O14829-3		identical exon structure
O14829-4		no Ensembl transcript
O14829-5	SE	
O14830-2		no Ensembl transcript
O14832-2	A3SS,AF	
O14836-2	SE	
O14836-3		no Ensembl transcript
O14874-2	SE,A5SS,AL	
O14874-3	A5SS,AL	
O14893-2		no Ensembl transcript
O14893-3		no Ensembl transcript
O14893-4		no Ensembl transcript
O14893-5	SE	
O14896-2	A3SS,AF	
O14901-2	A3SS,AF	
O14908-2	A3SS,AF	
O14917-2	AL	
O14920-2		no Ensembl transcript
O14920-3		no Ensembl transcript
O14920-4		identical exon structure
O14924-2		no Ensembl transcript
O14924-3	SE,AF	
O14924-4	A5SS,AL	
O14924-5	A5SS,AL	
O14924-6		no Ensembl transcript
O14924-7		no Ensembl transcript
O14926-2	A3SS	
O14929-2		no Ensembl transcript
O14931-2	SE,AL	
O14931-3	SE,AL	
O14931-4		no Ensembl transcript
O14931-5	SE,A5SS,A3SS,RI,AL	
O14931-6		no Ensembl transcript
O14933-2	A3SS,AF	
O14936-2	A3SS	
O14936-3	SE	
O14936-4	SE,A3SS	
O14936-5		no Ensembl transcript
O14936-6	SE,A3SS	
O14939-3		no Ensembl transcript
O14939-4	A5SS	
O14948-2	SE	
O14948-3	SE,A5SS,AL	
O14948-4	SE,AF	
O14958-2	SE	
O14964-2		no Ensembl transcript
O14966-2	SE	
O14966-3	A3SS,AF	
O14967-2		no Ensembl transcript
O14972-2	SE	
O14974-2	SE	
O14974-3	SE	
O14974-4		no Ensembl transcript
O14974-5	A3SS,AF	
O14975-2	SE	
O14976-2	SE	
O14979-2	A3SS	
O14979-3		no Ensembl transcript
O14981-2		no Ensembl transcript
O14983-2	SE,AL	
O14983-3	SE,A3SS,AF,AL	
O14986-2	SE,AL	
O14986-3	SE,AL	
O15013-4		no Ensembl transcript
O15013-5	A3SS,AF	
O15013-6	A3SS	
O15013-7	SE,A3SS,AF	
O15014-2		no Ensembl transcript
O15015-1		canonical and isoform share a transcript
O15016-2		no Ensembl transcript
O15016-3		no Ensembl transcript
O15018-2		no Ensembl transcript
O15020-2	A5SS,AL	
O15021-2	SE,AF	
O15021-3	SE,AF	
O15021-4	SE,AL	
O15021-6	SE,AF	
O15027-2		no Ensembl transcript
O15027-3		no Ensembl transcript
O15027-4		no Ensembl transcript
O15027-5	A3SS	
O15033-2		no Ensembl transcript
O15034-2	SE,AL	
O15034-3		no Ensembl transcript
O15040-2	A5SS,AL	
O15041-2		canonical and isoform share a transcript
O15042-2	A5SS,A3SS	
O15042-3	SE	
O15054-1		identical exon structure
O15055-2		no Ensembl transcript
O15056-2		no Ensembl transcript
O15056-3	SE,AL	
O15061-2	A5SS,A3SS,RI	
O15061-3		identical exon structure
O15066-2		no Ensembl transcript
O15068-10	SE,A5SS,AF,AL	
O15068-2	SE,A5SS,AF,AL	
O15068-3	SE,A5SS,AF,AL	
O15068-4	SE,AF,AL	
O15068-5		no Ensembl transcript
O15068-6		no Ensembl transcript
O15068-8		no Ensembl transcript
O15068-9	SE,A5SS,AF,AL	
O15075-2	SE,A5SS	
O15075-3	SE,A5SS,AF	
O15075-4	SE,AF	
O15079-2	A3SS	
O15084-1		canonical and isoform share a transcript
O15084-2	AF	
O15084-4	A5SS	
O15085-2	SE	
O15091-2	SE	
O15091-3	A3SS,AF	
O15091-4	A3SS	
O15105-2	A3SS,AF	
O15105-3	A3SS	
O15117-2	SE	
O15117-3	SE,A3SS,AF	
O15118-2		no Ensembl transcript
O15119-2	SE	
O15119-3		no Ensembl transcript
O15120-2	SE	
O15123-2	SE	
O15123-3	A3SS	
O15126-2	A5SS,AL	
O15130-2		canonical and isoform share a transcript
O15146-2	SE,MXE	
O15146-3	SE,MXE	
O15151-2		no Ensembl transcript
O15151-3		no Ensembl transcript
O15151-4	SE,A3SS	
O15151-5	SE	
O15155-2	A5SS,AL	
O15156-2	A3SS,AF	
O15160-2	SE,AL	
O15162-2	A3SS,AF	
O15164-2	A5SS	
O15165-2	SE	
O15165-3		no Ensembl transcript
O15165-4		no Ensembl transcript
O15165-5	A3SS,AF	
O15165-6	SE,AF	
O15165-7	SE,MXE,AF	
O15165-8		no Ensembl transcript
O15169-2	SE	
O15173-2	A3SS	
O15178-2	SE	
O15194-2	SE	
O15195-2		no Ensembl transcript
O15197-2		no Ensembl transcript
O15197-3		no Ensembl transcript
O15198-2	SE	
O15204-2	A3SS,AF	
O15211-2		no Ensembl transcript
O15217-2	A3SS,AF	
O15226-2	A3SS,AF	
O15228-2	SE,A5SS	
O15229-2	A3SS	
O15229-3	SE	
O15230-2		no Ensembl transcript
O15231-2		no Ensembl transcript
O15231-3	A3SS	
O15231-4	SE	
O15231-5	SE,A3SS,AF	
O15231-6	SE	
O15231-7	SE	
O15231-8	SE,MXE	
O15231-9	SE,AF	
O15232-2	SE	
O15244-2		no Ensembl transcript
O15244-3		no Ensembl transcript
O15245-2	SE,A5SS	
O15245-3	SE	
O15245-4	A5SS,AL	
O15254-2	SE,A5SS,AL	
O15259-2	A5SS,A3SS	
O15259-3	SE,A5SS	
O15259-4	A3SS	
O15260-2	SE,A5SS,AL	
O15260-3	SE,A5SS	
O15264-2	SE,A5SS,AL	
O15265-2	SE,A5SS	
O15265-3	SE,AF	
O15266-2	SE,AL	
O15269-2	SE,AL	
O15294-2		no Ensembl transcript
O15294-3	A3SS	
O15294-4		no Ensembl transcript
O15296-2	SE,A5SS	
O15296-3		no Ensembl transcript
O15296-4	SE	
O15297-2	SE,AL	
O15304-2	SE	
O15305-2	SE,A5SS,AL	
O15315-1		canonical and isoform share a transcript
O15315-2	SE,AL	
O15315-4	SE,AL	
O15315-5	SE,AL	
O15321-2	A5SS,AL	
O15327-2	SE,AL	
O15344-2		identical exon structure
O15350-10		no Ensembl transcript
O15350-11	A3SS,AF	
O15350-12		no Ensembl transcript
O15350-13	SE	
O15350-2	SE,A5SS	
O15350-3		no Ensembl transcript
O15350-4	SE,A5SS	
O15350-5		no Ensembl transcript
O15350-6	SE	
O15350-8	SE,AF	
O15350-9	SE,MXE,A5SS,AF	
O15357-2	A3SS,AF	
O15360-2	A5SS,AL	
O15360-3	A5SS	
O15371-2		no Ensembl transcript
O15371-3		no Ensembl transcript
O15374-2	SE,A3SS	
O15374-3	SE	
O15374-4	SE,A3SS	
O15374-5	SE	
O15375-2	A5SS,A3SS,AF,AL	
O15379-2		no Ensembl transcript
O15381-2	A3SS,AF	
O15381-3	SE,A3SS,AF	
O15381-4	SE,A3SS,AF	
O15381-5	SE	
O15382-2	SE	
O15392-2		no Ensembl transcript
O15392-3	SE,A5SS	
O15392-4	SE,AL	
O15392-5		no Ensembl transcript
O15392-6	SE,MXE,AL	
O15392-7	A5SS,AL	
O15393-2	A3SS,AF	
O15394-2		no Ensembl transcript
O15397-2	SE,AF	
O15400-2	SE,AL	
O15405-2	SE,A3SS,AF	
O15409-2		no Ensembl transcript
O15409-4	SE	
O15409-5		no Ensembl transcript
O15409-6	A5SS,AL	
O15409-7	A5SS,AL	
O15409-8	SE,AL	
O15409-9	SE	
O15417-2		no Ensembl transcript
O15417-4		no Ensembl transcript
O15438-2	A5SS,AL	
O15438-3	A5SS,A3SS,AL	
O15438-4		no Ensembl transcript
O15438-5	A5SS,AL	
O15439-2	SE	
O15439-3	SE,AL	
O15439-4	SE,MXE,AL	
O15440-2	SE,AL	
O15440-3	SE,AL	
O15440-4	SE,AL	
O15440-5	SE	
O15442-2		no Ensembl transcript
O15444-2		no Ensembl transcript
O15444-3	A3SS	
O15446-2	A5SS	
O15455-2	A3SS,AF	
O15460-2	SE,MXE	
O15466-2	SE	
O15488-2	SE	
O15488-3	SE,A3SS	
O15488-4	SE	
O15488-5		no Ensembl transcript
O15488-6		no Ensembl transcript
O15498-2	SE	
O15503-2	SE,A5SS,AL	
O15504-2	SE,A5SS,AL	
O15504-3		no Ensembl transcript
O15511-2	A3SS	
O15519-10		no Ensembl transcript
O15519-11	SE,AL	
O15519-12	SE,AL	
O15519-13		no Ensembl transcript
O15519-14	A5SS,AL	
O15519-15	A3SS,AF	
O15519-2	SE,AL	
O15519-3	SE,A3SS,AF,AL	
O15519-4		no Ensembl transcript
O15519-5		no Ensembl transcript
O15519-6		no Ensembl transcript
O15519-7		no Ensembl transcript
O15519-8	SE	
O15519-9		no Ensembl transcript
O15523-2		identical exon structure
O15523-3		no Ensembl transcript
O15527-2	A5SS,AL	
O15527-3		identical exon structure
O15527-4	SE,AL	
O15527-5	SE,AL	
O15527-6	SE,AL	
O15527-7	SE,AL	
O15527-8	SE,AL	
O15530-2		no Ensembl transcript
O15530-3		no Ensembl transcript
O15530-4	SE	
O15530-5	SE,A5SS	
O15533-2		no Ensembl transcript
O15533-3	A5SS,AL	
O15533-4	SE	
O15534-4	A5SS,A3SS,AF,AL	
O15535-2	SE	
O15539-2	A3SS,AF	
O15539-3	A5SS	
O15540-2	A5SS,AL	
O15547-2	A5SS	
O15553-1		canonical and isoform share a transcript
O15553-3	A5SS,A3SS	
O43147-2	SE	
O43147-3		no Ensembl transcript
O43147-5	SE,AL	
O43148-2	SE,AL	
O43149-2		no Ensembl transcript
O43149-3		no Ensembl transcript
O43150-2	SE	
O43151-2		no Ensembl transcript
O43151-3		no Ensembl transcript
O43157-2	A5SS,A3SS,RI	
O43157-3	A5SS,A3SS,AL	
O43164-2		no Ensembl transcript
O43166-2	SE	
O43166-3	SE,A3SS	
O43167-2	A5SS,AL	
O43172-2	A3SS	
O43174-2	A3SS,AF	
O43182-2	A5SS,AL	
O43182-3	SE,AL	
O43182-4	A3SS,AF	
O43182-5		no Ensembl transcript
O43184-2	SE,AL	
O43184-3	SE,AL	
O43184-4	SE,AL	
O43189-2	SE,A5SS,A3SS	
O43193-2		no Ensembl transcript
O43196-2	A3SS	
O43196-3	A3SS	
O43196-4	A5SS,A3SS	
O43236-2	SE,AF	
O43236-3	SE,AF	
O43236-4	SE,AF	
O43236-5	A3SS,AF	
O43236-6	SE,A5SS,AF,AL	
O43236-7	SE,AF	
O43236-8	AF,AL	
O43237-2	SE	
O43242-2		no Ensembl transcript
O43247-2	A3SS,AF	
O43251-10		no Ensembl transcript
O43251-2		no Ensembl transcript
O43251-3		no Ensembl transcript
O43251-4		no Ensembl transcript
O43251-5		no Ensembl transcript
O43251-6		no Ensembl transcript
O43251-7		no Ensembl transcript
O43251-8		no Ensembl transcript
O43251-9		no Ensembl transcript
O43264-2	AL	
O43272-1		no Ensembl transcript
O43272-2		no Ensembl transcript
O43278-2	A5SS	
O43280-2	SE	
O43281-2	SE	
O43281-3	SE,A5SS,A3SS,RI	
O43283-3	SE,A5SS,AL	
O43283-4	SE,AF	
O43283-5	SE,AF	
O43283-6	A5SS,AL	
O43291-2	SE	
O43292-2	SE	
O43293-2		no Ensembl transcript
O43294-2	A3SS,AF	
O43295-2	SE,MXE	
O43295-3	SE,A5SS,AL	
O43299-2	SE,AL	
O43299-3		no Ensembl transcript
O43303-2	SE,A5SS	
O43306-2	SE	
O43307-2	SE,AF	
O43307-3	A3SS,AF	
O43309-2	A5SS,AL	
O43310-2	A5SS	
O43312-2	SE,A3SS,AF	
O43312-4	SE,MXE	
O43312-5	SE	
O43313-2	A3SS,AF	
O43314-2	SE	
O43316-2		no Ensembl transcript
O43316-4		no Ensembl transcript
O43318-2	SE	
O43318-3	SE,A5SS	
O43318-4	SE,A5SS	
O43324-2	SE,AL	
O43345-2		no Ensembl transcript
O43353-2		canonical and isoform share a transcript
O43374-2	SE	
O43379-2	SE,AL	
O43379-3	SE,AL	
O43379-4	A3SS	
O43390-2	A3SS	
O43390-3	SE	
O43390-4	A3SS,AF	
O43395-3		no Ensembl transcript
O43399-2	SE	
O43399-3	SE,MXE	
O43399-4	SE,MXE	
O43399-5	SE	
O43399-6	SE,A3SS	
O43399-7	SE	
O43402-2	AL	
O43405-2	SE,AL	
O43414-2	SE,AF	
O43414-3		no Ensembl transcript
O43422-2		no Ensembl transcript
O43424-2	SE	
O43426-2	SE,AL	
O43426-4	SE,MXE,AL	
O43426-5		no Ensembl transcript
O43427-2	A5SS	
O43432-2	SE,AL	
O43432-3	SE,A3SS	
O43432-4	SE	
O43435-2	SE,AL	
O43435-3	SE,AL	
O43439-2	A3SS,AF	
O43439-3	SE,A3SS,AF,AL	
O43439-4	SE,AF	
O43439-5	SE,AF	
O43447-2	AF	
O43451-1	SE,MXE	
O43463-2	SE,AF	
O43464-2	SE	
O43464-3	SE,A3SS	
O43464-4		no Ensembl transcript
O43474-1		canonical and isoform share a transcript
O43474-4		no Ensembl transcript
O43474-5		no Ensembl transcript
O43474-6	SE,A5SS	
O43490-2	SE	
O43490-3	SE,MXE,A5SS,AL	
O43490-4	SE	
O43490-5	SE	
O43490-6	SE	
O43490-7	SE	
O43491-2	SE	
O43491-3	SE	
O43491-4	SE,A5SS	
O43493-3		no Ensembl transcript
O43493-4	A5SS,A3SS,RI	
O43493-5	A5SS,AL	
O43493-6		no Ensembl transcript
O43493-7	SE,AL	
O43497-10	SE	
O43497-11	SE	
O43497-12	SE	
O43497-13	SE	
O43497-15	SE,A5SS	
O43497-16	SE	
O43497-17	SE,A5SS	
O43497-18	SE,A5SS,A3SS,RI	
O43497-19	SE,A5SS,A3SS,RI	
O43497-2	SE,A5SS	
O43497-20	SE,A5SS	
O43497-21	SE,A5SS	
O43497-22	SE,A3SS	
O43497-23	SE,A3SS	
O43497-24	SE,A3SS	
O43497-25	SE	
O43497-26	SE	
O43497-27	SE,A5SS,A3SS,AL	
O43497-28	SE,A5SS,A3SS,AL	
O43497-29	SE,A5SS,A3SS,AL	
O43497-3	SE	
O43497-30	SE,A5SS,A3SS,AL	
O43497-31	A5SS,A3SS,AL	
O43497-32	SE,A5SS,A3SS,AL	
O43497-33	SE,A5SS	
O43497-34	SE,A3SS	
O43497-35	SE	
O43497-36	SE	
O43497-4		no Ensembl transcript
O43497-5	SE,A5SS,A3SS,RI	
O43497-6	SE,A5SS	
O43497-7	SE,A5SS	
O43497-8	SE,A5SS	
O43497-9	SE	
O43502-2	A5SS,AL	
O43508-2	SE,AL	
O43511-2		no Ensembl transcript
O43516-2	A5SS,AL	
O43516-3	A5SS,AL	
O43516-4		no Ensembl transcript
O43521-10	SE,AL	
O43521-11	SE,A5SS	
O43521-12		no Ensembl transcript
O43521-13		no Ensembl transcript
O43521-14	SE,MXE,AL	
O43521-15	SE,A5SS	
O43521-16	SE,MXE,A5SS,A3SS,RI,AL	
O43521-17	SE,A5SS,A3SS,RI,AL	
O43521-18		no Ensembl transcript
O43521-19		no Ensembl transcript
O43521-2	A5SS,A3SS,RI	
O43521-20		no Ensembl transcript
O43521-3	A5SS	
O43521-4	SE,AL	
O43521-5	SE,AL	
O43521-6	SE,AL	
O43521-7	SE,A5SS,AL	
O43521-8	SE,AL	
O43521-9	SE,A5SS,AL	
O43524-2	A3SS,AF	
O43525-2	SE,AF	
O43526-2	SE	
O43526-3	SE	
O43526-4	SE,A3SS	
O43526-5		no Ensembl transcript
O43526-6	A5SS,AL	
O43541-2		no Ensembl transcript
O43541-4	SE,AL	
O43548-2	SE	
O43555-2	A3SS	
O43555-3	A3SS	
O43556-3	SE,MXE,A5SS	
O43556-4	SE	
O43557-2	A5SS	
O43561-2	A5SS,A3SS,RI	
O43561-3	A5SS,A3SS,RI,AF	
O43561-4	A5SS,A3SS,RI	
O43561-5	A3SS	
O43566-4		no Ensembl transcript
O43566-5		no Ensembl transcript
O43566-6		no Ensembl transcript
O43567-2	AF	
O43570-2	SE	
O43581-2	SE	
O43581-3	SE	
O43581-4	SE	
O43581-5	SE	
O43581-6	SE	
O43586-2	SE,A5SS	
O43593-2	SE	
O43598-2	A5SS,AL	
O43602-2	A5SS	
O43617-2	A3SS,AF	
O43660-2	A5SS	
O43663-2		no Ensembl transcript
O43663-3	SE,A5SS	
O43663-4	SE	
O43665-1		canonical and isoform share a transcript
O43665-2	A3SS,AF	
O43670-2	SE,MXE	
O43670-3		no Ensembl transcript
O43670-4	SE	
O43674-2	SE	
O43678-2	SE,AL	
O43679-2	SE,AL	
O43679-3		no Ensembl transcript
O43683-2	SE,A3SS	
O43683-3	SE	
O43684-2	SE,AL	
O43687-2	SE	
O43688-2	SE,AF	
O43688-3	A3SS,AF	
O43699-2	SE,A5SS	
O43699-3	SE	
O43699-4	SE,A5SS,A3SS	
O43699-5	SE,A5SS,A3SS	
O43699-6	SE,A3SS	
O43707-2	SE	
O43707-3		no Ensembl transcript
O43708-2	A3SS,AF	
O43708-3		no Ensembl transcript
O43709-2	A5SS,AL	
O43709-3	SE	
O43731-2	A5SS,AL	
O43734-2	A3SS,AF	
O43734-3		no Ensembl transcript
O43734-4	A3SS,AF	
O43734-5	A3SS,AF	
O43736-2	SE	
O43739-2		no Ensembl transcript
O43741-2		no Ensembl transcript
O43747-2	SE	
O43752-2	A3SS,AF	
O43759-2	SE,AL	
O43759-3	SE,AF,AL	
O43760-2	A5SS,RI	
O43766-2	SE,A5SS	
O43766-3	SE	
O43768-2	A5SS,AL	
O43768-3	SE	
O43768-4		no Ensembl transcript
O43768-5	SE,AF	
O43768-6	SE,A5SS,AF,AL	
O43768-7	SE,AF	
O43768-8	A5SS,AL	
O43768-9	SE,A5SS,AL	
O43776-2	SE,A5SS,AL	
O43781-2	SE,AF	
O43795-2	SE	
O43815-2		no Ensembl transcript
O43820-2	SE	
O43820-3	A3SS,AF	
O43820-4	SE,A3SS,AF	
O43822-2		no Ensembl transcript
O43822-3	A3SS	
O43822-4		identical exon structure
O43826-2		no Ensembl transcript
O43837-2	SE,AL	
O43837-3		no Ensembl transcript
O43847-2	SE	
O43852-10	SE,A5SS	
O43852-11		no Ensembl transcript
O43852-12	A5SS,AL	
O43852-13	SE,AL	
O43852-14		no Ensembl transcript
O43852-15		no Ensembl transcript
O43852-2	SE,MXE	
O43852-3	A3SS,AF	
O43852-4	SE,MXE,A3SS,AF	
O43852-5		no Ensembl transcript
O43852-6		no Ensembl transcript
O43852-7		no Ensembl transcript
O43852-8		no Ensembl transcript
O43852-9		no Ensembl transcript
O43854-2	SE	
O43861-2	SE	
O43865-2	A3SS,AF	
O43889-3		no Ensembl transcript
O43897-2	SE,AL	
O43900-2		no Ensembl transcript
O43903-2	SE,AL	
O43913-2	A5SS,AL	
O43914-2	A3SS	
O43914-3	SE	
O43918-2		no Ensembl transcript
O43918-3		no Ensembl transcript
O43918-4		no Ensembl transcript
O43929-2	A3SS,AF	
O43929-3	A3SS,AF	
O43933-2	SE	
O43934-2	SE	
O60224-2	AF,AL	
O60225-2	SE	
O60229-2	SE,AL	
O60229-4	SE,AF	
O60229-5		no Ensembl transcript
O60229-6		no Ensembl transcript
O60237-2	SE,A5SS,AL	
O60237-3	SE,A3SS,AF,AL	
O60237-4	A3SS,AF	
O60237-5	A5SS,AL	
O60237-6	SE	
O60238-2	A3SS,AF	
O60239-2	A3SS,AF	
O60241-2	A3SS	
O60241-3		no Ensembl transcript
O60241-4	SE,A3SS	
O60242-2		no Ensembl transcript
O60243-2		no Ensembl transcript
O60245-2		no Ensembl transcript
O60248-2	A5SS,AL	
O60256-2	SE	
O60256-3	SE	
O60256-4	A3SS,AF	
O60258-2	A3SS	
O60259-2	A3SS	
O60259-3	SE	
O60259-4	SE,A5SS	
O60260-2	SE	
O60260-3	SE,A5SS,A3SS,AF,AL	
O60260-4		no Ensembl transcript
O60260-5		no Ensembl transcript
O60260-6	SE	
O60260-7		no Ensembl transcript
O60260-8		no Ensembl transcript
O60266-2		no Ensembl transcript
O60268-2	A5SS,AL	
O60268-3	SE	
O60271-2	SE,MXE	
O60271-3		no Ensembl transcript
O60271-4	SE	
O60271-5		no Ensembl transcript
O60271-9	SE,MXE,AF	
O60281-2		no Ensembl transcript
O60282-2	SE,AF	
O60285-2		no Ensembl transcript
O60290-2		no Ensembl transcript
O60291-2	SE,AL	
O60291-3	SE,AL	
O60291-4	SE	
O60293-2	A5SS,AL	
O60293-4	A5SS,AL	
O60296-2	A5SS,AL	
O60299-2	A5SS,A3SS,RI	
O60304-2	A5SS,AL	
O60308-2	SE,AL	
O60308-3	A5SS,AL	
O60312-2	SE,AL	
O60313-10	SE	
O60313-11	SE	
O60313-13	SE	
O60313-2	SE	
O60313-9	SE,MXE	
O60315-2	SE	
O60318-2		no Ensembl transcript
O60320-2		no Ensembl transcript
O60330-2	A5SS,AL	
O60331-2	SE,AL	
O60331-3	SE,AL	
O60331-4	AL	
O60333-2	SE,A3SS	
O60333-3	SE,MXE,A3SS,AL	
O60333-4	SE,AL	
O60336-2	SE,A5SS	
O60336-3		no Ensembl transcript
O60336-4		no Ensembl transcript
O60336-5		no Ensembl transcript
O60336-6	SE	
O60337-5	SE	
O60337-6	SE	
O60341-2	SE	
O60343-2	SE	
O60343-3	SE	
O60343-4		no Ensembl transcript
O60343-5		no Ensembl transcript
O60346-2		no Ensembl transcript
O60353-2	A3SS	
O60356-2	A3SS	
O60381-2		no Ensembl transcript
O60381-3		no Ensembl transcript
O60393-2		no Ensembl transcript
O60423-1		no Ensembl transcript
O60423-3	A5SS,A3SS	
O60427-2		no Ensembl transcript
O60443-2		no Ensembl transcript
O60443-3	A3SS,AF	
O60447-2	SE	
O60449-2	SE,AL	
O60449-3	SE,AL	
O60462-2	SE,A5SS	
O60462-3	A5SS	
O60462-4	SE,A5SS,AL	
O60462-5	SE,AL	
O60462-6	A5SS,AL	
O60469-2		no Ensembl transcript
O60477-2	A5SS,AL	
O60477-3		no Ensembl transcript
O60481-2	SE,AL	
O60488-2	A3SS	
O60493-2	SE	
O60493-3	SE,AL	
O60493-4	A5SS	
O60499-2	SE,A5SS,A3SS	
O60500-2	SE	
O60502-2	SE,A3SS	
O60502-3	A5SS,AL	
O60502-4	SE	
O60504-2	A3SS,AF	
O60506-2	A5SS	
O60506-3	A5SS,AL	
O60506-4	A5SS,AL	
O60506-5	A5SS,A3SS,AF,AL	
O60512-2		no Ensembl transcript
O60522-2	SE	
O60524-2		no Ensembl transcript
O60524-3		canonical and isoform share a transcript
O60524-4		no Ensembl transcript
O60524-5		no Ensembl transcript
O60547-2	SE,AF	
O60563-2	SE,A5SS,AL	
O60565-2	A5SS,A3SS,RI	
O60566-2		no Ensembl transcript
O60566-3	A5SS	
O60573-2	SE,AL	
O60583-2	A5SS,RI	
O60609-2	SE	
O60610-2		no Ensembl transcript
O60610-3	SE	
O60613-2	SE,A5SS	
O60636-2	SE,A5SS	
O60637-2	SE	
O60637-3	SE	
O60641-2		no Ensembl transcript
O60641-3	SE	
O60641-4	SE	
O60656-2	SE,AL	
O60658-2	SE	
O60658-3		no Ensembl transcript
O60658-4	SE,A5SS,AL	
O60658-5		no Ensembl transcript
O60658-6	A3SS,AF	
O60662-2		no Ensembl transcript
O60663-2	A5SS	
O60663-3	A5SS	
O60664-2		no Ensembl transcript
O60664-3	A3SS	
O60664-4	A3SS	
O60667-2	SE	
O60667-3	SE,A5SS	
O60671-2		no Ensembl transcript
O60671-3	SE,A5SS,AL	
O60673-2	A3SS,AF	
O60678-2	SE	
O60683-2	A3SS	
O60701-2	SE	
O60701-3	A3SS,AF	
O60706-2	SE,AL	
O60711-2	SE,AF	
O60716-10	SE,A3SS	
O60716-11	SE,A3SS	
O60716-12		no Ensembl transcript
O60716-13	SE,A3SS	
O60716-14	SE,A3SS	
O60716-15		no Ensembl transcript
O60716-16		no Ensembl transcript
O60716-17	A3SS,AF	
O60716-18	SE,A3SS,AF	
O60716-19	SE,A3SS,AF	
O60716-2	SE	
O60716-20		no Ensembl transcript
O60716-21	SE,A3SS,AF	
O60716-22	SE,A3SS,AF	
O60716-23		no Ensembl transcript
O60716-24		no Ensembl transcript
O60716-25	A3SS,AF	
O60716-26	SE,A3SS,AF	
O60716-27	SE,A3SS,AF	
O60716-28		no Ensembl transcript
O60716-29	SE,A3SS,AF	
O60716-3	SE	
O60716-30	SE,A3SS,AF	
O60716-31		no Ensembl transcript
O60716-32		no Ensembl transcript
O60716-4		no Ensembl transcript
O60716-5	SE	
O60716-6	SE	
O60716-7	SE	
O60716-8	SE	
O60716-9	A3SS	
O60721-2	SE	
O60721-3	SE	
O60729-2	SE	
O60729-3	SE,AL	
O60729-4	SE,AL	
O60729-5	SE,AF	
O60732-2	A3SS,AF	
O60733-2	SE	
O60733-3		no Ensembl transcript
O60733-4		no Ensembl transcript
O60749-2	A3SS,AF	
O60759-2		no Ensembl transcript
O60763-2	SE	
O60779-2	SE	
O60784-2	A5SS	
O60784-3	SE	
O60784-4	A5SS,A3SS,AF	
O60825-2	SE,AL	
O60828-10	A5SS,AL	
O60828-2	A3SS	
O60828-3		no Ensembl transcript
O60828-4	SE	
O60828-5		identical exon structure
O60828-6	A5SS,AL	
O60828-7	AL	
O60828-8	A5SS,AL	
O60828-9	SE,AL	
O60830-2	SE	
O60832-2	SE,AL	
O60840-2	A5SS	
O60840-4	A5SS,A3SS	
O60840-5		no Ensembl transcript
O60840-6		no Ensembl transcript
O60840-7		no Ensembl transcript
O60858-2		no Ensembl transcript
O60858-3	A3SS,AF	
O60861-1		identical exon structure
O60861-2	A3SS,AF	
O60861-4	A3SS,AF	
O60869-2	A5SS,AL	
O60869-3	SE,AL	
O60870-2		no Ensembl transcript
O60879-2	SE,AL	
O60879-3		no Ensembl transcript
O60880-2		no Ensembl transcript
O60880-3	SE,A5SS,AL	
O60880-4	A5SS	
O60880-5	A5SS,AL	
O60880-6	SE,AL	
O60885-2	SE,AL	
O60885-3	SE,AL	
O60888-2		no Ensembl transcript
O60888-3	A3SS,AF	
O60890-2		no Ensembl transcript
O60895-2	A3SS	
O60902-2	A3SS	
O60902-3	SE	
O60907-2	A3SS,AF	
O60909-2		no Ensembl transcript
O60909-3	A3SS,AF	
O60921-2	A3SS,AF	
O60928-2	A5SS	
O60931-2	A5SS,AL	
O60936-1		canonical and isoform share a transcript
O60936-3		no Ensembl transcript
O60941-2	SE	
O60941-3		no Ensembl transcript
O60941-4	SE	
O60941-5	SE	
O60941-6	SE	
O60941-7	SE	
O60942-2	SE	
O60942-3	SE,A5SS,AL	
O60942-4		no Ensembl transcript
O75019-2	SE	
O75022-2		no Ensembl transcript
O75022-3		no Ensembl transcript
O75023-2	SE,A3SS	
O75023-3	A3SS	
O75027-2	A3SS	
O75027-3	SE	
O75030-10	SE,A3SS,AF	
O75030-11	SE,A5SS,A3SS,AF	
O75030-12	A3SS,AF	
O75030-2	A3SS	
O75030-3		no Ensembl transcript
O75030-4		no Ensembl transcript
O75030-5		no Ensembl transcript
O75030-6	SE,A3SS,AF	
O75030-7		no Ensembl transcript
O75030-8	SE,A3SS,AF	
O75030-9	SE,AF	
O75031-2		no Ensembl transcript
O75037-2	SE	
O75037-3	SE,AL	
O75037-4	SE,AL	
O75038-2	SE,MXE,A5SS,AF,AL	
O75038-3		no Ensembl transcript
O75038-4		no Ensembl transcript
O75038-5		no Ensembl transcript
O75051-2		no Ensembl transcript
O75052-2	A3SS,AF	
O75052-3	A3SS	
O75054-2	SE	
O75061-2	SE,AF	
O75061-3		no Ensembl transcript
O75061-4	A3SS,AF	
O75069-2	A3SS,AF	
O75069-3	SE,AF	
O75069-5	SE,AF	
O75072-2	A5SS,AL	
O75077-2		no Ensembl transcript
O75077-3		no Ensembl transcript
O75078-2		no Ensembl transcript
O75081-2	SE,A3SS,AF	
O75081-4		no Ensembl transcript
O75081-5		no Ensembl transcript
O75083-3	SE	
O75093-2		no Ensembl transcript
O75094-2		no Ensembl transcript
O75094-3		no Ensembl transcript
O75094-4	A3SS	
O75095-2	SE,MXE,A3SS,AF	
O75106-2	A5SS	
O75110-2		no Ensembl transcript
O75112-2	SE,MXE	
O75112-3		no Ensembl transcript
O75112-4	SE,AL	
O75112-5	SE,AL	
O75112-6	SE,MXE,AL	
O75112-7	SE,MXE	
O75121-2	A3SS,AF	
O75121-3	A5SS,AL	
O75122-2	SE,AF,AL	
O75122-3	SE,MXE,A3SS,AF	
O75123-2	A3SS	
O75128-2	SE	
O75128-3	A3SS	
O75128-4	SE,AL	
O75128-5	SE,AL	
O75128-6		no Ensembl transcript
O75128-7	SE,A3SS	
O75129-2	SE	
O75129-3	A3SS	
O75129-4	SE,AF	
O75129-6	A5SS,A3SS,AF,AL	
O75140-1		identical exon structure
O75140-2	SE,AL	
O75140-4	A3SS	
O75140-5	SE,MXE,A5SS,A3SS	
O75140-6		no Ensembl transcript
O75140-8	SE,A3SS	
O75140-9	SE	
O75143-2	SE	
O75143-3		no Ensembl transcript
O75143-4	SE,A3SS,AF	
O75143-5	SE	
O75144-2	SE,AL	
O75144-3	SE	
O75145-2	SE	
O75146-2	A5SS,AL	
O75147-1		no Ensembl transcript
O75147-2	SE,AL	
O75147-4	A5SS,AL	
O75150-3		no Ensembl transcript
O75150-4	SE	
O75154-2	SE,AF	
O75154-3	SE	
O75155-2	SE,A3SS	
O75157-2	SE	
O75161-2	SE,A3SS,AL	
O75164-2		no Ensembl transcript
O75167-2	SE,MXE,AF	
O75167-4	SE,AF	
O75167-5	SE	
O75170-2	SE,A3SS	
O75170-3	SE,A3SS	
O75170-4	SE,A3SS	
O75170-5	A3SS	
O75170-6		no Ensembl transcript
O75173-2		identical exon structure
O75177-2		no Ensembl transcript
O75177-3	A3SS,AF	
O75177-4	A3SS,AF	
O75177-5		no Ensembl transcript
O75179-2		canonical and isoform share a transcript
O75179-3		no Ensembl transcript
O75179-4		no Ensembl transcript
O75179-5		no Ensembl transcript
O75179-6	SE	
O75179-7	SE,AF	
O75182-2	SE	
O75182-3	A5SS,AL	
O75185-2		no Ensembl transcript
O75185-3	SE	
O75190-2	A5SS,AL	
O75190-3		no Ensembl transcript
O75190-4		no Ensembl transcript
O75191-2	SE	
O75192-2	A3SS	
O75208-2		no Ensembl transcript
O75223-2	SE,A5SS	
O75223-3	SE	
O75223-4	SE,MXE,A5SS	
O75251-2	A5SS,AL	
O75290-2	A5SS,A3SS,AF,AL	
O75290-3	A3SS	
O75298-2	SE	
O75298-3	A3SS,AF	
O75306-2	A5SS,AL	
O75309-2	A3SS	
O75309-3	SE,A5SS,A3SS	
O75309-4	A3SS	
O75311-2	SE	
O75319-2	SE,A3SS,AL	
O75323-2	SE	
O75326-2	SE	
O75330-2	SE	
O75330-3	A3SS	
O75330-4	SE,A3SS	
O75334-2	SE,MXE,AL	
O75334-3	A3SS	
O75334-4	SE	
O75334-5	SE,MXE,A3SS,AF	
O75334-6	SE,MXE,A3SS,AF	
O75334-7	SE,A3SS,AF,AL	
O75334-8	SE,A3SS,AF	
O75335-1		canonical and isoform share a transcript
O75335-2	SE	
O75340-2	A5SS	
O75340-3	A5SS,AL	
O75344-2	SE,AF	
O75344-3	SE	
O75346-2	A3SS,AF	
O75347-2	A5SS,AL	
O75352-2	SE,AL	
O75354-2	A3SS,AF	
O75354-3	A3SS	
O75355-2	SE,AL	
O75363-2		no Ensembl transcript
O75365-2	SE	
O75365-3		no Ensembl transcript
O75366-2		no Ensembl transcript
O75367-1		identical exon structure
O75367-3	A3SS	
O75369-2	SE	
O75369-3		no Ensembl transcript
O75369-4		no Ensembl transcript
O75369-5		no Ensembl transcript
O75369-6		no Ensembl transcript
O75369-7		no Ensembl transcript
O75369-8	SE	
O75369-9	A5SS	
O75376-2	A5SS,A3SS	
O75376-3	SE,A5SS,A3SS,AL	
O75379-2	A3SS	
O75381-2	SE	
O75382-2		no Ensembl transcript
O75382-3		no Ensembl transcript
O75382-4	AF	
O75386-2	A5SS,AL	
O75386-3	SE,A5SS,A3SS,AF,AL	
O75387-2		no Ensembl transcript
O75394-2	SE,A5SS	
O75398-3		no Ensembl transcript
O75398-4		no Ensembl transcript
O75398-5	SE,A3SS	
O75400-2		identical exon structure
O75400-3		no Ensembl transcript
O75400-5	SE,AL	
O75410-10	SE,A5SS	
O75410-2	SE	
O75410-3	A3SS,AF	
O75410-4		no Ensembl transcript
O75410-5		no Ensembl transcript
O75410-6	SE	
O75410-7	SE,A5SS,AF	
O75410-8		no Ensembl transcript
O75410-9	A5SS	
O75414-2	SE	
O75414-3	SE,A5SS	
O75417-2		no Ensembl transcript
O75419-2	SE	
O75419-3	SE	
O75425-2		no Ensembl transcript
O75425-3		no Ensembl transcript
O75425-4	A3SS	
O75426-2	SE,A5SS,AL	
O75426-3	SE,AF	
O75426-4	SE,AF	
O75431-2		canonical and isoform share a transcript
O75436-2	SE,A5SS	
O75437-2		no Ensembl transcript
O75438-2	A3SS,AF	
O75444-1		canonical and isoform share a transcript
O75445-2	A5SS,AL	
O75445-3	SE	
O75448-2	SE	
O75449-2	SE,A5SS	
O75460-2	A5SS,AL	
O75461-2	A3SS,AF	
O75461-3	SE,AF	
O75469-2		no Ensembl transcript
O75469-3		no Ensembl transcript
O75469-4	A3SS	
O75469-5		no Ensembl transcript
O75469-6		no Ensembl transcript
O75469-7	A3SS,AF	
O75473-2	SE	
O75473-3	SE	
O75475-2	SE,AL	
O75475-3	SE,AL	
O75478-2		no Ensembl transcript
O75486-4	SE,AF	
O75487-2		no Ensembl transcript
O75489-2		no Ensembl transcript
O75494-2	A3SS	
O75494-3	SE,AL	
O75494-4	SE,AL	
O75494-5	SE,AL	
O75494-6	SE,A3SS,AL	
O75521-2		no Ensembl transcript
O75525-2		no Ensembl transcript
O75528-2	A5SS,AL	
O75529-2	A5SS,AL	
O75530-2	SE	
O75530-3	A5SS,AL	
O75533-2	SE,AL	
O75534-2	SE	
O75534-3	SE,AF	
O75534-4	AF	
O75541-2		no Ensembl transcript
O75553-2	A5SS,AL	
O75553-3		no Ensembl transcript
O75553-4		no Ensembl transcript
O75553-5	SE	
O75553-6	SE	
O75554-2	SE	
O75564-2	A5SS,AL	
O75569-2	A3SS,AF	
O75569-3	A3SS,AF	
O75570-2		no Ensembl transcript
O75575-2	SE	
O75575-3	SE,AF	
O75575-4	SE	
O75578-2		no Ensembl transcript
O75578-3	SE	
O75582-2	A5SS,AL	
O75582-3	A3SS,AF	
O75586-2	A3SS	
O75586-3	SE,A5SS	
O75592-2		no Ensembl transcript
O75600-2	A3SS	
O75602-2	SE,A5SS	
O75602-3		no Ensembl transcript
O75602-4		no Ensembl transcript
O75602-5	SE,AF	
O75604-2		no Ensembl transcript
O75604-3	SE,AF	
O75604-4	SE,AF	
O75608-2	SE	
O75616-2	A5SS,A3SS,AL	
O75618-2		no Ensembl transcript
O75626-2	A3SS,AF	
O75626-3	SE,AF	
O75631-2	SE	
O75635-2	SE	
O75636-2	SE	
O75638-2	A5SS,AL	
O75643-2		no Ensembl transcript
O75648-2	SE,A5SS	
O75648-3		no Ensembl transcript
O75648-4		no Ensembl transcript
O75648-5	AL	
O75663-2	SE,AL	
O75665-2	SE,AL	
O75665-3	SE	
O75674-2	A5SS,AL	
O75674-3	A3SS,AF	
O75676-2	A3SS	
O75678-2	SE,A5SS,AL	
O75678-3		no Ensembl transcript
O75679-2	A3SS	
O75688-2	SE,AL	
O75688-3	A3SS,AF	
O75688-4	SE,AL	
O75688-5		no Ensembl transcript
O75689-2	SE,AF	
O75689-3	A3SS,AF	
O75694-2	A3SS,AF	
O75715-2	SE,A5SS,AL	
O75717-2	A3SS,AF	
O75746-2		no Ensembl transcript
O75764-2	SE,AL	
O75771-2	SE,A5SS,AL	
O75771-3	SE	
O75771-4	SE	
O75771-5		no Ensembl transcript
O75771-6	SE,AL	
O75771-7	SE,AL	
O75771-8	SE,MXE	
O75781-2	SE	
O75783-2	A3SS,AF	
O75787-2	SE	
O75791-2	SE	
O75800-2	SE,A3SS	
O75807-2		no Ensembl transcript
O75808-2		no Ensembl transcript
O75815-2	A3SS,AF	
O75815-3	SE,AF	
O75818-2	SE	
O75820-2	A3SS	
O75820-3		no Ensembl transcript
O75820-4	A3SS,AF	
O75822-2	SE	
O75822-3	SE	
O75829-2	A3SS	
O75832-2	A5SS	
O75838-2		no Ensembl transcript
O75838-3	A3SS,AF	
O75838-4	SE	
O75840-2	SE,AF	
O75840-3	A5SS	
O75840-4	SE,AF	
O75840-5	A5SS	
O75840-6	SE,A5SS	
O75864-2		no Ensembl transcript
O75865-2	A5SS	
O75865-3	SE,A5SS,AL	
O75865-4	SE,A5SS,AL	
O75882-2	SE,AL	
O75882-3		no Ensembl transcript
O75884-2		no Ensembl transcript
O75886-2		no Ensembl transcript
O75888-2	SE	
O75888-3	A5SS,AL	
O75888-4	SE,A3SS	
O75888-5	SE,A3SS	
O75891-2	SE,A5SS,A3SS	
O75891-3	A3SS,AF	
O75891-4	SE,A5SS,AL	
O75897-2	SE	
O75900-2		no Ensembl transcript
O75900-3		no Ensembl transcript
O75908-2		no Ensembl transcript
O75908-3		no Ensembl transcript
O75908-4	SE,A5SS,AL	
O75909-1		no Ensembl transcript
O75909-2		no Ensembl transcript
O75909-4		no Ensembl transcript
O75911-2		no Ensembl transcript
O75914-2	SE	
O75914-3	SE	
O75914-4	SE,MXE	
O75916-2		no Ensembl transcript
O75916-3		no Ensembl transcript
O75916-4		no Ensembl transcript
O75916-5	A5SS	
O75920-2	SE,AL	
O75923-10	SE,AF	
O75923-11	SE,MXE,AF	
O75923-12	SE,MXE,AF	
O75923-13	SE,MXE,AF	
O75923-14	SE,AF	
O75923-15		no Ensembl transcript
O75923-2	SE	
O75923-3		canonical and isoform share a transcript
O75923-4	SE	
O75923-5	SE,MXE	
O75923-6	SE	
O75923-7	SE,MXE	
O75923-8	SE,AF	
O75923-9	SE,MXE,AF	
O75925-2	SE,AF	
O75925-3		no Ensembl transcript
O75928-2	SE,AL	
O75928-3	SE,MXE,AL	
O75935-2	AL	
O75935-3	SE	
O75943-2	SE,AF	
O75943-3	A3SS,AF	
O75943-4	SE,MXE,AF	
O75947-2	SE	
O75952-2	SE	
O75952-3	A5SS,AL	
O75952-4	A5SS,AL	
O75952-5	AF,AL	
O75952-6		no Ensembl transcript
O75953-4	A3SS,AF	
O75953-5		no Ensembl transcript
O75955-2	SE	
O75962-2		no Ensembl transcript
O75962-3		no Ensembl transcript
O75962-4		no Ensembl transcript
O75962-5		no Ensembl transcript
O75970-2	SE	
O75970-3	SE	
O75970-5	SE	
O75971-2	SE	
O75976-2	SE,AF	
O76013-2	A3SS,AF	
O76021-2		no Ensembl transcript
O76036-2	SE	
O76036-3	SE	
O76036-4		no Ensembl transcript
O76036-5	SE	
O76036-6	A3SS	
O76039-1		identical exon structure
O76041-2	SE,AF	
O76050-2		no Ensembl transcript
O76054-4	A5SS,AL	
O76054-5	SE	
O76062-2	SE	
O76064-2	SE,AL	
O76064-3	SE,A5SS	
O76074-2	SE,AF	
O76075-2	SE,AL	
O76075-3	SE,AL	
O76075-4		no Ensembl transcript
O76076-2	SE,A5SS	
O76081-2	SE	
O76081-3	SE	
O76081-4	A3SS,AF	
O76081-5		no Ensembl transcript
O76081-6	SE,AF	
O76082-2		no Ensembl transcript
O76082-3	SE	
O76083-10	SE,A3SS	
O76083-11	SE,A3SS	
O76083-12	SE	
O76083-13	SE,A3SS	
O76083-14	SE,A3SS	
O76083-15	SE	
O76083-16	SE,A3SS	
O76083-2	SE	
O76083-3	SE,A3SS	
O76083-4	SE	
O76083-5	SE,MXE	
O76083-6	SE,A3SS	
O76083-7	SE,A3SS	
O76083-8	SE	
O76083-9	SE,A3SS	
O76090-3	A5SS,A3SS,AF,AL	
O76090-4		canonical and isoform share a transcript
O76094-2	SE	
O76095-2	A3SS,AF	
O94759-2	SE,A5SS,A3SS,RI	
O94759-3		no Ensembl transcript
O94760-2	A3SS,AF	
O94762-2	A5SS,AL	
O94762-3	SE,AL	
O94762-4	A3SS	
O94763-2		no Ensembl transcript
O94763-3		no Ensembl transcript
O94763-4	SE,AF,AL	
O94766-2	SE,AL	
O94769-2	SE,A3SS,AL	
O94772-2	A3SS,AF	
O94776-2	A3SS,AF	
O94779-2	SE	
O94779-4	A5SS,AL	
O94788-2	SE	
O94788-3	SE,AF	
O94788-4	A3SS,AF	
O94806-2		no Ensembl transcript
O94810-2	SE,A5SS	
O94810-3	AF	
O94812-2	A3SS,AF	
O94812-3	A3SS,AF	
O94812-5	A3SS,AF	
O94812-6	A3SS,AF	
O94812-7	SE,A3SS,AF	
O94813-2	SE,MXE	
O94813-3	SE	
O94817-4	SE,A5SS,AL	
O94818-2	SE	
O94818-3	SE,AF	
O94818-4	A3SS,AF	
O94822-2		no Ensembl transcript
O94822-3	A3SS	
O94823-2		no Ensembl transcript
O94823-3		no Ensembl transcript
O94827-3	A3SS,AF	
O94827-4	A5SS,RI,AL	
O94827-7		no Ensembl transcript
O94830-2		no Ensembl transcript
O94842-2		identical exon structure
O94842-3		no Ensembl transcript
O94851-1		identical exon structure
O94851-2		no Ensembl transcript
O94851-3	SE	
O94851-4	SE,A5SS,AL	
O94851-5	SE	
O94851-6	SE,A5SS,AL	
O94854-4		no Ensembl transcript
O94855-2	A3SS	
O94856-10	SE,MXE	
O94856-11	SE,MXE	
O94856-12		no Ensembl transcript
O94856-13		no Ensembl transcript
O94856-2	A5SS,AL	
O94856-3	SE,MXE	
O94856-4		no Ensembl transcript
O94856-5		no Ensembl transcript
O94856-6		no Ensembl transcript
O94856-7		no Ensembl transcript
O94856-8	SE,MXE	
O94856-9		identical exon structure
O94864-2	A3SS,AF	
O94864-4	SE	
O94868-2	A3SS,AF	
O94868-3	A5SS,A3SS,AF,AL	
O94874-2		no Ensembl transcript
O94874-3		no Ensembl transcript
O94875-10	SE,MXE,A3SS,AF	
O94875-11	A3SS,AF	
O94875-12	SE,MXE,A3SS,AF	
O94875-2	SE,MXE,A3SS,AF	
O94875-3		no Ensembl transcript
O94875-4	SE,MXE,A3SS,AF	
O94875-5		no Ensembl transcript
O94875-6		no Ensembl transcript
O94875-7	SE,MXE,AF	
O94875-8	SE,MXE,A3SS,AF	
O94875-9	SE,A3SS,AF	
O94876-2	SE,AF	
O94880-1		canonical and isoform share a transcript
O94880-2		no Ensembl transcript
O94887-2	SE,AL	
O94887-3	SE,AL	
O94889-2		no Ensembl transcript
O94901-2	A5SS,AL	
O94901-3		no Ensembl transcript
O94901-4		no Ensembl transcript
O94901-5	SE,A3SS,AF	
O94901-6	SE	
O94901-7	A5SS,A3SS,AF,AL	
O94901-9	SE,A3SS	
O94905-2	SE,AL	
O94905-3	A5SS,AL	
O94906-2	SE	
O94910-2	SE	
O94911-1		identical exon structure
O94911-2	A5SS,AL	
O94915-2		no Ensembl transcript
O94916-2		canonical and isoform share a transcript
O94916-3	SE,AL	
O94916-4	SE,A3SS	
O94916-5	SE	
O94921-2	SE,AF	
O94921-3	A3SS,AF	
O94925-2		no Ensembl transcript
O94925-3	SE,AL	
O94927-2	SE,A5SS,AL	
O94929-2	SE,AL	
O94929-3	SE	
O94929-4	A3SS,AF	
O94941-2	SE	
O94952-1		canonical and isoform share a transcript
O94953-2	SE,AL	
O94956-2	SE,A3SS,AF	
O94956-3	A3SS,AF	
O94956-4	SE	
O94964-2	SE,A5SS,A3SS,AF,AL	
O94964-3		no Ensembl transcript
O94964-4		no Ensembl transcript
O94966-2		no Ensembl transcript
O94966-3	SE,A3SS,AL	
O94966-4	SE,A3SS,AL	
O94966-5	SE	
O94966-6	SE,MXE,A3SS,AL	
O94966-7	SE,MXE,A5SS,AL	
O94967-2	SE	
O94967-3	A3SS	
O94967-4	A5SS,A3SS	
O94972-2	SE	
O94972-3	SE	
O94973-2	A3SS	
O94973-3	SE,A5SS,A3SS,AL	
O94979-10	SE,A5SS	
O94979-2	A5SS	
O94979-3	SE	
O94979-4	SE	
O94979-5		no Ensembl transcript
O94979-6	SE	
O94979-7		no Ensembl transcript
O94979-8	SE,A5SS	
O94979-9	SE,A5SS,AF	
O94983-2	SE	
O94983-3	SE,AF	
O94983-4	SE,A3SS,AF	
O94983-5		no Ensembl transcript
O94983-6	A5SS,A3SS,AF	
O94985-2	SE	
O94986-1		canonical and isoform share a transcript
O94986-2		no Ensembl transcript
O94986-3	SE,MXE,A5SS,AL	
O94988-1		canonical and isoform share a transcript
O94988-3	SE	
O94988-5	SE	
O94988-6	SE	
O94991-2		no Ensembl transcript
O94993-2	SE,A5SS	
O95045-2	A3SS,AF	
O95049-3	A3SS	
O95049-4	A3SS,AF	
O95049-5	A3SS,AF	
O95050-2	A3SS	
O95069-2	SE,AF	
O95069-3	SE,AF	
O95069-4	SE,A5SS,AF,AL	
O95071-2	A3SS	
O95072-2		no Ensembl transcript
O95073-2		no Ensembl transcript
O95081-2		no Ensembl transcript
O95084-2		no Ensembl transcript
O95104-2	A3SS	
O95104-3	SE	
O95125-2		identical exon structure
O95139-2	SE	
O95140-2		no Ensembl transcript
O95150-2		identical exon structure
O95150-3		no Ensembl transcript
O95153-2	SE	
O95153-3		no Ensembl transcript
O95155-2	SE	
O95155-3		no Ensembl transcript
O95155-4	SE	
O95168-2	A5SS,AL	
O95169-2	SE,AL	
O95169-3	A3SS,AF	
O95170-2		no Ensembl transcript
O95171-2	SE	
O95171-3	SE	
O95180-2	SE	
O95185-2	SE,A5SS,AL	
O95196-2	A5SS	
O95196-3	A5SS,A3SS,AF	
O95197-2	SE	
O95197-3	SE	
O95197-4	SE	
O95197-5	SE,A5SS	
O95197-6	SE,A5SS	
O95197-7	SE,A3SS	
O95198-2	SE,AF	
O95198-3	A3SS,AF	
O95199-2	A3SS,AF	
O95202-2		no Ensembl transcript
O95202-3		no Ensembl transcript
O95206-2	A5SS	
O95208-2	SE	
O95208-3		no Ensembl transcript
O95208-5	A3SS,AF	
O95214-2	SE,AL	
O95218-2	SE,AL	
O95219-2		no Ensembl transcript
O95229-2	A5SS,A3SS	
O95232-2		no Ensembl transcript
O95235-2	A5SS,A3SS,RI	
O95236-2	SE,AF	
O95236-3	A3SS,AF	
O95238-2	SE	
O95239-2		no Ensembl transcript
O95243-2	A5SS	
O95243-3	A5SS	
O95243-5	A5SS,AL	
O95243-6	SE,A5SS	
O95248-4	SE	
O95248-5	SE,A3SS	
O95249-2	A3SS,AF	
O95251-2	SE	
O95251-3	SE	
O95251-4	SE	
O95251-5	SE	
O95255-2	A5SS,AL	
O95255-3	SE,A5SS,AL	
O95256-2	A3SS,AF	
O95256-3		no Ensembl transcript
O95256-4		no Ensembl transcript
O95258-2	A5SS	
O95258-3	SE,A5SS	
O95259-2	A5SS	
O95260-2	SE,MXE	
O95263-2	SE	
O95263-3	SE	
O95263-4	SE	
O95263-5	A3SS,AF	
O95263-6	SE	
O95264-2	A3SS,AF	
O95267-2	SE	
O95267-3	SE,A5SS	
O95267-4	SE,A5SS,AL	
O95267-5	SE,A5SS	
O95271-2		no Ensembl transcript
O95273-2	SE,AL	
O95273-3		no Ensembl transcript
O95273-4		no Ensembl transcript
O95278-2	A5SS,AL	
O95278-4		no Ensembl transcript
O95278-5	SE,A5SS	
O95278-6		no Ensembl transcript
O95278-7	SE,A3SS,AF,AL	
O95278-8	A3SS,AF	
O95292-2	SE,A5SS	
O95294-2	A3SS	
O95294-3	A3SS	
O95294-4	A3SS	
O95297-2		no Ensembl transcript
O95297-3	SE,A5SS	
O95297-4		no Ensembl transcript
O95297-5	SE	
O95298-2	A3SS	
O95298-3	SE,A5SS,AL	
O95299-2	SE,A5SS,AL	
O95302-2	SE,AF	
O95302-3	SE	
O95319-2	A3SS,AF	
O95319-3		no Ensembl transcript
O95319-4		no Ensembl transcript
O95319-5	A5SS,A3SS,AF	
O95340-2	SE	
O95347-2		no Ensembl transcript
O95352-2	SE	
O95352-3	SE	
O95359-1		canonical and isoform share a transcript
O95359-2	SE,A3SS,AF	
O95359-3	SE,AF	
O95359-5	SE,AF	
O95359-6	SE	
O95361-2	A3SS,AF	
O95379-2		no Ensembl transcript
O95379-3	SE,AF	
O95379-4	SE,AF	
O95382-2		no Ensembl transcript
O95382-3	SE	
O95388-2	SE	
O95388-3	SE	
O95388-4	SE,A5SS	
O95388-5		no Ensembl transcript
O95389-2		no Ensembl transcript
O95394-3	A5SS,AL	
O95394-4	A3SS,AF	
O95398-2	A5SS,AL	
O95398-3	A3SS,AF	
O95399-2	A3SS,AF	
O95402-2	A5SS,RI	
O95405-2	SE	
O95405-3		no Ensembl transcript
O95415-2	SE,AL	
O95425-2	SE	
O95425-3		no Ensembl transcript
O95425-4	SE	
O95428-2		no Ensembl transcript
O95428-3		no Ensembl transcript
O95428-4		no Ensembl transcript
O95428-5	A3SS	
O95428-6	SE	
O95429-2	SE	
O95433-2	SE,AL	
O95436-2	A3SS	
O95445-2	A3SS,AF	
O95450-2	SE,AL	
O95453-2	A3SS,AF	
O95453-3	SE,A5SS,A3SS	
O95453-4	SE	
O95456-2	SE	
O95460-2	SE	
O95460-3		no Ensembl transcript
O95460-4	SE	
O95461-2	SE	
O95466-2	SE,AL	
O95466-3		no Ensembl transcript
O95471-2	A5SS,AL	
O95479-2	A3SS,AF	
O95486-2	SE,AL	
O95487-2	SE	
O95487-3	SE,A3SS	
O95490-2	SE	
O95490-3	SE,A5SS	
O95490-4	SE,MXE,AL	
O95490-5	SE	
O95490-6	SE	
O95490-7	SE,MXE	
O95498-2	SE	
O95498-3	SE,AL	
O95498-4	SE,A5SS,AL	
O95498-5		no Ensembl transcript
O95498-6	A3SS	
O95544-2	SE,A5SS,A3SS	
O95544-3		no Ensembl transcript
O95551-2		no Ensembl transcript
O95551-3		no Ensembl transcript
O95600-3	SE,A5SS	
O95600-4	SE,A5SS,A3SS	
O95600-5		canonical and isoform share a transcript
O95613-2	A5SS,A3SS,AF	
O95620-2		no Ensembl transcript
O95622-2	SE,AF	
O95628-10	SE,AL	
O95628-2	A5SS	
O95628-3		no Ensembl transcript
O95628-4	SE,AL	
O95628-5	SE,A5SS,AL	
O95628-6		no Ensembl transcript
O95628-7		no Ensembl transcript
O95628-8	SE,A5SS,AL	
O95628-9	SE,A5SS,AL	
O95630-2	SE,AL	
O95633-2		no Ensembl transcript
O95639-2	A3SS	
O95639-3	A3SS	
O95644-10	SE	
O95644-11	SE,MXE,AF	
O95644-17	A5SS,A3SS,AF,AL	
O95644-2	A5SS,AL	
O95644-3	SE,A5SS,AF,AL	
O95644-4	A5SS,AL	
O95644-5	SE,A5SS,AF,AL	
O95644-6	SE,AF	
O95644-8		no Ensembl transcript
O95670-2	A5SS,A3SS	
O95670-3	A3SS,AF	
O95671-2	SE	
O95671-3	A3SS,AF	
O95672-2	A5SS	
O95674-2	SE,A5SS,A3SS,AL	
O95677-2	SE	
O95677-3		no Ensembl transcript
O95677-4	SE,MXE	
O95677-5	SE,MXE	
O95684-2	SE	
O95684-3	SE,A3SS,AF,AL	
O95696-2	A3SS	
O95704-2	SE	
O95704-3	SE,A3SS	
O95704-4	A3SS	
O95704-5	SE,A5SS,AL	
O95704-6	SE,AL	
O95718-1		identical exon structure
O95718-2	SE,A5SS,AL	
O95727-2	A3SS,AF	
O95741-2	A3SS,AF	
O95749-2	A3SS,AF	
O95754-2	SE	
O95755-2	SE	
O95758-1		identical exon structure
O95758-2	SE,A5SS,AL	
O95758-4	A3SS,AF	
O95758-5	AF	
O95758-6	A5SS	
O95758-7	SE,MXE,AF	
O95759-2		no Ensembl transcript
O95760-2	SE	
O95760-3	SE	
O95760-4	SE	
O95772-2		no Ensembl transcript
O95780-2	A3SS,AF	
O95780-3	A3SS,AF	
O95782-2	SE	
O95785-2	SE,AF	
O95785-3		no Ensembl transcript
O95785-4		no Ensembl transcript
O95786-2	SE	
O95789-1		canonical and isoform share a transcript
O95789-2		no Ensembl transcript
O95789-4	A5SS,AL	
O95789-5		no Ensembl transcript
O95793-2	A3SS,AF	
O95793-3	A3SS,AF	
O95803-2	A5SS,AL	
O95803-3		no Ensembl transcript
O95816-2		no Ensembl transcript
O95819-2	SE,A3SS	
O95819-3	SE,A3SS	
O95819-4	SE,MXE,A5SS,A3SS	
O95819-5		no Ensembl transcript
O95819-6	SE,A3SS	
O95822-2		no Ensembl transcript
O95825-2	SE,AL	
O95831-2	SE	
O95831-3	SE,MXE	
O95831-4	SE,AL	
O95831-5		no Ensembl transcript
O95831-6	SE,A5SS,AL	
O95834-2	SE,AF	
O95834-3	SE,AF	
O95835-2	A5SS,AL	
O95843-2		no Ensembl transcript
O95847-2	SE,AL	
O95859-2		no Ensembl transcript
O95861-2		no Ensembl transcript
O95861-3	A3SS,AF	
O95861-4	SE	
O95864-2	SE,AF	
O95864-3	A5SS,AL	
O95864-4	SE,AF	
O95866-2	A5SS,A3SS	
O95866-3	SE,A3SS	
O95866-4	SE,A5SS,A3SS	
O95866-5	SE	
O95866-6		no Ensembl transcript
O95866-7	AL	
O95870-2	SE,MXE,AF	
O95876-2	SE,MXE,AL	
O95876-3	SE,AF	
O95900-2		canonical and isoform share a transcript
O95905-2	SE	
O95905-3	SE	
O95922-2	SE,AL	
O95922-4	SE	
O95925-2	A3SS,AF	
O95925-3	SE,AL	
O95926-2	SE	
O95932-2	SE,A5SS	
O95936-2		no Ensembl transcript
O95936-3	A3SS,AF	
O95936-4	A3SS	
O95944-2	SE,A5SS,A3SS	
O95944-3	SE,A5SS	
O95947-2	A5SS,AL	
O95954-2	AL	
O95954-3		no Ensembl transcript
O95954-4	AL	
O95965-2	A3SS,AF	
O95965-3	SE,AF	
O95970-2		identical exon structure
O95970-3	SE	
O95971-2	SE	
O95971-3	A5SS,AL	
O95971-4	SE,A5SS,AL	
O95983-2	A5SS	
O95985-2		no Ensembl transcript
O95985-3		no Ensembl transcript
O95990-2	A5SS,AL	
O95990-3	A3SS,AF	
O95990-4	A3SS,AF	
O95995-2	A3SS,AF	
O95996-2		no Ensembl transcript
O95996-3		identical exon structure
O95998-3	SE,A5SS	
O95998-4	A5SS	
O96000-2	A5SS,AL	
O96001-2	SE	
O96005-3	A3SS,AF	
O96005-4	SE,AF	
O96008-2	A5SS,AL	
O96011-2	SE,AF	
O96013-2		no Ensembl transcript
O96013-3	SE	
O96013-4	A5SS	
O96017-10		no Ensembl transcript
O96017-11		no Ensembl transcript
O96017-12	SE	
O96017-13	A3SS,AF	
O96017-2		no Ensembl transcript
O96017-3		no Ensembl transcript
O96017-4	SE	
O96017-5	SE,A5SS,AL	
O96017-6	SE,MXE,A5SS,AL	
O96017-7		no Ensembl transcript
O96017-8	SE,A5SS,AL	
O96017-9	SE	
O96019-2	A3SS,AF	
O96020-2		no Ensembl transcript
O96028-2	A3SS,AF	
O96028-3	SE,AL	
O96028-4		no Ensembl transcript
O96028-5	A5SS,AL	
O96028-6		no Ensembl transcript
O96028-7	SE,AL	
P00167-2	SE,AL	
P00167-3	SE	
P00325-2	AF	
P00338-2	SE,A5SS	
P00338-3	A3SS,AF	
P00338-4	SE	
P00338-5	SE,A5SS	
P00367-2	A3SS,AF	
P00367-3	A3SS,AF	
P00374-2	A3SS,AF	
P00387-2	A3SS,AF	
P00387-3	SE,AF	
P00390-2		no Ensembl transcript
P00390-3	SE	
P00390-4	SE	
P00390-5	SE	
P00451-2	SE,AF	
P00505-2	SE	
P00519-2	SE,AF	
P00533-2	A5SS,AL	
P00533-3	SE,AL	
P00533-4	SE,AL	
P00558-2	A3SS,AF	
P00738-2	SE	
P00739-2		no Ensembl transcript
P00740-2	SE	
P00749-2	SE,MXE,AF	
P00750-2		no Ensembl transcript
P00750-3	SE	
P00750-4		no Ensembl transcript
P00751-2		no Ensembl transcript
P00797-2	SE	
P00973-2	A5SS,AL	
P00973-3		identical exon structure
P00973-4	SE,AL	
P01009-2	A5SS,AL	
P01009-3	A5SS,AL	
P01011-2	SE,A5SS,AL	
P01011-3		no Ensembl transcript
P01042-2	A5SS,AL	
P01042-3	SE,A5SS,AL	
P01100-2	A3SS,AF	
P01100-3	SE	
P01106-1		identical exon structure
P01106-3	A3SS,AF	
P01112-2	SE,AL	
P01116-2	SE,AL	
P01127-2	SE,AF	
P01130-2	SE	
P01130-3	SE	
P01130-4	SE	
P01130-5	A3SS	
P01130-6		no Ensembl transcript
P01133-2	SE	
P01133-3	SE	
P01135-2	A3SS	
P01135-3	SE,A3SS,AL	
P01135-4		no Ensembl transcript
P01135-5		no Ensembl transcript
P01222-2		no Ensembl transcript
P01241-2	A3SS	
P01241-3		no Ensembl transcript
P01241-4		no Ensembl transcript
P01241-5	SE	
P01242-2	A5SS,RI	
P01242-3	A3SS	
P01242-4	A5SS	
P01258-2	A5SS,AL	
P01266-2		no Ensembl transcript
P01282-2	A3SS	
P01286-2	A3SS	
P01298-2		no Ensembl transcript
P01344-2	A3SS	
P01344-3	A3SS,AF	
P01732-2	SE	
P01732-3		no Ensembl transcript
P01854-1		canonical and isoform share a transcript
P01854-3	A5SS,AL	
P01857-1		canonical and isoform share a transcript
P01859-1		canonical and isoform share a transcript
P01860-1		no Ensembl transcript
P01861-1		canonical and isoform share a transcript
P01871-1		canonical and isoform share a transcript
P01876-1		canonical and isoform share a transcript
P01877-1		canonical and isoform share a transcript
P01880-1		no Ensembl transcript
P02458-1		canonical and isoform share a transcript
P02458-3		no Ensembl transcript
P02461-2		no Ensembl transcript
P02462-2	SE,AL	
P02545-2	A5SS,AL	
P02545-3	SE	
P02545-4	SE,A5SS,AF,AL	
P02545-5	SE,AF	
P02545-6	A5SS	
P02549-2		no Ensembl transcript
P02671-2	A5SS,AL	
P02679-2	A5SS,AL	
P02686-2	A5SS,AL	
P02686-3	SE,A3SS,AF	
P02686-4	SE,MXE,A3SS,AF	
P02686-5	A3SS,AF	
P02686-6	SE,A3SS,AF	
P02708-1		canonical and isoform share a transcript
P02724-2	A3SS,AF	
P02724-3	SE	
P02730-2		no Ensembl transcript
P02741-2	A5SS,A3SS,RI	
P02751-1		canonical and isoform share a transcript
P02751-10	SE,A3SS	
P02751-11		no Ensembl transcript
P02751-12		no Ensembl transcript
P02751-13	SE,MXE,A3SS	
P02751-14	SE,A5SS,A3SS,RI	
P02751-16	A5SS,AL	
P02751-17	A3SS,RI	
P02751-2		no Ensembl transcript
P02751-3	A5SS,A3SS,RI	
P02751-4		no Ensembl transcript
P02751-5		no Ensembl transcript
P02751-6		no Ensembl transcript
P02751-7	SE,A5SS,A3SS,RI	
P02751-8	SE	
P02751-9	SE,A3SS,RI	
P02768-2		no Ensembl transcript
P02768-3		no Ensembl transcript
P02774-2		no Ensembl transcript
P02774-3	A3SS,AF	
P02788-2	A3SS,AF	
P02808-2	SE	
P03372-2		no Ensembl transcript
P03372-3		no Ensembl transcript
P03372-4	SE,A3SS,AF,AL	
P03951-2		no Ensembl transcript
P04035-2	SE	
P04035-3		no Ensembl transcript
P04049-2	SE	
P04053-2	A3SS	
P04062-2		no Ensembl transcript
P04062-3		no Ensembl transcript
P04062-4	A3SS,AF	
P04062-5	SE	
P04070-2	A5SS,A3SS,RI	
P04075-2	A3SS,AF	
P04085-2	SE,AL	
P04090-2	SE,A5SS,A3SS	
P04150-10	A5SS,A3SS,RI	
P04150-11		identical exon structure
P04150-12		identical exon structure
P04150-13		identical exon structure
P04150-14		identical exon structure
P04150-15		identical exon structure
P04150-16		identical exon structure
P04150-2	SE,AL	
P04150-3	A5SS	
P04150-5		no Ensembl transcript
P04150-6		no Ensembl transcript
P04150-7		no Ensembl transcript
P04150-8		identical exon structure
P04150-9		no Ensembl transcript
P04179-2	SE	
P04179-3	SE	
P04179-4	A3SS,AF	
P04181-2	A3SS,AF	
P04217-2		no Ensembl transcript
P04233-2	SE	
P04233-3	SE,A5SS,AL	
P04233-4		no Ensembl transcript
P04233-5		no Ensembl transcript
P04234-2	SE	
P04275-2		no Ensembl transcript
P04278-2	SE,A5SS,A3SS,AF	
P04278-3	SE,A5SS	
P04278-4	SE	
P04278-5	A3SS	
P04279-2		no Ensembl transcript
P04406-2	A3SS,AF	
P04424-2	SE	
P04424-3	SE	
P04439-2		no Ensembl transcript
P04554-2		identical exon structure
P04626-2		no Ensembl transcript
P04626-3		no Ensembl transcript
P04626-4	A3SS,AF	
P04626-5	A3SS,AF	
P04626-6		no Ensembl transcript
P04629-2	SE	
P04629-3	SE,AF	
P04629-4		no Ensembl transcript
P04637-2	SE,AL	
P04637-3	SE,AL	
P04637-4	A3SS,AF	
P04637-5	SE,A3SS,AF,AL	
P04637-6	SE,A3SS,AF,AL	
P04637-7	A3SS,AF	
P04637-8	SE,A3SS,AF,AL	
P04637-9	SE,A3SS,AF,AL	
P04732-2	A5SS,AL	
P04746-2		no Ensembl transcript
P04798-2	A5SS,RI,AL	
P04798-3	A5SS,A3SS,AL	
P04808-2		no Ensembl transcript
P04818-2	SE	
P04818-3	SE	
P04844-2	SE,MXE	
P04899-2	SE,AF	
P04899-3	SE,AF	
P04899-4		no Ensembl transcript
P04899-5	SE,AF	
P04899-6	A3SS,AF	
P04920-2	SE,AF	
P04920-3	SE,AF	
P04921-2	A3SS,AF	
P04921-3	SE	
P05019-2	SE,AL	
P05019-3	SE,MXE,AF,AL	
P05019-4	A5SS,AL	
P05023-2		no Ensembl transcript
P05023-3	A3SS,AF	
P05023-4	SE,AF	
P05026-2		no Ensembl transcript
P05067-10	SE	
P05067-11	SE,MXE,AF	
P05067-2		no Ensembl transcript
P05067-3	SE	
P05067-4	SE	
P05067-5		no Ensembl transcript
P05067-6		canonical and isoform share a transcript
P05067-7	SE	
P05067-8	SE	
P05067-9	SE	
P05089-2	A3SS	
P05089-3		no Ensembl transcript
P05091-2	SE	
P05106-2	A5SS,AL	
P05106-3		no Ensembl transcript
P05108-2	A3SS,AF	
P05112-2	SE	
P05121-2		no Ensembl transcript
P05129-2		no Ensembl transcript
P05155-2	A3SS,AF	
P05155-3	A3SS	
P05164-2		no Ensembl transcript
P05164-3		no Ensembl transcript
P05165-2	SE	
P05165-3	SE	
P05166-2	SE	
P05186-2	SE,A3SS,AF	
P05186-3	A3SS,AF	
P05230-2	SE,A5SS	
P05386-2	SE	
P05388-2	SE	
P05408-2	A3SS	
P05538-2		no Ensembl transcript
P05549-2		no Ensembl transcript
P05549-5		no Ensembl transcript
P05549-6		no Ensembl transcript
P05556-2	A5SS,AL	
P05556-3	SE,A5SS	
P05556-4	SE,A5SS	
P05556-5	SE,AL	
P05771-2	SE,AL	
P05787-2	A3SS,AF	
P05813-2		no Ensembl transcript
P05937-2	A3SS,AF	
P05976-2	SE,MXE,AF	
P06028-2	SE	
P06133-2		identical exon structure
P06133-3	SE,A5SS	
P06213-2	SE	
P06239-2		no Ensembl transcript
P06239-3	A3SS	
P06241-2	SE,MXE	
P06241-3	SE	
P06396-2	A3SS,AF	
P06396-3	SE,AF	
P06396-4	SE,AF	
P06401-2		canonical and isoform share a transcript
P06401-3	A3SS,AF	
P06401-4		no Ensembl transcript
P06401-5	SE	
P06454-2	A3SS	
P06493-2	SE	
P06681-2	SE,AF	
P06681-3	SE	
P06730-2	SE	
P06730-3	SE,AF	
P06731-2	A3SS	
P06733-2	SE	
P06737-2	SE	
P06744-2	SE,A3SS,AF	
P06748-2	SE	
P06748-3	SE,AL	
P06753-2	SE,MXE,AF,AL	
P06753-3	SE,MXE,AF,AL	
P06753-4	SE,MXE,AF,AL	
P06753-5	SE,MXE,AF,AL	
P06753-6	SE,MXE,AF,AL	
P06753-7	SE,A3SS,AF,AL	
P06756-2	SE	
P06756-3	SE,AF	
P06865-2		no Ensembl transcript
P06870-2		no Ensembl transcript
P07093-2	A3SS	
P07093-3	A3SS,AF	
P07098-2	A3SS	
P07098-3	A3SS,AF	
P07098-4	A3SS,AF	
P07101-2	A5SS	
P07101-3	SE,A5SS	
P07101-4	SE	
P07101-5	SE,A5SS	
P07101-6	SE,A5SS	
P07108-2	SE,AF	
P07108-3	SE,AF	
P07108-4	SE	
P07108-5	SE,AF	
P07108-6		no Ensembl transcript
P07197-2	A3SS,AF	
P07202-2	SE	
P07202-3		no Ensembl transcript
P07202-4	SE	
P07202-5	SE	
P07202-6		no Ensembl transcript
P07202-7		no Ensembl transcript
P07202-8		no Ensembl transcript
P07203-2	A5SS,AL	
P07288-2	SE,AL	
P07288-3	A3SS	
P07288-4		no Ensembl transcript
P07288-5	A5SS,AL	
P07305-2		no Ensembl transcript
P07306-2	SE	
P07307-2	A5SS	
P07307-3	A5SS	
P07311-2	SE,A5SS	
P07332-2	SE	
P07332-3	SE	
P07332-4	SE	
P07333-2	SE,A5SS,AL	
P07355-2	A3SS,AF	
P07492-2	A5SS	
P07492-3	A3SS	
P07510-2	SE	
P07585-2	SE	
P07585-3	SE	
P07585-4	SE	
P07585-5	SE,A5SS	
P07602-2		canonical and isoform share a transcript
P07602-3		canonical and isoform share a transcript
P07711-3	A3SS,AF	
P07741-2		identical exon structure
P07900-2	AF	
P07902-2	SE,A3SS,AF	
P07910-2	A5SS	
P07910-3	SE,A5SS	
P07910-4	A5SS,A3SS	
P07911-2		no Ensembl transcript
P07911-3		no Ensembl transcript
P07911-4		no Ensembl transcript
P07911-5	SE	
P07948-2	A5SS	
P07949-2	A5SS,AL	
P07951-2	SE,MXE,AL	
P07951-3		no Ensembl transcript
P07954-2		no Ensembl transcript
P07992-2	SE	
P07992-3	A5SS,AL	
P07992-4	SE	
P07996-2		no Ensembl transcript
P08047-2	A3SS,AF	
P08047-3		canonical and isoform share a transcript
P08048-2	SE	
P08048-3	SE,A3SS,AF	
P08118-2	SE,A5SS	
P08133-2	A3SS,AF	
P08138-2	A3SS,AF	
P08151-2	SE,A3SS	
P08151-3	A3SS,AF	
P08174-2	SE,A5SS	
P08174-3	SE,AL	
P08174-4	SE,AL	
P08174-5	SE,A5SS	
P08174-6		no Ensembl transcript
P08174-7		no Ensembl transcript
P08183-2	SE	
P08195-2	A3SS,AF	
P08195-3	SE	
P08195-4	SE	
P08195-5	SE,MXE	
P08235-2	SE,A5SS,AL	
P08235-3	A5SS	
P08235-4	SE	
P08236-2	SE	
P08236-3	SE,A5SS	
P08237-2	SE	
P08237-3	A3SS,AF	
P08240-2	SE	
P08243-2	A3SS	
P08243-3	AF	
P08247-2		no Ensembl transcript
P08253-2	A3SS,AF	
P08253-3	SE,AF	
P08319-2	SE,AF	
P08397-2	A3SS,AF	
P08397-3	SE	
P08397-4	SE,A3SS,AF	
P08493-2	SE	
P08514-2		no Ensembl transcript
P08514-3		no Ensembl transcript
P08559-2	A3SS	
P08559-3	SE	
P08559-4	SE	
P08575-10		no Ensembl transcript
P08575-4		no Ensembl transcript
P08575-5		no Ensembl transcript
P08575-6		no Ensembl transcript
P08575-7		no Ensembl transcript
P08575-8		no Ensembl transcript
P08575-9		no Ensembl transcript
P08581-2	A3SS	
P08581-3	SE,A5SS,AL	
P08582-2	SE,AL	
P08603-2		no Ensembl transcript
P08620-2		no Ensembl transcript
P08621-2	A3SS	
P08621-3	SE,AL	
P08621-4		no Ensembl transcript
P08631-2	A3SS,AF	
P08631-3	A3SS,AF	
P08631-4	A3SS	
P08651-2	SE,AF	
P08651-3	SE,A5SS,AF,AL	
P08651-4	SE,A5SS,AF,AL	
P08651-5	SE	
P08651-6	SE,A5SS,AL	
P08686-2	SE	
P08697-2	SE,A5SS	
P08709-2	SE	
P08887-2	SE,A5SS	
P08949-2		identical exon structure
P08962-2	A3SS	
P08962-3	A3SS,AF	
P08F94-2	SE,AL	
P09038-1		no Ensembl transcript
P09038-2	A3SS	
P09038-3		no Ensembl transcript
P09086-2	A5SS,AL	
P09086-3	A3SS	
P09086-4	A3SS,AL	
P09086-5		no Ensembl transcript
P09104-2	SE	
P09110-2	SE	
P09131-2	A5SS,A3SS,RI	
P09132-2	SE,AL	
P09132-3	SE,A5SS	
P09326-2	A5SS,AL	
P09327-2	A5SS,AL	
P09417-2	SE	
P09455-2	SE,A3SS,AL	
P09455-3	SE,A3SS,AL	
P09466-2	A3SS	
P09466-3	SE,A3SS	
P09471-2	SE,AL	
P09488-2	SE	
P09493-10	SE,MXE,A5SS,AL	
P09493-2		no Ensembl transcript
P09493-3	SE,MXE,AL	
P09493-4	SE,MXE	
P09493-5	SE,MXE,AF,AL	
P09493-6	SE,MXE	
P09493-7	SE,MXE,AL	
P09493-8	SE,MXE,AL	
P09493-9	SE,AL	
P09496-2	SE	
P09496-3	SE	
P09496-4	SE	
P09496-5	SE	
P09497-2	SE	
P09525-2	SE,A5SS	
P09525-3	A5SS	
P09543-2	A3SS,AF	
P09603-2	A5SS,A3SS,RI	
P09603-3	A3SS	
P09619-2		no Ensembl transcript
P09622-2	SE	
P09622-3	SE	
P09630-2	A3SS	
P09651-2	SE	
P09651-3	SE,A5SS,A3SS	
P09912-2	A5SS	
P09912-3	A5SS	
P09914-2	A3SS,AF	
P09917-2	SE	
P09917-3	A3SS	
P09917-4	SE,A5SS	
P09917-5		no Ensembl transcript
P09919-2	A5SS	
P09919-3	SE	
P09960-2	SE,A5SS,AL	
P09960-3	SE,A5SS,AF,AL	
P09960-4	SE,AF	
P0C024-2	SE	
P0C024-3	SE,A5SS	
P0C0L4-2	SE,A5SS	
P0C1Z6-2	A3SS,AF	
P0C7A2-2		no Ensembl transcript
P0C7I6-6		no Ensembl transcript
P0C7I6-7		no Ensembl transcript
P0C7I6-8		no Ensembl transcript
P0C7P1-2	SE	
P0C7P3-2		no Ensembl transcript
P0C7U1-2	A3SS,AF	
P0C7W0-2	SE,A5SS	
P0C7W0-3	SE,A5SS,AL	
P0C7W0-4	A3SS	
P0C7X2-5	SE,AF	
P0C869-4		no Ensembl transcript
P0C869-6	SE,AF	
P0C869-7	SE,A5SS,AF	
P0C869-8		no Ensembl transcript
P0CAP1-10	SE	
P0CAP1-11	SE,AL	
P0CAP1-2	SE,AL	
P0CAP1-3	SE	
P0CAP1-4	SE	
P0CAP1-5	SE,AL	
P0CAP1-6	SE,AL	
P0CAP1-7	SE,AL	
P0CAP1-8	SE,AL	
P0CAP1-9	SE,AL	
P0CAP2-2	A3SS	
P0CAP2-3	SE,AL	
P0CK97-2		no Ensembl transcript
P0CL80-2		no Ensembl transcript
P0CL84-2		no Ensembl transcript
P0CL85-2		no Ensembl transcript
P0CW19-2	SE,AL	
P0DI81-2		no Ensembl transcript
P0DI81-3	A3SS,AF	
P0DJD3-2	SE	
P0DJD3-3		canonical and isoform share a transcript
P0DJI9-2	SE,AL	
P0DKV0-2		no Ensembl transcript
P0DML3-2	A5SS,AL	
P0DML3-3	SE	
P0DMM9-2		no Ensembl transcript
P0DMM9-3	A3SS	
P0DMS9-2	SE,AF	
P0DMV8-2		no Ensembl transcript
P0DN86-2		no Ensembl transcript
P0DP58-2	SE,AL	
P0DPB3-2	A5SS	
P0DPB3-3	SE	
P0DPB3-4	SE,AF	
P0DPD6-2	A5SS	
P0DPD6-3	SE	
P0DPF3-2	SE	
P0DPH7-2		no Ensembl transcript
P0DPI2-2	SE	
P0DPK3-2	A3SS	
P0DPK4-2	AF,AL	
P0DTE4-1		canonical and isoform share a transcript
P0DTE4-4	SE,MXE	
P0DTE5-2	SE	
P0DTL6-1		canonical and isoform share a transcript
P0DTL6-2	SE,AF	
P0DTL6-4	SE,AF,AL	
P10070-1		no Ensembl transcript
P10070-2		no Ensembl transcript
P10070-3		no Ensembl transcript
P10070-4		no Ensembl transcript
P10072-2	SE,AF	
P10082-2	A5SS,AL	
P10155-2		no Ensembl transcript
P10155-3	A5SS,AL	
P10155-4	A5SS,AL	
P10155-5	A5SS,AL	
P10242-10	SE	
P10242-11	SE	
P10242-12		no Ensembl transcript
P10242-2	A5SS	
P10242-3	SE,AL	
P10242-4	SE	
P10242-5	SE,AL	
P10242-6	SE,A5SS,AL	
P10242-7	SE,A5SS	
P10242-8	SE,A5SS	
P10242-9	SE	
P10243-2	SE	
P10244-2	SE	
P10275-2		identical exon structure
P10275-3	SE,AL	
P10275-4		no Ensembl transcript
P10276-2	SE,AF	
P10276-3	SE	
P10321-2		no Ensembl transcript
P10398-2	A5SS,AL	
P10415-2	A5SS,AL	
P10451-3	SE	
P10451-4		no Ensembl transcript
P10451-5	SE	
P10586-2	SE	
P10599-2	SE	
P10600-2	A5SS,AL	
P10619-2	SE	
P10620-2	SE,AL	
P10632-2	SE,MXE,AF	
P10635-2	SE	
P10636-2	SE	
P10636-3		no Ensembl transcript
P10636-4	SE	
P10636-5	SE	
P10636-6	SE	
P10636-7	SE	
P10636-8	SE	
P10636-9	SE	
P10644-2	SE,AL	
P10646-2	SE,AL	
P10721-2	A5SS	
P10721-4		no Ensembl transcript
P10747-2	SE	
P10747-3		no Ensembl transcript
P10747-4		canonical and isoform share a transcript
P10747-5		no Ensembl transcript
P10747-6		no Ensembl transcript
P10747-7	SE,AF	
P10809-2		no Ensembl transcript
P10826-2	SE,AF	
P10826-3	A3SS,AF	
P10827-2	A5SS,AL	
P10827-3	A3SS	
P10827-4		no Ensembl transcript
P10828-2	SE,AF	
P10909-2		no Ensembl transcript
P10909-3		no Ensembl transcript
P10909-4		no Ensembl transcript
P10909-5		no Ensembl transcript
P10909-6		no Ensembl transcript
P10911-2	SE,A5SS	
P10911-3	SE,AF	
P10911-4	SE	
P10911-5	SE,MXE,AF	
P10911-6	SE,A5SS	
P10912-2	AL	
P10912-3		no Ensembl transcript
P10912-4	SE	
P10966-2	SE,AL	
P10966-3	SE,AL	
P10966-4		no Ensembl transcript
P10966-6	SE,AL	
P10966-7	SE	
P10966-8		no Ensembl transcript
P10966-9	SE,AL	
P11049-2	A3SS,AF	
P11049-3	A5SS,A3SS,AF,AL	
P11117-2		no Ensembl transcript
P11137-2	SE	
P11137-3	A3SS	
P11137-4	SE,MXE	
P11142-2	SE,A5SS,A3SS	
P11161-2	A3SS	
P11168-2		canonical and isoform share a transcript
P11171-2	SE	
P11171-3	A3SS,AF	
P11171-4	SE,A3SS,AF	
P11171-5	SE	
P11171-6		no Ensembl transcript
P11171-7	SE,A5SS,AL	
P11172-2		no Ensembl transcript
P11172-3		no Ensembl transcript
P11172-4		no Ensembl transcript
P11177-2	SE	
P11177-3	A5SS,A3SS,RI	
P11215-2	A3SS	
P11217-2	SE,A3SS	
P11229-2	A5SS	
P11230-2	A3SS,AF	
P11234-2		no Ensembl transcript
P11234-3		no Ensembl transcript
P11274-2	SE	
P11277-2	A5SS,AL	
P11277-3		no Ensembl transcript
P11279-2	SE	
P11308-1		identical exon structure
P11308-2	A3SS,AF	
P11308-3	SE	
P11308-5	SE	
P11308-6	SE,MXE	
P11309-2		canonical and isoform share a transcript
P11310-2	A3SS	
P11362-10		no Ensembl transcript
P11362-11		no Ensembl transcript
P11362-12		no Ensembl transcript
P11362-13		no Ensembl transcript
P11362-14	SE,A5SS	
P11362-15	SE,AL	
P11362-16		no Ensembl transcript
P11362-17		no Ensembl transcript
P11362-18		no Ensembl transcript
P11362-19		no Ensembl transcript
P11362-2	A5SS	
P11362-20	SE,A5SS,AF	
P11362-21	A5SS	
P11362-3	SE	
P11362-4	SE,A5SS	
P11362-5		no Ensembl transcript
P11362-6		no Ensembl transcript
P11362-7	A5SS	
P11362-8		no Ensembl transcript
P11362-9		no Ensembl transcript
P11388-2		no Ensembl transcript
P11388-3		no Ensembl transcript
P11388-4		no Ensembl transcript
P11413-2	A3SS	
P11413-3		identical exon structure
P11464-2	SE,AL	
P11464-3	SE,AL	
P11464-4	A5SS,AL	
P11473-2	A3SS,AF	
P11474-2	A3SS	
P11498-2	SE,AL	
P11511-2	A5SS,AL	
P11532-11	SE,AF	
P11532-12	A3SS,AF	
P11532-13	SE,A3SS,AF	
P11532-14	SE,A5SS,A3SS,AF	
P11532-15	SE,A5SS,A3SS,AF	
P11532-16	SE,A5SS,A3SS,AF	
P11532-17	SE,AF	
P11532-18	SE,MXE,A5SS,AF	
P11532-2		no Ensembl transcript
P11532-3	SE,AF	
P11532-4		no Ensembl transcript
P11532-5	SE,MXE,A5SS,AF	
P11532-6	SE,MXE,A5SS,AF	
P11532-7	SE,AF	
P11532-8	SE,MXE,AF	
P11532-9	SE,MXE,A5SS,AF	
P11597-2	SE	
P11686-2	A3SS	
P11712-2	A5SS,AL	
P11802-2		no Ensembl transcript
P11836-2	SE,A5SS,A3SS	
P11908-2	A5SS	
P11912-2	A5SS	
P11940-2		no Ensembl transcript
P12034-2	SE,A5SS	
P12036-2		no Ensembl transcript
P12081-2	SE	
P12081-3	SE,A5SS	
P12081-4	A5SS	
P12107-2	SE,MXE	
P12107-3	SE	
P12107-4	SE	
P12110-2	SE,AL	
P12110-3	SE,AL	
P12111-2	SE	
P12111-3	SE,A5SS,AL	
P12111-4	SE	
P12111-5	SE,A5SS,AL	
P12270-2	SE,AL	
P12272-2	A5SS,AL	
P12272-3	SE,AL	
P12314-2		no Ensembl transcript
P12318-2	A3SS	
P12524-2	AF,AL	
P12524-3	A3SS,AF	
P12532-2	A3SS	
P12544-2		no Ensembl transcript
P12694-2	A5SS,A3SS	
P12757-2		no Ensembl transcript
P12757-3	A5SS	
P12757-4		no Ensembl transcript
P12757-5	A3SS	
P12814-2	SE,MXE	
P12814-3	SE	
P12814-4	SE,MXE,A3SS	
P12821-2		no Ensembl transcript
P12821-3	SE,AF	
P12821-4	SE,MXE,AF	
P12830-2	SE	
P12872-2	A5SS	
P12872-3	A3SS	
P12931-2	SE	
P12931-3	SE	
P12955-2	SE	
P12955-3	SE	
P12956-2	A3SS	
P13051-2	A3SS,AF	
P13056-2	SE,AL	
P13056-3	SE,AL	
P13196-2		no Ensembl transcript
P13224-2		no Ensembl transcript
P13232-2	SE	
P13232-3		no Ensembl transcript
P13378-2	A3SS	
P13378-3		no Ensembl transcript
P13473-2	SE,AL	
P13473-3	SE,AL	
P13497-2	SE,AL	
P13497-3		no Ensembl transcript
P13497-4	SE,AL	
P13497-5	SE,AL	
P13497-6	SE,AL	
P13569-2	SE	
P13569-3		no Ensembl transcript
P13584-2	A3SS	
P13591-1		canonical and isoform share a transcript
P13591-3	SE,AL	
P13591-4	SE,AL	
P13591-5		no Ensembl transcript
P13591-6	SE,AL	
P13611-2	SE	
P13611-3	SE	
P13611-4	SE	
P13611-5		no Ensembl transcript
P13612-2	SE,AL	
P13631-2	SE,AF	
P13631-3	A3SS,AF	
P13631-4	SE,MXE,AF	
P13637-2	SE,AF	
P13637-3	A3SS	
P13640-2	A3SS	
P13646-2		no Ensembl transcript
P13646-3	SE,A5SS	
P13674-2	SE,MXE	
P13674-3	SE,MXE	
P13688-10	SE,A5SS,A3SS	
P13688-11	SE,A5SS,AL	
P13688-2		no Ensembl transcript
P13688-3		no Ensembl transcript
P13688-4	AL	
P13688-5	SE,MXE	
P13688-6	SE	
P13688-7		no Ensembl transcript
P13688-8	SE,A5SS,AL	
P13688-9	SE,MXE,A5SS,AL	
P13693-2	AF	
P13716-2	A3SS	
P13726-2	SE,A5SS	
P13727-2	A5SS	
P13796-2	SE,AF	
P13797-2	SE,AF	
P13797-3		identical exon structure
P13804-2	SE	
P13805-2	SE,A3SS	
P13805-3	A3SS	
P13807-2	SE	
P13861-2	SE	
P13866-2	A3SS,AF	
P13928-2	SE,A5SS,AL	
P13928-3	SE	
P13929-2		no Ensembl transcript
P13929-3	SE	
P13942-2		no Ensembl transcript
P13942-3		no Ensembl transcript
P13942-4		no Ensembl transcript
P13942-5		no Ensembl transcript
P13942-6		no Ensembl transcript
P13942-7		no Ensembl transcript
P13942-8		no Ensembl transcript
P13942-9		no Ensembl transcript
P13987-2	A5SS,AL	
P13995-2	A3SS,AF	
P14091-2	SE,A5SS	
P14091-3		no Ensembl transcript
P14136-2	A5SS,AL	
P14136-3	SE,AL	
P14138-2	SE,A3SS	
P14138-3	A5SS	
P14151-2	A3SS	
P14209-2	SE,AL	
P14209-3	SE	
P14210-2	SE,AL	
P14210-3	A3SS	
P14210-4		no Ensembl transcript
P14210-5	SE,A3SS,AL	
P14210-6	A5SS,AL	
P14314-2	A5SS,A3SS	
P14316-2	A3SS	
P14317-2	SE,A5SS,AL	
P14324-2	A3SS,AF	
P14373-2	A5SS,RI	
P14416-2	SE	
P14416-3	SE	
P14543-2	SE	
P14598-2		no Ensembl transcript
P14618-2	SE,MXE	
P14618-3		identical exon structure
P14635-2	SE,A5SS	
P14651-2	A3SS	
P14651-3	A3SS	
P14653-2	A5SS,AL	
P14672-2	A5SS,AL	
P14678-2	SE,AL	
P14678-3		no Ensembl transcript
P14679-2		no Ensembl transcript
P14735-2	A3SS,AF	
P14859-2	A3SS,AF	
P14859-3		canonical and isoform share a transcript
P14859-4		no Ensembl transcript
P14859-5	SE,A3SS,AF	
P14859-6	A3SS,AF	
P14866-2	A3SS,AF	
P14868-2	SE	
P14921-2	SE	
P14921-3	SE,AF	
P14921-4	SE	
P14921-5	SE,A5SS	
P14927-2	SE,A5SS	
P15018-2	SE,A5SS	
P15151-2	A5SS	
P15151-3	SE	
P15151-4		no Ensembl transcript
P15170-2	A3SS,AF	
P15170-3	A3SS,AF	
P15260-2		no Ensembl transcript
P15289-2	A3SS,AF	
P15291-2		canonical and isoform share a transcript
P15309-2	A5SS,AL	
P15309-3	SE	
P15336-2		no Ensembl transcript
P15336-3	A5SS,AL	
P15336-4	SE,A3SS,AF	
P15336-5	A3SS,AF	
P15336-6		no Ensembl transcript
P15336-7		no Ensembl transcript
P15336-8	SE	
P15391-2	A3SS	
P15407-2	SE	
P15408-2	SE,A3SS,AF	
P15408-3		no Ensembl transcript
P15428-2	SE,A5SS	
P15428-3	A3SS,AF	
P15428-4	SE,A5SS	
P15428-5	SE	
P15498-2	SE	
P15502-1		canonical and isoform share a transcript
P15502-10		no Ensembl transcript
P15502-11	SE,A3SS	
P15502-12	SE,A3SS	
P15502-13	SE,A3SS	
P15502-2	A3SS	
P15502-4	A5SS,A3SS	
P15502-5	SE,A3SS	
P15502-6	SE,A3SS	
P15502-7	SE,A3SS	
P15502-8	SE,A3SS	
P15502-9		no Ensembl transcript
P15509-2	SE,AL	
P15509-3	SE,A5SS,AL	
P15509-4		no Ensembl transcript
P15509-5	SE,A5SS	
P15509-6	SE,A5SS,AL	
P15509-7	SE	
P15509-8		identical exon structure
P15529-10		no Ensembl transcript
P15529-11	SE	
P15529-12	SE	
P15529-13	SE	
P15529-14	SE	
P15529-15	SE	
P15529-16	SE,AL	
P15529-2	SE,AL	
P15529-3	SE,AL	
P15529-4	SE,AL	
P15529-5	SE,AL	
P15529-6	SE,AL	
P15529-7	SE,AL	
P15529-8		no Ensembl transcript
P15529-9	SE,AL	
P15531-2	A3SS,AF	
P15538-2	SE	
P15559-2	SE	
P15559-3	SE	
P15586-2	SE	
P15621-2	SE,A5SS	
P15621-3	A5SS	
P15622-2		no Ensembl transcript
P15622-3	A3SS	
P15692-1		canonical and isoform share a transcript
P15692-10	SE	
P15692-11	SE,A3SS	
P15692-12	SE,A3SS	
P15692-14	A3SS	
P15692-15	SE,A3SS,AL	
P15692-16	A5SS,A3SS	
P15692-17	SE,A5SS,A3SS	
P15692-18	SE,A3SS	
P15692-2	A5SS	
P15692-3	A5SS	
P15692-4	SE	
P15692-5	SE,A5SS	
P15692-6	SE,A5SS,A3SS	
P15692-8	SE,AL	
P15692-9	SE	
P15735-2	A5SS,AL	
P15812-10	SE,A5SS,AL	
P15812-11	SE,A5SS	
P15812-12	SE,A5SS,A3SS	
P15812-13	SE	
P15812-2	A3SS	
P15812-3	A5SS,AL	
P15812-4	A5SS,A3SS	
P15812-5	SE	
P15812-6	SE,A3SS	
P15812-7	SE,A5SS,A3SS	
P15812-8	SE	
P15812-9	SE,A3SS	
P15814-2	SE,A5SS	
P15822-2		no Ensembl transcript
P15822-3		no Ensembl transcript
P15848-2	SE,AL	
P15863-2	A3SS,AF	
P15863-3		no Ensembl transcript
P15882-2	A3SS,AF	
P15882-3	SE	
P15884-10	SE,AF	
P15884-11	SE,A5SS,A3SS,AF	
P15884-12	SE,A3SS,AF	
P15884-13	A5SS,AF	
P15884-14	AF	
P15884-15	SE,AF	
P15884-16	A3SS,AF	
P15884-2	SE,A5SS,AF	
P15884-3	A5SS	
P15884-4	SE,A5SS	
P15884-5	SE	
P15884-6	SE,AF	
P15884-7	SE,A3SS,AF	
P15884-8	SE,AF	
P15884-9	A3SS,AF	
P15907-2	A3SS,AF	
P15918-2	A5SS,AL	
P15923-2	SE,MXE	
P15923-3	SE,A5SS,A3SS,RI	
P15924-2	A5SS	
P15924-3	A5SS	
P15927-2	SE,AF	
P15927-3	A5SS,A3SS,RI	
P15941-10	SE,A3SS	
P15941-11	A3SS	
P15941-12	A3SS	
P15941-13	SE,A5SS,AL	
P15941-14		no Ensembl transcript
P15941-15		no Ensembl transcript
P15941-16	SE	
P15941-17		no Ensembl transcript
P15941-2		no Ensembl transcript
P15941-3		no Ensembl transcript
P15941-4		no Ensembl transcript
P15941-5		no Ensembl transcript
P15941-6	A3SS	
P15941-7	A3SS	
P15941-8	SE	
P15941-9	SE	
P15976-2		no Ensembl transcript
P15976-3	A3SS,AF	
P16050-2	A3SS	
P16070-10	SE	
P16070-11	SE	
P16070-12	SE	
P16070-13	SE	
P16070-14		no Ensembl transcript
P16070-15	SE,MXE,A3SS,AL	
P16070-16		no Ensembl transcript
P16070-17		no Ensembl transcript
P16070-18	SE	
P16070-19	SE,A5SS,A3SS	
P16070-2		no Ensembl transcript
P16070-3		no Ensembl transcript
P16070-4	SE	
P16070-5		no Ensembl transcript
P16070-6		no Ensembl transcript
P16070-7		no Ensembl transcript
P16070-8		no Ensembl transcript
P16070-9		no Ensembl transcript
P16112-2	SE	
P16112-3	SE	
P16118-2		no Ensembl transcript
P16144-2	SE	
P16144-3	SE,MXE	
P16144-4	SE,A5SS	
P16144-5		no Ensembl transcript
P16152-2	SE,AL	
P16157-10		no Ensembl transcript
P16157-11		no Ensembl transcript
P16157-12		no Ensembl transcript
P16157-13		no Ensembl transcript
P16157-14		no Ensembl transcript
P16157-15		no Ensembl transcript
P16157-16		no Ensembl transcript
P16157-17	SE,A5SS,AF,AL	
P16157-18		no Ensembl transcript
P16157-19		no Ensembl transcript
P16157-2		no Ensembl transcript
P16157-20		no Ensembl transcript
P16157-21	SE,MXE,A5SS,AF	
P16157-22	SE,MXE,AF	
P16157-23	SE,AF	
P16157-3	SE,A5SS,AL	
P16157-4		canonical and isoform share a transcript
P16157-5		canonical and isoform share a transcript
P16157-6		no Ensembl transcript
P16157-7		no Ensembl transcript
P16157-8		no Ensembl transcript
P16157-9		no Ensembl transcript
P16220-1		identical exon structure
P16220-3		no Ensembl transcript
P16234-2	A5SS,AL	
P16234-3	SE,AL	
P16278-2		no Ensembl transcript
P16278-3		no Ensembl transcript
P16284-2	SE	
P16284-3	SE	
P16284-4	SE	
P16284-5	SE,A5SS	
P16284-6	SE,A5SS	
P16298-2	A5SS,AL	
P16298-3	SE,A3SS	
P16298-4	A3SS	
P16333-2	SE,AF	
P16383-2	A5SS	
P16383-3	A5SS,AL	
P16383-4	SE,A5SS,AL	
P16389-2	A5SS,AL	
P16410-2		no Ensembl transcript
P16410-3	SE,A5SS	
P16410-4		no Ensembl transcript
P16410-5	SE,A5SS	
P16415-2	A3SS	
P16452-2	A5SS	
P16452-3		no Ensembl transcript
P16471-2	SE	
P16471-3		no Ensembl transcript
P16471-4	A5SS,AL	
P16471-5	A5SS,RI	
P16471-6	SE,AL	
P16471-7	SE,AL	
P16471-8		no Ensembl transcript
P16471-9		no Ensembl transcript
P16473-2	SE,AL	
P16473-3	SE,AL	
P16519-2	SE	
P16519-3	A3SS	
P16520-2		no Ensembl transcript
P16562-2	SE	
P16591-2		identical exon structure
P16591-3	SE,AF	
P16615-2	A5SS,AL	
P16615-3		identical exon structure
P16615-4		no Ensembl transcript
P16615-5		no Ensembl transcript
P16671-2	SE,A5SS,AL	
P16671-3	SE	
P16671-4	SE	
P16870-2		no Ensembl transcript
P16871-2		canonical and isoform share a transcript
P16871-3	SE,A5SS,AL	
P16871-4		no Ensembl transcript
P16930-2		no Ensembl transcript
P16949-2	SE,AL	
P16989-2	SE	
P16989-3		no Ensembl transcript
P17010-2	A3SS,AF	
P17010-3	SE	
P17014-2		no Ensembl transcript
P17014-3		no Ensembl transcript
P17014-4	A5SS,A3SS,RI,AF	
P17014-5	A5SS,A3SS,RI	
P17021-2	SE,AF	
P17021-3		no Ensembl transcript
P17022-2	A3SS	
P17023-2		no Ensembl transcript
P17025-2	SE,AF	
P17027-2	A3SS,AF	
P17028-2	SE,AL	
P17030-2		no Ensembl transcript
P17035-2	A3SS,AF	
P17036-2	SE,AL	
P17038-2	A3SS,AF	
P17039-2	A3SS	
P17039-3	SE,AL	
P17040-2		no Ensembl transcript
P17040-3	A3SS	
P17040-4	SE,A5SS,AL	
P17096-2	A5SS	
P17096-3		no Ensembl transcript
P17097-2	A3SS	
P17097-3	SE,AL	
P17174-2		no Ensembl transcript
P17181-2		no Ensembl transcript
P17181-3		no Ensembl transcript
P17181-4	A3SS,AF	
P17342-2	A3SS	
P17342-3	SE,A3SS,AF	
P17405-2	SE,A5SS	
P17405-3		no Ensembl transcript
P17405-4	A3SS	
P17480-2	SE	
P17509-2	A5SS,AL	
P17542-2		no Ensembl transcript
P17542-3		no Ensembl transcript
P17544-1		identical exon structure
P17544-2	A5SS	
P17544-3		no Ensembl transcript
P17544-4		no Ensembl transcript
P17544-5	A5SS,AL	
P17600-2		identical exon structure
P17612-2	SE,AF	
P17655-2	SE,AF	
P17676-2		identical exon structure
P17676-3		identical exon structure
P17677-2	SE,AF	
P17693-2	SE	
P17693-3	SE	
P17693-4		no Ensembl transcript
P17693-5		no Ensembl transcript
P17693-6		no Ensembl transcript
P17693-7		no Ensembl transcript
P17706-2	A5SS,AL	
P17706-3	SE,AL	
P17706-4	SE,A5SS,AL	
P17707-2		no Ensembl transcript
P17752-2		no Ensembl transcript
P17812-2	A3SS,AF	
P17813-2	A5SS,AL	
P17844-2		no Ensembl transcript
P17858-2		no Ensembl transcript
P17861-2	A5SS,A3SS,RI	
P17936-2	A5SS	
P17947-2	A3SS	
P17948-2	A5SS,AL	
P17948-3	SE,AL	
P17948-4	SE,AL	
P17948-5		no Ensembl transcript
P17948-6		no Ensembl transcript
P17948-7		no Ensembl transcript
P17948-8		no Ensembl transcript
P18074-2	SE,A3SS,AF,AL	
P18206-2	SE	
P18206-3		no Ensembl transcript
P18433-6	SE	
P18505-2	SE,A5SS,AL	
P18507-1		canonical and isoform share a transcript
P18507-3	SE	
P18510-2	A3SS,AF	
P18510-3	A3SS,AF	
P18510-4	A3SS	
P18564-2	SE	
P18577-10		no Ensembl transcript
P18577-11		no Ensembl transcript
P18577-12		no Ensembl transcript
P18577-13		no Ensembl transcript
P18577-14		no Ensembl transcript
P18577-2	SE,A5SS,AL	
P18577-3	SE,A5SS,AL	
P18577-4	SE	
P18577-5	SE,A5SS,AL	
P18577-6		no Ensembl transcript
P18577-7		no Ensembl transcript
P18577-8		no Ensembl transcript
P18577-9		no Ensembl transcript
P18583-10		no Ensembl transcript
P18583-2		no Ensembl transcript
P18583-3	SE,AL	
P18583-4	SE,A5SS,AL	
P18583-5		no Ensembl transcript
P18583-6	SE,AL	
P18583-7		no Ensembl transcript
P18583-8		no Ensembl transcript
P18583-9		no Ensembl transcript
P18615-3	A3SS,AF	
P18615-4	A3SS	
P18621-2	A3SS,AF	
P18621-3	SE,AL	
P18627-2	A5SS,AL	
P18754-2	SE	
P18846-2		identical exon structure
P18847-2		no Ensembl transcript
P18847-3	SE,AL	
P18847-4	SE,A5SS,A3SS,RI,AL	
P18847-5	A3SS	
P18858-2	A5SS,AL	
P18858-3	SE,A3SS	
P18859-2	A3SS,AF	
P19012-2		no Ensembl transcript
P19021-2	SE	
P19021-3	SE	
P19021-4	SE	
P19021-5	A3SS	
P19021-6	SE	
P19022-2	SE,AF	
P19113-2	SE	
P19174-2	A3SS	
P19224-2	A3SS	
P19224-3	SE,AL	
P19235-2	AL	
P19235-3	A5SS,AL	
P19256-2	SE,AL	
P19256-3	A5SS,AL	
P19320-2	SE	
P19320-3	A5SS	
P19367-2	SE,AF	
P19367-3	SE,AF	
P19367-4	A3SS,AF	
P19419-2	SE,A5SS,AL	
P19438-2	SE	
P19438-3		no Ensembl transcript
P19438-4	SE,A5SS,AL	
P19438-5	SE,AL	
P19440-2	AL	
P19440-3	A3SS,AF	
P19474-2	SE	
P19484-2	SE	
P19525-2	SE	
P19532-2	AL	
P19544-2	SE	
P19544-3	SE,A5SS	
P19544-4		canonical and isoform share a transcript
P19544-6	SE,AF	
P19544-7	A5SS,A3SS	
P19544-8	SE,A5SS,A3SS	
P19544-9	SE,MXE,A5SS,AF	
P19634-2	A5SS,AL	
P19793-2	A3SS,AF	
P19801-2	A3SS	
P19827-2	SE	
P19827-3	A3SS,AF	
P19835-2		no Ensembl transcript
P19838-2	A3SS	
P19838-3		no Ensembl transcript
P19878-2		no Ensembl transcript
P19878-3	SE	
P19878-4	SE	
P19883-2	A5SS,AL	
P19961-2	SE,A5SS,AL	
P19971-2	A3SS	
P20020-1		identical exon structure
P20020-2	A5SS	
P20020-4		identical exon structure
P20020-5	A5SS	
P20020-6	SE	
P20023-2		no Ensembl transcript
P20023-3	SE	
P20023-4		no Ensembl transcript
P20062-2	A5SS	
P20073-2	SE	
P20138-2	SE,AL	
P20138-3	SE	
P20142-2	SE,AL	
P20151-2	A5SS	
P20151-3	A5SS,AL	
P20151-4	A3SS,AF	
P20226-2	A3SS,AF	
P20265-2		no Ensembl transcript
P20265-3		no Ensembl transcript
P20273-2	SE	
P20273-3	SE	
P20273-4	SE,A5SS,AL	
P20273-5	A3SS,AF	
P20290-2	AF	
P20333-2	SE,A5SS,AL	
P20339-2	A3SS	
P20340-2	SE,MXE	
P20340-3	SE	
P20340-4	SE,MXE,A3SS,AF	
P20366-2	SE	
P20366-3	SE	
P20366-4	SE	
P20591-2	SE,A5SS	
P20592-2	SE,A5SS,AL	
P20594-2		no Ensembl transcript
P20701-2		no Ensembl transcript
P20701-3	SE,A3SS	
P20711-2	SE,AL	
P20711-3	SE	
P20711-4	SE	
P20718-2	SE	
P20718-3		no Ensembl transcript
P20742-2		no Ensembl transcript
P20783-2	A3SS,AF	
P20794-2	SE	
P20794-3	SE	
P20807-2	SE	
P20807-3	SE	
P20807-4	AF	
P20807-5	A3SS,AF	
P20809-2	A3SS,AF	
P20810-10	SE,A3SS,AF	
P20810-2	SE	
P20810-3		no Ensembl transcript
P20810-4	SE	
P20810-5	SE,A3SS,AF	
P20810-6	A3SS,AF	
P20810-7	A3SS,AF	
P20810-8	SE	
P20810-9	SE,A3SS,AF	
P20813-2		no Ensembl transcript
P20815-2	SE,AL	
P20823-2		no Ensembl transcript
P20823-3		no Ensembl transcript
P20823-4	SE,A5SS,AL	
P20823-5	SE,A5SS,AL	
P20823-6		no Ensembl transcript
P20823-7	A5SS,A3SS,RI	
P20823-8	SE,A5SS,AL	
P20827-2	SE	
P20839-2	SE,A3SS	
P20839-3	A3SS,AF	
P20839-4	A5SS,A3SS	
P20839-5	A3SS,AF	
P20839-6	A3SS,AF	
P20839-7	SE,A3SS,AF	
P20849-2	SE,MXE,AF	
P20849-3	SE,AL	
P20851-2	A3SS	
P20908-2	SE,MXE	
P20916-2	SE,AL	
P20916-3	A3SS,AF	
P20929-2		no Ensembl transcript
P20929-3		no Ensembl transcript
P20929-4		no Ensembl transcript
P20936-2	SE,AF	
P20936-3	SE,AL	
P20936-4	SE,AF	
P20941-2	A3SS,AF	
P20941-3		no Ensembl transcript
P20963-3	A3SS	
P21127-10	A5SS	
P21127-12		no Ensembl transcript
P21127-2	A5SS	
P21127-3		no Ensembl transcript
P21127-4		no Ensembl transcript
P21127-5	A5SS,A3SS	
P21127-6		no Ensembl transcript
P21127-8	A5SS	
P21127-9	SE,A5SS,AF	
P21128-2	SE	
P21128-3	SE	
P21145-2	SE	
P21145-3	SE	
P21145-4	SE	
P21333-2	SE	
P21359-2	SE	
P21359-3	A5SS,AL	
P21359-4		no Ensembl transcript
P21359-5	A5SS,AL	
P21359-6		no Ensembl transcript
P21397-2	A3SS,AF	
P21439-2	A3SS	
P21439-3	SE,A3SS	
P21554-2		no Ensembl transcript
P21554-3	A5SS,A3SS,RI	
P21583-2	SE	
P21583-3		no Ensembl transcript
P21589-2	SE	
P21675-1		no Ensembl transcript
P21675-13	A3SS	
P21675-14	A3SS	
P21675-15		no Ensembl transcript
P21675-16		no Ensembl transcript
P21675-17		no Ensembl transcript
P21675-18		no Ensembl transcript
P21675-19		no Ensembl transcript
P21675-20		no Ensembl transcript
P21675-21		no Ensembl transcript
P21675-22		no Ensembl transcript
P21675-23		no Ensembl transcript
P21675-24		no Ensembl transcript
P21675-25		no Ensembl transcript
P21695-2	A3SS	
P21709-2		no Ensembl transcript
P21709-3		no Ensembl transcript
P21731-2	A5SS,AL	
P21741-2	SE	
P21754-2		no Ensembl transcript
P21754-3	A3SS	
P21757-2	SE,AL	
P21757-3	SE	
P21781-2	A5SS,AL	
P21802-14	SE,AL	
P21802-15	SE	
P21802-16		no Ensembl transcript
P21802-17	SE,MXE,AL	
P21802-18	SE,MXE,A5SS	
P21802-19		no Ensembl transcript
P21802-2		no Ensembl transcript
P21802-20	SE,A5SS	
P21802-21	SE,AL	
P21802-22	SE,MXE,AL	
P21802-23	SE	
P21802-3	SE,MXE	
P21802-4		no Ensembl transcript
P21802-5	A5SS	
P21802-6	SE,A5SS,AL	
P21802-8	SE,A5SS,AL	
P21817-2	SE	
P21817-3		no Ensembl transcript
P21860-2	A5SS,AL	
P21860-3	SE,AL	
P21860-4	A3SS,AF	
P21860-5		no Ensembl transcript
P21953-2	SE,AL	
P21964-2	A3SS	
P21980-2	A5SS,AL	
P21980-3		no Ensembl transcript
P22003-2	SE	
P22061-2	A5SS,AL	
P22079-2	SE	
P22083-2		no Ensembl transcript
P22102-2	A5SS,AL	
P22105-1		canonical and isoform share a transcript
P22105-2	A3SS,AF	
P22105-4		no Ensembl transcript
P22223-2	SE,AL	
P22234-2	SE	
P22303-2	SE,AL	
P22303-3	A3SS	
P22303-4		no Ensembl transcript
P22304-2	SE,AL	
P22304-3	SE,AL	
P22307-2	A3SS,AF	
P22307-3	SE,MXE,AL	
P22307-4	A3SS,AF	
P22307-5	SE,A5SS,A3SS,AF,AL	
P22307-6	A3SS,AF	
P22307-7	SE	
P22307-8	SE	
P22309-2	SE,AL	
P22310-2	SE,AL	
P22314-2		no Ensembl transcript
P22392-2	A3SS,AF	
P22415-2	A5SS,A3SS,AF	
P22455-2	SE,A3SS,RI	
P22460-2		no Ensembl transcript
P22557-2	SE	
P22557-3		no Ensembl transcript
P22557-4	SE,A3SS,AF	
P22570-2		no Ensembl transcript
P22570-3		no Ensembl transcript
P22570-4		no Ensembl transcript
P22570-5		no Ensembl transcript
P22570-6	SE,A3SS	
P22570-7		no Ensembl transcript
P22607-2	SE,MXE	
P22607-3	SE	
P22607-4		no Ensembl transcript
P22626-2	SE	
P22674-2	A5SS,AL	
P22692-2		no Ensembl transcript
P22694-10	SE,MXE,AF	
P22694-2	SE,AF	
P22694-3	SE,AF	
P22694-4	SE,AF	
P22694-5	SE,AF	
P22694-6	SE,AF	
P22694-7	SE,AF	
P22694-8	SE,AL	
P22694-9	SE,AF	
P22732-2	A5SS,AL	
P22735-2	A3SS,AF	
P22736-2	A3SS,AF	
P22736-3		no Ensembl transcript
P22748-2	SE,A5SS,AL	
P22749-2	SE,AF	
P22794-2	A3SS,AF	
P22830-2	A5SS	
P22888-2		no Ensembl transcript
P22891-2	SE	
P22897-2		no Ensembl transcript
P23109-2	SE	
P23141-2	A3SS	
P23141-3	A3SS	
P23142-2	SE,AL	
P23142-3	SE,AL	
P23142-4	SE,AL	
P23193-2	SE	
P23219-2	A5SS	
P23219-3	SE,A5SS,AF	
P23219-4	A3SS,AF	
P23219-5		no Ensembl transcript
P23219-6		no Ensembl transcript
P23229-2	SE,MXE,AL	
P23229-3	SE	
P23229-4		no Ensembl transcript
P23229-5	SE	
P23229-6		no Ensembl transcript
P23229-7	SE,MXE,A3SS,AF,AL	
P23229-9		no Ensembl transcript
P23246-2		no Ensembl transcript
P23280-2	SE,AL	
P23280-3	SE	
P23368-2	SE,A5SS	
P23381-2	A3SS,AF	
P23396-2	A3SS	
P23415-2	A3SS	
P23416-2	SE,MXE	
P23416-3		canonical and isoform share a transcript
P23443-2		canonical and isoform share a transcript
P23443-3	A3SS,AF	
P23443-4	SE,AL	
P23443-5	SE	
P23467-2	SE	
P23467-3	SE,AF	
P23467-4	SE	
P23468-2		no Ensembl transcript
P23468-3		no Ensembl transcript
P23468-4	SE,MXE	
P23468-5	SE,MXE	
P23468-6	SE,MXE	
P23468-7	SE,MXE	
P23469-2	SE,AF	
P23469-3		no Ensembl transcript
P23470-2	SE	
P23471-2	SE	
P23471-3	SE,A5SS	
P23497-2	A5SS,AL	
P23497-3	A5SS,AL	
P23497-4	SE,AL	
P23497-5		no Ensembl transcript
P23497-6	SE,A5SS,AL	
P23497-7	SE,A5SS,AF,AL	
P23508-2	SE,AF	
P23510-2	SE,AF	
P23511-2	SE	
P23526-2	A3SS,AF	
P23560-2	A3SS,AF	
P23560-3	A3SS,AF	
P23560-4	A3SS,AF	
P23560-5		identical exon structure
P23588-2	SE	
P23634-2		no Ensembl transcript
P23634-3		no Ensembl transcript
P23634-4		no Ensembl transcript
P23634-5		no Ensembl transcript
P23634-6		no Ensembl transcript
P23634-7		no Ensembl transcript
P23634-8		no Ensembl transcript
P23743-2	SE,MXE,AL	
P23743-3	SE,A5SS,AL	
P23759-1		canonical and isoform share a transcript
P23759-2	A3SS	
P23760-2	A5SS,AL	
P23760-3	SE,AL	
P23760-4	SE,AL	
P23760-5	SE,AL	
P23760-6	A5SS,A3SS,AL	
P23760-7	A5SS,AL	
P23760-8	A5SS,AL	
P23763-2	SE,AL	
P23763-3	A5SS,AL	
P23769-2	A3SS	
P23771-2	A3SS	
P23919-2	A3SS	
P23945-2		no Ensembl transcript
P23945-3	SE	
P23945-4		no Ensembl transcript
P23946-2	A3SS,AF	
P23975-2	SE,AL	
P23975-3	A3SS,AF	
P24001-2	A5SS,A3SS,RI	
P24001-3	A3SS,RI,AF	
P24001-4	A5SS,A3SS,RI	
P24001-5	A5SS	
P24001-6	SE,A5SS,A3SS,RI	
P24001-7	SE,A5SS	
P24046-2	SE	
P24046-3	A3SS,AF	
P24071-10	SE	
P24071-11	SE,A5SS	
P24071-2	A5SS	
P24071-3	SE	
P24071-4	A5SS,AL	
P24071-5	SE,A5SS,AL	
P24071-6		no Ensembl transcript
P24071-7	SE	
P24071-8	SE,A5SS	
P24071-9	SE	
P24386-2	SE,AL	
P24390-2	A3SS,AF	
P24394-2		no Ensembl transcript
P24394-3	SE,AF	
P24462-2	A5SS,AL	
P24468-2	SE,AF	
P24468-3	A3SS,AF	
P24522-2	SE	
P24530-2	SE,AL	
P24530-3	A3SS,AF	
P24557-2	A3SS,AF	
P24557-3	SE	
P24557-4	SE,A5SS	
P24666-2	SE,MXE	
P24666-3		no Ensembl transcript
P24666-4	A5SS,AL	
P24723-2	A3SS,AF	
P24752-2	SE,AL	
P24821-2	SE	
P24821-3	SE	
P24821-4		canonical and isoform share a transcript
P24821-5	SE	
P24821-6	SE	
P24844-2	SE	
P24855-2		no Ensembl transcript
P24863-2	A3SS,AF	
P24864-2		no Ensembl transcript
P24864-3	A3SS,AF	
P24903-2	A5SS,AL	
P24928-2		no Ensembl transcript
P24941-2	SE	
P25021-2	A5SS,AL	
P25054-2	A3SS	
P25054-3	SE,AF	
P25063-2	SE,AF	
P25101-2		no Ensembl transcript
P25101-3	SE,A5SS,AL	
P25101-4	SE	
P25101-5	A3SS,AF	
P25103-3	A5SS,AL	
P25189-2		no Ensembl transcript
P25205-2	A3SS	
P25325-2	A3SS,AF	
P25440-2	SE	
P25440-3		no Ensembl transcript
P25440-4		identical exon structure
P25445-2	SE,A5SS,AL	
P25445-3	SE,AL	
P25445-4	SE,A5SS,AL	
P25445-5	SE,AL	
P25445-6	SE	
P25445-7	SE,A5SS	
P25685-2	A3SS,AF	
P25686-2	A5SS,AL	
P25705-2	A3SS,AF	
P25705-3	A5SS	
P25774-2	SE	
P25786-2	SE,AF	
P25788-2	A3SS	
P25789-2	A3SS,AF	
P25791-3	A3SS,AF	
P25791-4	AL	
P25800-2	SE,AF	
P25942-2	SE,A5SS,AL	
P26006-1		canonical and isoform share a transcript
P26010-2	SE	
P26012-2	A3SS,AF	
P26045-2	A3SS,AF	
P26045-3	SE,A3SS,AF	
P26232-2	SE	
P26232-3	SE	
P26232-4	SE,A3SS,AF	
P26232-5	SE	
P26232-6	SE,MXE,AF	
P26358-2	SE	
P26358-3		no Ensembl transcript
P26367-2	SE	
P26368-2	A5SS	
P26373-2	A5SS,A3SS,RI	
P26378-1		canonical and isoform share a transcript
P26378-2	A3SS	
P26378-3		no Ensembl transcript
P26378-4	SE,A3SS,AF	
P26378-5	SE,A3SS,AF	
P26436-10		no Ensembl transcript
P26436-11		no Ensembl transcript
P26436-2	A5SS	
P26436-3	A5SS,A3SS,RI	
P26436-4	A5SS,A3SS,RI	
P26436-5		no Ensembl transcript
P26436-6		no Ensembl transcript
P26436-7		no Ensembl transcript
P26436-8		no Ensembl transcript
P26436-9		no Ensembl transcript
P26439-2	SE,AL	
P26440-2	SE	
P26599-1		canonical and isoform share a transcript
P26599-2	SE	
P26639-2	SE	
P26640-2		no Ensembl transcript
P26641-2		no Ensembl transcript
P26715-2	SE	
P26951-2	SE	
P27037-2	A3SS,AF	
P27105-2	SE	
P27216-2	SE	
P27338-2		no Ensembl transcript
P27352-2		no Ensembl transcript
P27361-2	SE	
P27361-3	A5SS,AL	
P27448-2	SE,MXE	
P27448-3	SE	
P27448-4	SE	
P27448-6	SE,A3SS	
P27448-7		no Ensembl transcript
P27448-8	SE	
P27540-2	SE	
P27540-3	A3SS,AF	
P27540-4	A3SS	
P27544-2	A5SS,AL	
P27701-2	SE	
P27815-2	SE,AF	
P27815-3		no Ensembl transcript
P27815-4	SE,AF	
P27815-5		no Ensembl transcript
P27815-6	SE,AF	
P27815-7	SE,AF	
P27816-2		no Ensembl transcript
P27816-3		no Ensembl transcript
P27816-4		no Ensembl transcript
P27816-5		no Ensembl transcript
P27816-6	SE,AL	
P27816-7	SE,AL	
P27824-2		identical exon structure
P27824-3	A3SS,AF	
P27930-2	A5SS,AL	
P27986-2	SE,AF	
P27986-3	SE,AF	
P27986-4	A3SS	
P27986-5	A3SS,AF	
P27987-2	AL	
P28039-2	SE	
P28062-2	SE,AF	
P28065-2		no Ensembl transcript
P28066-2	A3SS,AF	
P28069-2	A3SS	
P28074-2	SE,A5SS	
P28074-3	A3SS,AF	
P28161-2	SE,AL	
P28223-2		no Ensembl transcript
P28288-2	SE	
P28288-3	SE,AL	
P28289-2	SE,AF	
P28290-2		no Ensembl transcript
P28290-3	SE,AL	
P28324-2	A5SS,AL	
P28329-2	SE,AF	
P28329-3	A3SS,AF	
P28331-2		identical exon structure
P28331-3	SE,A3SS	
P28331-4	A3SS,AF	
P28331-5	SE	
P28332-2	A5SS,AL	
P28335-2	A5SS	
P28347-2	SE,MXE,A3SS	
P28370-2	SE	
P28472-2	SE,AF	
P28472-3	SE,AF	
P28472-4	A3SS,AF	
P28476-2		no Ensembl transcript
P28482-2	SE	
P28698-2		no Ensembl transcript
P28698-3		identical exon structure
P28702-3	A3SS	
P28715-2		no Ensembl transcript
P28715-3		no Ensembl transcript
P28749-2	A5SS,AL	
P28799-2		no Ensembl transcript
P28799-3		no Ensembl transcript
P28827-2	SE	
P28838-2	A3SS	
P28906-2	SE,AL	
P28907-2	SE,A5SS,AL	
P28908-2	A3SS,AF	
P28908-3	A3SS,AF	
P29016-2		no Ensembl transcript
P29120-2	SE,AF	
P29122-2	SE	
P29122-3	SE,AL	
P29122-4	SE,AL	
P29122-5	SE,AL	
P29122-6		no Ensembl transcript
P29122-7		no Ensembl transcript
P29122-8		no Ensembl transcript
P29218-2	SE,A5SS,AL	
P29218-3	A3SS,AF	
P29279-2		no Ensembl transcript
P29317-2		no Ensembl transcript
P29320-2	A5SS,AL	
P29322-2	A5SS,AL	
P29323-2	A5SS,AL	
P29323-3	A5SS,A3SS,AL	
P29350-2		no Ensembl transcript
P29350-3	SE,AF	
P29350-4		identical exon structure
P29353-2	A3SS	
P29353-3	A3SS	
P29353-5		no Ensembl transcript
P29353-6	A3SS	
P29353-7	A3SS	
P29372-2		no Ensembl transcript
P29372-4	SE,AF	
P29372-5	A3SS,AF	
P29374-2	A5SS	
P29374-3	SE	
P29375-2		no Ensembl transcript
P29376-2		no Ensembl transcript
P29376-3		no Ensembl transcript
P29376-4	SE	
P29376-5	SE,A3SS	
P29400-2	SE	
P29401-2	SE	
P29466-2	SE	
P29466-3	SE,A5SS	
P29466-4	SE,A5SS	
P29466-5	SE,A5SS	
P29474-2	SE,AL	
P29474-3	SE,AL	
P29475-2		no Ensembl transcript
P29475-3		identical exon structure
P29475-4		no Ensembl transcript
P29475-5	SE	
P29508-2	SE	
P29536-2		no Ensembl transcript
P29558-2	A5SS	
P29558-4		no Ensembl transcript
P29590-10	SE,MXE,AL	
P29590-11	SE	
P29590-12	SE,A5SS,AL	
P29590-13	SE,MXE,AL	
P29590-14	SE,A5SS,AL	
P29590-2	A5SS,AL	
P29590-3		no Ensembl transcript
P29590-4	A5SS,AL	
P29590-5	A5SS,AL	
P29590-8	SE,AL	
P29590-9	SE,AL	
P29692-2	A3SS,AF	
P29692-3	SE	
P29692-4	A5SS	
P29728-2	A5SS,AL	
P29728-3	A5SS,AL	
P29972-2		no Ensembl transcript
P29972-3	SE,AF	
P29972-4	SE,AF	
P30038-2	A3SS,AF	
P30038-3	SE	
P30039-2	A5SS,AL	
P30040-2	SE,A5SS	
P30044-2		canonical and isoform share a transcript
P30044-3	SE	
P30044-4	SE	
P30046-2	SE,AL	
P30047-2	A3SS	
P30048-2		no Ensembl transcript
P30050-2	SE	
P30085-2		no Ensembl transcript
P30085-3	A3SS	
P30154-2	SE,AL	
P30154-3	SE,AL	
P30154-4	SE	
P30154-5	SE	
P30203-2	SE,A3SS	
P30203-3		no Ensembl transcript
P30203-4	SE	
P30203-5	SE	
P30203-6		no Ensembl transcript
P30203-7		no Ensembl transcript
P30260-2	A3SS	
P30279-2		no Ensembl transcript
P30281-2	A3SS,AF	
P30281-3	SE	
P30281-4	A3SS,AF	
P30291-2	A3SS,AF	
P30304-2	SE	
P30305-2	A3SS	
P30305-3	SE	
P30305-4		no Ensembl transcript
P30307-2	SE	
P30307-3	SE	
P30307-4	SE	
P30405-2	SE,A5SS	
P30411-2	A3SS,AF	
P30419-2	AF	
P30511-2	SE	
P30511-3	SE,AL	
P30518-2	A5SS,AL	
P30519-2	A3SS,AF	
P30530-2	SE	
P30542-2	SE,AL	
P30566-2	SE	
P30613-2	SE,AF	
P30622-1		identical exon structure
P30622-2	SE	
P30626-2	SE,AF	
P30626-3	SE,A5SS,AF,AL	
P30711-2		no Ensembl transcript
P30740-2		no Ensembl transcript
P30793-2	SE,AL	
P30793-3		no Ensembl transcript
P30793-4	SE,AL	
P30874-2		no Ensembl transcript
P30926-2	SE,A5SS	
P30968-2	A5SS,A3SS	
P30988-1		canonical and isoform share a transcript
P30988-3		no Ensembl transcript
P30988-4		no Ensembl transcript
P30988-5	SE,MXE,AL	
P30988-6	SE,AL	
P31040-2	SE	
P31040-3		no Ensembl transcript
P31153-2	A5SS,A3SS,AF,AL	
P31260-2	SE,AF	
P31314-2	SE,AL	
P31327-2	A3SS,AF	
P31327-3	A3SS,AF	
P31350-2	A3SS	
P31431-2		no Ensembl transcript
P31483-2	SE	
P31483-3	A5SS,AL	
P31639-2	SE,A5SS,AL	
P31641-2	A5SS,AL	
P31645-2		no Ensembl transcript
P31689-2		no Ensembl transcript
P31749-2		no Ensembl transcript
P31751-2	SE	
P31785-2		no Ensembl transcript
P31939-2	A3SS,AF	
P31941-2		no Ensembl transcript
P31942-2	A5SS	
P31942-3		no Ensembl transcript
P31942-4	SE	
P31942-5		no Ensembl transcript
P31942-6		no Ensembl transcript
P31946-2		no Ensembl transcript
P31947-2		no Ensembl transcript
P31948-2	SE,AF	
P31948-3	A3SS	
P31994-2	SE	
P31994-3	SE	
P31994-4	A3SS	
P31994-5	SE,A3SS	
P31995-2		no Ensembl transcript
P31995-3		no Ensembl transcript
P31995-4		no Ensembl transcript
P32004-2	SE	
P32004-3	SE	
P32019-2	A5SS	
P32019-3	A3SS,AF	
P32019-4		no Ensembl transcript
P32119-2		no Ensembl transcript
P32121-2	SE,A3SS	
P32121-3	A3SS	
P32121-4	A5SS	
P32121-5	SE	
P32189-1		canonical and isoform share a transcript
P32189-2	SE	
P32189-4	SE	
P32239-2	A5SS,A3SS,RI	
P32239-3		no Ensembl transcript
P32241-2		no Ensembl transcript
P32241-3	SE	
P32241-4	A3SS	
P32241-5	A3SS,AF	
P32243-2	A3SS	
P32297-1		no Ensembl transcript
P32297-3	SE,AL	
P32298-2	SE	
P32298-3	SE	
P32298-4	SE	
P32302-2		no Ensembl transcript
P32314-2		no Ensembl transcript
P32321-2	A3SS,AF	
P32322-2	A5SS,AL	
P32322-3	A3SS,AF	
P32418-2	SE,MXE	
P32418-3	SE,MXE	
P32418-4	SE,MXE	
P32418-5	SE	
P32519-2	A3SS	
P32754-2	A3SS,AF	
P32780-2	A3SS,AF	
P32856-2	SE,AL	
P32856-3		no Ensembl transcript
P32927-2	A3SS	
P32929-2	SE	
P32929-3	SE	
P32970-2	A5SS,AL	
P33076-2		no Ensembl transcript
P33076-3	SE,A3SS	
P33076-4		no Ensembl transcript
P33121-2	A3SS	
P33121-3	SE,MXE	
P33151-2		no Ensembl transcript
P33240-2	A3SS	
P33241-2	A3SS,AF	
P33241-3	SE,AF	
P33260-2	SE	
P33316-2	A3SS,AF	
P33402-2	SE	
P33402-3	SE	
P33527-2	SE	
P33527-3	SE	
P33527-4	SE	
P33527-5	SE	
P33527-6		no Ensembl transcript
P33527-7		no Ensembl transcript
P33527-8		no Ensembl transcript
P33527-9	SE	
P33681-2	SE	
P33681-3		no Ensembl transcript
P33763-2		no Ensembl transcript
P33908-2		no Ensembl transcript
P33947-2	SE,A5SS	
P33981-2	A3SS	
P33993-2	SE,A3SS	
P33993-3	A3SS,AF	
P34810-2		no Ensembl transcript
P34810-3	A3SS	
P34820-2		no Ensembl transcript
P34896-2	SE	
P34896-3	SE	
P34896-4	SE,MXE	
P34897-2	A3SS	
P34897-3	A3SS,AF	
P34910-2		no Ensembl transcript
P34913-2	A3SS,AF	
P34913-3	A3SS,AF	
P34925-2	A3SS	
P34932-2		no Ensembl transcript
P34949-2	SE	
P34969-2	SE,A5SS	
P34969-3	A5SS,AL	
P34998-2	SE	
P34998-3	SE	
P34998-4	SE	
P34998-5	A3SS,AF	
P35030-2		no Ensembl transcript
P35030-3	SE,AF	
P35030-4	SE,AF	
P35030-5		canonical and isoform share a transcript
P35052-2		no Ensembl transcript
P35080-2	SE,AL	
P35125-2		no Ensembl transcript
P35125-3	SE,A5SS,AL	
P35221-2		no Ensembl transcript
P35221-3	A3SS,AF	
P35228-2		no Ensembl transcript
P35232-2	SE,A5SS,A3SS	
P35236-2	A3SS	
P35236-3	A3SS,AF	
P35240-10	SE,A5SS,AL	
P35240-2		no Ensembl transcript
P35240-3	SE,AL	
P35240-4	SE,MXE,AL	
P35240-5	SE,MXE,AL	
P35240-6	SE,MXE,AL	
P35240-7		no Ensembl transcript
P35240-8	SE,A3SS,AL	
P35240-9	SE	
P35241-2	A5SS,A3SS,AF,AL	
P35241-3	SE,A5SS,AL	
P35241-4	SE,A3SS,AF	
P35241-5	A5SS,AL	
P35249-2		no Ensembl transcript
P35250-2	SE	
P35251-2	A3SS	
P35348-2	A5SS,AL	
P35348-3	A5SS,AL	
P35348-4	A5SS,AL	
P35348-5	A5SS,AL	
P35348-6	SE,AL	
P35348-7	SE,AL	
P35348-8	SE,AL	
P35348-9	SE,AL	
P35372-10	A3SS,AF	
P35372-11	SE,AL	
P35372-12	A3SS,AF	
P35372-13	SE,AF	
P35372-14	SE,A3SS,AL	
P35372-15	A3SS,AF	
P35372-16		no Ensembl transcript
P35372-17		no Ensembl transcript
P35372-18	SE,A5SS,AL	
P35372-2	A5SS,AL	
P35372-3	SE,AL	
P35372-4	SE,AL	
P35372-5	SE,AL	
P35372-6	SE,AL	
P35372-7	SE,AL	
P35372-8	SE,AL	
P35372-9	SE,AL	
P35398-1		canonical and isoform share a transcript
P35398-3		no Ensembl transcript
P35398-4		no Ensembl transcript
P35452-2		no Ensembl transcript
P35462-3	A5SS,A3SS,RI	
P35475-2		no Ensembl transcript
P35498-2	A5SS	
P35498-3	A5SS	
P35503-3	SE,AL	
P35504-2		no Ensembl transcript
P35520-2		no Ensembl transcript
P35556-2		no Ensembl transcript
P35557-2	SE,AF	
P35557-3	SE,AF	
P35558-2		no Ensembl transcript
P35573-2		no Ensembl transcript
P35573-3	SE,AF	
P35575-2	A5SS,A3SS	
P35579-2		no Ensembl transcript
P35580-2	SE	
P35580-3		no Ensembl transcript
P35580-4	SE	
P35580-5	SE	
P35590-2		no Ensembl transcript
P35590-3	SE,A5SS,AL	
P35606-2	A3SS,AF	
P35609-2	SE,MXE	
P35610-2	SE,A3SS	
P35610-3	A3SS,AF	
P35611-2	SE,AL	
P35611-3	A5SS	
P35611-4	SE,AL	
P35611-5	A5SS,AL	
P35611-6	SE,A5SS,AL	
P35612-2	A5SS,AL	
P35612-3	SE,A5SS,AL	
P35612-4		no Ensembl transcript
P35612-5		no Ensembl transcript
P35612-6		no Ensembl transcript
P35612-7		no Ensembl transcript
P35612-8		no Ensembl transcript
P35612-9	A5SS,A3SS,AF,AL	
P35613-2	SE	
P35613-3	A3SS,AF	
P35613-4		no Ensembl transcript
P35637-2	A3SS	
P35638-2	A3SS	
P35658-2	A3SS	
P35658-3	A3SS	
P35658-4	A3SS	
P35658-5		no Ensembl transcript
P35659-2	SE	
P35670-2	SE	
P35670-3	A5SS,A3SS,RI	
P35670-4		identical exon structure
P35670-5		no Ensembl transcript
P35680-2	A3SS	
P35680-3		no Ensembl transcript
P35680-4		no Ensembl transcript
P35711-2	AF	
P35711-3	SE,AF	
P35711-4	SE,A3SS,AF	
P35711-5	SE,AF	
P35712-2	SE,A5SS,A3SS,AF	
P35712-3	A3SS	
P35712-4	SE,A5SS	
P35749-2	SE	
P35749-3	SE,AL	
P35749-4	SE,AL	
P35789-2		no Ensembl transcript
P35789-3		no Ensembl transcript
P35790-2	SE	
P35813-2	A5SS,AL	
P35813-3	A3SS,AF	
P35858-2	A3SS	
P35913-2	A3SS	
P35913-3	A3SS,AF	
P35914-2	SE	
P35914-3	SE	
P35916-1		canonical and isoform share a transcript
P35916-3		no Ensembl transcript
P35968-2		no Ensembl transcript
P35968-3		no Ensembl transcript
P35998-2	A3SS,AF	
P36268-2		no Ensembl transcript
P36268-3		no Ensembl transcript
P36269-2	SE	
P36269-3	A3SS	
P36402-10		no Ensembl transcript
P36402-11		no Ensembl transcript
P36402-12		no Ensembl transcript
P36402-13		no Ensembl transcript
P36402-14		no Ensembl transcript
P36402-15		no Ensembl transcript
P36402-16		no Ensembl transcript
P36402-2	SE,MXE,AL	
P36402-3	SE,MXE,A5SS,A3SS,AF	
P36402-4		no Ensembl transcript
P36402-5	SE,A3SS,AF	
P36402-6	SE	
P36402-7	SE,MXE,A3SS,AF,AL	
P36402-8	SE,MXE,AL	
P36402-9	SE,MXE,A3SS,AF,AL	
P36404-2	SE	
P36406-2	A5SS,AL	
P36406-3	A5SS,AL	
P36508-2	SE	
P36537-2	A5SS	
P36542-2	SE,AL	
P36543-2	SE	
P36543-3	SE	
P36544-2	A5SS	
P36544-3	SE,A5SS,AL	
P36551-2		no Ensembl transcript
P36575-2	A5SS,AL	
P36639-1		no Ensembl transcript
P36639-2	A3SS,AF	
P36639-3		no Ensembl transcript
P36776-2	A5SS,A3SS,RI	
P36776-3	A3SS,AF	
P36871-2	SE,AF	
P36871-3	A3SS,AF	
P36873-2	A5SS,AL	
P36888-2		no Ensembl transcript
P36896-2	A5SS,AL	
P36896-3	A5SS,AL	
P36896-4	SE	
P36896-5	A3SS,AF	
P36897-2	A3SS	
P36897-3	SE	
P36915-2		no Ensembl transcript
P36941-2	SE,AF	
P36952-2	A5SS,AL	
P36956-2	SE,AL	
P36956-3		no Ensembl transcript
P36956-4	SE	
P36956-5	SE,AL	
P36956-6		no Ensembl transcript
P36957-2		no Ensembl transcript
P36969-2	A3SS	
P36980-2		no Ensembl transcript
P37058-2	SE	
P37088-2	A3SS	
P37088-3		no Ensembl transcript
P37088-4		no Ensembl transcript
P37088-5		no Ensembl transcript
P37088-6	A3SS,AF	
P37173-2	SE	
P37173-3		no Ensembl transcript
P37231-2		no Ensembl transcript
P37231-3		no Ensembl transcript
P37268-2	A3SS,AF	
P37268-3	A3SS,AF	
P37268-4		no Ensembl transcript
P37268-5	SE	
P37275-2	A3SS	
P37275-3	SE	
P37275-4	SE	
P37275-5	SE,A3SS,AF	
P37287-2	SE,A5SS	
P37287-3	SE,AF	
P37802-2	A3SS,AF	
P37837-2		no Ensembl transcript
P37840-2	SE	
P37840-3	SE	
P38117-2	A3SS,AF	
P38159-2		no Ensembl transcript
P38159-3	SE,AL	
P38398-2	A5SS,AL	
P38398-3	A5SS,A3SS	
P38398-4		no Ensembl transcript
P38398-5	SE	
P38398-6	SE,A5SS,A3SS	
P38398-7	SE,A3SS	
P38398-8	A3SS,AF	
P38405-2	SE,AF	
P38405-3	A3SS,AF	
P38435-2	SE	
P38567-2	A5SS,AL	
P38571-2	SE,AF	
P38606-2	A3SS,AF	
P39060-1		canonical and isoform share a transcript
P39060-2	SE,AF	
P39086-2	SE,AL	
P39656-2		no Ensembl transcript
P39656-3		no Ensembl transcript
P39748-2		no Ensembl transcript
P39880-2	SE	
P39880-3	SE,AF	
P39880-4	A3SS	
P39880-5	SE	
P39880-6	SE,A3SS	
P39880-9	SE,AF,AL	
P39905-2	A5SS	
P39905-3	A3SS,AF	
P39905-4	AF	
P39905-5	A3SS,AF	
P40121-2	A5SS	
P40123-2	SE	
P40123-3	SE	
P40126-2	SE	
P40189-2	SE,A5SS,AL	
P40189-3	SE	
P40198-2	SE,AL	
P40198-3	SE,A5SS,AL	
P40200-2	SE	
P40225-2	A3SS	
P40225-3		no Ensembl transcript
P40227-2	SE	
P40238-2		no Ensembl transcript
P40259-2	SE	
P40259-3	A3SS	
P40305-1		no Ensembl transcript
P40305-3	A3SS,AF	
P40305-4		no Ensembl transcript
P40337-2	SE	
P40337-3		no Ensembl transcript
P40394-2	SE,AF	
P40424-2	SE,A5SS,AL	
P40424-3	SE,AL	
P40426-2	SE,A5SS,AL	
P40426-3		no Ensembl transcript
P40426-4		no Ensembl transcript
P40426-5	A3SS,AF	
P40616-2	A3SS,AF	
P40692-2	A3SS,AF	
P40692-3	AF	
P40763-2	A5SS	
P40763-3	AL	
P40818-2	SE	
P40855-6	SE,A5SS,AL	
P40925-2	SE,A3SS	
P40925-3	SE,AF	
P40926-2	SE	
P40933-2	SE,AF	
P40937-2	SE,AF	
P40938-2	SE,AL	
P40939-2	SE,A5SS,AL	
P40967-2	A3SS	
P40967-3	SE	
P40967-4		identical exon structure
P40967-5	A3SS	
P41134-2	A5SS,AL	
P41145-2	A3SS,AF	
P41146-2	A5SS	
P41161-2		no Ensembl transcript
P41162-2	A5SS,AL	
P41180-2	A3SS	
P41182-2	SE	
P41214-2	SE	
P41217-2	A5SS,AL	
P41217-3	SE,A5SS,AL	
P41219-2		no Ensembl transcript
P41220-2		no Ensembl transcript
P41220-3		no Ensembl transcript
P41220-4		no Ensembl transcript
P41221-2	A3SS,AF	
P41223-2		no Ensembl transcript
P41227-2	SE	
P41229-2	A5SS	
P41229-3	SE,A5SS	
P41229-4	SE,A5SS,AL	
P41229-5	A3SS	
P41235-2	A5SS	
P41235-3	A5SS,AL	
P41235-4		no Ensembl transcript
P41235-5	SE,AF	
P41235-6	SE,A5SS,AF	
P41235-7	SE,A5SS,AF,AL	
P41247-2	A3SS,AF	
P41250-2		canonical and isoform share a transcript
P41271-2	A3SS,AF	
P41279-2		no Ensembl transcript
P41439-4	A5SS,A3SS,AL	
P41440-2	SE,AF	
P41440-3	SE,AL	
P41586-2	SE	
P41586-3	SE	
P41586-4	SE,MXE	
P41586-5	SE	
P41587-2	SE,AF	
P41594-2	SE	
P41594-3		no Ensembl transcript
P41597-2	A5SS,AL	
P42081-2		no Ensembl transcript
P42081-3	A3SS,AF	
P42081-4	SE,A3SS,AF	
P42081-5	SE	
P42081-6	A3SS,AF	
P42126-2	A5SS	
P42167-2	SE	
P42167-3	A5SS,AL	
P42224-2	A5SS,AL	
P42226-2		no Ensembl transcript
P42226-3	A3SS,AF	
P42229-2	SE	
P42261-2	SE,MXE	
P42261-3	SE	
P42261-4	A3SS,AF	
P42261-5	SE,AF	
P42261-6	SE,MXE,AF	
P42262-2	SE,MXE	
P42262-3	A5SS,AL	
P42262-4	SE,MXE,A3SS,AF	
P42263-2	SE,MXE	
P42330-2		no Ensembl transcript
P42331-2	A5SS,A3SS,AF,AL	
P42331-3	A3SS,AF	
P42331-4	A3SS	
P42331-5	SE	
P42331-6	A3SS,AF	
P42356-2		no Ensembl transcript
P42357-2	SE,A5SS	
P42357-3	A3SS,AF	
P42566-2	A3SS,AF	
P42568-2	SE,AF	
P42575-2		no Ensembl transcript
P42575-3		no Ensembl transcript
P42658-2	SE,AF	
P42679-2	SE,AF	
P42679-3	A3SS,AF	
P42684-10	SE,A5SS,A3SS,RI,AF	
P42684-2		no Ensembl transcript
P42684-3	SE,AF	
P42684-4	SE,MXE,A5SS,A3SS,RI,AF	
P42684-5	A5SS,A3SS,RI	
P42684-6	SE	
P42684-7	SE,A5SS,A3SS,RI	
P42684-8	SE	
P42685-2		no Ensembl transcript
P42694-2	A5SS,A3SS,AL	
P42696-2		no Ensembl transcript
P42701-2	A5SS	
P42701-3	SE,AL	
P42771-2	A3SS,AF	
P42771-3	A5SS,AL	
P42771-4	SE,AL	
P42772-2	A5SS,AL	
P42785-2	SE	
P42857-2	SE	
P42892-2	A3SS,AF	
P42892-3	SE,AF	
P42892-4	A3SS,AF	
P42898-2	A3SS,AF	
P43003-2	SE	
P43004-2	A3SS,AF	
P43004-3	A5SS,AL	
P43007-2	SE,A3SS,AF	
P43034-2		no Ensembl transcript
P43088-2	SE,A5SS	
P43088-3		no Ensembl transcript
P43088-4		no Ensembl transcript
P43088-5		no Ensembl transcript
P43088-6	SE,AL	
P43088-7		no Ensembl transcript
P43115-10		no Ensembl transcript
P43115-11		no Ensembl transcript
P43115-12		no Ensembl transcript
P43115-2	A5SS,AL	
P43115-3	SE,AL	
P43115-4	SE,AL	
P43115-5	SE,AL	
P43115-6		no Ensembl transcript
P43115-7	SE,AL	
P43115-8		no Ensembl transcript
P43115-9		no Ensembl transcript
P43121-2		no Ensembl transcript
P43155-2	A3SS	
P43155-3		no Ensembl transcript
P43166-2	A3SS,AF	
P43243-2	SE,AF	
P43246-2	A3SS	
P43250-2		identical exon structure
P43250-3	SE,AL	
P43251-2		no Ensembl transcript
P43251-3		no Ensembl transcript
P43251-4		no Ensembl transcript
P43268-2	A3SS,AF	
P43268-3	A3SS,AF	
P43304-2		no Ensembl transcript
P43307-2		no Ensembl transcript
P43351-2	SE,A5SS,AL	
P43351-3	A5SS,AL	
P43351-4	A5SS,AL	
P43353-2	SE	
P43354-2	A3SS	
P43364-2		no Ensembl transcript
P43403-2	A3SS,AF	
P43403-3		no Ensembl transcript
P43405-2	SE	
P43487-2	A3SS	
P43626-2	SE	
P43628-2		no Ensembl transcript
P43629-2	SE	
P43630-2	SE	
P43681-2		no Ensembl transcript
P43686-2	A3SS	
P43694-2	A3SS	
P43699-3	A3SS,AF	
P43897-2	SE	
P43897-3	SE,A5SS	
P43897-4	SE,AL	
P45378-2	SE	
P45378-3	SE	
P45378-4	SE,MXE	
P45378-5	SE	
P45378-6	SE	
P45378-7	SE	
P45379-10	SE	
P45379-11	SE	
P45379-12	SE,A3SS	
P45379-2		no Ensembl transcript
P45379-3		no Ensembl transcript
P45379-4		no Ensembl transcript
P45379-5		no Ensembl transcript
P45379-6	SE	
P45379-7	SE,A3SS	
P45379-8	SE	
P45379-9		no Ensembl transcript
P45844-2	SE,A5SS,AF	
P45844-3	SE,A5SS,AF	
P45844-4	A5SS	
P45844-5	SE,A5SS,AF	
P45844-6		no Ensembl transcript
P45844-7	SE,A5SS,AF	
P45844-8		no Ensembl transcript
P45880-1		canonical and isoform share a transcript
P45880-2		no Ensembl transcript
P45954-2	A3SS,AF	
P45974-2	A5SS	
P45983-2		identical exon structure
P45983-3	SE,MXE	
P45983-4	SE,MXE	
P45983-5	SE,A3SS	
P45984-2		identical exon structure
P45984-3	SE,MXE	
P45984-4	SE,MXE	
P45984-5	A5SS,AL	
P45985-2	SE	
P46013-2	SE	
P46020-2	SE	
P46020-3	SE	
P46087-2	A3SS	
P46087-3	SE,A3SS,AL	
P46087-4	SE	
P46095-2	A3SS,AF	
P46098-2	A5SS,A3SS,RI	
P46098-3	SE,AF	
P46098-4	A3SS	
P46098-5	A5SS,A3SS,RI	
P46100-2		no Ensembl transcript
P46100-3		no Ensembl transcript
P46100-4	SE	
P46100-5		no Ensembl transcript
P46100-6		no Ensembl transcript
P46108-2	A5SS	
P46379-2		no Ensembl transcript
P46379-3		no Ensembl transcript
P46379-4		no Ensembl transcript
P46379-5		no Ensembl transcript
P46459-2		no Ensembl transcript
P46597-2	SE	
P46597-3	SE	
P46721-2		no Ensembl transcript
P46734-2	A3SS,AF	
P46734-3		no Ensembl transcript
P46736-2	SE	
P46736-3	SE,A3SS	
P46736-4		no Ensembl transcript
P46736-5	SE	
P46779-2	A5SS,AL	
P46779-3	SE,AL	
P46779-4	SE,AL	
P46779-5	A5SS,AL	
P46926-2		no Ensembl transcript
P46934-2	A3SS	
P46934-3	SE	
P46934-4	SE,AF	
P46937-2	SE	
P46937-3	SE,A5SS	
P46937-4	A3SS,AF	
P46937-5	SE	
P46937-6	SE	
P46937-7	SE,A5SS	
P46937-8	SE,A5SS	
P46937-9	A5SS	
P46939-2		no Ensembl transcript
P46939-3		no Ensembl transcript
P46939-4		no Ensembl transcript
P46952-2		no Ensembl transcript
P46976-2	SE	
P46976-3	SE,A5SS	
P46977-2	A3SS,AF	
P47710-2	A3SS	
P47710-3		no Ensembl transcript
P47710-4	SE,A3SS	
P47736-2	SE,A3SS	
P47736-3		no Ensembl transcript
P47736-4	A3SS,AF	
P47755-2	SE,A5SS,AL	
P47756-1		identical exon structure
P47804-2	A3SS	
P47804-3	SE	
P47869-2	SE	
P47870-1		identical exon structure
P47870-3		no Ensembl transcript
P47870-4		no Ensembl transcript
P47897-2	A5SS	
P47902-2		no Ensembl transcript
P48023-2	SE,A5SS,AL	
P48029-2		no Ensembl transcript
P48029-3		no Ensembl transcript
P48029-4	A3SS,AF	
P48048-2	A3SS,AF	
P48048-3	A3SS,AF	
P48058-2	SE,AL	
P48059-2	A3SS,AF	
P48059-3	A3SS,AF	
P48059-4	A3SS,AF	
P48059-5	A3SS,AF	
P48060-2		no Ensembl transcript
P48061-2	A5SS,AL	
P48061-3	SE,AL	
P48061-4	SE,AL	
P48061-5		no Ensembl transcript
P48061-6		no Ensembl transcript
P48061-7	SE,A5SS,AL	
P48066-2	A5SS,AL	
P48067-2	SE,AF	
P48067-3	SE	
P48163-2		no Ensembl transcript
P48167-2	SE,A5SS	
P48200-2	A5SS,AL	
P48307-2		canonical and isoform share a transcript
P48357-2	SE,AL	
P48357-3	SE,AL	
P48357-4	SE,AL	
P48357-5		no Ensembl transcript
P48378-2	SE	
P48380-2	A5SS,AL	
P48380-3	A5SS,AL	
P48382-2	SE	
P48426-2	A3SS,AF	
P48444-2	SE	
P48449-2	A3SS,AF	
P48449-3	A5SS	
P48454-2	SE	
P48454-3	SE	
P48507-2	SE	
P48546-2	A5SS,AL	
P48546-3	SE	
P48547-2	A5SS,AL	
P48549-2	SE,A5SS	
P48551-2	SE,AL	
P48551-3	SE,A5SS	
P48553-2	SE,AL	
P48634-2		no Ensembl transcript
P48634-3		no Ensembl transcript
P48634-4		no Ensembl transcript
P48637-2	SE	
P48643-2	SE,A3SS,AF	
P48651-2		canonical and isoform share a transcript
P48651-3	A5SS,A3SS,AF,AL	
P48664-2	A5SS,AL	
P48728-2	SE	
P48728-3	SE	
P48728-4	A5SS,AL	
P48729-2	SE	
P48729-3	A5SS	
P48730-2	SE,AL	
P48735-2	A3SS,AF	
P48739-2	SE,AL	
P48739-3	SE,AF	
P48740-2	SE,AL	
P48740-3	SE,AL	
P48740-4	SE,A3SS,AF,AL	
P48751-2		no Ensembl transcript
P48751-3	A3SS	
P48764-2	A3SS	
P48788-2	SE,AF	
P48960-2	SE	
P48960-3	SE	
P48995-2	SE	
P49023-2	SE	
P49023-3	SE,A3SS	
P49023-4	SE,A3SS,AF	
P49116-2	SE	
P49137-2	SE,AL	
P49189-2		no Ensembl transcript
P49189-3		no Ensembl transcript
P49238-2		no Ensembl transcript
P49238-3		no Ensembl transcript
P49238-4	A3SS,AF	
P49279-2		no Ensembl transcript
P49281-2	A5SS,AL	
P49281-3	A5SS,A3SS,AF,AL	
P49281-4	A3SS,AF	
P49281-5	SE,A5SS,AF,AL	
P49321-2	SE	
P49321-3		no Ensembl transcript
P49321-4	SE	
P49326-2	SE,A5SS,AL	
P49326-3	SE,AL	
P49336-2	A3SS	
P49354-2	SE	
P49356-2		canonical and isoform share a transcript
P49366-2	SE,A3SS	
P49366-3	SE,AF	
P49368-2	SE	
P49407-2	SE	
P49418-2	SE	
P49419-2		canonical and isoform share a transcript
P49419-4	SE	
P49447-2	SE,A5SS	
P49450-2	SE	
P49458-2	SE,AL	
P49459-2	SE	
P49459-3	A3SS,AF	
P49588-2		no Ensembl transcript
P49589-2	A5SS	
P49589-3	SE	
P49590-2	SE	
P49593-2		no Ensembl transcript
P49619-2	SE	
P49619-3	SE	
P49639-2	A5SS,RI,AL	
P49639-3		no Ensembl transcript
P49640-2		canonical and isoform share a transcript
P49641-1		no Ensembl transcript
P49641-2		no Ensembl transcript
P49643-2	A5SS,AL	
P49662-2	A3SS,AF	
P49662-3	AL	
P49662-4		no Ensembl transcript
P49662-5		no Ensembl transcript
P49682-2	A3SS,AF	
P49682-3		no Ensembl transcript
P49711-2	A3SS,AF	
P49715-2		canonical and isoform share a transcript
P49715-3		canonical and isoform share a transcript
P49715-4		canonical and isoform share a transcript
P49746-2	SE	
P49747-2	SE,A3SS	
P49748-2	SE	
P49748-3	SE,AF	
P49750-1		no Ensembl transcript
P49750-3		no Ensembl transcript
P49753-2		no Ensembl transcript
P49754-2		no Ensembl transcript
P49754-3	SE	
P49756-2	SE,AL	
P49756-3	A5SS,AL	
P49756-4	SE,MXE,AL	
P49757-2	SE	
P49757-3	SE	
P49757-4	SE	
P49757-5	SE	
P49757-6	SE	
P49757-7	SE	
P49757-8	SE	
P49757-9		no Ensembl transcript
P49758-10	SE	
P49758-11		identical exon structure
P49758-12	SE,MXE,A3SS,AF,AL	
P49758-13	SE,AL	
P49758-14	SE,AL	
P49758-15	SE,AL	
P49758-16	SE,AL	
P49758-2	SE	
P49758-3	SE	
P49758-5	SE,AL	
P49758-6		no Ensembl transcript
P49758-7		identical exon structure
P49758-8		identical exon structure
P49758-9	SE	
P49759-2	SE,A5SS,AL	
P49759-3	AF	
P49760-2		no Ensembl transcript
P49760-3	A3SS	
P49761-1		identical exon structure
P49761-2	SE,A5SS,AL	
P49761-3		no Ensembl transcript
P49763-2	SE	
P49763-3	SE,MXE	
P49763-4	SE	
P49765-2	AL	
P49768-2	A5SS	
P49768-3	SE,A5SS,AL	
P49768-4	A5SS,AL	
P49768-5	SE,A5SS,AL	
P49768-6	SE	
P49768-7		no Ensembl transcript
P49771-2		no Ensembl transcript
P49771-3	A3SS,AF	
P49788-2	A5SS,AL	
P49790-2	SE	
P49790-3	SE	
P49796-1		identical exon structure
P49796-2		no Ensembl transcript
P49796-4	AF	
P49796-5	AF,AL	
P49796-6	AF	
P49796-7		no Ensembl transcript
P49796-8		no Ensembl transcript
P49796-9	SE,AF	
P49798-2		no Ensembl transcript
P49798-3	A3SS,AF	
P49798-4	SE,A5SS	
P49798-5	A3SS,AF	
P49802-2	SE,AL	
P49802-3	SE	
P49802-4	SE	
P49802-5	SE,AL	
P49810-2		no Ensembl transcript
P49810-3	A3SS	
P49815-2	SE	
P49815-3	SE,A3SS	
P49815-4	SE	
P49815-5	SE,A3SS	
P49815-6	SE	
P49815-7	SE,A3SS,AF	
P49815-8		no Ensembl transcript
P49821-2	A5SS	
P49841-2	SE	
P49842-1		canonical and isoform share a transcript
P49842-2	A5SS	
P49842-3	A3SS,AF	
P49848-2	A5SS	
P49848-3	A3SS,AF	
P49848-4	A5SS	
P49862-2	A3SS,AF	
P49895-2	A5SS	
P49895-3		no Ensembl transcript
P49895-4	SE	
P49895-5	SE,A5SS	
P49895-6		no Ensembl transcript
P49895-7	SE,A5SS	
P49895-8		no Ensembl transcript
P49895-9		no Ensembl transcript
P49902-2	SE,AF	
P49903-2	SE	
P49903-3	A3SS,AF	
P49903-4	SE,AL	
P49914-2	SE,AF	
P49915-2	SE	
P49916-2	SE,AL	
P49916-3		no Ensembl transcript
P49916-4		no Ensembl transcript
P49918-2	A3SS	
P49959-2	SE	
P49959-3	SE,AF	
P49961-2	SE,AF	
P49961-3		no Ensembl transcript
P49961-4	A3SS,AF	
P49961-5	A3SS,AF	
P49961-6	SE,AF	
P50053-2	SE,MXE	
P50135-2	SE,AL	
P50135-3	SE,AL	
P50213-2		no Ensembl transcript
P50219-2	SE,AF	
P50221-2	SE,A5SS	
P50221-3	A3SS	
P50225-2		no Ensembl transcript
P50395-2	SE	
P50416-2	SE,AL	
P50440-2		no Ensembl transcript
P50440-3	A5SS,AL	
P50452-2	SE,AL	
P50452-3	A3SS,AF	
P50461-2		no Ensembl transcript
P50479-2	SE,A5SS	
P50539-2	A3SS,AF	
P50539-3	SE,AF	
P50539-4	SE,A3SS,AF	
P50542-2	SE	
P50542-3	A3SS	
P50542-4	A5SS	
P50548-2	A3SS,AF	
P50549-2	SE	
P50549-3	SE	
P50549-4	SE,MXE,AF	
P50549-5	SE,MXE,AF	
P50549-6	SE,AF	
P50570-2	SE	
P50570-3	SE,MXE	
P50570-4	SE,MXE	
P50570-5	A3SS	
P50579-2	SE,A3SS	
P50579-3	A3SS	
P50591-2	SE,A5SS	
P50607-2	SE,AF	
P50747-2	A3SS,AF	
P50748-2		no Ensembl transcript
P50749-2		no Ensembl transcript
P50750-2		no Ensembl transcript
P50851-2	SE,A5SS	
P50897-2	SE	
P50990-2	SE,AF	
P50990-3		no Ensembl transcript
P50991-2	SE	
P50995-2	A3SS,AF	
P51003-2	A5SS,AL	
P51114-2	SE,A5SS	
P51114-3	A3SS,AF	
P51148-2	A3SS,AF	
P51157-2	SE,AL	
P51157-3	SE,AL	
P51159-2		no Ensembl transcript
P51161-2	A3SS,AF	
P51168-2	A3SS,AF	
P51172-1		identical exon structure
P51172-2	SE,A3SS,AF	
P51178-2	SE,AF	
P51398-2	SE	
P51398-3	SE	
P51449-2	SE,AF	
P51452-2		no Ensembl transcript
P51460-2	SE,A5SS	
P51512-2		no Ensembl transcript
P51513-2	SE,AL	
P51513-5	SE	
P51522-2		no Ensembl transcript
P51530-2	A5SS,AL	
P51530-3	SE	
P51530-4		no Ensembl transcript
P51531-2	SE	
P51532-2	SE	
P51532-3	SE,A3SS	
P51532-4	SE,A3SS	
P51532-5	SE,A3SS	
P51553-2	A5SS,AL	
P51572-2	A3SS,AF	
P51606-2		no Ensembl transcript
P51608-2	SE,AF	
P51610-2		no Ensembl transcript
P51610-3		no Ensembl transcript
P51610-4	A3SS	
P51617-2	A3SS	
P51617-3		no Ensembl transcript
P51617-4	SE	
P51636-2		canonical and isoform share a transcript
P51636-3	SE,A5SS	
P51648-2	SE,AL	
P51649-2	SE	
P51654-2	SE	
P51654-3	SE	
P51659-2	SE,AF	
P51659-3	SE	
P51674-2	SE,AF	
P51674-3	SE,AF	
P51677-2	A3SS,AF	
P51685-2		no Ensembl transcript
P51686-2	A3SS,AF	
P51689-2		no Ensembl transcript
P51689-3		no Ensembl transcript
P51693-2	A3SS	
P51787-2	SE,AF	
P51788-2		no Ensembl transcript
P51788-3	A3SS	
P51788-4	SE	
P51788-5	SE	
P51790-2	SE,A5SS	
P51790-4	SE	
P51790-5		no Ensembl transcript
P51793-2	A3SS,AF	
P51795-1		identical exon structure
P51797-2		no Ensembl transcript
P51797-3		no Ensembl transcript
P51797-4		no Ensembl transcript
P51797-5	A5SS,AL	
P51797-6	SE	
P51798-2	SE	
P51800-2	SE	
P51800-3	A3SS	
P51801-2	A3SS,AF	
P51809-2	SE,A5SS	
P51809-3	SE,A5SS	
P51814-2	A5SS,A3SS	
P51814-3	A5SS,A3SS	
P51814-4		identical exon structure
P51814-5	A3SS	
P51814-6	A5SS,A3SS	
P51814-7	A5SS,A3SS	
P51814-8	A5SS,A3SS	
P51815-2	SE	
P51816-2	SE,A5SS	
P51816-3	SE,A5SS	
P51816-4	SE,A5SS,AL	
P51816-5		canonical and isoform share a transcript
P51816-6	SE,A5SS	
P51816-7	SE,MXE,AF	
P51825-2	SE,A3SS,AF	
P51825-3	A3SS	
P51826-2	SE	
P51843-2		no Ensembl transcript
P51854-1		no Ensembl transcript
P51854-4	A3SS,AF	
P51857-2	SE,A5SS	
P51857-3	SE	
P51858-2	SE,AF	
P51858-3	SE,AF	
P51878-2	SE	
P51878-3	SE	
P51878-4	SE,A5SS,AL	
P51878-5	A3SS	
P51878-6		no Ensembl transcript
P51911-2		no Ensembl transcript
P51948-2	SE	
P51955-2	A5SS,AL	
P51955-3		no Ensembl transcript
P51955-4	A3SS	
P51956-2	SE,A3SS	
P51957-2	SE,A5SS,AL	
P51957-3	SE	
P51959-2	A3SS,AF	
P51965-2	SE,AF	
P51965-3	SE	
P51991-2	A5SS	
P51993-2	A5SS,AL	
P52179-2	SE	
P52209-2		canonical and isoform share a transcript
P52272-2	A5SS,A3SS,RI	
P52298-2	SE,AF	
P52298-3	A5SS,A3SS	
P52306-2	SE	
P52306-3	SE,A3SS	
P52306-4	A3SS	
P52306-5	A3SS	
P52306-6	SE,A3SS	
P52333-2	A5SS,AL	
P52333-4		no Ensembl transcript
P52429-2	A5SS,AL	
P52434-2	SE	
P52434-3	A3SS,AF	
P52434-4		identical exon structure
P52434-5	SE,A3SS,AF	
P52564-2	A3SS,AF	
P52565-2	A3SS	
P52569-2	SE,MXE,A3SS,AF	
P52569-3	A3SS,AF	
P52594-2	SE	
P52594-3	A3SS	
P52594-4	SE,A3SS	
P52630-4	A3SS	
P52655-2	A3SS,AF	
P52701-2		no Ensembl transcript
P52701-3	SE,A5SS	
P52701-4	SE,A5SS	
P52735-2	SE	
P52735-3	SE	
P52736-2	A3SS	
P52736-3	A3SS,AF	
P52736-4		identical exon structure
P52736-5	A3SS,AF	
P52738-2	A3SS,AF	
P52739-2	A5SS,A3SS,RI	
P52740-2		no Ensembl transcript
P52741-2		no Ensembl transcript
P52742-2	SE,A5SS,A3SS,RI,AF	
P52742-3	A3SS	
P52742-4	SE,A3SS,AF	
P52744-2	SE	
P52744-3		no Ensembl transcript
P52747-2	SE	
P52747-3	A3SS	
P52756-2	A5SS,AL	
P52756-3		no Ensembl transcript
P52756-4		no Ensembl transcript
P52756-5	SE,A5SS,AL	
P52757-3	A3SS,AF	
P52757-4	SE,MXE,AF	
P52757-5	SE,A3SS,AF	
P52757-6	SE,MXE,AF	
P52757-7	A3SS,AF	
P52757-8		no Ensembl transcript
P52757-9		no Ensembl transcript
P52788-2	SE	
P52797-2	SE	
P52798-2	SE,AL	
P52798-3	SE,AL	
P52823-2	A3SS,AF	
P52848-2	A5SS,AL	
P52848-3	SE	
P52849-2		no Ensembl transcript
P52888-2		no Ensembl transcript
P52895-2	SE,AL	
P52926-2	SE,AL	
P52926-3	SE,AL	
P52926-4	SE,AL	
P52926-5	SE,AL	
P52926-6	SE,AL	
P52943-2	SE,AF	
P52948-2	SE,A5SS	
P52948-3	A5SS,AL	
P52948-4	A5SS,AL	
P52948-5	A5SS	
P52948-6		no Ensembl transcript
P52952-2	SE,AL	
P52952-3	SE,AL	
P53355-2		no Ensembl transcript
P53355-3		no Ensembl transcript
P53355-4	SE	
P53365-2	SE,A3SS,AF	
P53365-3	A3SS,AF	
P53367-2	SE	
P53367-3	SE	
P53370-2	A3SS,AF	
P53384-2	SE	
P53396-2	SE	
P53396-3	SE	
P53539-10	A3SS,AF	
P53539-11	A5SS	
P53539-2	SE	
P53539-3	A3SS	
P53539-4		no Ensembl transcript
P53539-5	SE,A3SS	
P53539-6		no Ensembl transcript
P53539-7		no Ensembl transcript
P53539-8	SE	
P53539-9		no Ensembl transcript
P53609-2	SE	
P53621-2	A3SS	
P53634-2	SE,AL	
P53634-3	SE,AL	
P53667-2		no Ensembl transcript
P53667-3	AL	
P53667-4	SE,AF	
P53671-2	SE,AF	
P53671-3	SE,AF,AL	
P53675-2	SE	
P53677-2	SE,A5SS,AL	
P53680-2	SE	
P53778-2	SE	
P53779-2		identical exon structure
P53779-3	A3SS,AF	
P53804-2		no Ensembl transcript
P53804-3	A3SS,AF	
P53805-2	SE,AF	
P53805-3	SE,AF	
P53805-4	A3SS,AF	
P53814-2		no Ensembl transcript
P53814-5	SE,AL	
P53814-6	SE	
P53985-2		no Ensembl transcript
P53990-2		no Ensembl transcript
P53990-3		no Ensembl transcript
P53990-4		no Ensembl transcript
P53990-5		no Ensembl transcript
P53990-6		no Ensembl transcript
P53992-2		no Ensembl transcript
P54107-2	SE,A5SS	
P54108-2		no Ensembl transcript
P54108-3		no Ensembl transcript
P54136-2		no Ensembl transcript
P54198-2	SE	
P54219-2	SE,A5SS	
P54219-3	SE	
P54252-1		canonical and isoform share a transcript
P54252-3	SE,A5SS,AL	
P54252-4	SE,A5SS,AL	
P54252-5	A5SS,A3SS,AF,AL	
P54257-2	SE	
P54257-3	SE	
P54257-4	SE,A5SS	
P54274-2	SE	
P54277-2	SE	
P54277-3	SE	
P54277-4	SE,A3SS,AF	
P54278-2	SE	
P54278-3	SE,A5SS,AL	
P54278-4	AL	
P54284-2		no Ensembl transcript
P54284-3	SE,AF	
P54284-4	SE,AF	
P54284-5	SE	
P54289-2	SE,MXE	
P54289-3		no Ensembl transcript
P54289-4		no Ensembl transcript
P54289-5	SE	
P54315-2		no Ensembl transcript
P54315-3		no Ensembl transcript
P54578-2	SE	
P54578-3	SE	
P54619-2	A3SS,AF	
P54619-3	A3SS	
P54687-2	SE	
P54687-3	SE	
P54687-4	SE,AF	
P54687-5	SE,AF	
P54707-2	A3SS	
P54709-2		no Ensembl transcript
P54710-2	SE,AF	
P54725-2	SE	
P54725-3	A3SS	
P54727-2	A3SS,AF	
P54750-2	SE,AF	
P54750-3	SE,AF	
P54750-4	SE,AL	
P54750-5		no Ensembl transcript
P54750-6	SE,MXE,AF,AL	
P54750-7		no Ensembl transcript
P54750-8		no Ensembl transcript
P54750-9		no Ensembl transcript
P54756-2	SE	
P54756-3	A3SS	
P54760-2		no Ensembl transcript
P54760-3	SE,A5SS,AL	
P54760-4	A5SS,AL	
P54762-5	A3SS,AF	
P54762-6		no Ensembl transcript
P54764-2		identical exon structure
P54792-2		no Ensembl transcript
P54803-3	SE	
P54803-4	SE,AF	
P54803-5	SE,MXE,AF,AL	
P54819-2	A5SS,AL	
P54819-3		no Ensembl transcript
P54819-4		no Ensembl transcript
P54819-5	A5SS,AL	
P54819-6		canonical and isoform share a transcript
P54821-2	SE,AL	
P54829-2	A3SS	
P54829-3	A3SS,AF	
P54845-2	A3SS,AF	
P54849-2		identical exon structure
P54868-2	SE	
P54868-3		no Ensembl transcript
P54886-2	A5SS	
P55001-2	A3SS	
P55001-3	SE	
P55008-2	A3SS,AF	
P55008-3		no Ensembl transcript
P55011-3	SE	
P55017-2	A5SS	
P55017-3	A5SS,A3SS	
P55036-2	A5SS,AL	
P55055-2	SE	
P55058-2	SE	
P55058-3	SE	
P55058-4	A3SS,AF	
P55060-2		no Ensembl transcript
P55060-3	SE,AL	
P55060-4	SE	
P55061-2	A3SS,AF	
P55075-2	SE	
P55075-3	SE,A3SS	
P55075-4	A3SS	
P55082-2	A3SS,AF	
P55083-2	SE,AF	
P55084-2	SE,AF	
P55087-2	A3SS,AF	
P55157-2	A5SS,AL	
P55160-2	A3SS,AF	
P55196-1		no Ensembl transcript
P55196-2		no Ensembl transcript
P55196-3	SE,A5SS,A3SS	
P55196-5	SE,A3SS	
P55196-6	AL	
P55197-1		canonical and isoform share a transcript
P55197-2	SE,AL	
P55197-3	SE,AL	
P55201-2	A5SS	
P55201-3	A3SS	
P55201-4	SE	
P55209-2	A5SS,AL	
P55209-3	SE,A3SS,AF	
P55210-2	SE,A5SS	
P55210-3	AF	
P55210-4	SE,AF	
P55211-2	SE	
P55211-3		no Ensembl transcript
P55211-4	A3SS,AF	
P55212-2	SE	
P55259-2	SE	
P55259-3	SE	
P55259-4	SE	
P55263-2	SE,AF	
P55263-3	SE	
P55263-4	SE,MXE,AF	
P55265-2	A5SS	
P55265-3	A5SS,A3SS	
P55265-4		no Ensembl transcript
P55265-5	A3SS,AF	
P55283-2	A3SS,AF	
P55285-2	A5SS,A3SS,AL	
P55287-2	SE,A5SS	
P55289-2	SE	
P55290-2	SE,AL	
P55290-3	SE,AL	
P55290-4	SE,A3SS	
P55290-5	SE	
P55317-2		no Ensembl transcript
P55327-2	SE,AF	
P55327-3		no Ensembl transcript
P55327-4	SE,MXE,AF	
P55327-5	SE	
P55327-6	SE	
P55327-7	SE	
P55327-8	SE,AL	
P55344-2	A5SS	
P55345-2	SE,AL	
P55345-3	SE	
P55345-4	SE,A5SS	
P55345-5	SE,A5SS	
P55345-6	SE	
P55345-7	A5SS,AL	
P55347-2		no Ensembl transcript
P55735-2	A3SS,AF	
P55735-3	SE,AF	
P55735-4	SE,AF	
P55773-2	A3SS	
P55786-2		no Ensembl transcript
P55789-2		no Ensembl transcript
P55808-2		canonical and isoform share a transcript
P55808-3	SE	
P55809-2	A3SS,AF	
P55822-2	A3SS,AF	
P55854-2	A5SS	
P55884-2		no Ensembl transcript
P55916-2	A5SS,AL	
P55916-3		no Ensembl transcript
P55957-2	A3SS,AF	
P55957-3	SE,A5SS,AL	
P55957-4	A3SS,AF	
P56134-2	A5SS	
P56134-3	SE	
P56134-4	SE,A5SS	
P56159-2	SE	
P56177-2	SE,A5SS	
P56178-2	A5SS,AL	
P56179-2		no Ensembl transcript
P56179-3		no Ensembl transcript
P56180-2	SE	
P56180-3	SE	
P56180-4	A3SS,AF	
P56181-2	SE	
P56192-2	AL	
P56211-2	A3SS,AF	
P56270-2	SE,AL	
P56270-3	A3SS,AF	
P56270-4	SE	
P56282-2	SE	
P56282-3	A5SS,AL	
P56377-2		no Ensembl transcript
P56378-2	AF	
P56524-2		no Ensembl transcript
P56537-2	SE,A5SS,A3SS,RI	
P56545-2	SE,AF	
P56545-3	SE,AF	
P56559-2	A5SS,AL	
P56645-2	A5SS,A3SS	
P56693-2		no Ensembl transcript
P56696-2	SE	
P56704-2		no Ensembl transcript
P56705-2		no Ensembl transcript
P56817-2	A3SS	
P56817-3	A5SS	
P56817-4	A5SS,A3SS	
P56817-5	SE,AF	
P56817-6	SE,A3SS,AF	
P56856-2	SE,AF	
P56937-2		no Ensembl transcript
P56937-3		no Ensembl transcript
P56945-2	SE,AF	
P56945-3	A5SS	
P56945-4	SE,A5SS,AF	
P56945-5	SE,AF	
P56945-6	SE,AF	
P56945-7	SE,AF	
P56945-8	SE,AF	
P56975-2		no Ensembl transcript
P56975-3	SE,AF	
P56975-4	SE	
P57052-3	SE,A5SS,AL	
P57054-2	A3SS	
P57054-3	SE,AF	
P57055-2		no Ensembl transcript
P57071-2		no Ensembl transcript
P57071-3		no Ensembl transcript
P57071-5		no Ensembl transcript
P57071-6		no Ensembl transcript
P57075-2	SE	
P57075-3	SE,A5SS	
P57077-1		identical exon structure
P57078-2	SE,A3SS	
P57081-2	A3SS	
P57081-3	SE	
P57082-2	A3SS	
P57087-2	SE	
P57087-3	SE,AL	
P57103-2	SE	
P57103-3	SE,A5SS,AL	
P57103-4	A3SS,AF	
P57103-5	SE,A3SS,AF	
P57103-6	A3SS	
P57103-7	SE,MXE,A3SS	
P57682-2	A5SS,AL	
P57721-2	SE,A3SS	
P57721-3		no Ensembl transcript
P57721-4	A3SS	
P57721-5	SE	
P57723-2	SE	
P57727-2	SE	
P57727-3	A5SS,AL	
P57727-4		no Ensembl transcript
P57727-5	A3SS	
P57727-6		no Ensembl transcript
P57737-2	SE	
P57737-3	SE,AL	
P57737-4	A3SS	
P57740-2	A3SS,AF	
P57740-3	SE,A3SS,AF	
P57768-2	SE	
P57771-2	SE,AF	
P57772-2		no Ensembl transcript
P57773-2		no Ensembl transcript
P57789-3	SE,AF	
P57789-4	SE,AF	
P57796-2	A3SS,AF	
P58005-3	A5SS,AL	
P58005-4	SE,A3SS,AF	
P58215-2	SE	
P58215-3	SE	
P58335-2	SE	
P58335-3		no Ensembl transcript
P58335-4	A5SS,AL	
P58340-2	SE,A3SS,AF	
P58340-3		no Ensembl transcript
P58340-4	SE,A3SS,AF	
P58340-5	A3SS,AF	
P58397-2		no Ensembl transcript
P58397-3	SE	
P58400-1		canonical and isoform share a transcript
P58418-1		canonical and isoform share a transcript
P58418-4	SE,MXE,A5SS,AF,AL	
P58499-2	SE	
P58499-3	SE	
P58505-2		no Ensembl transcript
P58505-3	A3SS,AF	
P58512-2		no Ensembl transcript
P58512-3		no Ensembl transcript
P58557-2	SE	
P58557-3	A5SS	
P58557-4	SE,A5SS	
P58658-2		no Ensembl transcript
P58658-3	A5SS	
P58743-2	SE,AL	
P58743-3	SE,AL	
P58743-4	SE,AL	
P58743-5	SE	
P58743-6	SE,A3SS	
P58753-2	A5SS,AL	
P58753-3		no Ensembl transcript
P58872-2	AF	
P58872-3	SE	
P59044-2	A3SS	
P59045-2	SE	
P59045-3	A3SS,AF	
P59046-2		no Ensembl transcript
P59046-3		no Ensembl transcript
P59046-4		no Ensembl transcript
P59046-5		no Ensembl transcript
P59046-6	SE	
P59046-7	A3SS	
P59052-2		no Ensembl transcript
P59090-2		no Ensembl transcript
P59103-2		no Ensembl transcript
P59103-3	A3SS,AF	
P59103-4	SE,A5SS	
P59190-2	A5SS	
P59510-2		no Ensembl transcript
P59510-3		no Ensembl transcript
P59780-2	SE,AL	
P59827-2		no Ensembl transcript
P59901-2		no Ensembl transcript
P59910-2	A3SS,AF	
P59998-2	SE,AL	
P59998-3	A5SS	
P59998-4	A3SS,AF	
P60006-2	A3SS	
P60153-2	A3SS,AF	
P60174-3	A3SS	
P60174-4	A3SS,AF	
P60201-2	A5SS	
P60323-2	A5SS,A3SS,RI	
P60484-2	A3SS,AF	
P60484-3		no Ensembl transcript
P60602-2		identical exon structure
P60604-2	A3SS,AF	
P60660-2	SE,AL	
P60842-2	A5SS,A3SS	
P60866-2	A5SS,AL	
P60880-2	SE,MXE	
P60891-2		no Ensembl transcript
P60900-2	SE,AF	
P60900-3	A3SS,AF	
P60953-1		identical exon structure
P60981-2	A3SS,AF	
P60985-2	SE	
P61006-2	A5SS,A3SS	
P61011-2	SE,A3SS	
P61018-2		no Ensembl transcript
P61019-2	SE	
P61020-2	SE	
P61073-2	A3SS,AF	
P61077-2	SE,AL	
P61077-3	SE,AF	
P61086-2	SE	
P61086-3	SE	
P61160-2	SE	
P61201-2	A3SS	
P61204-2	SE	
P61224-2	SE	
P61224-3	SE	
P61224-4	SE	
P61236-2	A3SS	
P61244-2	SE	
P61244-3	SE,AL	
P61244-4	A5SS,AL	
P61244-5	SE,AL	
P61244-6	SE,AL	
P61266-2	A5SS,AL	
P61289-2	A3SS	
P61289-3	SE,AF	
P61296-2		no Ensembl transcript
P61313-2	A5SS,AL	
P61326-2	SE	
P61328-2	SE,AF	
P61599-2	SE,A5SS	
P61619-3	A3SS,AF	
P61758-2	SE,AF	
P61764-2	SE,AL	
P61812-2	SE	
P61916-2	SE	
P61923-2		no Ensembl transcript
P61923-3	SE	
P61923-4	A3SS,AF	
P61923-5	SE,A5SS	
P61956-2	SE	
P61960-2	SE,AF	
P61962-2	SE	
P61966-2		no Ensembl transcript
P61978-2	SE,AL	
P61978-3	SE,MXE,AL	
P62068-2	A5SS,AL	
P62068-3	SE,AF	
P62068-4	A3SS	
P62070-2	A3SS,AF	
P62070-3	SE,AF	
P62070-4		no Ensembl transcript
P62136-2	A3SS	
P62136-3	SE	
P62166-2	SE,AF	
P62191-2	A3SS,AF	
P62195-2	AF	
P62256-2	SE	
P62258-2	A3SS,AF	
P62273-2	SE,AL	
P62316-2	A3SS,AF	
P62318-2	SE,AL	
P62491-2	A5SS	
P62495-2	A3SS,AF	
P62508-2	A3SS,AF	
P62508-3	A3SS,AF	
P62508-4	SE,A3SS,AF	
P62508-5	SE,A3SS,AF	
P62633-2	A5SS	
P62633-3	A3SS	
P62633-4	A3SS	
P62633-5	A5SS,A3SS	
P62633-6	A3SS	
P62633-7	A5SS,A3SS	
P62633-8	A5SS,A3SS	
P62820-2	SE	
P62820-3	SE	
P62837-2	A3SS,AF	
P62847-2	AL	
P62847-3	SE,AL	
P62847-4	SE,AL	
P62873-2		no Ensembl transcript
P62879-2	A3SS,AF	
P62899-2	SE,AL	
P62899-3	A5SS,AL	
P62913-2	A3SS	
P62937-2	A3SS,AF	
P62993-2	SE	
P62995-2	SE,AL	
P62995-3	A3SS,AF	
P63000-2	SE	
P63010-2	SE	
P63010-3		no Ensembl transcript
P63092-2	SE,A3SS	
P63092-3	SE	
P63092-4	A3SS	
P63096-2	A3SS,AF	
P63104-2	SE,AF	
P63151-2	SE,AF	
P63162-2	SE,AF	
P63165-2	SE	
P63208-2	A5SS,AL	
P63241-2	A3SS,AF	
P63267-2	SE	
P67775-2	SE	
P67812-2	A3SS,AF	
P67812-3	SE,A5SS	
P67812-4	SE,A5SS,AL	
P67936-2	SE,AF	
P68036-2	SE	
P68036-3	SE,AF	
P68106-2	SE,AL	
P68363-2		no Ensembl transcript
P68366-2	A3SS,AF	
P68400-2	A3SS,AF	
P68402-2	SE,AL	
P68402-3	SE,A5SS,AL	
P68402-4	SE,AL	
P68543-2	SE	
P78310-2		no Ensembl transcript
P78310-3	SE,A5SS	
P78310-4	SE,A5SS	
P78310-5	SE,A5SS	
P78310-6	A5SS,AL	
P78310-7	SE	
P78312-2	SE	
P78312-3	A5SS,AL	
P78312-4		no Ensembl transcript
P78312-5	SE,MXE,A3SS	
P78312-6	SE,MXE,AL	
P78314-2	SE,AL	
P78314-3	A3SS,AF	
P78314-4	A3SS,AF	
P78316-2	SE,A5SS,AL	
P78317-2	SE,A5SS	
P78324-2	A5SS	
P78324-4		no Ensembl transcript
P78325-2	SE,A3SS	
P78325-3	SE,A5SS,A3SS,AL	
P78329-2		no Ensembl transcript
P78332-2	A3SS,AF	
P78332-3	SE,A5SS,AL	
P78334-2		no Ensembl transcript
P78344-2	SE	
P78346-2	A5SS,AL	
P78347-2	SE	
P78347-3	SE	
P78347-4	SE	
P78347-5	SE,A5SS,AL	
P78348-1		canonical and isoform share a transcript
P78348-3	SE,A5SS,AF	
P78352-2	SE,AF	
P78352-3	A3SS	
P78356-2		no Ensembl transcript
P78358-2	A5SS,AL	
P78362-2	SE,AF	
P78369-2	SE,AF	
P78369-3	SE,AF	
P78371-2	A3SS,AF	
P78380-2	SE,A5SS	
P78380-3	SE,A5SS	
P78381-2	A5SS,AL	
P78381-3	AL	
P78381-4	SE,A5SS,AL	
P78381-5	SE,A5SS,AL	
P78382-2	SE	
P78383-2	A3SS	
P78396-2		no Ensembl transcript
P78396-3		no Ensembl transcript
P78410-2	SE,AF	
P78410-3	A3SS,AF	
P78411-2	A3SS	
P78411-3		no Ensembl transcript
P78413-2	SE	
P78417-2	SE	
P78417-3	A3SS,AF	
P78424-2		canonical and isoform share a transcript
P78504-2		no Ensembl transcript
P78509-2	SE	
P78509-3		no Ensembl transcript
P78524-2	SE	
P78524-3	A3SS,AF	
P78527-2	SE	
P78536-2		no Ensembl transcript
P78537-2		no Ensembl transcript
P78539-2		no Ensembl transcript
P78539-3	SE	
P78539-4	SE,A5SS	
P78539-5	SE	
P78545-2		no Ensembl transcript
P78549-2	A3SS	
P78549-3		no Ensembl transcript
P78552-2	A5SS,AL	
P78556-2	A3SS	
P78559-2		no Ensembl transcript
P78560-2	SE,AL	
P78563-2	SE	
P78563-3	A5SS,AL	
P78563-4		no Ensembl transcript
P78563-5		no Ensembl transcript
P78563-6	A5SS,AL	
P79522-2	SE	
P80108-2		no Ensembl transcript
P80188-2		no Ensembl transcript
P80192-4	SE	
P80217-2	A5SS	
P80303-2	A5SS,AL	
P80370-2	A5SS,A3SS,RI	
P80723-2		no Ensembl transcript
P81408-2	SE	
P81408-3	SE,A3SS	
P81408-4	A3SS	
P81605-2	SE,A5SS	
P81605-3	SE,AL	
P81877-2	SE	
P81877-3	SE	
P81877-4	SE	
P81877-5	SE,A3SS	
P82094-2	A5SS	
P82279-2	A5SS,AL	
P82279-3	SE	
P82279-4		no Ensembl transcript
P82279-5		no Ensembl transcript
P82650-2	SE,A3SS,AL	
P82663-2	SE,AL	
P82663-3	SE,A5SS	
P82673-2	SE,A5SS,AL	
P82675-2	SE,A5SS,AL	
P82912-2	A3SS	
P82912-3	SE	
P82987-2	A5SS	
P83110-2	SE,AL	
P83111-2	A5SS,AL	
P84022-2	SE,AF	
P84022-3	A3SS,AF	
P84022-4	A3SS,AF	
P84101-2		identical exon structure
P84101-3		identical exon structure
P84101-4	A3SS,AF	
P84103-2	SE,AL	
P84157-2	SE,AL	
P84157-3	SE,AL	
P84550-2	SE,A5SS,A3SS,RI,AF	
P84550-3		no Ensembl transcript
P85037-2		no Ensembl transcript
P85298-2		no Ensembl transcript
P85298-3	A5SS	
P85298-4	SE	
P85298-5	SE,A5SS	
P85299-2		no Ensembl transcript
P85299-3	A3SS	
P85299-4	A3SS,AF	
P85299-5	A3SS,AF	
P98082-2	SE	
P98082-3	SE	
P98095-2	SE	
P98153-2	SE	
P98153-3		no Ensembl transcript
P98155-2	SE	
P98161-2		no Ensembl transcript
P98161-3	A3SS	
P98171-2	SE	
P98173-2	SE	
P98173-3	SE	
P98175-2	A5SS	
P98175-3	SE	
P98175-4	SE,A5SS	
P98175-5	A3SS,AF	
P98177-2	A5SS,A3SS,RI	
P98182-2	A3SS	
P98182-3	A3SS	
P98194-2	SE,AL	
P98194-3	A5SS,A3SS,AF,AL	
P98194-4	A3SS,AF	
P98194-5	A5SS,AL	
P98194-6		no Ensembl transcript
P98194-7	SE,A5SS,AF,AL	
P98194-8	SE,A5SS,AF,AL	
P98194-9	A5SS,AL	
P98198-2		no Ensembl transcript
P98198-3	SE,AF	
P98198-4	SE,A5SS,AF,AL	
Q00005-2	SE,AF	
Q00005-3	SE,AF	
Q00005-4	A3SS,AF	
Q00005-5	A3SS,AF	
Q00005-6	SE,AF	
Q00005-7		no Ensembl transcript
Q00013-2	SE,AF	
Q00013-3	A3SS	
Q00059-2	SE	
Q00325-2	SE,MXE	
Q00341-2	SE,A3SS,AF	
Q00532-2		no Ensembl transcript
Q00532-3	SE,A3SS,AL	
Q00535-2	SE	
Q00536-2	A3SS,AF	
Q00536-3	A3SS,AF	
Q00537-2	A5SS,AL	
Q00587-2		no Ensembl transcript
Q00610-2	A5SS,AL	
Q00613-2		identical exon structure
Q00653-3		no Ensembl transcript
Q00653-4	A3SS	
Q00722-2	A5SS	
Q00722-3	SE	
Q00765-2	SE,AL	
Q00796-2	SE,A5SS,AL	
Q00839-2	A5SS	
Q00872-10	SE,MXE,A5SS	
Q00872-2	SE,MXE	
Q00872-3	SE	
Q00872-4	SE,MXE,A5SS	
Q00872-5	SE,MXE,A5SS	
Q00872-6	SE,MXE,AL	
Q00872-7	SE,MXE,AL	
Q00872-8	SE,MXE,A5SS	
Q00872-9	SE,MXE,A5SS	
Q00887-2	SE,A5SS,AL	
Q00888-2	SE	
Q00888-3	SE	
Q00889-2	SE,AL	
Q00973-2	SE	
Q00973-3	A5SS,AL	
Q00975-2		identical exon structure
Q00987-10		no Ensembl transcript
Q00987-11	A3SS,AF	
Q00987-2	SE	
Q00987-3		no Ensembl transcript
Q00987-4	SE	
Q00987-5	SE	
Q00987-6		no Ensembl transcript
Q00987-7		no Ensembl transcript
Q00987-8		no Ensembl transcript
Q00987-9		no Ensembl transcript
Q00994-2	A3SS	
Q01064-2	SE,AF	
Q01081-2	SE,MXE	
Q01081-3	SE,A5SS,AL	
Q01081-4	A3SS,AF	
Q01082-2	A5SS,AL	
Q01082-3	SE,A5SS,AF,AL	
Q01085-2	A3SS	
Q01105-2	SE,AF	
Q01105-3		no Ensembl transcript
Q01105-4	SE,AF	
Q01113-2		no Ensembl transcript
Q01113-3	SE,MXE,A5SS,A3SS	
Q01130-2	A5SS	
Q01167-2	SE,AL	
Q01167-3		no Ensembl transcript
Q01196-10		no Ensembl transcript
Q01196-11		no Ensembl transcript
Q01196-2		no Ensembl transcript
Q01196-3	SE,AL	
Q01196-4		no Ensembl transcript
Q01196-5		no Ensembl transcript
Q01196-6		no Ensembl transcript
Q01196-7		no Ensembl transcript
Q01196-8	A3SS,AF	
Q01196-9		no Ensembl transcript
Q01344-2	SE,AL	
Q01344-3	A5SS,AL	
Q01344-4	SE,A5SS	
Q01344-5		no Ensembl transcript
Q01415-2	SE,AF	
Q01432-2		no Ensembl transcript
Q01432-3		no Ensembl transcript
Q01432-4	A3SS,AF	
Q01432-5	A3SS,AF	
Q01432-6	A3SS,AF	
Q01433-2	SE,AF	
Q01433-4		identical exon structure
Q01433-5	A3SS,AF	
Q01484-2	SE	
Q01484-5	SE,MXE,AF	
Q01484-7		no Ensembl transcript
Q01518-2	A3SS	
Q01534-2	AL	
Q01538-2	A3SS	
Q01543-2	A3SS,AF	
Q01543-3	A3SS,AF	
Q01543-4	A3SS,AF	
Q01638-2	A5SS,AL	
Q01638-3	SE,AL	
Q01638-4	A5SS,A3SS,AF,AL	
Q01668-2	SE,MXE	
Q01668-3	SE	
Q01668-4		no Ensembl transcript
Q01740-2	SE	
Q01780-2	SE	
Q01804-3	A3SS,AF	
Q01804-4	A5SS,A3SS,AF,AL	
Q01804-5		no Ensembl transcript
Q01813-2	A3SS,AF	
Q01814-2		no Ensembl transcript
Q01814-3		no Ensembl transcript
Q01814-4	SE,MXE,AL	
Q01814-5		no Ensembl transcript
Q01814-6	SE	
Q01814-7	SE,MXE,AL	
Q01814-8	SE	
Q01826-2	SE	
Q01831-2		no Ensembl transcript
Q01831-3	SE,A5SS,AL	
Q01844-2		no Ensembl transcript
Q01844-3	A3SS	
Q01844-4	SE,AL	
Q01844-5	SE,A3SS	
Q01844-6	SE	
Q01851-2		no Ensembl transcript
Q01860-2		no Ensembl transcript
Q01892-2	A5SS	
Q01892-3	SE,A3SS,AF	
Q01955-2		no Ensembl transcript
Q01955-3		no Ensembl transcript
Q01955-4		no Ensembl transcript
Q01955-5		no Ensembl transcript
Q01968-2	SE	
Q01970-2	SE,A3SS	
Q01973-2		no Ensembl transcript
Q01973-3	A5SS,AL	
Q02040-2	SE,AL	
Q02040-3		no Ensembl transcript
Q02045-2	A3SS,AF	
Q02078-2	SE,MXE	
Q02078-3		no Ensembl transcript
Q02078-4		no Ensembl transcript
Q02078-5	SE	
Q02078-6	SE,MXE	
Q02078-7	SE,MXE	
Q02078-8	SE,MXE	
Q02080-2	SE,A5SS	
Q02083-2	AL	
Q02083-3		no Ensembl transcript
Q02086-2		no Ensembl transcript
Q02094-2	SE,A5SS,AL	
Q02108-2	A5SS,AL	
Q02153-2	A3SS	
Q02153-3	SE,AF	
Q02161-2	SE	
Q02161-3		no Ensembl transcript
Q02161-4	SE,MXE,A5SS	
Q02161-5	SE,A5SS	
Q02161-6	SE,A5SS	
Q02218-2	SE,MXE	
Q02218-3	A5SS,AL	
Q02223-2	SE	
Q02224-3	SE,A3SS	
Q02241-2	SE	
Q02241-3		no Ensembl transcript
Q02252-2	A5SS	
Q02297-10	SE,MXE,AF,AL	
Q02297-11	SE,MXE,AF	
Q02297-12	SE,MXE,A5SS,AL	
Q02297-2		no Ensembl transcript
Q02297-3	SE,AL	
Q02297-4		no Ensembl transcript
Q02297-6	SE,MXE	
Q02297-7	SE,MXE	
Q02297-8	SE,MXE,AL	
Q02297-9	SE,MXE,AF,AL	
Q02388-2		no Ensembl transcript
Q02410-2		no Ensembl transcript
Q02413-2		no Ensembl transcript
Q02447-2		no Ensembl transcript
Q02447-3		no Ensembl transcript
Q02447-4		no Ensembl transcript
Q02447-5	A3SS,AF	
Q02447-6		no Ensembl transcript
Q02487-2	SE,AL	
Q02505-2		no Ensembl transcript
Q02505-3		no Ensembl transcript
Q02505-4		no Ensembl transcript
Q02505-5	SE	
Q02509-3		no Ensembl transcript
Q02548-10	SE	
Q02548-11	SE,MXE,A5SS,AL	
Q02548-2	SE	
Q02548-3		no Ensembl transcript
Q02548-4		no Ensembl transcript
Q02548-5	SE,A5SS,AL	
Q02548-6	SE	
Q02548-7	SE	
Q02548-8	SE	
Q02548-9	SE	
Q02641-2	SE,MXE,A5SS,AL	
Q02641-3	A5SS,AL	
Q02750-2	SE	
Q02763-2	SE	
Q02763-3	SE,A5SS	
Q02809-2	SE	
Q02833-2	A5SS,AL	
Q02833-3	SE,A5SS	
Q02880-2	A3SS	
Q02928-2		no Ensembl transcript
Q02930-2	A3SS,AF	
Q02930-3	A3SS,AF	
Q02930-4	SE,AF	
Q02952-2	SE,AF	
Q02952-3	SE,AF	
Q02962-2		no Ensembl transcript
Q02962-3	SE	
Q02962-4	SE,MXE,A5SS,AL	
Q02978-2	SE	
Q02985-2	SE	
Q03001-10		no Ensembl transcript
Q03001-11		no Ensembl transcript
Q03001-12		no Ensembl transcript
Q03001-13		no Ensembl transcript
Q03001-14	SE,MXE	
Q03001-3	SE,AF,AL	
Q03001-8	SE,AF	
Q03001-9	SE,AF,AL	
Q03013-2	SE,AL	
Q03013-3	SE	
Q03060-1		no Ensembl transcript
Q03060-10	SE,AF	
Q03060-11	SE,MXE,AF	
Q03060-12	SE,MXE,AF	
Q03060-13		no Ensembl transcript
Q03060-14		no Ensembl transcript
Q03060-15	SE,A3SS,AF	
Q03060-16	SE,A3SS,AF	
Q03060-17		no Ensembl transcript
Q03060-19		no Ensembl transcript
Q03060-2		no Ensembl transcript
Q03060-20		no Ensembl transcript
Q03060-21		no Ensembl transcript
Q03060-22	SE,MXE,AF	
Q03060-23	SE,A3SS,AF,AL	
Q03060-24	SE,MXE,AF,AL	
Q03060-25	SE,A5SS,AL	
Q03060-26	SE,MXE,A3SS,AF,AL	
Q03060-27	SE,MXE,AF	
Q03060-28	SE,A3SS,AF	
Q03060-29	SE,AF	
Q03060-30	SE	
Q03060-31	SE,MXE,A3SS,AF,AL	
Q03060-32	SE,MXE,A3SS,AF,AL	
Q03060-6		no Ensembl transcript
Q03060-7	SE,MXE,AF	
Q03060-8	SE,AF,AL	
Q03060-9	SE,MXE,AF,AL	
Q03112-1		identical exon structure
Q03112-3	A3SS,AF	
Q03112-4	A3SS,AF	
Q03112-5	SE	
Q03112-6	SE	
Q03112-8		no Ensembl transcript
Q03112-9		no Ensembl transcript
Q03113-2	SE,AF	
Q03113-3		no Ensembl transcript
Q03135-2	A3SS,AF	
Q03154-2	SE,A5SS	
Q03154-3	SE	
Q03154-4	SE,A3SS	
Q03164-2	SE	
Q03164-3	A5SS	
Q03167-2	A3SS	
Q03181-2	A5SS,AL	
Q03181-3	SE,AF	
Q03181-4	SE	
Q03188-2	SE,AL	
Q03405-2	SE,AL	
Q03405-3	SE	
Q03518-2		no Ensembl transcript
Q03519-2	SE,AL	
Q03721-2		no Ensembl transcript
Q03721-3	SE,AL	
Q03923-2	SE	
Q03923-3	SE,AL	
Q03933-2	SE	
Q03936-2	A3SS,AF	
Q03936-3	SE	
Q03989-5	A3SS,AF	
Q04206-2		no Ensembl transcript
Q04206-3	A3SS	
Q04206-4	A3SS	
Q04323-2	A5SS,AL	
Q04609-10		canonical and isoform share a transcript
Q04609-3		no Ensembl transcript
Q04609-4	SE,A5SS,AL	
Q04609-6		no Ensembl transcript
Q04609-7	SE,AF	
Q04609-8	SE	
Q04609-9	SE,MXE,AF	
Q04637-3	A3SS,AF	
Q04637-4	A3SS,AF	
Q04637-5	A3SS,AF	
Q04637-6		no Ensembl transcript
Q04637-7	A3SS,AF	
Q04637-8	A3SS	
Q04637-9	SE	
Q04656-2		no Ensembl transcript
Q04656-3		no Ensembl transcript
Q04656-4		no Ensembl transcript
Q04656-5	SE	
Q04656-6		no Ensembl transcript
Q04671-2	SE	
Q04671-3		no Ensembl transcript
Q04725-2	SE,A3SS,AF	
Q04725-3	SE,A5SS,A3SS,AF	
Q04726-2	A5SS	
Q04726-3	A5SS	
Q04726-4	A5SS,A3SS,AF	
Q04726-5	A5SS	
Q04726-6	A5SS	
Q04726-7	SE,A5SS,AF	
Q04727-2	SE	
Q04727-3	SE	
Q04727-4	SE	
Q04741-2		no Ensembl transcript
Q04743-2	SE,A5SS	
Q04759-2	SE	
Q04759-3	SE,A3SS,AF	
Q04760-2		no Ensembl transcript
Q04864-2	SE	
Q04900-2	A5SS,AL	
Q04900-3	SE	
Q04900-4	SE	
Q04900-5	SE,AL	
Q04912-2	SE	
Q04912-3		no Ensembl transcript
Q04912-4		no Ensembl transcript
Q04912-5		no Ensembl transcript
Q04912-6		no Ensembl transcript
Q04912-7	SE	
Q04941-2	A5SS,AL	
Q05084-2	SE	
Q05084-3	A3SS	
Q05086-2	A3SS,AF	
Q05086-3	SE,AF	
Q05193-2	SE,MXE	
Q05193-3	SE,AL	
Q05193-5	SE,MXE,AL	
Q05195-2	SE	
Q05209-2	A3SS,AF	
Q05209-3	A3SS,AF	
Q05397-2		no Ensembl transcript
Q05397-3		no Ensembl transcript
Q05397-4		no Ensembl transcript
Q05397-5	SE,A5SS	
Q05397-6		no Ensembl transcript
Q05397-7	SE	
Q05469-2		canonical and isoform share a transcript
Q05481-2	SE	
Q05513-2	A3SS,AF	
Q05513-3	SE,AF	
Q05516-2		no Ensembl transcript
Q05519-2	A3SS	
Q05586-2	SE,AL	
Q05586-3	SE	
Q05586-4	SE,AL	
Q05586-5	SE	
Q05586-6	SE,MXE,AL	
Q05586-7	SE,MXE,AL	
Q05655-2		no Ensembl transcript
Q05682-2	A5SS	
Q05682-3	SE,A5SS,AF	
Q05682-4	SE,A5SS	
Q05682-5	SE,MXE,A5SS,AF	
Q05682-6	A5SS,A3SS	
Q05707-2	SE,AL	
Q05707-3		no Ensembl transcript
Q05823-2	SE,AL	
Q05932-2		no Ensembl transcript
Q05932-3	A3SS,AF	
Q05932-4	SE	
Q05940-2		no Ensembl transcript
Q05996-2		no Ensembl transcript
Q05BQ5-2	SE,AL	
Q05BQ5-3	A5SS,A3SS,AF,AL	
Q05BV3-2		no Ensembl transcript
Q05BV3-4		no Ensembl transcript
Q05BV3-5	SE	
Q05D32-2	SE	
Q05D60-2		no Ensembl transcript
Q06033-2		no Ensembl transcript
Q06055-2		no Ensembl transcript
Q06055-3	A3SS,AF	
Q06124-1		canonical and isoform share a transcript
Q06124-3	AL	
Q06136-2	SE	
Q06187-2	A3SS,AF	
Q06190-2	SE,AF	
Q06190-3	A3SS,AF	
Q06210-2	SE	
Q06265-2	SE	
Q06265-3		no Ensembl transcript
Q06265-4		no Ensembl transcript
Q06323-2	A5SS,AL	
Q06323-3	A5SS	
Q06330-2		no Ensembl transcript
Q06330-3		no Ensembl transcript
Q06330-4		no Ensembl transcript
Q06330-5	A3SS,AF	
Q06330-6	SE,AF	
Q06330-7	SE,AF	
Q06413-2	SE	
Q06413-3	A3SS	
Q06413-4	SE	
Q06413-5	SE,MXE,A5SS	
Q06413-6	SE,MXE	
Q06455-2	SE,AF	
Q06455-3	SE,AF	
Q06455-4	A3SS,AF	
Q06455-5		no Ensembl transcript
Q06455-6		no Ensembl transcript
Q06481-2		no Ensembl transcript
Q06481-3	SE	
Q06481-4	SE	
Q06481-5	SE	
Q06481-6	SE,MXE,AF	
Q06495-2	SE,AL	
Q06547-2	A5SS	
Q06547-3	A5SS,AL	
Q06547-4	A5SS,AL	
Q06587-2		no Ensembl transcript
Q06609-2	SE,A3SS	
Q06609-3	SE,A5SS	
Q06609-4	SE,MXE	
Q06643-2	SE,A5SS,AL	
Q06710-2	SE	
Q06710-3	A5SS,A3SS,AL	
Q06710-4	SE,A5SS,AL	
Q06710-5	SE,A5SS,AL	
Q06730-2	A3SS	
Q06730-3	SE,AF	
Q06787-10	SE,A5SS,A3SS	
Q06787-11	SE,A5SS,A3SS	
Q06787-2	SE,A3SS	
Q06787-3	A3SS	
Q06787-4	A3SS	
Q06787-5	A3SS	
Q06787-6	A3SS	
Q06787-7	A3SS	
Q06787-8	SE,A3SS	
Q06787-9	SE	
Q06889-2	SE,AF	
Q07001-2	SE	
Q07002-3	A5SS	
Q07020-2	SE	
Q07092-2		no Ensembl transcript
Q07157-2	SE	
Q07326-2	SE,AL	
Q07343-2	A3SS,AF	
Q07343-3	SE,AF	
Q07343-4	SE,AF	
Q07444-2	A5SS,AL	
Q07617-2	A5SS,AL	
Q07666-2		no Ensembl transcript
Q07666-3	SE	
Q07687-2	A5SS,AL	
Q07699-2	A5SS,AL	
Q07812-2	A5SS,AL	
Q07812-3	SE,A5SS,AL	
Q07812-4	SE	
Q07812-5	SE,A5SS,AL	
Q07812-6	SE,A5SS	
Q07812-7		no Ensembl transcript
Q07812-8	A3SS	
Q07817-2	A5SS	
Q07817-3		no Ensembl transcript
Q07820-2	SE,A5SS	
Q07837-2	A3SS,AF	
Q07837-3	A5SS,AL	
Q07837-4	A3SS,AF	
Q07837-5	A5SS,AL	
Q07837-6	A5SS,AL	
Q07837-7		no Ensembl transcript
Q07866-10	SE,A5SS	
Q07866-2	SE,AL	
Q07866-3	A5SS	
Q07866-4	SE,AL	
Q07866-5		no Ensembl transcript
Q07866-6	SE,A5SS,AL	
Q07866-7	SE,A5SS,AL	
Q07866-8	SE,A5SS,AL	
Q07866-9	SE	
Q07869-2	SE,A5SS,AL	
Q07889-2		no Ensembl transcript
Q07890-2	SE	
Q07912-2	SE,AL	
Q07912-3	SE,MXE,A3SS,AF	
Q07954-2	SE,AL	
Q07955-2		no Ensembl transcript
Q07955-3	A5SS,AL	
Q07973-2	SE	
Q07973-3	A3SS,AF	
Q08050-2	SE	
Q08050-3	SE	
Q08116-2	A5SS,AL	
Q08117-2	SE,AF	
Q08174-2	A5SS,AL	
Q08209-2	SE	
Q08209-3	SE	
Q08209-4	SE	
Q08209-5		no Ensembl transcript
Q08211-2		no Ensembl transcript
Q08257-2	SE,A3SS,AF	
Q08257-3	SE	
Q08289-10		no Ensembl transcript
Q08289-2	SE,AF	
Q08289-3	SE,AF	
Q08289-4	SE,AF	
Q08289-5	SE,AF	
Q08289-6	SE,MXE,AF	
Q08289-7		canonical and isoform share a transcript
Q08289-8	SE,MXE	
Q08289-9	SE,MXE,AF	
Q08345-2	SE	
Q08345-4	SE,A5SS,AL	
Q08345-5	A3SS	
Q08345-6	SE,A3SS,AF	
Q08378-2	A5SS,AL	
Q08378-4	A5SS,AL	
Q08379-2		no Ensembl transcript
Q08426-2	A3SS,AF	
Q08431-2	A3SS,AF	
Q08431-3	SE	
Q08431-4	SE	
Q08462-2		no Ensembl transcript
Q08477-2	SE,MXE	
Q08493-2	A3SS,AF	
Q08493-3	SE,AF	
Q08495-2	SE	
Q08495-3	SE	
Q08495-4	SE	
Q08499-10	SE,AF	
Q08499-11	SE,AF	
Q08499-12	SE,AF,AL	
Q08499-2	SE,AF	
Q08499-3		no Ensembl transcript
Q08499-4		no Ensembl transcript
Q08499-5	A3SS,AF	
Q08499-6	SE,AF	
Q08499-7	SE,AF,AL	
Q08499-8	SE,AF	
Q08499-9	SE,AF	
Q08554-2	SE,AL	
Q08623-2	A5SS	
Q08623-3	SE,AL	
Q08623-4	SE	
Q08648-2	SE,AF	
Q08648-3	SE,AL	
Q08648-4	SE,A5SS	
Q08648-5	SE,MXE,A5SS,AF	
Q08722-2		no Ensembl transcript
Q08722-3	SE,A5SS	
Q08722-4		no Ensembl transcript
Q08999-2		no Ensembl transcript
Q08AD1-2	SE,A3SS	
Q08AD1-3	SE	
Q08AE8-2	SE	
Q08AE8-3		no Ensembl transcript
Q08AE8-4	SE,MXE,A3SS,AF,AL	
Q08AE8-5	SE,A3SS,AF	
Q08AF3-2	A5SS,AL	
Q08AF8-2		no Ensembl transcript
Q08AF8-3		no Ensembl transcript
Q08AH1-2	SE,AL	
Q08AI6-2	SE	
Q08AI8-2	SE,AF	
Q08AI8-3	SE,AF	
Q08AM6-2	A3SS,AF	
Q08J23-2	SE	
Q08J23-3		no Ensembl transcript
Q09013-1		canonical and isoform share a transcript
Q09013-10	SE,A5SS	
Q09013-11	A5SS	
Q09013-12	SE,A5SS	
Q09013-15	A5SS,A3SS	
Q09013-16	A5SS,A3SS	
Q09013-2		no Ensembl transcript
Q09013-5		no Ensembl transcript
Q09013-6		no Ensembl transcript
Q09013-7		no Ensembl transcript
Q09013-8		no Ensembl transcript
Q09028-2	A3SS	
Q09028-3	SE,AL	
Q09028-4	A3SS,AF	
Q09428-2	A3SS	
Q09428-3	SE,A5SS,AL	
Q09666-2	SE,AL	
Q09FC8-2	SE	
Q09FC8-3	A3SS,AF	
Q09FC8-4	SE,MXE,AF	
Q09FC8-5	SE	
Q09FC8-6	SE,MXE,AF	
Q0D2I5-2		no Ensembl transcript
Q0D2I5-3	SE,AL	
Q0D2I5-4	SE	
Q0D2I5-5	SE,A3SS	
Q0D2I5-6		no Ensembl transcript
Q0D2I5-7		no Ensembl transcript
Q0D2J5-2	A3SS	
Q0D2J5-3		canonical and isoform share a transcript
Q0D2K0-2	SE	
Q0D2K3-2	SE	
Q0GE19-1		canonical and isoform share a transcript
Q0GE19-3	SE,AL	
Q0GE19-4		no Ensembl transcript
Q0GE19-5	A5SS,AL	
Q0GE19-6	SE,AL	
Q0GE19-7	SE,A5SS,AL	
Q0IIM8-2		no Ensembl transcript
Q0IIM8-3	SE,AL	
Q0JRZ9-2		no Ensembl transcript
Q0JRZ9-3	SE	
Q0P651-2		no Ensembl transcript
Q0P651-3		no Ensembl transcript
Q0P651-4		no Ensembl transcript
Q0P6D2-2	A3SS,AF	
Q0PNE2-2		no Ensembl transcript
Q0VAA2-2		no Ensembl transcript
Q0VAA5-2	SE,AL	
Q0VAK6-2		no Ensembl transcript
Q0VAM2-2	SE,A3SS	
Q0VAM2-3	A3SS	
Q0VD83-2		no Ensembl transcript
Q0VD83-3		no Ensembl transcript
Q0VD86-2	A3SS	
Q0VDD7-2	SE	
Q0VDD8-2	SE,A5SS,A3SS,AF,AL	
Q0VDD8-3	SE,A3SS,AF,AL	
Q0VDD8-4	SE,MXE,A5SS,A3SS,AF	
Q0VDG4-2	A3SS,AF	
Q0VF49-2		no Ensembl transcript
Q0VF96-2		no Ensembl transcript
Q0VG06-2		no Ensembl transcript
Q0VG06-3		no Ensembl transcript
Q0ZGT2-2		no Ensembl transcript
Q0ZGT2-3		no Ensembl transcript
Q0ZGT2-4	SE	
Q10471-2		no Ensembl transcript
Q10472-2	A5SS,AL	
Q10567-2	SE,A3SS	
Q10567-3	SE	
Q10567-4	SE,A3SS	
Q10587-2	SE,AF	
Q10588-2	A5SS	
Q10589-2		no Ensembl transcript
Q10713-2	A3SS	
Q11203-10	A5SS,AL	
Q11203-11	SE,AL	
Q11203-12	SE,A5SS	
Q11203-13	SE	
Q11203-14	SE,A5SS,AL	
Q11203-15	SE	
Q11203-16	SE	
Q11203-17	SE,A5SS	
Q11203-18	SE,A5SS	
Q11203-19	SE,MXE	
Q11203-2	A5SS	
Q11203-20	SE,A5SS,AL	
Q11203-21	SE	
Q11203-22	SE,A5SS	
Q11203-23	SE,A5SS,AL	
Q11203-24	SE,A5SS	
Q11203-25	SE,A5SS,AL	
Q11203-26	SE,A5SS,AL	
Q11203-3	SE,A5SS	
Q11203-4	SE,A5SS	
Q11203-5	A3SS	
Q11203-6	SE,AL	
Q11203-7	SE	
Q11203-8	SE	
Q11203-9	SE,AL	
Q11206-2	A3SS,AF	
Q11206-3	A3SS,AF	
Q11206-4		no Ensembl transcript
Q11206-5	A5SS	
Q11206-6	AF	
Q11206-7		no Ensembl transcript
Q12756-2	SE	
Q12756-3	SE	
Q12765-2	A3SS,AF	
Q12765-3	A3SS,AF	
Q12767-2		no Ensembl transcript
Q12767-3	SE,AF	
Q12769-2	A5SS,AL	
Q12769-3		no Ensembl transcript
Q12770-2		no Ensembl transcript
Q12770-3		no Ensembl transcript
Q12770-4		no Ensembl transcript
Q12772-2		no Ensembl transcript
Q12774-2	A3SS,AF	
Q12789-3	A5SS	
Q12791-2	SE,MXE	
Q12791-3	SE	
Q12791-4	SE,MXE	
Q12791-5	SE	
Q12791-6	SE,AL	
Q12791-7	SE,MXE	
Q12792-3	SE	
Q12792-4	A3SS,AF	
Q12794-2	SE	
Q12794-3	A3SS	
Q12794-4		no Ensembl transcript
Q12794-5	A3SS	
Q12794-6		no Ensembl transcript
Q12794-7		no Ensembl transcript
Q12796-2	A5SS	
Q12797-10	SE,AF	
Q12797-11	SE,MXE,AL	
Q12797-2	SE,AL	
Q12797-3	SE,AF,AL	
Q12797-4	SE,AF,AL	
Q12797-5	SE,A3SS,AF,AL	
Q12797-6	SE,MXE,AL	
Q12797-7	SE,AL	
Q12797-8	SE,AF,AL	
Q12797-9	SE,MXE,AF,AL	
Q12800-2	SE,A3SS	
Q12800-3	SE	
Q12800-4	A3SS	
Q12802-2	SE,MXE	
Q12802-4		no Ensembl transcript
Q12802-5	A5SS,AL	
Q12805-2		no Ensembl transcript
Q12805-3		no Ensembl transcript
Q12805-4		no Ensembl transcript
Q12805-5		no Ensembl transcript
Q12809-2	SE,AF	
Q12809-4		no Ensembl transcript
Q12809-5	A5SS,A3SS,AL	
Q12809-6		no Ensembl transcript
Q12809-7	SE,AF	
Q12815-2	SE,AL	
Q12815-3	SE,AL	
Q12816-2	A5SS,AL	
Q12816-3	A3SS,AF	
Q12816-4	SE	
Q12816-5	SE,A5SS,AL	
Q12824-2	A5SS	
Q12830-2	SE	
Q12830-4		canonical and isoform share a transcript
Q12837-2		no Ensembl transcript
Q12841-2	SE	
Q12846-2	SE,A3SS,AF	
Q12849-5	A3SS,AF	
Q12851-2	A3SS	
Q12852-2	A5SS,A3SS,RI	
Q12857-2	SE,A5SS	
Q12857-3	SE,AF	
Q12857-4	A3SS,AF	
Q12860-2	SE	
Q12860-3	SE,AL	
Q12872-2	SE	
Q12873-2	SE	
Q12873-3	SE,AF	
Q12879-2	A5SS,RI	
Q12882-2	SE,AL	
Q12884-2		no Ensembl transcript
Q12887-2		no Ensembl transcript
Q12888-2	A3SS,AF	
Q12888-3	A3SS,AF	
Q12901-2	SE,AF	
Q12904-2		no Ensembl transcript
Q12906-2	SE,AL	
Q12906-3		no Ensembl transcript
Q12906-4	A5SS,A3SS,AL	
Q12906-5	SE,AL	
Q12906-6	SE,A3SS,AL	
Q12906-7	A3SS	
Q12912-2		no Ensembl transcript
Q12913-2	SE,AL	
Q12913-3		no Ensembl transcript
Q12923-2	SE	
Q12923-3	SE	
Q12923-4	A5SS	
Q12926-2	SE	
Q12929-2	A3SS,AF	
Q12931-2	SE	
Q12933-2	A5SS	
Q12933-3	A5SS	
Q12933-4	SE	
Q12934-2	SE,AF	
Q12934-3	A3SS,AF	
Q12951-2	A3SS	
Q12955-4	SE,MXE,AF	
Q12955-5	SE,MXE,AF	
Q12955-6	SE,MXE,AF	
Q12955-7		no Ensembl transcript
Q12959-2	SE,MXE	
Q12959-3	SE	
Q12959-4	SE,MXE	
Q12959-5	SE	
Q12959-6		no Ensembl transcript
Q12959-7		no Ensembl transcript
Q12959-8	SE,MXE,AF	
Q12959-9	SE,MXE,AF	
Q12967-2		no Ensembl transcript
Q12967-3	SE,AF	
Q12967-4	SE,A3SS,AF	
Q12967-5	SE,AF	
Q12967-6	A3SS	
Q12968-2	SE,AL	
Q12968-3	SE,AL	
Q12968-4		no Ensembl transcript
Q12968-5		no Ensembl transcript
Q12968-6		no Ensembl transcript
Q12972-2	A3SS,AF	
Q12972-3	A3SS,AF	
Q12974-2	SE,A5SS	
Q12974-3	SE	
Q12974-4	SE	
Q12979-2	SE,AF	
Q12979-3	SE,AF	
Q12979-4	A3SS,AF	
Q12981-1		canonical and isoform share a transcript
Q12981-2	SE	
Q12981-3	SE	
Q12982-2		no Ensembl transcript
Q12986-2		no Ensembl transcript
Q12986-3	SE,AL	
Q12996-2	A5SS,AL	
Q12996-3	A5SS,AL	
Q13002-2	SE,AL	
Q13002-3		no Ensembl transcript
Q13002-4		no Ensembl transcript
Q13002-5	SE,AL	
Q13002-6		no Ensembl transcript
Q13002-7		no Ensembl transcript
Q13003-2	A5SS,AL	
Q13007-2	A3SS	
Q13007-3	SE,A3SS	
Q13007-4	SE,A5SS	
Q13009-2	SE	
Q13017-2	A3SS	
Q13017-3	SE,AF	
Q13017-4	A3SS,AF	
Q13018-2	A5SS,AL	
Q13023-2	A5SS,AL	
Q13029-2	SE,MXE,AL	
Q13029-3	SE,A5SS,A3SS,AF,AL	
Q13029-4	SE,A5SS,AL	
Q13029-5	SE,A3SS,AF,AL	
Q13033-2	SE	
Q13042-2	A3SS	
Q13042-3	SE	
Q13042-4	A3SS,AF	
Q13043-2	SE,AL	
Q13045-2	SE,A3SS	
Q13045-3	SE,AF	
Q13057-2	A3SS,AF	
Q13061-2	SE,A5SS,AL	
Q13061-3	SE,AL	
Q13075-2	SE,AF	
Q13077-2	A3SS,AF	
Q13085-2	SE,AF	
Q13085-3	A3SS,AF	
Q13085-4	A3SS,AF	
Q13087-2	A3SS	
Q13098-5	A3SS	
Q13098-6		no Ensembl transcript
Q13098-7	SE,A3SS,AF	
Q13099-1		canonical and isoform share a transcript
Q13099-3		no Ensembl transcript
Q13105-2	A3SS	
Q13105-3	A3SS,AF	
Q13107-2	SE	
Q13107-3	SE,AL	
Q13111-2		no Ensembl transcript
Q13111-3		no Ensembl transcript
Q13114-2	SE	
Q13115-2	SE,AF	
Q13117-2		no Ensembl transcript
Q13117-3	SE,MXE	
Q13118-2	SE,AF	
Q13118-3		no Ensembl transcript
Q13118-4		no Ensembl transcript
Q13126-2	SE,AL	
Q13126-3	SE,AL	
Q13126-4		canonical and isoform share a transcript
Q13126-5	SE,AL	
Q13126-6		no Ensembl transcript
Q13126-7	A5SS,AL	
Q13127-2		no Ensembl transcript
Q13127-3	A5SS	
Q13127-4		no Ensembl transcript
Q13131-2	SE	
Q13133-2	SE	
Q13133-3	A3SS,AF	
Q13136-2	A5SS,AL	
Q13137-2	SE	
Q13137-3	SE	
Q13137-4	SE	
Q13137-5	A3SS,AF	
Q13148-4		no Ensembl transcript
Q13153-2	SE,A5SS	
Q13155-2	SE	
Q13163-2	SE	
Q13163-3		no Ensembl transcript
Q13163-4	SE,AF	
Q13164-2	A3SS,AF	
Q13164-3		no Ensembl transcript
Q13164-4		no Ensembl transcript
Q13183-2		no Ensembl transcript
Q13183-3	A3SS	
Q13188-2	SE,AF	
Q13190-2	A3SS	
Q13190-3		no Ensembl transcript
Q13190-4		identical exon structure
Q13191-2	A5SS,AL	
Q13191-3	A5SS,AL	
Q13200-2	A3SS,AF	
Q13200-3	A3SS,AF	
Q13201-2		no Ensembl transcript
Q13214-2	A3SS	
Q13216-2	A5SS,AL	
Q13227-2	SE,AL	
Q13228-2		no Ensembl transcript
Q13228-3	SE	
Q13228-4	A3SS,AF	
Q13231-2	SE,AL	
Q13231-3	A3SS	
Q13231-4	SE	
Q13237-2	A5SS	
Q13239-2	A3SS,AF	
Q13239-3	A3SS,AF	
Q13239-4	SE,A3SS,AF	
Q13239-5	A3SS	
Q13241-2		no Ensembl transcript
Q13241-3	SE	
Q13243-2		no Ensembl transcript
Q13243-3	A3SS	
Q13247-2	SE,AL	
Q13247-3		no Ensembl transcript
Q13255-2	SE,AL	
Q13255-3		identical exon structure
Q13257-2	SE,A5SS,AL	
Q13258-2	SE,AL	
Q13261-10	A3SS,AF	
Q13261-3	SE	
Q13261-4	SE,AL	
Q13261-5	SE,MXE,AL	
Q13261-6	SE	
Q13261-7		no Ensembl transcript
Q13261-8	SE	
Q13261-9	SE,MXE,AL	
Q13263-2	SE	
Q13268-2	A5SS	
Q13275-2	SE	
Q13277-2		identical exon structure
Q13277-3	SE,AL	
Q13283-2	SE,A5SS,AL	
Q13286-2	SE	
Q13286-3	SE,A5SS	
Q13286-4		no Ensembl transcript
Q13286-5	SE,MXE,AL	
Q13286-6	SE	
Q13286-7	SE	
Q13291-2		no Ensembl transcript
Q13291-3	SE	
Q13291-4	SE,A5SS	
Q13296-2		no Ensembl transcript
Q13303-2	SE	
Q13303-3	SE,AF	
Q13303-4	AF	
Q13303-5	A5SS,AL	
Q13304-2	A3SS,AF	
Q13308-2	SE	
Q13308-3	SE	
Q13308-4	SE,A5SS	
Q13308-5	SE,A5SS,AL	
Q13308-6	SE,AF	
Q13309-2	SE,AL	
Q13309-4	SE	
Q13310-2	SE,A5SS	
Q13310-3	A5SS	
Q13316-2	SE	
Q13322-2	SE	
Q13322-3	A3SS,AF	
Q13322-4		no Ensembl transcript
Q13324-2	SE,AF	
Q13324-3	SE,AF	
Q13324-4	SE,AL	
Q13324-5		no Ensembl transcript
Q13324-6		no Ensembl transcript
Q13324-7	A3SS	
Q13325-2	A5SS,A3SS,RI	
Q13330-2	AL	
Q13330-3	SE	
Q13332-2		no Ensembl transcript
Q13332-3		no Ensembl transcript
Q13332-4		no Ensembl transcript
Q13332-5		no Ensembl transcript
Q13332-6	SE	
Q13332-7	SE	
Q13336-2	A3SS,AF	
Q13342-2		no Ensembl transcript
Q13342-3	SE,A5SS	
Q13342-4	SE,AL	
Q13342-5	SE	
Q13342-6	SE	
Q13352-2	SE,AL	
Q13352-3		no Ensembl transcript
Q13352-4		no Ensembl transcript
Q13352-5	SE	
Q13356-2	AL	
Q13360-2	A3SS	
Q13360-3	SE,AL	
Q13361-2	SE	
Q13362-2	A5SS,AL	
Q13362-3	SE	
Q13362-4	SE,AF	
Q13362-5	SE,MXE,AF	
Q13363-2	SE,AF	
Q13367-2		no Ensembl transcript
Q13367-3	SE	
Q13367-4	SE	
Q13368-2	A5SS,AL	
Q13370-2	A5SS	
Q13371-2		no Ensembl transcript
Q13387-2		no Ensembl transcript
Q13387-3		no Ensembl transcript
Q13387-4		no Ensembl transcript
Q13393-2	SE	
Q13393-3		no Ensembl transcript
Q13393-4		no Ensembl transcript
Q13398-2	SE,A3SS,AF	
Q13398-3		no Ensembl transcript
Q13398-4	SE,AF	
Q13398-5	A3SS,AF	
Q13398-6		no Ensembl transcript
Q13398-7	SE	
Q13398-8	SE	
Q13401-2		no Ensembl transcript
Q13401-3		no Ensembl transcript
Q13402-2	A5SS,A3SS	
Q13402-3		no Ensembl transcript
Q13402-4		no Ensembl transcript
Q13402-5		no Ensembl transcript
Q13402-6	SE	
Q13402-7		no Ensembl transcript
Q13402-8	A3SS,AF	
Q13404-1		no Ensembl transcript
Q13404-2		no Ensembl transcript
Q13404-6	SE,AF	
Q13404-7	SE,AF	
Q13404-8	SE	
Q13409-2	SE	
Q13409-3	SE	
Q13409-5	A3SS	
Q13409-6	SE,A3SS	
Q13409-7	SE,A3SS	
Q13418-2	SE	
Q13418-3	A3SS,AF	
Q13421-2		no Ensembl transcript
Q13421-3	A3SS	
Q13421-4	A3SS	
Q13422-2	SE	
Q13422-3	SE	
Q13422-4		no Ensembl transcript
Q13422-5	SE	
Q13422-6	SE	
Q13422-7	SE	
Q13422-8		no Ensembl transcript
Q13424-2		no Ensembl transcript
Q13425-2	SE,A5SS,AL	
Q13426-2	A3SS	
Q13426-3	SE,AL	
Q13427-2	A5SS,AL	
Q13428-2	SE	
Q13428-3	A3SS	
Q13428-4	SE	
Q13428-5	SE,AL	
Q13428-6	SE	
Q13428-7	SE,A3SS	
Q13428-8	SE,A3SS	
Q13432-2	A5SS,AL	
Q13433-2	A5SS,A3SS,AF,AL	
Q13438-2	SE	
Q13438-3	SE,A5SS	
Q13438-4	A5SS	
Q13438-5	SE,A3SS	
Q13438-6	SE,A5SS	
Q13438-7	SE,A3SS	
Q13438-8	SE,A5SS	
Q13439-3	SE	
Q13439-4	SE,AL	
Q13439-5	SE,MXE,AL	
Q13443-2	SE,A5SS,AL	
Q13444-10	SE,A5SS,AL	
Q13444-11	SE,A5SS,A3SS	
Q13444-12	SE,A3SS	
Q13444-13	SE,MXE,A5SS,AL	
Q13444-2	SE	
Q13444-3	A3SS	
Q13444-4	SE	
Q13444-5	SE	
Q13444-6	A5SS,AL	
Q13444-7	A5SS,A3SS,AL	
Q13444-8	SE,A5SS,AL	
Q13444-9	SE,A5SS,A3SS,AL	
Q13451-2	SE,A5SS,AL	
Q13454-2	SE,AL	
Q13459-2	A5SS,AL	
Q13469-2	SE,AL	
Q13469-3	SE,MXE,AF,AL	
Q13469-4	SE,AF	
Q13469-5	SE,A3SS,AF,AL	
Q13470-2	A3SS	
Q13472-2	A5SS,A3SS	
Q13472-3		canonical and isoform share a transcript
Q13474-2	A3SS,AF	
Q13477-2		no Ensembl transcript
Q13477-3	SE	
Q13477-4	SE	
Q13480-2	SE	
Q13488-2	A3SS,AF	
Q13490-2	A3SS	
Q13491-2	SE,AF	
Q13491-3	SE	
Q13491-4	SE,MXE,AL	
Q13492-2	SE	
Q13492-3	SE,MXE	
Q13492-4	SE,A3SS,AF	
Q13492-5	A3SS	
Q13495-3	SE,A5SS,AL	
Q13495-4	SE	
Q13496-2	SE	
Q13501-2	A3SS,AF	
Q13505-2	SE	
Q13505-3	A3SS	
Q13506-2		no Ensembl transcript
Q13507-3	A3SS,AF	
Q13508-2	SE	
Q13508-3	SE	
Q13509-2	A3SS,AF	
Q13510-2	SE,AF	
Q13510-3	SE,MXE,AF	
Q13519-2	A3SS,AF	
Q13530-2		no Ensembl transcript
Q13535-2	SE	
Q13535-3		no Ensembl transcript
Q13546-2	SE	
Q13554-2	SE	
Q13554-3	SE,A3SS	
Q13554-4	SE,A3SS	
Q13554-5	SE,A3SS	
Q13554-6	SE,A3SS	
Q13554-7	SE	
Q13554-8	SE	
Q13555-10	SE	
Q13555-11	SE,A5SS	
Q13555-2		no Ensembl transcript
Q13555-3		no Ensembl transcript
Q13555-4	SE,A5SS	
Q13555-5	SE,MXE	
Q13555-6		no Ensembl transcript
Q13555-7		no Ensembl transcript
Q13555-8		no Ensembl transcript
Q13555-9		no Ensembl transcript
Q13557-10	SE,A5SS,AL	
Q13557-11	SE	
Q13557-12	SE,AL	
Q13557-3	SE	
Q13557-4	SE	
Q13557-5		no Ensembl transcript
Q13557-6	SE	
Q13557-8	A5SS,AL	
Q13557-9	SE,A5SS,AL	
Q13561-2	SE	
Q13561-3	SE	
Q13563-2		no Ensembl transcript
Q13563-3	SE	
Q13563-4		no Ensembl transcript
Q13563-5		no Ensembl transcript
Q13564-2	SE,AF	
Q13564-3	A3SS,AF	
Q13564-4	A5SS	
Q13568-2	A3SS	
Q13568-3		no Ensembl transcript
Q13568-4		no Ensembl transcript
Q13568-5	SE	
Q13568-6	A5SS,AL	
Q13572-2	SE,AL	
Q13574-1		canonical and isoform share a transcript
Q13574-3	SE,AF	
Q13574-4	SE,A3SS,AF	
Q13574-5	SE,A3SS,AF	
Q13574-6	SE,A3SS,AF	
Q13574-7	SE,A3SS,AF	
Q13576-2	SE,MXE,AF	
Q13576-3	SE,MXE,AF	
Q13586-2	SE,A5SS	
Q13595-2		no Ensembl transcript
Q13595-3	A3SS,AF	
Q13595-4	A3SS,AF	
Q13596-2	SE	
Q13596-3	SE,AL	
Q13601-2	SE	
Q13608-2	SE,A5SS,AL	
Q13608-3	A5SS	
Q13609-2	SE	
Q13610-2	AL	
Q13613-2	SE,AL	
Q13614-2	A3SS,AF	
Q13615-2	SE,MXE	
Q13615-3	SE	
Q13617-2	A3SS,AF	
Q13618-2	A3SS,AF	
Q13618-3	SE	
Q13619-2	A3SS,AF	
Q13620-1		canonical and isoform share a transcript
Q13620-3	SE,AF	
Q13621-3	SE,MXE	
Q13625-2		no Ensembl transcript
Q13625-3		no Ensembl transcript
Q13627-2	A3SS	
Q13627-3	SE,A5SS	
Q13627-4	SE,MXE,AL	
Q13627-5	A5SS,AL	
Q13634-2	AL	
Q13635-2	SE,AF	
Q13635-3	SE,AF	
Q13635-4	A3SS,AF	
Q13639-2	SE,AL	
Q13639-3	SE,AL	
Q13639-4		no Ensembl transcript
Q13639-5	SE,AL	
Q13639-6		no Ensembl transcript
Q13639-7		no Ensembl transcript
Q13639-8	SE	
Q13639-9	SE,AL	
Q13642-1		identical exon structure
Q13642-3	SE,A5SS	
Q13642-4	A3SS,AF	
Q13642-5	A3SS,AF	
Q13671-2	A3SS	
Q13683-10		no Ensembl transcript
Q13683-13	SE,MXE,AF	
Q13683-3	SE	
Q13683-7	SE	
Q13683-9		no Ensembl transcript
Q13702-2	SE	
Q13724-2	A3SS	
Q13733-2	A3SS,AF	
Q13740-2	SE	
Q13740-3	A5SS,AL	
Q13740-4		no Ensembl transcript
Q13753-2	A5SS,AL	
Q13761-2	A3SS,AF	
Q13772-2		no Ensembl transcript
Q13772-3	A3SS,AF	
Q13772-4	SE,A3SS,AF,AL	
Q13794-2	SE,A5SS	
Q13795-2	A5SS,AL	
Q13795-3	A3SS,AF	
Q13795-4	SE,A5SS,AL	
Q13813-2	SE	
Q13813-3	SE	
Q13822-2	SE	
Q13822-3	SE	
Q13825-2	SE	
Q13829-2	A3SS,AF	
Q13835-2	SE	
Q13838-2		no Ensembl transcript
Q13868-2	SE,A3SS	
Q13868-3	SE	
Q13873-2	SE,A5SS	
Q13875-2	A5SS	
Q13875-3	SE,AL	
Q13875-4		identical exon structure
Q13882-2	SE,A5SS,AL	
Q13884-2		no Ensembl transcript
Q13887-2		no Ensembl transcript
Q13887-3		no Ensembl transcript
Q13887-4	A3SS,AF	
Q13889-2	A3SS,AF	
Q13905-2		no Ensembl transcript
Q13905-3	SE,AF	
Q13905-4	SE,AF	
Q13907-2	A3SS,AF	
Q13936-10		no Ensembl transcript
Q13936-11	SE,MXE	
Q13936-12	SE	
Q13936-13	SE,A3SS	
Q13936-14	SE,A3SS	
Q13936-15	SE,A5SS,A3SS	
Q13936-16		no Ensembl transcript
Q13936-17		no Ensembl transcript
Q13936-18		no Ensembl transcript
Q13936-19	SE	
Q13936-2		no Ensembl transcript
Q13936-20	SE	
Q13936-21	SE	
Q13936-22	SE	
Q13936-23	SE,MXE	
Q13936-24	SE,A3SS	
Q13936-25	SE,A3SS	
Q13936-26		no Ensembl transcript
Q13936-27	SE,A3SS	
Q13936-28		no Ensembl transcript
Q13936-29	SE,A3SS	
Q13936-3		no Ensembl transcript
Q13936-30	SE	
Q13936-31	SE	
Q13936-32	SE	
Q13936-33		no Ensembl transcript
Q13936-34		no Ensembl transcript
Q13936-35	SE,A3SS	
Q13936-36		no Ensembl transcript
Q13936-37	SE	
Q13936-4		no Ensembl transcript
Q13936-5		no Ensembl transcript
Q13936-6		no Ensembl transcript
Q13936-7		no Ensembl transcript
Q13936-8		no Ensembl transcript
Q13936-9		no Ensembl transcript
Q13938-3		no Ensembl transcript
Q13938-4	A5SS	
Q13946-2	SE,AF	
Q13946-3	A5SS,AL	
Q13948-10	SE	
Q13948-2	A3SS	
Q13948-9	SE,A3SS	
Q13950-2	A3SS,AF	
Q13950-3	SE	
Q13951-2	A5SS	
Q13952-2	SE,A3SS	
Q13952-3	SE	
Q13952-4	SE,A3SS	
Q13952-5	A3SS	
Q13952-6	SE,A3SS	
Q13952-7	SE,A3SS	
Q13972-2	A3SS,AF	
Q13972-3	SE,A5SS	
Q13976-2	SE,AF	
Q13976-3		no Ensembl transcript
Q14002-2	SE	
Q14004-2	A3SS	
Q14005-2	A3SS	
Q14005-3	A3SS,AF	
Q14005-4		no Ensembl transcript
Q14008-2	SE	
Q14008-3	A3SS	
Q14011-2	A5SS,A3SS,RI	
Q14011-3		no Ensembl transcript
Q14028-2		no Ensembl transcript
Q14028-3	SE,AL	
Q14028-4	A5SS	
Q14031-2	SE,AF	
Q14094-2	SE,AF	
Q14103-2	SE	
Q14103-3	SE	
Q14103-4	SE	
Q14106-2		no Ensembl transcript
Q14108-2	SE	
Q14112-2		no Ensembl transcript
Q14114-2	SE	
Q14114-3	SE	
Q14114-4	SE	
Q14116-2	SE	
Q14123-2	SE,AL	
Q14123-3		no Ensembl transcript
Q14129-2	SE,A5SS,AL	
Q14134-2		no Ensembl transcript
Q14135-2		no Ensembl transcript
Q14135-3		no Ensembl transcript
Q14135-4	SE,AF	
Q14135-5	SE,AF	
Q14135-6	SE,AF	
Q14137-2		no Ensembl transcript
Q14139-2	A5SS	
Q14141-2	SE,AL	
Q14141-3	SE,A5SS,AL	
Q14141-4	SE,AL	
Q14142-2		no Ensembl transcript
Q14142-3		no Ensembl transcript
Q14142-4		no Ensembl transcript
Q14151-2	SE,A5SS,AL	
Q14152-2		no Ensembl transcript
Q14153-2	SE,AL	
Q14155-1		identical exon structure
Q14155-2	SE,A3SS,AF,AL	
Q14155-3	SE,A3SS,AF,AL	
Q14155-5	A3SS,AF	
Q14155-6	SE,AL	
Q14156-2	A3SS,AF	
Q14156-3		no Ensembl transcript
Q14157-1		canonical and isoform share a transcript
Q14157-3	SE,AL	
Q14157-4	A5SS	
Q14157-5	SE,AL	
Q14159-2	SE,A3SS,AF	
Q14159-3	SE,A5SS,AF	
Q14160-2	A3SS,AF	
Q14160-3	SE	
Q14161-10	SE,MXE	
Q14161-11	SE,A5SS	
Q14161-2	SE,AL	
Q14161-3	A5SS	
Q14161-4	SE	
Q14161-5	SE	
Q14161-6	SE,A5SS	
Q14161-7	SE	
Q14161-8		no Ensembl transcript
Q14161-9		no Ensembl transcript
Q14162-2		no Ensembl transcript
Q14162-3	A5SS,A3SS	
Q14162-4		no Ensembl transcript
Q14162-5	AL	
Q14164-2	A3SS,AF	
Q14168-2		no Ensembl transcript
Q14168-3		no Ensembl transcript
Q14168-4		no Ensembl transcript
Q14168-5	A3SS,AF	
Q14168-6		no Ensembl transcript
Q14181-2		no Ensembl transcript
Q14183-2	A5SS,A3SS,AF,AL	
Q14186-2		no Ensembl transcript
Q14188-2		no Ensembl transcript
Q14188-3		no Ensembl transcript
Q14188-4	A3SS,AF	
Q14188-5	A3SS,AF	
Q14188-6	SE,A3SS,AF	
Q14188-7	A3SS,AF	
Q14188-8	SE,AF	
Q14190-2		canonical and isoform share a transcript
Q14192-2	SE,A5SS,AL	
Q14194-2	SE,AF	
Q14195-2	SE,AF	
Q14201-2	SE	
Q14202-2	A5SS	
Q14202-3	A5SS,AL	
Q14203-2	A3SS,AF	
Q14203-3	SE,A3SS,AF	
Q14203-4	SE	
Q14203-5	SE,A3SS,AF	
Q14203-6	SE	
Q14206-2	SE,AF	
Q14232-2	A5SS,AL	
Q14240-2	A3SS	
Q14242-2	A3SS,AF	
Q14244-2	SE	
Q14244-3	SE	
Q14244-4	SE,MXE,AF	
Q14244-5	A3SS,AF	
Q14244-6	SE,AF	
Q14244-7	SE,AF	
Q14246-2	SE	
Q14246-3	SE,A5SS	
Q14246-4	SE,A5SS	
Q14246-5	SE	
Q14247-2	SE,A5SS,AL	
Q14247-3	SE	
Q14257-2	SE	
Q14289-2	SE	
Q14296-2	SE	
Q14296-3	A5SS	
Q14296-4		no Ensembl transcript
Q14315-2	SE	
Q14318-2	A3SS	
Q14318-3	SE	
Q14344-2	A3SS,AF	
Q14353-2	A5SS,AL	
Q14376-2		no Ensembl transcript
Q14393-1		no Ensembl transcript
Q14393-3		no Ensembl transcript
Q14393-4		no Ensembl transcript
Q14393-5		no Ensembl transcript
Q14397-2	SE,A5SS,AL	
Q14406-2	A3SS	
Q14406-3	SE,A3SS	
Q14406-4	A3SS,AF	
Q14435-2	A5SS,AL	
Q14439-2	SE,AF	
Q14439-3	SE,A3SS	
Q14444-2	A5SS,AL	
Q14449-2	SE,AF	
Q14451-2	SE,A5SS,AL	
Q14451-3	A3SS,AF	
Q14451-4		no Ensembl transcript
Q14493-2	SE	
Q14494-2	SE	
Q14498-2	A3SS	
Q14498-3	SE	
Q14508-2	A3SS,AF	
Q14508-3	SE	
Q14508-4		no Ensembl transcript
Q14508-5	SE,AL	
Q14511-2	SE,AL	
Q14511-3	SE,AF	
Q14515-2	A3SS,AF	
Q14520-2	A3SS,AF	
Q14524-2	A3SS	
Q14524-3		no Ensembl transcript
Q14524-4		no Ensembl transcript
Q14524-5		no Ensembl transcript
Q14524-6		no Ensembl transcript
Q14526-2	A3SS,AF	
Q14527-2		no Ensembl transcript
Q14541-2	A3SS,AF	
Q14542-2	A5SS,A3SS,AL	
Q14542-3	AL	
Q14542-4	SE,A5SS,AL	
Q14554-2	SE,A5SS,AL	
Q14558-2		no Ensembl transcript
Q14565-2	SE	
Q14571-2	SE,AL	
Q14574-2	SE,AL	
Q14576-2	A3SS	
Q14587-2		no Ensembl transcript
Q14587-3		no Ensembl transcript
Q14587-4		no Ensembl transcript
Q14587-6	SE,A5SS	
Q14587-7	SE,MXE,AL	
Q14587-8		no Ensembl transcript
Q14590-2	A5SS	
Q14592-2	A3SS,AF	
Q14593-2		identical exon structure
Q14596-2	SE,AL	
Q14624-2	SE,A3SS	
Q14624-3	SE	
Q14624-4		no Ensembl transcript
Q14626-2	A5SS,AL	
Q14643-2	SE	
Q14643-3	SE,A5SS	
Q14643-4	SE,A5SS	
Q14643-5	SE,A5SS	
Q14643-6		no Ensembl transcript
Q14643-7		no Ensembl transcript
Q14643-8		no Ensembl transcript
Q14644-2		identical exon structure
Q14653-2	SE	
Q14653-3	SE,A3SS,AF	
Q14653-4	A5SS,A3SS	
Q14653-5	SE,A5SS,AL	
Q14654-2	A3SS	
Q14667-2		no Ensembl transcript
Q14667-3		no Ensembl transcript
Q14667-4		no Ensembl transcript
Q14669-2	SE	
Q14669-3	A3SS	
Q14669-4	SE	
Q14671-2	A5SS,A3SS	
Q14671-3	A5SS	
Q14671-4	SE,A3SS,AF	
Q14674-2		no Ensembl transcript
Q14676-2		no Ensembl transcript
Q14676-3		no Ensembl transcript
Q14676-4	SE,A3SS	
Q14677-2	A3SS,AF	
Q14677-3	A3SS	
Q14678-2	A3SS,AF	
Q14680-2	SE	
Q14680-3	SE,A3SS,AF	
Q14680-4	SE,A3SS,AF	
Q14680-5	SE,A3SS	
Q14680-6	SE,A3SS	
Q14680-7	SE	
Q14680-8	SE	
Q14684-2		no Ensembl transcript
Q14687-2	A3SS,AF	
Q14687-3	SE	
Q14689-2	A5SS,AL	
Q14689-3	SE,A5SS,AL	
Q14689-4	A5SS,AL	
Q14689-5		no Ensembl transcript
Q14689-6	A3SS	
Q14693-2	A3SS,AF	
Q14693-3	SE	
Q14693-4		identical exon structure
Q14693-5	SE,A3SS,AF	
Q14693-6	SE,A5SS,A3SS,AF,AL	
Q14693-7	SE,A3SS,AF	
Q14694-2		no Ensembl transcript
Q14694-3	SE,AF	
Q14696-2	SE,AL	
Q14697-2	SE	
Q14697-3	SE,A5SS,AL	
Q14714-2		no Ensembl transcript
Q14714-3	A3SS,AF	
Q14722-2	SE,AF	
Q14722-3	SE,AF	
Q14738-2	A5SS,A3SS	
Q14738-3	SE,A3SS	
Q14746-2	A3SS	
Q14766-2	A3SS,AF	
Q14766-3	A3SS,AF	
Q14766-4		no Ensembl transcript
Q14766-5		no Ensembl transcript
Q14773-2	A5SS,AL	
Q14773-3	A5SS,A3SS	
Q14781-2	A5SS,AL	
Q14789-2	A5SS,A3SS	
Q14789-3	A3SS	
Q14789-4	SE	
Q14790-2	SE	
Q14790-3	SE	
Q14790-4	SE,MXE	
Q14790-5	SE,A5SS,AL	
Q14790-6	SE,A5SS,AL	
Q14790-7	A5SS,AL	
Q14790-8		no Ensembl transcript
Q14790-9	A3SS,AF	
Q147U1-3	AF	
Q147X3-2		no Ensembl transcript
Q14802-2	A5SS,A3SS,RI	
Q14802-3	A3SS,AF	
Q14802-4	A5SS,RI,AL	
Q14802-5	A5SS,AL	
Q14807-2	A3SS,AF	
Q14814-2	SE,MXE	
Q14814-3	SE	
Q14814-4	SE	
Q14814-5	SE,MXE	
Q14814-6	SE	
Q14831-2	SE,AL	
Q14831-3		no Ensembl transcript
Q14831-4	SE,AL	
Q14831-5	SE,AL	
Q14832-2	SE,A5SS	
Q14833-2	SE,AF	
Q14833-3	SE,AF	
Q14833-4	SE,AF	
Q14833-5	SE,AF	
Q14839-2	A5SS,A3SS,RI	
Q14847-2		no Ensembl transcript
Q14847-3	SE,A3SS,AF	
Q14849-2	SE	
Q14849-3	A5SS,A3SS	
Q14865-2	SE,AF	
Q14865-3		no Ensembl transcript
Q14896-2		no Ensembl transcript
Q14914-2	SE,AL	
Q14916-2	SE	
Q14919-2		no Ensembl transcript
Q14934-10	SE,A5SS,AF,AL	
Q14934-11	A5SS,A3SS,AF	
Q14934-12	A3SS,AF	
Q14934-13	A5SS,A3SS,AF,AL	
Q14934-14	A5SS,A3SS,AF	
Q14934-15	A5SS,A3SS,AF	
Q14934-16	A5SS	
Q14934-17	SE,A5SS,AF	
Q14934-18	A5SS,A3SS,AF	
Q14934-19	A3SS,AF	
Q14934-2	A5SS,A3SS,AF	
Q14934-20	A5SS,A3SS,AF,AL	
Q14934-21	A5SS,A3SS,AF	
Q14934-22	A3SS,AF	
Q14934-23	AF,AL	
Q14934-24	AF	
Q14934-3	A5SS,A3SS,AF,AL	
Q14934-4	A3SS,AF	
Q14934-5	A5SS,A3SS,AF,AL	
Q14934-6	A3SS,AF	
Q14934-7	A5SS,A3SS,AF,AL	
Q14934-8	A5SS,AL	
Q14934-9	SE,AF	
Q14938-2		no Ensembl transcript
Q14938-3	SE,A5SS,AL	
Q14938-4	SE,AF	
Q14938-5	SE,A5SS,A3SS,AF,AL	
Q14938-6	SE,MXE,A5SS,AF,AL	
Q14956-2	A3SS	
Q14966-2	SE,AL	
Q14966-3	A3SS	
Q14966-4	SE,A5SS,AL	
Q14966-5		no Ensembl transcript
Q14966-6	SE,AL	
Q14974-2	A3SS,AF	
Q14978-2	A5SS	
Q14978-3	A3SS	
Q14980-2	SE	
Q14980-3		no Ensembl transcript
Q14980-4		no Ensembl transcript
Q14980-5	SE	
Q14982-2	A3SS,AF	
Q14982-3	A3SS	
Q14982-4	SE	
Q14994-10	SE,A3SS,AF,AL	
Q14994-11	SE,A3SS,AF,AL	
Q14994-12	SE,AL	
Q14994-13	SE,A3SS,AL	
Q14994-15	SE,AL	
Q14994-16	SE,AF,AL	
Q14994-2	A3SS	
Q14994-3	SE,A3SS	
Q14994-4	SE,AF	
Q14994-5	SE,A3SS,AF	
Q14994-6	SE,A3SS,AF	
Q14994-7	SE	
Q14994-8	A3SS	
Q14994-9	SE,A3SS,AF,AL	
Q14997-2		no Ensembl transcript
Q14997-3		no Ensembl transcript
Q14997-4		no Ensembl transcript
Q14999-2		no Ensembl transcript
Q149M9-2	SE,AL	
Q149M9-3	SE,A5SS	
Q149N8-2	A5SS,A3SS,RI,AL	
Q149N8-4	SE,A3SS,AL	
Q149N8-5		no Ensembl transcript
Q14BN4-2	SE	
Q14BN4-3	SE	
Q14BN4-4		no Ensembl transcript
Q14BN4-5	SE,A3SS,AF,AL	
Q14BN4-6	SE,MXE,A5SS,AL	
Q14BN4-7		no Ensembl transcript
Q14BN4-8		no Ensembl transcript
Q14C86-2	A5SS	
Q14C86-3	SE,A5SS	
Q14C86-4	A5SS	
Q14C86-5		no Ensembl transcript
Q14C86-6	SE,A5SS	
Q14C87-2	A3SS,AF	
Q14CB8-2	SE,AL	
Q14CB8-3	SE,AF	
Q14CB8-4		no Ensembl transcript
Q14CB8-5		no Ensembl transcript
Q14CB8-6	SE	
Q14CB8-7		no Ensembl transcript
Q14CN2-2		no Ensembl transcript
Q14CN4-2		no Ensembl transcript
Q14CN4-3	SE	
Q14CW9-2	A3SS	
Q14CX7-2		no Ensembl transcript
Q14CZ0-2		no Ensembl transcript
Q14CZ8-2		no Ensembl transcript
Q14D04-2	SE	
Q14D04-3	A5SS,AL	
Q14D04-4	SE,AL	
Q14DG7-2		no Ensembl transcript
Q14DG7-3	A3SS,AF	
Q15003-2	A3SS,AF	
Q15004-2	SE,A5SS	
Q15007-2	A5SS,AL	
Q15008-2	SE,AF	
Q15008-3	A5SS	
Q15008-4	SE	
Q15011-2	A3SS	
Q15011-3	SE,A3SS	
Q15011-4	SE	
Q15013-3	SE,AF	
Q15019-2	A3SS,AF	
Q15019-3	SE	
Q15020-2	A5SS,AL	
Q15020-3	A5SS,AL	
Q15020-4	SE	
Q15025-2	SE,AL	
Q15025-3	A3SS,AF	
Q15025-4	SE	
Q15025-5	SE,A5SS	
Q15025-6	SE,AL	
Q15025-7		no Ensembl transcript
Q15025-8		no Ensembl transcript
Q15029-2	AF	
Q15029-3	A3SS	
Q15032-2	SE,A3SS	
Q15032-3	A3SS	
Q15032-4	SE,A3SS,AF	
Q15034-2	A5SS,AL	
Q15036-2	SE	
Q15038-2	SE,AL	
Q15038-3	A3SS	
Q15038-4	SE	
Q15038-5	A5SS	
Q15038-6	A5SS,A3SS,RI	
Q15041-2	A3SS,AF	
Q15041-3		no Ensembl transcript
Q15042-3	SE	
Q15042-4		no Ensembl transcript
Q15043-2	SE,AL	
Q15043-3	SE,MXE	
Q15046-2	SE,AF	
Q15047-2	A5SS,AL	
Q15047-3	A3SS	
Q15049-2		identical exon structure
Q15051-2	SE	
Q15051-3	SE,A5SS,AL	
Q15052-2	A3SS,AF	
Q15054-2	A3SS,AF	
Q15054-3	A3SS,AF	
Q15056-2	SE	
Q15059-2	SE,AL	
Q15063-2	SE	
Q15063-3	SE	
Q15063-4	SE	
Q15063-5	SE	
Q15063-6	SE	
Q15063-7	SE	
Q15067-2	SE,MXE	
Q15067-3	SE,MXE	
Q15070-2	SE,AF	
Q15070-3		no Ensembl transcript
Q15080-3	A5SS,RI,AL	
Q15084-2	SE,AF	
Q15084-3	SE,AF	
Q15084-4	SE,AF	
Q15084-5	SE,AF	
Q15109-10		identical exon structure
Q15109-2	SE,A5SS,A3SS	
Q15109-3	A5SS,AL	
Q15109-4	A5SS,AL	
Q15109-5		no Ensembl transcript
Q15109-6	A5SS	
Q15109-7	A3SS	
Q15109-8	SE,A5SS	
Q15109-9	SE,A5SS,A3SS	
Q15111-2		no Ensembl transcript
Q15118-2	SE	
Q15119-2	A3SS,AF	
Q15120-2	A5SS,AL	
Q15121-2	A3SS,AF	
Q15124-2	SE,AL	
Q15131-2	SE,A5SS	
Q15131-3	SE,A5SS	
Q15131-4	SE,A3SS,AF,AL	
Q15131-5		no Ensembl transcript
Q15131-6		no Ensembl transcript
Q15131-7		no Ensembl transcript
Q15147-2		no Ensembl transcript
Q15147-4	SE,A5SS	
Q15147-5	SE	
Q15149-2	SE,AF	
Q15149-3	SE,A5SS,AF	
Q15149-4	SE,AF	
Q15149-5	SE,AF	
Q15149-6	SE,AF	
Q15149-7	SE,AF	
Q15149-8	SE,AF	
Q15149-9	SE,AF	
Q15154-2	SE	
Q15154-3	SE,A5SS,AL	
Q15154-4	SE,A3SS	
Q15154-5	A5SS	
Q15165-1		no Ensembl transcript
Q15165-3	A3SS	
Q15172-2	SE,AF	
Q15173-2		no Ensembl transcript
Q15185-2	SE	
Q15185-3	SE	
Q15185-4	SE	
Q15223-2	SE,AL	
Q15223-3	SE,AL	
Q15233-2	A3SS,AF	
Q15256-3	A3SS,AF	
Q15256-4	SE,AF	
Q15256-5	SE,AF	
Q15257-2	SE	
Q15257-3	SE	
Q15257-4	SE	
Q15262-2	A3SS	
Q15262-3	SE,A3SS	
Q15262-4	SE,A3SS	
Q15276-2	SE	
Q15283-2	A5SS	
Q15286-2	SE,A5SS	
Q15287-2	SE,AF	
Q15287-3		no Ensembl transcript
Q15291-2	A5SS	
Q15293-2	SE,AF	
Q15303-2	SE,MXE	
Q15303-3	SE	
Q15303-4	SE,MXE	
Q15306-2	A3SS	
Q15326-2	SE	
Q15326-3	A5SS,AL	
Q15326-4	SE,A5SS,AL	
Q15326-5	SE	
Q15326-6	A5SS,A3SS,AL	
Q15329-2	A3SS	
Q15329-3	A3SS,AF	
Q15345-3		no Ensembl transcript
Q15349-2		no Ensembl transcript
Q15349-3	SE,AF	
Q15366-2	A3SS	
Q15366-3	A3SS	
Q15366-4	SE,A3SS	
Q15366-5	SE,A3SS	
Q15366-6	A3SS	
Q15366-7	SE,A3SS	
Q15366-8	SE,A3SS	
Q15369-2	A3SS,AF	
Q15370-2	A5SS,AL	
Q15375-2	A5SS	
Q15375-3	A5SS,AL	
Q15375-4	A3SS	
Q15375-5		no Ensembl transcript
Q15386-2		no Ensembl transcript
Q15386-3	SE,MXE,AL	
Q15389-2	A5SS	
Q15390-2	SE	
Q15392-2		no Ensembl transcript
Q15393-2		no Ensembl transcript
Q15393-3		no Ensembl transcript
Q15398-1		no Ensembl transcript
Q15398-3	SE,A5SS	
Q15404-2	A3SS,AF	
Q15406-2	A3SS	
Q15406-3		no Ensembl transcript
Q15406-4	A3SS	
Q15406-5	A3SS	
Q15413-2	SE	
Q15413-3		no Ensembl transcript
Q15415-2	A5SS	
Q15417-2	A3SS,AF	
Q15417-3	SE	
Q15418-2	SE,AF	
Q15418-3	A3SS,AF	
Q15418-4	SE,AF	
Q15424-2	SE,A3SS	
Q15424-3	A3SS	
Q15424-4	A3SS	
Q15435-2	SE	
Q15435-3	SE,AL	
Q15435-4	SE,MXE,AL	
Q15435-5	SE,MXE,AF,AL	
Q15436-2	A3SS,AF	
Q15438-2	SE	
Q15438-3	A3SS,AF	
Q15459-2		no Ensembl transcript
Q15464-2	SE,AL	
Q15468-2	A3SS	
Q15485-2	SE	
Q15493-2	SE	
Q15526-2		no Ensembl transcript
Q15528-2	A5SS,AL	
Q15532-2	SE	
Q15542-2	SE	
Q15544-2	SE,A5SS	
Q15554-4	A5SS,AL	
Q15555-2	A5SS,AL	
Q15555-3	SE,AF	
Q15555-4	SE,A3SS	
Q15555-5	A3SS,AF	
Q15560-2	A3SS,AF	
Q15561-2	A3SS,AF	
Q15561-3	SE	
Q15562-2	A5SS	
Q15562-3	AF	
Q15562-4	SE	
Q15572-2	A5SS,A3SS,RI,AF	
Q15572-4	A3SS,AF	
Q15572-5	SE,A5SS,A3SS,AF	
Q15572-6	A5SS,A3SS,RI	
Q15573-2	A3SS,AF	
Q15583-2	A3SS,AF	
Q15583-3	A3SS,AF	
Q15583-4		identical exon structure
Q15599-2	A3SS	
Q15599-3	SE,AF	
Q155Q3-2	SE,AF	
Q155Q3-4	A5SS,AL	
Q155Q3-5	SE,A5SS,AF,AL	
Q15628-2	A3SS,AF	
Q15629-2		canonical and isoform share a transcript
Q15631-2	SE,A5SS	
Q15633-2	A3SS,AF	
Q15637-2	A5SS,AL	
Q15637-3		no Ensembl transcript
Q15637-4	SE,AL	
Q15637-5	SE,A5SS,AL	
Q15637-6	SE,A5SS,AL	
Q15637-7	A3SS,AF	
Q15642-2	SE	
Q15642-3		no Ensembl transcript
Q15642-4		no Ensembl transcript
Q15642-5	A5SS,A3SS,AL	
Q15643-2		no Ensembl transcript
Q15645-2		no Ensembl transcript
Q15646-2	SE,A5SS,AL	
Q15646-3	SE	
Q15648-3	A5SS,AL	
Q15649-2	SE,AL	
Q15651-2	A5SS	
Q15652-2		no Ensembl transcript
Q15652-3	A3SS,AF	
Q15653-2	A5SS,AL	
Q15654-2	A5SS,A3SS,AL	
Q15654-3	SE,A5SS,AL	
Q15661-2	A3SS	
Q15697-2	SE,AL	
Q15700-2	SE,AF	
Q15700-3	SE,MXE,AF	
Q15700-4	SE,AF	
Q15700-5	SE,MXE,A3SS,AF	
Q15714-2	SE,AF	
Q15714-3		no Ensembl transcript
Q15714-4		no Ensembl transcript
Q15714-5	A3SS,AF	
Q15717-2		no Ensembl transcript
Q15723-1		canonical and isoform share a transcript
Q15723-2	SE,AF	
Q15723-3	SE,A3SS,AF	
Q15723-4	SE,MXE,A3SS,AF	
Q15735-2	A3SS	
Q15735-3	A5SS	
Q15742-2	SE,A5SS,AL	
Q15742-3	SE	
Q15746-10	A3SS,AF	
Q15746-11	A3SS,AF	
Q15746-2	SE	
Q15746-3	SE	
Q15746-4	SE	
Q15746-5		no Ensembl transcript
Q15746-6	A3SS	
Q15746-7	A3SS,AF	
Q15746-8	A3SS,AF	
Q15746-9	A3SS,AF	
Q15750-2	SE,AL	
Q15758-2	SE,MXE,AF	
Q15758-3	A3SS,AF	
Q15759-3		no Ensembl transcript
Q15771-2	A5SS	
Q15772-1		no Ensembl transcript
Q15772-3		no Ensembl transcript
Q15772-4	SE,A3SS,AF,AL	
Q15776-2	A5SS,AL	
Q15777-2	SE,AL	
Q15782-5	A3SS,AF	
Q15782-6	SE	
Q15788-2	SE,AL	
Q15788-3	A3SS	
Q15796-2	SE	
Q15797-2		no Ensembl transcript
Q15800-2	A3SS,AF	
Q15811-10	SE,A5SS,A3SS,AL	
Q15811-11		no Ensembl transcript
Q15811-12	SE,A5SS,A3SS,AL	
Q15811-13		no Ensembl transcript
Q15811-2	A5SS,AL	
Q15811-3	SE,A5SS,AL	
Q15811-4		no Ensembl transcript
Q15811-5	SE,MXE,AL	
Q15811-6		no Ensembl transcript
Q15811-7	SE,A5SS,AL	
Q15811-8	SE	
Q15811-9		no Ensembl transcript
Q15813-2	SE	
Q15822-2	A5SS	
Q15825-2	SE	
Q15831-2	SE,AL	
Q15833-2	A3SS	
Q15833-3	A3SS	
Q15849-2		no Ensembl transcript
Q15853-2	A3SS	
Q15853-3	SE	
Q15853-4	SE,A3SS	
Q15858-2		no Ensembl transcript
Q15858-3	A5SS	
Q15858-4	SE,MXE,A5SS	
Q15878-2	SE	
Q15878-3	SE	
Q15884-1		no Ensembl transcript
Q15884-4	A3SS,AF	
Q15906-2	A3SS	
Q15907-2	A5SS,AL	
Q15910-2	A5SS	
Q15910-3	SE	
Q15910-4	A5SS	
Q15910-5	SE,A5SS	
Q15911-2	A3SS,AF	
Q15942-2	A3SS,AF	
Q15973-1		no Ensembl transcript
Q15973-2		no Ensembl transcript
Q15973-4	A3SS	
Q15973-5	SE,AL	
Q16134-3	SE	
Q16181-2	A3SS	
Q16206-2	A3SS,AF	
Q16222-2	SE	
Q16222-3	A3SS	
Q16236-2	A3SS,AF	
Q16236-3	A3SS,AF	
Q16270-2	A5SS,AL	
Q16281-2	SE	
Q16281-3		no Ensembl transcript
Q16288-2	SE,AL	
Q16288-3	SE	
Q16288-4	SE	
Q16288-5	SE	
Q16342-2	A5SS,A3SS,RI,AL	
Q16342-3	A5SS,A3SS,RI	
Q16342-4	A5SS,AL	
Q16342-5	SE,A5SS,A3SS,RI,AL	
Q16348-2	SE	
Q16363-2	A5SS	
Q16363-3	A5SS,AL	
Q16378-2	AL	
Q16385-2	SE,A5SS	
Q16401-2	SE	
Q16478-2	SE,AL	
Q16512-2	SE,AF	
Q16512-3		no Ensembl transcript
Q16513-2	A5SS	
Q16513-3	SE	
Q16513-4		canonical and isoform share a transcript
Q16513-5		no Ensembl transcript
Q16514-2		no Ensembl transcript
Q16515-2	SE,AF	
Q16517-2	SE	
Q16531-2		no Ensembl transcript
Q16534-2	A3SS,AF	
Q16537-2	A5SS	
Q16537-3	A3SS,AF	
Q16538-2	SE,AF	
Q16539-2	SE,MXE	
Q16539-3	SE,AL	
Q16539-4	SE,A5SS,AL	
Q16539-5		no Ensembl transcript
Q16548-2	SE,A5SS	
Q16555-2	A3SS,AF	
Q16558-2	A5SS,AL	
Q16560-2	A3SS,AF	
Q16563-2	A3SS,AF	
Q16570-2	A3SS,AF	
Q16576-2	SE,AF	
Q16584-2	A3SS,AF	
Q16585-2	SE	
Q16586-2	SE	
Q16587-2		identical exon structure
Q16587-3	SE	
Q16587-4		no Ensembl transcript
Q16587-5	SE,A5SS	
Q16589-2	A5SS,AL	
Q16595-2	SE,AL	
Q16595-3	A5SS	
Q16610-2	SE	
Q16610-3		no Ensembl transcript
Q16610-4	A5SS,A3SS	
Q16611-2	SE,A5SS,AL	
Q16612-2	SE,AF	
Q16613-2	A3SS,AF	
Q16619-2	A3SS	
Q16620-2	SE,AL	
Q16620-3	SE,AL	
Q16620-4	SE	
Q16620-5	SE,AL	
Q16620-6		no Ensembl transcript
Q16620-7	SE,A3SS,AF,AL	
Q16623-2		no Ensembl transcript
Q16623-3	A5SS,A3SS	
Q16625-2	SE	
Q16625-3		no Ensembl transcript
Q16625-4	A3SS,AF	
Q16625-5		no Ensembl transcript
Q16625-6		no Ensembl transcript
Q16625-7		no Ensembl transcript
Q16627-2	SE	
Q16629-2	SE,AL	
Q16629-3	A5SS,AL	
Q16629-4	SE	
Q16630-2	SE	
Q16630-3		no Ensembl transcript
Q16635-1		identical exon structure
Q16635-2		no Ensembl transcript
Q16635-4	SE	
Q16635-5	SE	
Q16635-6		no Ensembl transcript
Q16635-7	SE	
Q16635-8		no Ensembl transcript
Q16635-9		no Ensembl transcript
Q16637-2	SE	
Q16637-3	SE,AL	
Q16637-4	SE,AL	
Q16643-2	SE,AF	
Q16643-3	SE	
Q16650-2	A3SS,AF	
Q16651-2	A5SS,A3SS	
Q16653-10		no Ensembl transcript
Q16653-11	SE,AL	
Q16653-12	SE,MXE	
Q16653-13	A5SS,AL	
Q16653-2	SE	
Q16653-3	SE,MXE	
Q16653-4	SE	
Q16653-5	SE,AL	
Q16653-6	SE,AL	
Q16653-7	SE,MXE,AL	
Q16653-8		no Ensembl transcript
Q16653-9		no Ensembl transcript
Q16656-2	SE	
Q16656-3		identical exon structure
Q16656-4	SE	
Q16665-2	SE,A5SS	
Q16665-3	SE,A3SS,AF	
Q16666-2	SE	
Q16666-3	SE	
Q16666-6	SE	
Q16666-8		no Ensembl transcript
Q16667-2	SE,A5SS	
Q16670-2		no Ensembl transcript
Q16671-2	A5SS,A3SS	
Q16671-3	SE	
Q16674-2		no Ensembl transcript
Q16698-2	SE,AF	
Q16718-2	SE,AF	
Q16719-2	SE,AL	
Q16720-2	SE,A5SS	
Q16720-3	SE,MXE,A5SS	
Q16720-4		no Ensembl transcript
Q16720-5	SE,AL	
Q16720-6	SE,MXE,AL	
Q16720-7		no Ensembl transcript
Q16720-8		no Ensembl transcript
Q16760-2	A3SS,AF	
Q16769-2		no Ensembl transcript
Q16773-2	SE	
Q16773-3	AL	
Q16774-2	A3SS,AF	
Q16774-3	SE,A5SS,A3SS,AF	
Q16775-2	A3SS,AF	
Q16775-3	SE,A5SS,AL	
Q16787-1		canonical and isoform share a transcript
Q16787-3	SE,AF	
Q16787-4	SE	
Q16798-2	SE,AL	
Q16799-2		no Ensembl transcript
Q16799-3	SE,AF	
Q16816-2	SE	
Q16821-2	A5SS,RI,AL	
Q16822-2	A5SS,AL	
Q16822-3	A3SS,AF	
Q16827-2	SE	
Q16827-3	A3SS,AF	
Q16827-4	SE,A3SS,AF	
Q16827-5	A5SS,AL	
Q16828-2	SE	
Q16829-2		no Ensembl transcript
Q16831-2	SE,A5SS,AL	
Q16836-2		no Ensembl transcript
Q16836-3	SE	
Q16849-2	SE	
Q16849-3	A3SS,AF	
Q16850-2	A3SS,AF	
Q16851-2	A3SS,AF	
Q16853-2	SE,A5SS	
Q16853-3	A3SS,AF	
Q16854-2	SE	
Q16854-3		no Ensembl transcript
Q16854-4		no Ensembl transcript
Q16854-5		no Ensembl transcript
Q16854-6	SE,A5SS,AL	
Q16864-2	SE	
Q16875-2	SE,A5SS	
Q16875-3	SE,AF	
Q16875-4	SE,AF	
Q16877-2	SE	
Q16877-3		no Ensembl transcript
Q16881-2	SE,AF	
Q16881-3		no Ensembl transcript
Q16881-4	SE,AF	
Q16881-5	A3SS,AF	
Q16881-6	SE,AF	
Q16881-7	A3SS,AF	
Q16890-2	SE,A5SS	
Q16890-3	SE,A5SS	
Q16890-4	SE,A5SS,A3SS,AF	
Q16890-5	A3SS,AF	
Q16891-2	A3SS	
Q16891-3	SE	
Q16891-4	A3SS	
Q17R31-2	A3SS	
Q17R31-3	A3SS	
Q17R31-4	SE	
Q17R31-5	A3SS	
Q17R60-2		no Ensembl transcript
Q17R89-2	SE,MXE,AL	
Q17R89-3	SE	
Q17R98-2	A5SS,AL	
Q17R98-3		no Ensembl transcript
Q17RB8-2		no Ensembl transcript
Q17RD7-2		no Ensembl transcript
Q17RD7-3		no Ensembl transcript
Q17RD7-4	SE,A5SS,AL	
Q17RF5-2	SE,A5SS	
Q17RM4-2	A3SS	
Q17RM4-3	A5SS,AL	
Q17RN3-2	SE	
Q17RW2-2		no Ensembl transcript
Q17RY0-2	SE	
Q17RY0-3	SE,A3SS,AF	
Q17RY6-2		identical exon structure
Q18PE1-2		no Ensembl transcript
Q18PE1-3	A5SS,AL	
Q18PE1-4	A5SS	
Q1A5X6-2	A5SS,AL	
Q1A5X6-3	SE	
Q1A5X7-2		no Ensembl transcript
Q1EHB4-2	A5SS,AL	
Q1HG43-2	A5SS,AL	
Q1HG43-3	SE	
Q1HG44-2	SE,AL	
Q1L5Z9-2	A3SS,AF	
Q1MSJ5-1		canonical and isoform share a transcript
Q1MSJ5-2	SE,A3SS,AF	
Q1MX18-2	A3SS,AF	
Q1MX18-3		no Ensembl transcript
Q1MX18-4	SE,A3SS,AF	
Q1MX18-5		no Ensembl transcript
Q1MX18-6	SE,A5SS,A3SS,AF	
Q1W4C9-2	A3SS,AF	
Q1X8D7-2	A3SS,AF	
Q1X8D7-3	SE,A3SS,AF	
Q1XH10-2	A5SS,A3SS,RI	
Q1ZYL8-2	SE	
Q1ZYL8-3		no Ensembl transcript
Q1ZYL8-4		no Ensembl transcript
Q24JP5-2	A3SS	
Q24JP5-3		no Ensembl transcript
Q24JP5-4		no Ensembl transcript
Q24JQ0-2	SE,A5SS,AL	
Q24JQ0-3	SE,MXE,AL	
Q27J81-2	SE,AL	
Q27J81-3	A5SS,AL	
Q29980-2	A3SS	
Q29980-3		no Ensembl transcript
Q29983-2		no Ensembl transcript
Q29RF7-3	A5SS,AL	
Q2HXU8-2	A5SS,AL	
Q2I0M4-2		no Ensembl transcript
Q2I0M5-2	SE	
Q2KHM9-2	A3SS,AF	
Q2KHR2-2	A5SS,AL	
Q2KHR2-3	A3SS,AF	
Q2KHR3-2		no Ensembl transcript
Q2KHT3-2	SE,A5SS,AL	
Q2KHT3-3		no Ensembl transcript
Q2KHT4-2	SE,MXE	
Q2KHT4-3		canonical and isoform share a transcript
Q2KHT4-4	A5SS	
Q2KHT4-5	SE	
Q2KHT4-6	SE,AF	
Q2KHT4-7		no Ensembl transcript
Q2KHT4-8		no Ensembl transcript
Q2KJY2-2		no Ensembl transcript
Q2LD37-2		no Ensembl transcript
Q2LD37-4		no Ensembl transcript
Q2LD37-5		no Ensembl transcript
Q2LD37-6		no Ensembl transcript
Q2LD37-7		no Ensembl transcript
Q2M1K9-2	A3SS,AF	
Q2M218-2		identical exon structure
Q2M296-2	A3SS	
Q2M296-3	SE,MXE	
Q2M296-4	SE,MXE,A3SS	
Q2M2H8-3	A5SS,AL	
Q2M2I8-2	A5SS,AL	
Q2M2W7-2		no Ensembl transcript
Q2M2Z5-2	SE,A3SS,AF	
Q2M2Z5-3		no Ensembl transcript
Q2M2Z5-4	A5SS,AL	
Q2M2Z5-5	SE,A3SS,AF	
Q2M389-2		no Ensembl transcript
Q2M3C6-2		no Ensembl transcript
Q2M3C7-2	SE	
Q2M3G0-1		canonical and isoform share a transcript
Q2M3G0-2	SE,AL	
Q2M3G0-3	SE,AL	
Q2M3G4-2	A3SS	
Q2M3M2-2	SE	
Q2M3M2-3	SE	
Q2M3R5-2	A3SS	
Q2M3W8-2		no Ensembl transcript
Q2M3W8-3	A3SS	
Q2M3X9-2	A5SS,A3SS	
Q2MJR0-2		no Ensembl transcript
Q2MKA7-2	SE,AF	
Q2MKA7-3	SE	
Q2MV58-2	A3SS	
Q2MV58-3	SE,MXE	
Q2MV58-4	SE,A5SS	
Q2MV58-5		no Ensembl transcript
Q2MV58-6		no Ensembl transcript
Q2NKJ3-2	SE,A5SS,A3SS,AL	
Q2NKQ1-3		no Ensembl transcript
Q2NKQ1-4	SE	
Q2NKX9-3	A5SS,AL	
Q2NL67-2	SE,A5SS,AL	
Q2NL67-3		no Ensembl transcript
Q2NL68-2	A5SS,A3SS,AL	
Q2NL68-3	AL	
Q2NL68-4	A5SS,AL	
Q2PPJ7-2		no Ensembl transcript
Q2PPJ7-3		no Ensembl transcript
Q2PZI1-2		no Ensembl transcript
Q2QGD7-2	A5SS,AL	
Q2QGD7-3		no Ensembl transcript
Q2QL34-2	SE,A5SS	
Q2T9J0-2	SE,A5SS	
Q2T9K0-2	SE	
Q2T9K0-4	SE,A5SS,A3SS	
Q2T9K0-6		no Ensembl transcript
Q2T9K0-7	SE,MXE	
Q2TAA2-2	A3SS,AF	
Q2TAA8-2	SE,AF	
Q2TAC2-2	A5SS,AL	
Q2TAC6-2		no Ensembl transcript
Q2TAC6-3		no Ensembl transcript
Q2TAK8-2	A3SS	
Q2TAK8-3	SE,A5SS,AL	
Q2TAL5-2	A3SS,AF	
Q2TAY7-2		no Ensembl transcript
Q2TAZ0-3		no Ensembl transcript
Q2TAZ0-4		no Ensembl transcript
Q2TAZ0-5		no Ensembl transcript
Q2TB18-2	SE,AL	
Q2TB90-2	SE,AL	
Q2TB90-3		no Ensembl transcript
Q2TBA0-2		no Ensembl transcript
Q2TBC4-2	SE,AL	
Q2TBC4-3	A3SS,AF	
Q2TBE0-2	SE,AL	
Q2TBE0-3		no Ensembl transcript
Q2TBF2-2	SE	
Q2TV78-2		no Ensembl transcript
Q2UY09-2		no Ensembl transcript
Q2UY09-3		no Ensembl transcript
Q2V2M9-2		no Ensembl transcript
Q2V2M9-3	SE	
Q2V2M9-4	SE	
Q2VIR3-2	A5SS,AL	
Q2VPA4-2		no Ensembl transcript
Q2VPA4-3		no Ensembl transcript
Q2VPJ9-2		no Ensembl transcript
Q2VPK5-3	SE	
Q2VPK5-5	SE,A5SS	
Q2VWA4-2	SE,MXE,A5SS,AL	
Q2VYF4-2	A3SS,AF	
Q2VYF4-3	SE,A3SS,AF	
Q2VYF4-4	SE,AF	
Q2Y0W8-2		no Ensembl transcript
Q2Y0W8-3		no Ensembl transcript
Q2Y0W8-4		no Ensembl transcript
Q2Y0W8-5	A3SS,AF	
Q2Y0W8-6	A5SS,AL	
Q2Y0W8-7	SE,A3SS,AF,AL	
Q2Y0W8-8	A5SS,A3SS,AF,AL	
Q2YD98-2	A3SS,AF	
Q30201-10	SE,A3SS	
Q30201-11	SE	
Q30201-2	SE	
Q30201-3	A3SS	
Q30201-4	SE,A3SS	
Q30201-5	A3SS	
Q30201-6	SE	
Q30201-7	SE	
Q30201-8		no Ensembl transcript
Q30201-9		no Ensembl transcript
Q309B1-2		no Ensembl transcript
Q30KQ9-2	SE,AL	
Q32M45-2	SE	
Q32M45-3		no Ensembl transcript
Q32M84-2		canonical and isoform share a transcript
Q32M88-2		no Ensembl transcript
Q32M92-2		no Ensembl transcript
Q32MH5-2	A5SS,AL	
Q32MH5-3	SE,AF	
Q32MK0-4	A3SS,AF	
Q32MZ4-2	SE	
Q32MZ4-3	SE	
Q32MZ4-4	SE,MXE,AF,AL	
Q32NB8-2	SE,AL	
Q32NB8-3		no Ensembl transcript
Q32NB8-4	SE,A5SS,AL	
Q32NC0-2	A3SS,AF	
Q32P28-2	SE,AL	
Q32P28-3	A5SS,AL	
Q32P28-4	A5SS	
Q32P44-2	A5SS,A3SS	
Q32P44-3	A5SS,A3SS,AF,AL	
Q32ZL2-2	A5SS	
Q330K2-2		canonical and isoform share a transcript
Q330K2-3	SE,A5SS,AL	
Q33E94-2	SE,AF	
Q33E94-3	SE,AF	
Q33E94-4		no Ensembl transcript
Q38SD2-2	A5SS,AL	
Q3B7J2-2		no Ensembl transcript
Q3B7J2-3	A5SS,AL	
Q3B7T1-3	SE,AL	
Q3B7T1-4	AL	
Q3B7T1-5	SE	
Q3B7T3-2	A3SS,AF	
Q3B7T3-3		no Ensembl transcript
Q3B820-2		no Ensembl transcript
Q3B820-3	SE	
Q3B8N2-2	A3SS	
Q3B8N5-2	SE,A5SS	
Q3BBV0-2		no Ensembl transcript
Q3C1V1-2		no Ensembl transcript
Q3I5F7-2	A3SS,AF	
Q3KNS1-2		no Ensembl transcript
Q3KNS6-2		no Ensembl transcript
Q3KNS6-3	A3SS,AF	
Q3KNT7-2		no Ensembl transcript
Q3KNT7-3		no Ensembl transcript
Q3KNT9-2	A3SS	
Q3KNT9-3	A5SS,A3SS	
Q3KNV8-2		no Ensembl transcript
Q3KP22-3	SE,MXE,A5SS,AL	
Q3KP22-4	SE	
Q3KP31-2		no Ensembl transcript
Q3KP44-2	A3SS,AF	
Q3KP44-3		no Ensembl transcript
Q3KP66-3	A3SS,AF	
Q3KPI0-2	A3SS	
Q3KPI0-3	AL	
Q3KQU3-2	SE,A3SS	
Q3KQU3-3		no Ensembl transcript
Q3KQU3-4	A5SS,A3SS,RI	
Q3KQV9-2	A3SS,AF	
Q3KQZ1-2	A5SS,AL	
Q3KQZ1-3	A5SS,AL	
Q3KQZ1-4	SE,AL	
Q3KR16-2	SE,AF	
Q3KR16-3	SE,AF	
Q3KR37-2	A3SS,AF	
Q3KR37-3	SE,A3SS,AF	
Q3KR37-4	SE	
Q3KRA9-2		no Ensembl transcript
Q3KRA9-3		no Ensembl transcript
Q3L8U1-2	A5SS	
Q3L8U1-3		no Ensembl transcript
Q3LIE5-3	A5SS,AL	
Q3LXA3-2	SE,MXE,AL	
Q3MHD2-2		no Ensembl transcript
Q3MII6-2	SE,A5SS,AL	
Q3MIN7-2	A3SS	
Q3MIS6-2		no Ensembl transcript
Q3MIW9-2		no Ensembl transcript
Q3MJ16-2		no Ensembl transcript
Q3MJ40-2		no Ensembl transcript
Q3SX64-2	SE	
Q3SXM5-2	A5SS,A3SS,RI	
Q3SXY7-2		no Ensembl transcript
Q3SXY8-2	SE	
Q3SXY8-3	A3SS,AF	
Q3SXZ3-2	A3SS,AF	
Q3SXZ7-2	SE,MXE,A3SS,AF,AL	
Q3SXZ7-3		no Ensembl transcript
Q3SY00-2	A5SS,A3SS,AL	
Q3SY05-2		no Ensembl transcript
Q3SY52-2	A3SS,AF	
Q3SY52-3	SE,A5SS	
Q3SY69-2	AL	
Q3SY69-3		no Ensembl transcript
Q3SY77-2	SE	
Q3SYC2-2	A3SS,AF	
Q3SYC2-3	A5SS,AL	
Q3SYG4-2	SE	
Q3SYG4-3		no Ensembl transcript
Q3SYG4-4	SE	
Q3SYG4-5	SE,A3SS,AF,AL	
Q3SYG4-6	SE,AL	
Q3SYG4-7	SE	
Q3T8J9-2	A5SS,AL	
Q3T8J9-3	A3SS	
Q3T906-2	A5SS,AL	
Q3V5L5-2	SE,A3SS,AF	
Q3V5L5-5	SE	
Q3V6T2-2	SE	
Q3V6T2-3	A3SS	
Q3V6T2-4	SE,A3SS	
Q3V6T2-5	A5SS,A3SS,RI	
Q3YBM2-2	SE	
Q3YBR2-2		no Ensembl transcript
Q3YBR2-3		no Ensembl transcript
Q3YEC7-2	A3SS	
Q3YEC7-3	SE,A5SS	
Q3YEC7-4		no Ensembl transcript
Q3YEC7-5		no Ensembl transcript
Q3YEC7-6	SE,AL	
Q3ZAQ7-2	SE,AF	
Q3ZCQ8-2	A3SS	
Q3ZCQ8-3		canonical and isoform share a transcript
Q3ZCT8-2	AF	
Q3ZCU0-2	A5SS,AL	
Q3ZCV2-2	SE,AL	
Q3ZCX4-2	A3SS,AF	
Q3ZCX4-3	SE,A3SS,AF,AL	
Q400G9-2	SE,A5SS	
Q401N2-2	A5SS,AL	
Q401N2-3	SE,MXE,AL	
Q460N3-2	A3SS,AF	
Q460N5-1		no Ensembl transcript
Q460N5-3		no Ensembl transcript
Q460N5-4		no Ensembl transcript
Q460N5-5		no Ensembl transcript
Q494R4-2		no Ensembl transcript
Q494U1-2	A5SS,A3SS,RI	
Q494U1-3	SE,A3SS	
Q494V2-2	A3SS	
Q495A1-2		no Ensembl transcript
Q495B1-1		no Ensembl transcript
Q495B1-2		no Ensembl transcript
Q495B1-6		no Ensembl transcript
Q495C1-2	SE,A5SS,AL	
Q495C1-3		no Ensembl transcript
Q495C1-4		no Ensembl transcript
Q495C1-5		identical exon structure
Q495C1-6	SE,AL	
Q495M3-2		no Ensembl transcript
Q495M3-3		no Ensembl transcript
Q495N2-2		no Ensembl transcript
Q495N2-3	SE	
Q495T6-2	AL	
Q495T6-3	SE,A5SS	
Q495W5-2	SE,AL	
Q495Y8-2	A3SS,AF	
Q496A3-2		no Ensembl transcript
Q496M5-2	SE	
Q496Y0-2	SE	
Q496Y0-3	SE,AL	
Q499Z3-2	A3SS	
Q499Z3-3	SE	
Q499Z3-4		no Ensembl transcript
Q49A17-2	SE,AF	
Q49A26-2	SE,A3SS	
Q49A26-3	A3SS	
Q49A26-4		no Ensembl transcript
Q49A26-5	SE	
Q49A88-2		no Ensembl transcript
Q49A88-3		no Ensembl transcript
Q49A88-4		no Ensembl transcript
Q49A88-5		no Ensembl transcript
Q49A88-6		no Ensembl transcript
Q49A92-2	A3SS,AF	
Q49A92-3	A5SS,A3SS,AL	
Q49A92-4	SE,AF,AL	
Q49AH0-2	A3SS,AF	
Q49AJ0-2		no Ensembl transcript
Q49AJ0-3	A5SS,A3SS,AL	
Q49AJ0-4		no Ensembl transcript
Q49AM3-2	SE,A5SS	
Q49AN0-2	SE,AF	
Q49AR2-2		no Ensembl transcript
Q49AR2-3		no Ensembl transcript
Q49MG5-2		no Ensembl transcript
Q49MI3-2	SE	
Q49MI3-3	SE	
Q49MI3-4	SE	
Q49MI3-5		no Ensembl transcript
Q49MI3-7	SE,A5SS,AL	
Q49MI3-8	SE,A5SS,AL	
Q49MI3-9	SE	
Q4AC94-1		canonical and isoform share a transcript
Q4AC94-2		no Ensembl transcript
Q4AC94-3		no Ensembl transcript
Q4AC94-4	AL	
Q4ADV7-2	A5SS,AL	
Q4ADV7-3	SE	
Q4AE62-2	SE	
Q4AE62-3	AL	
Q4AE62-4	SE,A5SS,AL	
Q4AE62-5	SE,AF	
Q4AE62-6	A3SS,AF	
Q4FZB7-2	A5SS,AL	
Q4FZB7-4	SE,AL	
Q4G0J3-2		no Ensembl transcript
Q4G0J3-3		no Ensembl transcript
Q4G0N4-2	SE	
Q4G0N4-3	A3SS,AF	
Q4G0N8-2	SE	
Q4G0P3-10	A5SS,A3SS,AF,AL	
Q4G0P3-2		no Ensembl transcript
Q4G0P3-5	A5SS,AL	
Q4G0P3-6		no Ensembl transcript
Q4G0P3-8	A5SS,A3SS,AF,AL	
Q4G0S4-1		identical exon structure
Q4G0S7-2	SE	
Q4G0T1-2		no Ensembl transcript
Q4G0T1-3		no Ensembl transcript
Q4G0U5-2		no Ensembl transcript
Q4G0U5-3		no Ensembl transcript
Q4G0U5-4	SE,AL	
Q4G0X9-2	SE,AL	
Q4G0X9-3		no Ensembl transcript
Q4G0X9-4	SE,AL	
Q4G0X9-5	SE,MXE,AL	
Q4G0Z9-2	A5SS,AL	
Q4G0Z9-3		no Ensembl transcript
Q4G0Z9-4		no Ensembl transcript
Q4G112-2		no Ensembl transcript
Q4G148-2	SE	
Q4G1C9-2	A5SS,AL	
Q4G1C9-3	SE,AL	
Q4G1C9-4	SE,A5SS,AL	
Q4G1C9-5	A3SS,AF	
Q4G1C9-6		no Ensembl transcript
Q4J6C6-2	SE	
Q4J6C6-3	SE	
Q4J6C6-4	A3SS,AF	
Q4JDL3-10	SE	
Q4JDL3-11	SE,AF	
Q4JDL3-12	SE,A5SS	
Q4JDL3-13	SE,A5SS	
Q4JDL3-14	SE,A5SS,A3SS,AF	
Q4JDL3-15	SE,A5SS,AF	
Q4JDL3-2	SE,AF	
Q4JDL3-3		identical exon structure
Q4JDL3-4	A3SS,AF	
Q4JDL3-5	SE,A3SS,AF	
Q4JDL3-6	SE,AF	
Q4JDL3-7	SE,A5SS	
Q4JDL3-8	SE,A5SS,AF	
Q4JDL3-9	SE,A5SS,A3SS,AF,AL	
Q4KMG0-2	A5SS	
Q4KMG9-2	SE,A3SS	
Q4KMP7-2		no Ensembl transcript
Q4KMQ1-2		no Ensembl transcript
Q4KMQ1-3		no Ensembl transcript
Q4KMQ1-4		no Ensembl transcript
Q4KMQ2-2	SE	
Q4KMQ2-3	SE,AF	
Q4KMQ2-4	SE,AL	
Q4KMZ1-2		no Ensembl transcript
Q4KMZ1-3	A5SS	
Q4KMZ8-3		no Ensembl transcript
Q4KWH8-2	SE,A3SS,AF	
Q4KWH8-3	SE,AL	
Q4KWH8-4	SE,AL	
Q4L180-2	A5SS,AL	
Q4L180-3	AF,AL	
Q4L180-4	SE,AL	
Q4L180-5		no Ensembl transcript
Q4L180-6	A3SS,AF	
Q4L180-7	A3SS,AF	
Q4L235-2	A3SS,AF	
Q4L235-3	A5SS,AL	
Q4L235-4	SE,A5SS	
Q4LDE5-2	A5SS,AL	
Q4LDE5-3		no Ensembl transcript
Q4LDE5-4		no Ensembl transcript
Q4LDG9-2	A3SS,AF	
Q4LDG9-3	A3SS,AF	
Q4LE39-2	SE	
Q4LE39-3	SE,AL	
Q4LE39-4		no Ensembl transcript
Q4U2R8-2	A5SS	
Q4U2R8-3		identical exon structure
Q4U2R8-4	A3SS	
Q4V328-2	SE,A5SS,A3SS,AL	
Q4V328-4	SE	
Q4VC05-2	A5SS	
Q4VC12-2		no Ensembl transcript
Q4VC12-3		no Ensembl transcript
Q4VC44-2	A3SS	
Q4VC44-3		no Ensembl transcript
Q4VC44-4		no Ensembl transcript
Q4VC44-5		no Ensembl transcript
Q4VCS5-2	A3SS,AF	
Q4VNC1-2		no Ensembl transcript
Q4VNC1-3	A5SS,AL	
Q4VNC1-4	A3SS,AF	
Q4VX62-2		no Ensembl transcript
Q4VX76-2	SE	
Q4VXA5-2	A3SS,AF	
Q4VXU2-2	AL	
Q4ZG55-2	SE,AL	
Q4ZG55-3	SE,AL	
Q4ZG55-4	AF	
Q4ZHG4-2		no Ensembl transcript
Q4ZIN3-2	SE,A5SS	
Q4ZJI4-2		no Ensembl transcript
Q4ZJI4-3	SE,AL	
Q4ZJI4-5	SE,A5SS,AL	
Q502W6-2	SE,AL	
Q502W6-3		no Ensembl transcript
Q502W6-4		no Ensembl transcript
Q502W6-5		no Ensembl transcript
Q502W6-6		no Ensembl transcript
Q502W6-7		no Ensembl transcript
Q502W6-8		no Ensembl transcript
Q504Q3-2	A5SS	
Q504Q3-3	A3SS	
Q504Y0-2		no Ensembl transcript
Q504Y0-3	SE	
Q504Y0-4	A3SS	
Q504Y0-5	A3SS,AF	
Q52LJ0-1		canonical and isoform share a transcript
Q52LW3-2	A5SS,AL	
Q53EL6-2	SE,AF	
Q53EL9-2	A3SS,AF	
Q53EL9-3		identical exon structure
Q53EL9-4		no Ensembl transcript
Q53EP0-2		no Ensembl transcript
Q53EP0-3	SE,AL	
Q53EQ6-2		no Ensembl transcript
Q53EV4-2	SE,AL	
Q53EZ4-2		no Ensembl transcript
Q53F19-2		no Ensembl transcript
Q53F39-2	SE,AL	
Q53F39-3	SE,A3SS,AL	
Q53F39-4	SE	
Q53F39-5		no Ensembl transcript
Q53FA7-2	SE,A5SS	
Q53FD0-2	A5SS	
Q53FE4-2	SE,AL	
Q53FZ2-2	A5SS,AL	
Q53G44-2		no Ensembl transcript
Q53G59-2		identical exon structure
Q53GD3-2		no Ensembl transcript
Q53GD3-3	A3SS,AF	
Q53GD3-4	SE	
Q53GG5-2	SE,MXE	
Q53GG5-3	SE,A5SS,AL	
Q53GI3-3	SE,A5SS	
Q53GL0-2	SE	
Q53GQ0-2	SE,AL	
Q53GS7-2	A5SS,AL	
Q53GS9-2	SE,A3SS,AF	
Q53GS9-3	SE,A5SS,AL	
Q53GT1-3		no Ensembl transcript
Q53H12-2	SE,AL	
Q53H47-2	A5SS,AL	
Q53H47-3	A5SS,A3SS,RI	
Q53H76-2	A5SS,AL	
Q53H76-3	A5SS	
Q53H76-4	A3SS,AF	
Q53H96-2	A3SS	
Q53HC0-2	A3SS,AF	
Q53HV7-2	A5SS,AL	
Q53R41-2	SE	
Q53RD9-2	SE	
Q53RD9-3		no Ensembl transcript
Q53RD9-4	SE	
Q53RT3-2	A3SS	
Q53RY4-2	A3SS,AF	
Q53S33-2	SE,A5SS	
Q53S99-2		no Ensembl transcript
Q53SF7-2		no Ensembl transcript
Q53SF7-3	SE,A3SS	
Q53T94-2		no Ensembl transcript
Q53T94-3		no Ensembl transcript
Q53TN4-2	SE,A5SS	
Q53TN4-3	SE,AF	
Q53TS8-1		canonical and isoform share a transcript
Q53TS8-2	SE,A5SS,AL	
Q53TS8-3	A5SS,AL	
Q562E7-2		no Ensembl transcript
Q562E7-3	A3SS	
Q562E7-4		no Ensembl transcript
Q562E7-5	SE,AF	
Q562E7-6	A3SS,AF	
Q562F6-2		identical exon structure
Q562F6-3	A5SS,AL	
Q567V2-2		no Ensembl transcript
Q569H4-2	A3SS,AF	
Q569H4-3	SE,AF	
Q569K4-2		no Ensembl transcript
Q569K4-3		no Ensembl transcript
Q569K4-4		no Ensembl transcript
Q569K4-5		no Ensembl transcript
Q56NI9-2		no Ensembl transcript
Q56UN5-3	SE	
Q56UN5-4	SE,A5SS,A3SS	
Q56UN5-5	SE	
Q56UN5-7	SE	
Q56VL3-2	SE,A5SS	
Q587J7-2	SE,AL	
Q58A45-2		no Ensembl transcript
Q58A45-3		no Ensembl transcript
Q58A45-4		no Ensembl transcript
Q58DX5-2		no Ensembl transcript
Q58EX2-2		no Ensembl transcript
Q58EX2-3		no Ensembl transcript
Q58EX2-4		no Ensembl transcript
Q58EX7-2	SE,A5SS	
Q58EX7-3	A5SS,AL	
Q58F21-2		no Ensembl transcript
Q58F21-3		identical exon structure
Q58F21-4	SE	
Q58F21-5	A3SS,AF	
Q58WW2-2	SE	
Q58WW2-3	SE	
Q58WW2-4	SE,MXE	
Q59EK9-2	SE,A3SS,AL	
Q59EK9-3	SE,AL	
Q59EK9-4		no Ensembl transcript
Q59H18-1		canonical and isoform share a transcript
Q59H18-3	A5SS,AL	
Q59H18-4	SE,AL	
Q5BJD5-2	A5SS,A3SS,AL	
Q5BJD5-3	A5SS,AL	
Q5BJE1-2	SE	
Q5BJE1-3		no Ensembl transcript
Q5BJE1-4	SE,AL	
Q5BJF6-10	SE,A5SS,AF,AL	
Q5BJF6-2		no Ensembl transcript
Q5BJF6-3	SE,AF	
Q5BJF6-4	SE,AF	
Q5BJF6-5	A5SS,AL	
Q5BJF6-6		no Ensembl transcript
Q5BJF6-7	SE,A5SS,AF,AL	
Q5BJF6-8	SE,A5SS,AF,AL	
Q5BJF6-9	SE,MXE,A5SS,AF,AL	
Q5BJH2-2	SE,AF	
Q5BJH7-2	A3SS,AF	
Q5BJH7-3		canonical and isoform share a transcript
Q5BJH7-4	SE,A5SS	
Q5BJH7-5	SE,A5SS,AL	
Q5BJH7-6	SE,AF	
Q5BKX5-2		no Ensembl transcript
Q5BKX5-3	SE,A3SS,AF,AL	
Q5BKX6-2	SE,A5SS,AF,AL	
Q5BKX6-3	SE,A5SS,AF	
Q5BKY9-2	A3SS,AF	
Q5BKZ1-2	A5SS,AL	
Q5BKZ1-3	SE,A5SS,A3SS	
Q5BLP8-2		no Ensembl transcript
Q5BLP8-3		no Ensembl transcript
Q5BN46-2		identical exon structure
Q5BVD1-2	SE,AL	
Q5BVD1-3	SE,A5SS	
Q5CZ79-2		no Ensembl transcript
Q5CZA5-2	A3SS,AF	
Q5CZC0-2		no Ensembl transcript
Q5D0E6-2	A5SS,A3SS	
Q5D0E6-3		no Ensembl transcript
Q5D0E6-4	A3SS,AF	
Q5DID0-2	A5SS,A3SS,RI	
Q5DID0-3	A3SS,AF	
Q5DID0-4	A5SS,A3SS,RI,AF	
Q5DX21-2	SE,AF	
Q5DX21-3	SE,A5SS,AF	
Q5EB52-2	A3SS,AF	
Q5EB52-3	SE,A3SS,AF	
Q5EBL4-2		no Ensembl transcript
Q5EBL4-3		canonical and isoform share a transcript
Q5EBL8-2		no Ensembl transcript
Q5EBM0-2		no Ensembl transcript
Q5EBM0-3	SE,AL	
Q5EBM0-4	A5SS,AL	
Q5EBM4-2		no Ensembl transcript
Q5EE01-2	A5SS	
Q5EG05-2	SE,AL	
Q5F1R6-2	SE	
Q5F1R6-3	A3SS	
Q5FBB7-2	A5SS	
Q5FBB7-3	SE	
Q5FBB7-4	A5SS,AL	
Q5FBB7-5	SE,A5SS,AL	
Q5FBB7-6	A5SS,AL	
Q5FBB7-7	SE,A5SS	
Q5FVE4-2	A3SS,AF	
Q5FVE4-3	A3SS,AF	
Q5FVE4-4		no Ensembl transcript
Q5FWE3-2		no Ensembl transcript
Q5FWE3-3	A5SS,AL	
Q5FWF4-2	A5SS,A3SS,AF,AL	
Q5FWF4-3	A5SS	
Q5FWF4-4		no Ensembl transcript
Q5FWF4-5		no Ensembl transcript
Q5FWF5-2	SE,A5SS,AL	
Q5FWF6-2		identical exon structure
Q5FWF6-3	SE,AL	
Q5FYB1-2	A3SS,AF	
Q5GAN6-2		no Ensembl transcript
Q5GFL6-2		no Ensembl transcript
Q5GFL6-3	A5SS,AF,AL	
Q5GH73-2		no Ensembl transcript
Q5GLZ8-2	SE	
Q5GLZ8-3	SE	
Q5GLZ8-4	SE,AL	
Q5GLZ8-5	SE,A5SS,AL	
Q5GLZ8-6	SE,AF	
Q5H8A4-2	A5SS	
Q5H8A4-3	SE	
Q5H8A4-4		no Ensembl transcript
Q5H8A4-5	SE,A5SS,A3SS,AF,AL	
Q5H8A4-6	A5SS,A3SS,AF,AL	
Q5H8C1-2	A3SS,AF	
Q5H8C1-3		no Ensembl transcript
Q5H8C1-4	SE,MXE,A5SS,AF,AL	
Q5H913-2	SE,AL	
Q5H9F3-1		canonical and isoform share a transcript
Q5H9F3-4	SE	
Q5H9K5-2	SE,AF	
Q5H9L4-2	A3SS,AF	
Q5H9L4-3	SE,A3SS,AF	
Q5H9R4-2		no Ensembl transcript
Q5H9R4-3		no Ensembl transcript
Q5H9R7-2	A3SS	
Q5H9R7-3	SE,AL	
Q5H9R7-4	SE	
Q5H9R7-5	SE	
Q5H9R7-6	SE	
Q5H9S7-2		no Ensembl transcript
Q5H9U9-2	SE,A3SS,AL	
Q5HYC2-2	SE	
Q5HYI7-2		no Ensembl transcript
Q5HYI7-4	SE,A5SS	
Q5HYI7-5	A3SS,AF	
Q5HYJ3-2		no Ensembl transcript
Q5HYJ3-3	SE,AL	
Q5HYK7-2	SE	
Q5HYK7-3	SE	
Q5HYK7-4		no Ensembl transcript
Q5HYK7-5		no Ensembl transcript
Q5HYL7-2	AF	
Q5HYL7-3		no Ensembl transcript
Q5HYL7-4	A5SS	
Q5HYM0-2		no Ensembl transcript
Q5HYR2-2	SE	
Q5HYW2-2	AF,AL	
Q5I0G3-2	A3SS	
Q5I0G3-3	SE,MXE,AL	
Q5IJ48-2	A5SS,AL	
Q5IJ48-3	SE,AF	
Q5J8M3-2	SE,A5SS	
Q5J8M3-3		no Ensembl transcript
Q5J8X5-2	SE	
Q5J8X5-3	SE	
Q5JPE7-2	A5SS,AL	
Q5JPE7-3	SE,A3SS,AF	
Q5JPF3-2		no Ensembl transcript
Q5JPF3-3		no Ensembl transcript
Q5JPH6-2	A5SS,AL	
Q5JPI3-2		no Ensembl transcript
Q5JQC9-2	AF	
Q5JQS6-2	SE	
Q5JR12-2	A3SS,RI,AF	
Q5JR59-3	SE,AF	
Q5JR59-4	A3SS,AF	
Q5JRA6-2		canonical and isoform share a transcript
Q5JRA6-3		no Ensembl transcript
Q5JRA6-4	SE,AF	
Q5JRV8-2	SE,MXE,AF	
Q5JRV8-3	SE	
Q5JRV8-4	SE	
Q5JRX3-2	A5SS	
Q5JRX3-3	SE,A3SS	
Q5JS13-2	SE,MXE,A3SS,AL	
Q5JS13-3	SE,AL	
Q5JS13-4	SE,AL	
Q5JS13-5	A5SS,AL	
Q5JS13-6	SE,AL	
Q5JS13-7	SE,MXE,AL	
Q5JS37-2	SE	
Q5JS54-2	SE	
Q5JS54-3	A5SS,AL	
Q5JSH3-2	A3SS	
Q5JSH3-3		no Ensembl transcript
Q5JSH3-4	SE	
Q5JSJ4-4		no Ensembl transcript
Q5JSP0-2	A5SS,AL	
Q5JSP0-3	A3SS	
Q5JST6-2		no Ensembl transcript
Q5JSZ5-2		no Ensembl transcript
Q5JSZ5-3		no Ensembl transcript
Q5JSZ5-4		no Ensembl transcript
Q5JSZ5-5	SE	
Q5JT25-2	A3SS	
Q5JTC6-2		no Ensembl transcript
Q5JTD0-2	SE	
Q5JTD0-3		no Ensembl transcript
Q5JTD0-4		no Ensembl transcript
Q5JTH9-2	SE	
Q5JTH9-3	SE	
Q5JTJ3-2	SE,AF	
Q5JTJ3-3	A3SS,AF	
Q5JTV8-2		no Ensembl transcript
Q5JTV8-3	A3SS	
Q5JTV8-4	A3SS	
Q5JTW2-2	SE,A5SS,A3SS,AL	
Q5JTW2-3	SE	
Q5JTW2-5	A5SS,A3SS,AL	
Q5JTY5-2	SE	
Q5JU67-2	AL	
Q5JU69-2	A5SS,AL	
Q5JU69-5	SE,A5SS,AL	
Q5JU85-3	SE,MXE,A5SS,AF	
Q5JU85-4	SE,AF,AL	
Q5JUK2-2	A5SS,AL	
Q5JUK3-2	SE,MXE,AF	
Q5JUK3-3	SE,MXE,AF	
Q5JUK3-4	SE,MXE,A3SS,AF	
Q5JUR7-2	SE,A5SS	
Q5JUW0-2	A5SS	
Q5JUW0-3	SE,AL	
Q5JUX0-2	A5SS,AL	
Q5JVF3-2	SE,AF	
Q5JVF3-3		no Ensembl transcript
Q5JVF3-4	A5SS,A3SS	
Q5JVG2-2	A3SS,AF	
Q5JVG2-3	SE,AF	
Q5JVG8-2	SE	
Q5JVL4-2		no Ensembl transcript
Q5JVL4-3	SE,AF	
Q5JVS0-2	SE	
Q5JVX7-2	SE,A5SS,AL	
Q5JW98-2	AF	
Q5JW98-3	A3SS	
Q5JW98-4	A3SS,AF	
Q5JWF2-2	SE,A3SS	
Q5JWF2-3	SE,A5SS,AL	
Q5JXA9-2		no Ensembl transcript
Q5JXA9-3	A5SS	
Q5JXC2-2		no Ensembl transcript
Q5JZY3-2	A5SS,AL	
Q5JZY3-3		no Ensembl transcript
Q5K4E3-2	SE,A5SS	
Q5K4E3-3	A5SS	
Q5K4L6-2	A3SS	
Q5K4L6-3		no Ensembl transcript
Q5M775-2	SE,AL	
Q5M775-3	SE,AF,AL	
Q5M775-4	SE,AF	
Q5M775-5	SE,A5SS,AF,AL	
Q5M7Z0-2		no Ensembl transcript
Q5M7Z0-3	SE,A5SS,AL	
Q5M9N0-2		no Ensembl transcript
Q5M9N0-3	SE,AL	
Q5MAI5-2	A5SS,AL	
Q5MCW4-2	A3SS,AF	
Q5MIZ7-2	SE	
Q5MIZ7-3	SE	
Q5MIZ7-4	A5SS,AL	
Q5MIZ7-5		no Ensembl transcript
Q5MJ70-1		identical exon structure
Q5MNZ9-2		no Ensembl transcript
Q5MY95-2	SE	
Q5NDL2-2		no Ensembl transcript
Q5NDL2-3	SE	
Q5NUL3-1		canonical and isoform share a transcript
Q5PSV4-2		no Ensembl transcript
Q5QGZ9-1		canonical and isoform share a transcript
Q5QGZ9-3		no Ensembl transcript
Q5QGZ9-4	SE,A3SS,AF	
Q5QGZ9-5	A5SS,A3SS,AF,AL	
Q5QJU3-2		no Ensembl transcript
Q5QJU3-3		no Ensembl transcript
Q5QNW6-2	A5SS,AL	
Q5QP82-2		no Ensembl transcript
Q5R372-2	SE,A5SS,AL	
Q5R372-3		no Ensembl transcript
Q5R372-4		no Ensembl transcript
Q5R372-5	SE,MXE,AF,AL	
Q5R372-6	SE,MXE,AF,AL	
Q5R372-7	SE,A3SS,AF,AL	
Q5R372-8	SE,MXE,AF,AL	
Q5R372-9	SE,AF	
Q5R3K3-2	SE,AF	
Q5RHP9-2		no Ensembl transcript
Q5RHP9-3	SE,A5SS,AF,AL	
Q5RI15-2	SE	
Q5RIA9-2		no Ensembl transcript
Q5RIA9-3	SE	
Q5RL73-2	A5SS,AL	
Q5SGD2-2	A3SS,AF	
Q5SGD2-3	SE,AF	
Q5SGD2-4	SE,AL	
Q5SNT2-2	A5SS,AL	
Q5SNV9-2		no Ensembl transcript
Q5SQ64-2	SE,AL	
Q5SQH8-2		no Ensembl transcript
Q5SQH8-3	SE	
Q5SQH8-4	A5SS	
Q5SQI0-2	SE,AF	
Q5SQI0-3	SE	
Q5SQI0-4	SE,AL	
Q5SQI0-5	A5SS,AL	
Q5SQI0-6	SE,MXE,AL	
Q5SQI0-7	SE,A5SS,AL	
Q5SQN1-2	SE,AL	
Q5SQN1-3	SE,A3SS,AF,AL	
Q5SQN1-4	A3SS,AF	
Q5SQQ9-2	SE,AL	
Q5SQS7-2		no Ensembl transcript
Q5SQS7-3		no Ensembl transcript
Q5SR56-2		no Ensembl transcript
Q5SRD1-2	SE	
Q5SRE5-2		no Ensembl transcript
Q5SRE7-2	SE	
Q5SRE7-3	SE,A5SS	
Q5SRH9-2	A3SS,AF	
Q5SRH9-3	SE,A5SS,AF,AL	
Q5SRH9-4	SE,A3SS,AF	
Q5SRH9-5	SE,A3SS,AF	
Q5SRH9-6	A3SS	
Q5SRN2-2	SE,A3SS	
Q5SRN2-3	SE,A3SS	
Q5SRR4-2		no Ensembl transcript
Q5SRR4-3		no Ensembl transcript
Q5SSG8-2		no Ensembl transcript
Q5SSG8-3		no Ensembl transcript
Q5SSJ5-2	A3SS,AF	
Q5SSJ5-3	A3SS,AF	
Q5SSJ5-5	SE,AL	
Q5SSQ6-2	SE	
Q5ST30-2		no Ensembl transcript
Q5ST30-3	A3SS,AF	
Q5ST30-4		no Ensembl transcript
Q5SV97-2		no Ensembl transcript
Q5SV97-3	A3SS,AF	
Q5SVJ3-2	A3SS	
Q5SVQ8-2	SE,AL	
Q5SVS4-2	A3SS,AF	
Q5SW24-2	A3SS,AF	
Q5SW24-3	A3SS,AF	
Q5SW24-4	SE,AL	
Q5SW79-2	SE,A5SS,A3SS	
Q5SW79-3	SE	
Q5SWX8-2	SE	
Q5SWX8-3		no Ensembl transcript
Q5SWX8-4	SE	
Q5SXH7-1		no Ensembl transcript
Q5SXH7-2		no Ensembl transcript
Q5SXH7-3		no Ensembl transcript
Q5SXH7-4		no Ensembl transcript
Q5SY80-2	SE,A5SS,AL	
Q5SY80-3	A3SS,AF	
Q5SYB0-2		no Ensembl transcript
Q5SYB0-3		no Ensembl transcript
Q5SYC1-2	A3SS,AF	
Q5SYE7-2	SE,AF	
Q5SZJ8-2	SE,AL	
Q5SZJ8-3		no Ensembl transcript
Q5SZJ8-4		no Ensembl transcript
Q5SZK8-2		no Ensembl transcript
Q5SZL2-2	SE,A5SS,AF,AL	
Q5SZL2-3	A5SS,A3SS,AF,AL	
Q5SZL2-4	SE,AF	
Q5SZL2-5	A5SS,AL	
Q5SZQ8-2		canonical and isoform share a transcript
Q5SZQ8-3		canonical and isoform share a transcript
Q5SZQ8-4	SE	
Q5T011-4		no Ensembl transcript
Q5T011-5	SE	
Q5T011-7	SE,A3SS,AL	
Q5T013-2		no Ensembl transcript
Q5T013-3	A5SS,AL	
Q5T013-4		no Ensembl transcript
Q5T089-2	SE,AL	
Q5T0D9-2	SE	
Q5T0F9-2	A3SS	
Q5T0F9-3		no Ensembl transcript
Q5T0F9-4		no Ensembl transcript
Q5T0F9-5		no Ensembl transcript
Q5T0J7-2	SE,A5SS,AL	
Q5T0J7-3	A5SS,AL	
Q5T0J7-4		no Ensembl transcript
Q5T0J7-5	SE,AL	
Q5T0N1-2		no Ensembl transcript
Q5T0N1-3		no Ensembl transcript
Q5T0N1-6		no Ensembl transcript
Q5T0N1-7		no Ensembl transcript
Q5T0N5-2	SE	
Q5T0N5-3	SE	
Q5T0N5-4	SE,A5SS,AL	
Q5T0N5-5		no Ensembl transcript
Q5T0T0-2	SE	
Q5T0U0-2		no Ensembl transcript
Q5T0Z8-2	SE,AL	
Q5T0Z8-4		no Ensembl transcript
Q5T124-2	SE	
Q5T124-3	SE	
Q5T124-4		no Ensembl transcript
Q5T124-5		no Ensembl transcript
Q5T124-6		no Ensembl transcript
Q5T124-7		no Ensembl transcript
Q5T124-8		no Ensembl transcript
Q5T197-2	SE,AL	
Q5T197-3	SE	
Q5T1A1-2	SE,AL	
Q5T1B0-2		no Ensembl transcript
Q5T1B0-3		no Ensembl transcript
Q5T1H1-1		canonical and isoform share a transcript
Q5T1H1-2	A5SS,AL	
Q5T1H1-4	SE,AL	
Q5T1M5-2	A5SS	
Q5T1M5-3	A5SS,AL	
Q5T1N1-2	AL	
Q5T1N1-3	SE,A5SS,AL	
Q5T1N1-4	SE,AL	
Q5T1Q4-2	A3SS,AF	
Q5T1R4-2	A3SS	
Q5T1V6-2	SE,AL	
Q5T200-2	A5SS,A3SS,AL	
Q5T215-2	A3SS,AF	
Q5T292-2	SE,A3SS,AL	
Q5T292-3	SE,A5SS,AL	
Q5T292-4	SE,A5SS	
Q5T2E6-2		no Ensembl transcript
Q5T2E6-3		no Ensembl transcript
Q5T2R2-2	SE	
Q5T2R2-3		no Ensembl transcript
Q5T2S8-2	SE,A5SS,A3SS,AF	
Q5T2T1-2		no Ensembl transcript
Q5T2W1-2	SE	
Q5T319-2		no Ensembl transcript
Q5T3F8-2		no Ensembl transcript
Q5T3F8-3		no Ensembl transcript
Q5T3I0-2		no Ensembl transcript
Q5T3I0-3		no Ensembl transcript
Q5T3J3-2	A3SS,AF	
Q5T3U5-2	A3SS,AF	
Q5T447-2	A3SS,AF	
Q5T4B2-2	A3SS,AF	
Q5T4D3-2		no Ensembl transcript
Q5T4D3-3	A3SS,AF	
Q5T4D3-4	SE	
Q5T4F4-2	SE	
Q5T4F4-3	A3SS	
Q5T4F4-4		no Ensembl transcript
Q5T4F4-5	SE	
Q5T4F4-6	SE	
Q5T4F4-7	SE,A3SS,AF	
Q5T4F4-8	SE,A5SS	
Q5T4I8-2	A3SS,AF	
Q5T4S7-2		no Ensembl transcript
Q5T4S7-3		no Ensembl transcript
Q5T4S7-4		no Ensembl transcript
Q5T4S7-5		no Ensembl transcript
Q5T4S7-6	A5SS,A3SS,AF,AL	
Q5T4T6-2	SE,A5SS,AL	
Q5T4W7-2	A3SS,AF	
Q5T4W7-3	A3SS	
Q5T5A4-2	SE,AF	
Q5T5C0-2	SE	
Q5T5C0-3	SE	
Q5T5M9-2	A3SS	
Q5T5M9-3	A3SS	
Q5T5P2-10	SE,A3SS	
Q5T5P2-2		no Ensembl transcript
Q5T5P2-3	SE,A5SS,AF,AL	
Q5T5P2-4	SE,A5SS,AF,AL	
Q5T5P2-6	SE,A5SS,AF,AL	
Q5T5P2-7	SE	
Q5T5P2-8	SE,A5SS,AF,AL	
Q5T5P2-9	SE,A3SS,AF	
Q5T5S1-2		no Ensembl transcript
Q5T5S1-3		no Ensembl transcript
Q5T5S1-4		no Ensembl transcript
Q5T5U3-3		no Ensembl transcript
Q5T5Y3-2	A3SS,AF	
Q5T5Y3-3	SE	
Q5T601-2	SE,AL	
Q5T6F2-2	SE	
Q5T6J7-2		no Ensembl transcript
Q5T6J7-3	A3SS,AF	
Q5T6L9-2	SE	
Q5T6L9-3	SE,MXE	
Q5T6L9-4	A3SS,AF	
Q5T6R2-2		no Ensembl transcript
Q5T6S3-2	A5SS,AL	
Q5T6S3-3	A5SS,AL	
Q5T6X5-2	A5SS	
Q5T6X5-3	SE	
Q5T700-2	SE,A3SS	
Q5T700-3	SE	
Q5T700-4	SE	
Q5T7B8-2	SE	
Q5T7B8-3		no Ensembl transcript
Q5T7B8-4		no Ensembl transcript
Q5T7M9-2	SE,AL	
Q5T7N3-2	SE	
Q5T7P8-2	A3SS,AF	
Q5T7V8-2	A5SS,AL	
Q5T7W0-2	SE,MXE,A3SS	
Q5T7W0-3		no Ensembl transcript
Q5T7W0-4	SE,A3SS	
Q5T7W7-2		no Ensembl transcript
Q5T890-2	A5SS,AL	
Q5T890-3		no Ensembl transcript
Q5T8D3-2	SE,A3SS	
Q5T8D3-3	SE,A3SS,AF	
Q5T8D3-4	SE,A3SS,AF	
Q5T8I3-2	SE,AL	
Q5T8P6-2	SE	
Q5T8P6-3	SE,A3SS	
Q5T8P6-4		no Ensembl transcript
Q5T8P6-5		no Ensembl transcript
Q5T8P6-6		no Ensembl transcript
Q5T953-2		no Ensembl transcript
Q5T9A4-2		no Ensembl transcript
Q5T9A4-3		identical exon structure
Q5T9C2-2		no Ensembl transcript
Q5T9C2-3	A3SS,AF	
Q5T9C9-2	A3SS,AF	
Q5T9G4-2	A5SS	
Q5T9G4-3	A3SS	
Q5T9L3-2	SE,A3SS,AL	
Q5T9L3-3	SE	
Q5T9S5-2	SE	
Q5TA45-2	SE	
Q5TA45-3	A3SS	
Q5TA45-4	A3SS,AF	
Q5TA45-5	SE,AF	
Q5TAA0-2	SE,AL	
Q5TAB7-2	AF	
Q5TAQ9-2	A5SS,AL	
Q5TAT6-10	SE	
Q5TAT6-11	SE	
Q5TAT6-2	SE	
Q5TAT6-3		no Ensembl transcript
Q5TAT6-4	SE	
Q5TAT6-5		no Ensembl transcript
Q5TAT6-6		no Ensembl transcript
Q5TAT6-7		no Ensembl transcript
Q5TAT6-8	SE	
Q5TAT6-9		no Ensembl transcript
Q5TAX3-2		no Ensembl transcript
Q5TB30-2	SE	
Q5TB80-2	A3SS,AF	
Q5TBB1-2	SE,AL	
Q5TBC7-2	SE,A5SS	
Q5TBE3-2	SE,AL	
Q5TBK1-2	SE,MXE,A5SS	
Q5TC12-2	SE,A3SS,AF	
Q5TC12-3	SE,AF	
Q5TC63-2	A5SS,A3SS,AF,AL	
Q5TC63-3	A5SS,AL	
Q5TC79-2	A5SS,AL	
Q5TC79-3	SE,A5SS	
Q5TC82-2	A3SS	
Q5TCH4-2		no Ensembl transcript
Q5TCQ9-1		canonical and isoform share a transcript
Q5TCQ9-2	SE,AL	
Q5TCQ9-3	SE,MXE,AL	
Q5TCS8-1		no Ensembl transcript
Q5TCS8-2	A5SS,AL	
Q5TCS8-3		no Ensembl transcript
Q5TCS8-5	A5SS,A3SS,AF,AL	
Q5TCS8-6		no Ensembl transcript
Q5TCX8-2	A5SS,AL	
Q5TCX8-3	A3SS,AF	
Q5TCY1-2		no Ensembl transcript
Q5TCZ1-2	SE	
Q5TCZ1-3	SE	
Q5TD94-2	SE	
Q5TD94-3	SE,A5SS	
Q5TDH0-2		no Ensembl transcript
Q5TDH0-3		no Ensembl transcript
Q5TDP6-2	A5SS,RI	
Q5TDP6-3	SE,AL	
Q5TEA6-2	SE	
Q5TEJ8-2	SE,A5SS,AL	
Q5TEJ8-3		no Ensembl transcript
Q5TEJ8-4	SE,A5SS,AL	
Q5TEJ8-5	A5SS,A3SS,RI	
Q5TEJ8-6		canonical and isoform share a transcript
Q5TEU4-2	SE,A3SS	
Q5TFE4-2		no Ensembl transcript
Q5TG53-2		no Ensembl transcript
Q5TGI0-2	A3SS,AF	
Q5TGP6-2	A5SS,AL	
Q5TGU0-2	SE,A5SS	
Q5TGY1-2		no Ensembl transcript
Q5TGZ0-2		no Ensembl transcript
Q5TH74-2	SE,A3SS	
Q5TH74-3	SE,A3SS	
Q5THJ4-2	SE	
Q5THK1-2		no Ensembl transcript
Q5THK1-3		no Ensembl transcript
Q5THK1-4		no Ensembl transcript
Q5THR3-2	A3SS,AF	
Q5THR3-3		no Ensembl transcript
Q5THR3-4		no Ensembl transcript
Q5THR3-5		no Ensembl transcript
Q5THR3-6		no Ensembl transcript
Q5TIA1-2		no Ensembl transcript
Q5TIA1-3		no Ensembl transcript
Q5TIA1-4		no Ensembl transcript
Q5TIA1-5		no Ensembl transcript
Q5TIA1-6		no Ensembl transcript
Q5TIA1-7	SE,A3SS,AF	
Q5TID7-2	SE,A5SS	
Q5TID7-3	A3SS	
Q5TIE3-2		identical exon structure
Q5TIE3-3		no Ensembl transcript
Q5TIE3-4		no Ensembl transcript
Q5TIE3-5		no Ensembl transcript
Q5TKA1-2	A3SS	
Q5TKA1-3		no Ensembl transcript
Q5TYM5-2	A5SS	
Q5TYW1-2	A5SS,AL	
Q5TZA2-2		no Ensembl transcript
Q5TZF3-1		no Ensembl transcript
Q5U3C3-2	A3SS,AF	
Q5U5R9-2	A5SS,AL	
Q5U5Z8-2		no Ensembl transcript
Q5U5Z8-3		no Ensembl transcript
Q5U623-2	SE,A5SS	
Q5UCC4-2	SE,AL	
Q5UIP0-2	SE	
Q5VIR6-1		canonical and isoform share a transcript
Q5VIR6-2	SE	
Q5VIR6-3	A5SS,AL	
Q5VIY5-2		no Ensembl transcript
Q5VSG8-2	SE,A3SS,AF	
Q5VSG8-3		identical exon structure
Q5VSL9-2	A3SS,AF	
Q5VSL9-3		no Ensembl transcript
Q5VSL9-4	SE,AL	
Q5VST6-2	A5SS,AL	
Q5VST9-2	A3SS	
Q5VST9-3	SE,AL	
Q5VST9-5		no Ensembl transcript
Q5VST9-6	SE	
Q5VSY0-2	SE	
Q5VT25-2	SE,MXE	
Q5VT25-3	SE	
Q5VT25-4	SE	
Q5VT25-5	SE	
Q5VT25-6		no Ensembl transcript
Q5VT52-2		no Ensembl transcript
Q5VT52-3	SE	
Q5VT52-4	A5SS,AL	
Q5VT52-5	SE	
Q5VT66-2		no Ensembl transcript
Q5VT66-3		no Ensembl transcript
Q5VT79-2	SE,A3SS	
Q5VT97-2		no Ensembl transcript
Q5VTB9-3		identical exon structure
Q5VTD9-2	SE	
Q5VTE6-2	A3SS,AF	
Q5VTH9-2	A5SS,AL	
Q5VTH9-3		no Ensembl transcript
Q5VTL8-2	SE,AL	
Q5VTM2-2		no Ensembl transcript
Q5VTQ0-2		no Ensembl transcript
Q5VTQ0-3		no Ensembl transcript
Q5VTQ0-4		no Ensembl transcript
Q5VTQ0-5	A3SS,AF	
Q5VTQ0-6		no Ensembl transcript
Q5VTQ0-7		no Ensembl transcript
Q5VTT2-2	SE,A5SS	
Q5VTT5-2		no Ensembl transcript
Q5VTT5-3	SE,AF	
Q5VTY9-2		no Ensembl transcript
Q5VTY9-3	SE,AL	
Q5VTY9-4		no Ensembl transcript
Q5VTY9-5	SE	
Q5VTY9-6	SE	
Q5VTY9-7	SE,AF	
Q5VU43-10		no Ensembl transcript
Q5VU43-11	A5SS,AL	
Q5VU43-12		no Ensembl transcript
Q5VU43-13	SE,A5SS,AF,AL	
Q5VU43-2	SE,AF,AL	
Q5VU43-3	SE,A5SS,A3SS,AF	
Q5VU43-4	SE,AL	
Q5VU43-6	SE,AL	
Q5VU43-7	A5SS,AL	
Q5VU43-8	A5SS,A3SS,AF,AL	
Q5VU43-9		no Ensembl transcript
Q5VU57-2		canonical and isoform share a transcript
Q5VU65-2	SE	
Q5VU97-2	A3SS,AF	
Q5VUA4-2	SE,AL	
Q5VUD6-2	A3SS,AF	
Q5VUJ6-2	SE	
Q5VUJ9-2		no Ensembl transcript
Q5VUJ9-3		no Ensembl transcript
Q5VV41-2	A3SS,AF	
Q5VV42-2		no Ensembl transcript
Q5VV42-3	SE,AL	
Q5VV43-2	SE,AF	
Q5VV43-3	A3SS,AF	
Q5VV43-4	SE	
Q5VV52-3	A3SS,AF	
Q5VV63-2	A5SS,AL	
Q5VV67-2	A3SS	
Q5VVJ2-2		no Ensembl transcript
Q5VVJ2-3		no Ensembl transcript
Q5VVM6-2		no Ensembl transcript
Q5VVQ6-2	A3SS,AF	
Q5VVW2-2		no Ensembl transcript
Q5VVW2-3		no Ensembl transcript
Q5VVW2-4		no Ensembl transcript
Q5VVW2-5	A3SS,AF	
Q5VVX9-2	SE,AL	
Q5VW22-2	SE	
Q5VW32-2	SE	
Q5VW38-2	SE	
Q5VW38-3		no Ensembl transcript
Q5VWK0-2	SE	
Q5VWK5-2		no Ensembl transcript
Q5VWK5-3	SE,A5SS,AL	
Q5VWK5-4	SE,A5SS,AL	
Q5VWK5-5		no Ensembl transcript
Q5VWK5-6	SE,AF	
Q5VWK5-7		no Ensembl transcript
Q5VWN6-2		no Ensembl transcript
Q5VWP3-1		canonical and isoform share a transcript
Q5VWP3-2	SE,MXE,AF	
Q5VWP3-4	SE,AL	
Q5VWQ0-4		no Ensembl transcript
Q5VWQ8-2	A3SS,AF	
Q5VWQ8-3		no Ensembl transcript
Q5VWQ8-4		no Ensembl transcript
Q5VWQ8-5	SE,A5SS,AF,AL	
Q5VWT5-2	SE,A5SS,AL	
Q5VWW1-2		no Ensembl transcript
Q5VWW1-3		no Ensembl transcript
Q5VWZ2-2	A3SS	
Q5VX52-2		no Ensembl transcript
Q5VX52-4		no Ensembl transcript
Q5VX71-2		no Ensembl transcript
Q5VX71-3	SE,AL	
Q5VX71-4		no Ensembl transcript
Q5VXD3-2	SE,AF	
Q5VXD3-3		no Ensembl transcript
Q5VXD3-4	A3SS,AF	
Q5VXM1-2		no Ensembl transcript
Q5VXT5-2	A5SS,AL	
Q5VXU1-2	A5SS,AL	
Q5VXU1-3		canonical and isoform share a transcript
Q5VXU3-2	SE	
Q5VXU9-2	A5SS,A3SS,AF,AL	
Q5VXU9-3	SE,AF	
Q5VYM1-2	A3SS,AF	
Q5VYM1-3	SE,AF	
Q5VYS4-2		no Ensembl transcript
Q5VYS8-2	A5SS,AL	
Q5VYS8-3	SE,AL	
Q5VYS8-4	SE	
Q5VYS8-5	A5SS,AL	
Q5VYS8-6		no Ensembl transcript
Q5VYX0-2	SE,AL	
Q5VYY2-2	SE,AF	
Q5VZ03-3	SE,AL	
Q5VZ19-2	A5SS,AL	
Q5VZ46-2	A3SS,AF	
Q5VZ52-2		no Ensembl transcript
Q5VZ89-3		canonical and isoform share a transcript
Q5VZ89-5		no Ensembl transcript
Q5VZ89-7	SE	
Q5VZE5-2	SE,AL	
Q5VZF2-2	SE,A5SS	
Q5VZF2-3	SE	
Q5VZI3-2		no Ensembl transcript
Q5VZI3-3	A3SS	
Q5VZK9-2		no Ensembl transcript
Q5VZK9-3		no Ensembl transcript
Q5VZK9-4		no Ensembl transcript
Q5VZL5-2		no Ensembl transcript
Q5VZL5-3	SE,A3SS,AF	
Q5VZL5-4		canonical and isoform share a transcript
Q5VZM2-2	SE	
Q5VZR2-2	SE,AL	
Q5VZY2-2	SE	
Q5VZY2-3		no Ensembl transcript
Q5VZY2-4	SE,A5SS	
Q5W041-3	SE,AL	
Q5W041-4	A3SS	
Q5W041-5		no Ensembl transcript
Q5W0A0-2		no Ensembl transcript
Q5W0N0-2	SE,AF	
Q5W0Q7-2	A3SS,AF	
Q5W0U4-2	SE,A5SS,A3SS	
Q5W0V3-2	SE,AL	
Q5W0Z9-2		no Ensembl transcript
Q5W0Z9-3	SE,A3SS,AL	
Q5W0Z9-4	SE,AL	
Q5W111-2	SE	
Q5W5W9-1		no Ensembl transcript
Q5W5W9-3		no Ensembl transcript
Q5W5X9-2	A5SS,AL	
Q5W5X9-3	SE,AL	
Q5XG87-2		no Ensembl transcript
Q5XG92-2		no Ensembl transcript
Q5XG92-4	A3SS,AF	
Q5XG92-5	SE,A5SS	
Q5XG92-6	A3SS,AF	
Q5XG92-7	SE,A5SS,A3SS,AF	
Q5XG92-8		no Ensembl transcript
Q5XG99-2	SE,A3SS	
Q5XKK7-2	A5SS,AL	
Q5XKK7-3	SE,AL	
Q5XKL5-4		no Ensembl transcript
Q5XKR9-2	A5SS	
Q5XKR9-3	A5SS,AL	
Q5XKR9-4	SE,A5SS,AF,AL	
Q5XKR9-5	A5SS,AL	
Q5XKR9-6	SE,A5SS,AF,AL	
Q5XPI4-2		no Ensembl transcript
Q5XUX0-2		no Ensembl transcript
Q5XUX1-2	A5SS,A3SS	
Q5XX13-2	SE,A5SS,A3SS,RI	
Q5XX13-3	SE	
Q5XX13-4		no Ensembl transcript
Q5XXA6-2	SE,A3SS,AF	
Q5XXA6-3	SE,MXE,A5SS,AF,AL	
Q5XXA6-4		canonical and isoform share a transcript
Q5XXA6-5	SE,A3SS,AF	
Q5YKI7-2		no Ensembl transcript
Q5ZPR3-2	SE	
Q5ZPR3-3		no Ensembl transcript
Q5ZPR3-4	A5SS,AL	
Q60I27-2		no Ensembl transcript
Q60I27-3		no Ensembl transcript
Q60I27-4		no Ensembl transcript
Q60I27-5		no Ensembl transcript
Q60I27-6		no Ensembl transcript
Q63HK3-2		no Ensembl transcript
Q63HM1-2	A5SS	
Q63HN8-4		no Ensembl transcript
Q63HN8-5	A5SS,AL	
Q63HN8-6		no Ensembl transcript
Q63HQ0-2	SE	
Q63HQ2-2	SE	
Q63HQ2-3	SE,A3SS,AF	
Q63HQ2-4	SE,MXE,AF	
Q63HQ2-5	A3SS,AF	
Q63HR2-2	A5SS	
Q63HR2-4	SE,AF	
Q63HR2-5	A3SS,AF	
Q63HR2-6	A5SS	
Q63ZE4-2		no Ensembl transcript
Q63ZY3-2	A3SS	
Q63ZY3-3	A5SS,AL	
Q63ZY6-2		no Ensembl transcript
Q63ZY6-4		no Ensembl transcript
Q63ZY6-5		no Ensembl transcript
Q63ZY6-6		no Ensembl transcript
Q641Q2-2	SE	
Q641Q3-2	A3SS,AF	
Q64ET8-2	A3SS	
Q64LD2-2	SE,AF	
Q658L1-2	SE	
Q658P3-2	A3SS,AF	
Q658P3-3		no Ensembl transcript
Q658P3-4		no Ensembl transcript
Q658T7-2		no Ensembl transcript
Q659A1-2	AL	
Q659C4-2		no Ensembl transcript
Q659C4-3	SE,AL	
Q659C4-4		no Ensembl transcript
Q659C4-5		no Ensembl transcript
Q659C4-6		no Ensembl transcript
Q659C4-7		no Ensembl transcript
Q659C4-8		no Ensembl transcript
Q659C4-9		no Ensembl transcript
Q66GS9-2	A5SS,AL	
Q66K14-2	SE	
Q66K41-2		no Ensembl transcript
Q66K74-2	SE,AF	
Q66K79-2	SE	
Q66K79-3	A3SS,AF	
Q66K80-2		no Ensembl transcript
Q66PJ3-1		no Ensembl transcript
Q66PJ3-10	A5SS,A3SS,AL	
Q66PJ3-2		no Ensembl transcript
Q66PJ3-3		no Ensembl transcript
Q66PJ3-4		no Ensembl transcript
Q66PJ3-5	A3SS	
Q66PJ3-6		no Ensembl transcript
Q66PJ3-7	A5SS	
Q66PJ3-9	A5SS,A3SS	
Q674R7-2		no Ensembl transcript
Q674R7-3		no Ensembl transcript
Q674X7-2	A5SS,AL	
Q674X7-3	SE,A5SS,AF,AL	
Q674X7-4	A5SS,A3SS,AF,AL	
Q674X7-5		no Ensembl transcript
Q676U5-2	SE	
Q676U5-3		no Ensembl transcript
Q676U5-4	SE,A5SS,A3SS	
Q676U5-5	SE	
Q684P5-2	SE	
Q684P5-3	A3SS,AF	
Q685J3-2		no Ensembl transcript
Q687X5-2	SE	
Q68BL7-2		no Ensembl transcript
Q68BL7-3	SE,AF	
Q68BL8-2	A3SS,AF	
Q68CJ9-2	A3SS	
Q68CJ9-4	A3SS	
Q68CJ9-5	SE,A5SS	
Q68CL5-1		canonical and isoform share a transcript
Q68CL5-3	SE,A5SS,AL	
Q68CL5-4	SE	
Q68CL5-5	SE,MXE,AL	
Q68CP4-2		no Ensembl transcript
Q68CP9-3		no Ensembl transcript
Q68CQ1-1		no Ensembl transcript
Q68CQ1-2	SE,AL	
Q68CQ1-4		no Ensembl transcript
Q68CQ1-8	AL	
Q68CQ1-9		no Ensembl transcript
Q68CQ7-2		no Ensembl transcript
Q68CR1-2	SE,AF	
Q68CR1-3	A3SS,AF	
Q68CZ1-2	SE	
Q68CZ2-2		no Ensembl transcript
Q68CZ2-3		no Ensembl transcript
Q68CZ2-4	SE,AL	
Q68CZ6-2	SE,A5SS,AL	
Q68D06-2	A5SS,A3SS,RI	
Q68D10-2		no Ensembl transcript
Q68D10-3		no Ensembl transcript
Q68D51-2		no Ensembl transcript
Q68D51-3	SE	
Q68D86-2	A5SS,AL	
Q68D91-2	A5SS,AL	
Q68DA7-2	SE,AL	
Q68DA7-3	SE,A5SS,AF,AL	
Q68DA7-5	SE,AF	
Q68DC2-3		no Ensembl transcript
Q68DC2-4		no Ensembl transcript
Q68DD2-2		no Ensembl transcript
Q68DD2-3		no Ensembl transcript
Q68DK2-2		no Ensembl transcript
Q68DK2-3		no Ensembl transcript
Q68DK2-4		no Ensembl transcript
Q68DK2-5		no Ensembl transcript
Q68DK7-2		no Ensembl transcript
Q68DK7-3	A3SS,AF	
Q68DQ2-1		no Ensembl transcript
Q68DQ2-2		no Ensembl transcript
Q68DV7-2	SE	
Q68DV7-3	A3SS,AF	
Q68DV7-4		identical exon structure
Q68DX3-2	SE,A3SS,AF	
Q68DX3-3		no Ensembl transcript
Q68DX3-4		no Ensembl transcript
Q68DX3-5		no Ensembl transcript
Q68DY1-2		no Ensembl transcript
Q68DY1-3	SE,AL	
Q68DY9-2	A3SS,AF	
Q68DY9-3	SE	
Q68E01-2		no Ensembl transcript
Q68E01-3		no Ensembl transcript
Q68E01-4		no Ensembl transcript
Q68EM7-2	SE	
Q68EM7-3		no Ensembl transcript
Q68EM7-4		no Ensembl transcript
Q68EM7-5		no Ensembl transcript
Q68EM7-6		no Ensembl transcript
Q68EM7-7		no Ensembl transcript
Q68EN5-2	AL	
Q68EN5-3		no Ensembl transcript
Q68G74-2	A3SS,AF	
Q68G75-2		no Ensembl transcript
Q68G75-3	SE	
Q68G75-4	SE,A5SS,AL	
Q68G75-5	SE,A5SS	
Q68G75-6	SE,A5SS	
Q693B1-2	A3SS	
Q69YH5-2		no Ensembl transcript
Q69YI7-2		no Ensembl transcript
Q69YN2-2		no Ensembl transcript
Q69YN2-3	SE,A3SS	
Q69YN4-2		no Ensembl transcript
Q69YN4-3		no Ensembl transcript
Q69YN4-4	A5SS,AL	
Q69YQ0-2	SE	
Q6A555-2	SE,AL	
Q6AHZ1-2		identical exon structure
Q6AW86-2		no Ensembl transcript
Q6AWC2-2		no Ensembl transcript
Q6AWC2-3	A3SS,AF	
Q6AWC2-4	A5SS	
Q6AWC2-5	SE,A5SS,A3SS,AF,AL	
Q6AWC2-6	A5SS	
Q6AWC2-7	A3SS,AF	
Q6AZY7-2	SE,AL	
Q6AZZ1-2		no Ensembl transcript
Q6B8I1-2	SE,AL	
Q6B8I1-3	AL	
Q6B8I1-4	SE,AL	
Q6B8I1-5	SE,AL	
Q6BAA4-2	A5SS,A3SS	
Q6BAA4-3	SE,A5SS,A3SS	
Q6BAA4-4	A5SS,A3SS	
Q6BAA4-5	SE,A5SS,A3SS	
Q6BCY4-2	SE,AL	
Q6DHV5-1		no Ensembl transcript
Q6DHV5-2		no Ensembl transcript
Q6DHV5-4	SE,A5SS,AF,AL	
Q6DHV7-2	A5SS,AL	
Q6DHV7-3	SE	
Q6DJT9-2	A3SS,AF	
Q6DKI1-2	SE,A5SS	
Q6DKJ4-2		no Ensembl transcript
Q6DKJ4-3	SE,AF	
Q6DN12-2	SE	
Q6DN12-3		no Ensembl transcript
Q6DN12-4	SE,A3SS,AF,AL	
Q6DN12-6	SE,AL	
Q6DN14-2	SE,AF	
Q6DN14-3	SE,MXE,AF	
Q6DN14-4	SE,AF,AL	
Q6DN14-5	A3SS,AF	
Q6DN72-2	A3SS,AF	
Q6DN72-3	SE,A5SS	
Q6DN72-4	SE	
Q6DN90-2		no Ensembl transcript
Q6DN90-3	SE,MXE,AF,AL	
Q6E0U4-10		no Ensembl transcript
Q6E0U4-11		no Ensembl transcript
Q6E0U4-12		no Ensembl transcript
Q6E0U4-13	A3SS,AF	
Q6E0U4-14		no Ensembl transcript
Q6E0U4-15	SE,AF	
Q6E0U4-16	SE,MXE	
Q6E0U4-2		no Ensembl transcript
Q6E0U4-3	SE,AL	
Q6E0U4-4	SE,MXE	
Q6E0U4-5	SE,AL	
Q6E0U4-6	SE,AL	
Q6E0U4-7	SE,MXE,AL	
Q6E0U4-8	SE,AF	
Q6E0U4-9		no Ensembl transcript
Q6ECI4-2		no Ensembl transcript
Q6EEV4-2	A5SS,A3SS,AL	
Q6EIG7-2		canonical and isoform share a transcript
Q6EKJ0-2	SE,A5SS,AL	
Q6EMB2-2	SE,A3SS,AF,AL	
Q6EMB2-3	SE,AL	
Q6F5E8-2	SE,A5SS,A3SS,RI	
Q6FI81-2		no Ensembl transcript
Q6FI81-3	A3SS	
Q6FIF0-2	A3SS	
Q6GPH4-2	SE	
Q6GPH4-3	SE,A5SS,AL	
Q6GPH4-4	SE,A5SS,AL	
Q6GPH4-5		no Ensembl transcript
Q6GPH4-6		no Ensembl transcript
Q6GPH4-7		no Ensembl transcript
Q6GPH6-2	A3SS,AF	
Q6GPH6-3	A3SS,AF	
Q6GQQ9-2		no Ensembl transcript
Q6GTS8-2	SE,A5SS,AL	
Q6GTX8-2	SE	
Q6GTX8-3	SE,A3SS	
Q6GTX8-4		no Ensembl transcript
Q6GYQ0-2	SE,AL	
Q6GYQ0-3		no Ensembl transcript
Q6GYQ0-4		no Ensembl transcript
Q6GYQ0-5		no Ensembl transcript
Q6GYQ0-6	SE	
Q6GYQ0-7	SE,A3SS	
Q6H3X3-2	AL	
Q6H3X3-3		no Ensembl transcript
Q6H8Q1-2	SE	
Q6H8Q1-3	SE,MXE	
Q6H8Q1-4	SE,MXE,A3SS,AF	
Q6H8Q1-5		no Ensembl transcript
Q6H8Q1-6	SE,MXE,AL	
Q6H8Q1-7	SE	
Q6H8Q1-8	SE,A3SS	
Q6H8Q1-9	SE,A3SS	
Q6H9L7-2	SE,A5SS	
Q6H9L7-3		no Ensembl transcript
Q6H9L7-4	SE,AL	
Q6H9L7-5		no Ensembl transcript
Q6IA17-2		no Ensembl transcript
Q6IA69-2		no Ensembl transcript
Q6IA86-2	SE	
Q6IA86-3	SE	
Q6IA86-4	A5SS,A3SS,AL	
Q6IA86-5	SE,MXE	
Q6IA86-6	SE	
Q6IA86-7	SE	
Q6IB77-2	A5SS,AL	
Q6IBW4-2		no Ensembl transcript
Q6IBW4-4	A3SS	
Q6IBW4-5	A5SS,AL	
Q6IC98-2	A3SS,AF	
Q6ICG6-2	SE,AF	
Q6ICG6-3	A3SS,AF	
Q6ICL3-2	SE	
Q6ICL3-3		no Ensembl transcript
Q6ICL3-4	SE,AF	
Q6ICL3-5	SE,A3SS,AF	
Q6ICL3-6	SE,MXE,A5SS,AF	
Q6ICL7-2	SE,AL	
Q6IE81-2	A3SS	
Q6IE81-3	A5SS,AL	
Q6IEE8-2		no Ensembl transcript
Q6IEG0-2		no Ensembl transcript
Q6IMI4-2		no Ensembl transcript
Q6IMI6-2	SE,AL	
Q6IMN6-10	SE,A3SS	
Q6IMN6-2	SE,A3SS	
Q6IMN6-3	A3SS	
Q6IMN6-4	A3SS,AF	
Q6IMN6-5	SE,A5SS,AL	
Q6IMN6-6		no Ensembl transcript
Q6IMN6-7		no Ensembl transcript
Q6IMN6-9		canonical and isoform share a transcript
Q6IN84-2		no Ensembl transcript
Q6IN85-2	A5SS	
Q6IN85-4	SE	
Q6IN85-5	A5SS,AL	
Q6IPM2-2	A3SS,AF	
Q6IPM2-3		no Ensembl transcript
Q6IPM2-4	SE	
Q6IPR3-2	SE	
Q6IPT2-2	A3SS	
Q6IPT4-3	SE	
Q6IPT4-4	SE	
Q6IPU0-2	SE,AF	
Q6IPW1-2	A5SS,AL	
Q6IPX3-2		no Ensembl transcript
Q6IQ19-2	SE,AF	
Q6IQ19-3		no Ensembl transcript
Q6IQ19-4		no Ensembl transcript
Q6IQ23-2		canonical and isoform share a transcript
Q6IQ23-3		no Ensembl transcript
Q6IQ26-2	A5SS	
Q6IQ49-2		no Ensembl transcript
Q6IQ49-3		no Ensembl transcript
Q6IQ55-2		no Ensembl transcript
Q6IQ55-3	A5SS,AL	
Q6ISB3-2	A3SS,AF	
Q6ISS4-2	SE	
Q6ISU1-2	SE	
Q6ISU1-3	SE,A3SS	
Q6IWH7-2		no Ensembl transcript
Q6IWH7-3		no Ensembl transcript
Q6J272-2		no Ensembl transcript
Q6J4K2-2	SE	
Q6JBY9-2		no Ensembl transcript
Q6JQN1-2	SE,AL	
Q6JQN1-3		no Ensembl transcript
Q6JQN1-4	SE,A5SS,AL	
Q6JQN1-5	SE	
Q6JVE6-2	SE,A3SS	
Q6JVE9-2	SE,AF	
Q6K0P9-2	A3SS	
Q6K0P9-3	SE,AL	
Q6K0P9-4	SE,A3SS,AL	
Q6K0P9-5	SE,AL	
Q6K0P9-6		no Ensembl transcript
Q6KB66-2	SE,AL	
Q6KB66-3		no Ensembl transcript
Q6KC79-2	A5SS,AL	
Q6KC79-3		no Ensembl transcript
Q6KCM7-2	SE,AF	
Q6KCM7-3	SE,MXE,AF	
Q6KCM7-4	SE,AF	
Q6KCM7-5	SE,MXE,AF	
Q6KCM7-6		no Ensembl transcript
Q6L8Q7-2		no Ensembl transcript
Q6MZP7-2	SE	
Q6MZP7-3	A5SS	
Q6MZP7-4		no Ensembl transcript
Q6MZP7-5	SE,A5SS,AL	
Q6MZQ0-2		no Ensembl transcript
Q6MZQ0-3	SE	
Q6MZQ0-4	SE,A5SS	
Q6MZW2-2		no Ensembl transcript
Q6MZW2-3		no Ensembl transcript
Q6MZZ7-2	AL	
Q6N021-2	A5SS,AL	
Q6N021-3	SE,A5SS,AL	
Q6N043-2	A3SS,AF	
Q6N043-3	A5SS,AL	
Q6N043-4	SE,A3SS,AF,AL	
Q6N043-5		no Ensembl transcript
Q6N043-6	A5SS,AL	
Q6N063-2	SE,AF	
Q6N063-3	A5SS,A3SS,AL	
Q6N063-4	A3SS,AF	
Q6N069-2		no Ensembl transcript
Q6N069-3	A5SS,AL	
Q6N069-4	A5SS,AL	
Q6N069-5	A5SS,AL	
Q6N075-2	A3SS,AF	
Q6NS38-2	SE,A5SS	
Q6NSI4-2	A5SS,AL	
Q6NSI4-3		no Ensembl transcript
Q6NSI4-4	SE,A5SS	
Q6NSI8-2	SE,AL	
Q6NSI8-3		identical exon structure
Q6NSI8-4	A5SS,AL	
Q6NSJ2-2	A5SS,AL	
Q6NSZ9-2		no Ensembl transcript
Q6NSZ9-3		no Ensembl transcript
Q6NSZ9-4	A5SS,AL	
Q6NT04-2		no Ensembl transcript
Q6NT32-2	SE	
Q6NT32-3	A3SS,AF	
Q6NT32-4	SE,AF	
Q6NT76-2	SE,A3SS,AL	
Q6NT76-3	A3SS	
Q6NT76-4	SE,AL	
Q6NT76-5	SE,A3SS	
Q6NTE8-2		no Ensembl transcript
Q6NTE8-3	SE	
Q6NTF7-2	SE,AL	
Q6NTF7-3	SE,AL	
Q6NTF7-4		no Ensembl transcript
Q6NTF9-2		no Ensembl transcript
Q6NTF9-3	A3SS,AF	
Q6NUI2-3	SE,A5SS,AL	
Q6NUI2-4	A3SS	
Q6NUI2-5		no Ensembl transcript
Q6NUI6-2		no Ensembl transcript
Q6NUJ5-2	A5SS,AL	
Q6NUK1-2	SE,AF	
Q6NUK4-2	A5SS,AL	
Q6NUM6-2		no Ensembl transcript
Q6NUM9-2		no Ensembl transcript
Q6NUN0-2	A5SS,AL	
Q6NUN7-2	SE,AL	
Q6NUN9-2	A3SS	
Q6NUN9-3		no Ensembl transcript
Q6NUP7-2	SE,AL	
Q6NUQ4-2	SE	
Q6NUS6-2	A5SS,AL	
Q6NUS6-3		no Ensembl transcript
Q6NUS6-4	SE,A5SS,AL	
Q6NUS6-5	SE	
Q6NUS8-2	SE,A3SS,AF,AL	
Q6NUT2-2		no Ensembl transcript
Q6NUT3-2	A5SS	
Q6NUT3-3		no Ensembl transcript
Q6NUT3-4		no Ensembl transcript
Q6NVV9-2		no Ensembl transcript
Q6NVV9-3		no Ensembl transcript
Q6NVV9-4		no Ensembl transcript
Q6NVV9-5		no Ensembl transcript
Q6NVV9-6		no Ensembl transcript
Q6NVV9-7		no Ensembl transcript
Q6NVY1-2	SE,A5SS	
Q6NW29-2	A3SS,AF	
Q6NW34-2	SE	
Q6NWY9-2	A3SS,AF	
Q6NWY9-3		no Ensembl transcript
Q6NWY9-4		no Ensembl transcript
Q6NXE6-2	A3SS,AF	
Q6NXG1-2	SE,AL	
Q6NXG1-3	A5SS	
Q6NXG1-4		no Ensembl transcript
Q6NXG1-5	SE,A5SS,AL	
Q6NXP2-2	A3SS	
Q6NXP6-2		no Ensembl transcript
Q6NXT1-2		no Ensembl transcript
Q6NXT4-2	SE	
Q6NXT4-3	SE	
Q6NXT4-4	SE	
Q6NXT6-2		no Ensembl transcript
Q6NY19-1		canonical and isoform share a transcript
Q6NYC1-2		no Ensembl transcript
Q6NYC1-3	A5SS,AL	
Q6NYC8-2		no Ensembl transcript
Q6NYC8-3		no Ensembl transcript
Q6NYC8-4	A3SS	
Q6NZ36-2		no Ensembl transcript
Q6NZ36-3		no Ensembl transcript
Q6NZ36-4	A5SS,AL	
Q6NZ36-5	SE,AL	
Q6NZ36-6	SE,A5SS	
Q6NZ63-2	SE,A3SS,AL	
Q6NZI2-2		no Ensembl transcript
Q6NZI2-3		no Ensembl transcript
Q6NZY4-2	A3SS,AF	
Q6P087-2		no Ensembl transcript
Q6P087-3		no Ensembl transcript
Q6P093-3		no Ensembl transcript
Q6P0N0-2		no Ensembl transcript
Q6P0Q8-2		no Ensembl transcript
Q6P158-2		no Ensembl transcript
Q6P158-3		no Ensembl transcript
Q6P179-2	A5SS,AL	
Q6P179-3	SE	
Q6P179-4	A5SS,AL	
Q6P1A2-2		no Ensembl transcript
Q6P1J6-2		no Ensembl transcript
Q6P1J6-3	SE,A3SS	
Q6P1J6-4		no Ensembl transcript
Q6P1J6-5		no Ensembl transcript
Q6P1K1-2	A3SS,AF	
Q6P1K2-2	SE,MXE	
Q6P1K2-3	SE,AL	
Q6P1K2-4		no Ensembl transcript
Q6P1K2-5	SE,A3SS,AL	
Q6P1K2-6	A5SS,A3SS	
Q6P1L5-2		no Ensembl transcript
Q6P1L6-2	A3SS,AF	
Q6P1L6-3	SE,AL	
Q6P1M0-2	SE,A3SS,AF	
Q6P1M3-2	SE,A5SS	
Q6P1M3-3	A5SS,AL	
Q6P1N0-2	A3SS	
Q6P1N9-2	A3SS,AF	
Q6P1Q0-2	A3SS,AF	
Q6P1Q0-3	SE,A5SS,AL	
Q6P1Q0-4	SE	
Q6P1Q0-5		no Ensembl transcript
Q6P1Q0-6	SE,A5SS,AL	
Q6P1Q0-7	A5SS	
Q6P1Q9-2	SE,A3SS	
Q6P1R3-2	A3SS,AF	
Q6P1R3-3	A3SS	
Q6P1S2-2	A3SS,AF	
Q6P1W5-2	A3SS,AF	
Q6P1X6-2		no Ensembl transcript
Q6P2C0-2	A3SS	
Q6P2C8-2	SE	
Q6P2C8-4	SE,AL	
Q6P2D0-2	A3SS	
Q6P2D8-2	SE,A5SS	
Q6P2D8-3		no Ensembl transcript
Q6P2D8-4		no Ensembl transcript
Q6P2D8-5	SE,A3SS,AF	
Q6P2E9-2		no Ensembl transcript
Q6P2H3-2	A3SS	
Q6P2H3-3		no Ensembl transcript
Q6P2H3-4	SE	
Q6P2H8-2		canonical and isoform share a transcript
Q6P2M8-2	A5SS,A3SS	
Q6P2M8-3		no Ensembl transcript
Q6P2M8-5	A3SS,AF	
Q6P2M8-6	A3SS,AF	
Q6P2P2-2		canonical and isoform share a transcript
Q6P2S7-2		no Ensembl transcript
Q6P2S7-3		no Ensembl transcript
Q6P387-2	A5SS,AL	
Q6P3S1-2	SE,A5SS,AL	
Q6P3S1-3		no Ensembl transcript
Q6P3S1-4	SE,MXE,A5SS,AF,AL	
Q6P3S1-5	A5SS,AL	
Q6P3V2-2		no Ensembl transcript
Q6P3W2-2	SE,AL	
Q6P3X8-2	A3SS,AF	
Q6P444-2	SE,AL	
Q6P461-2		no Ensembl transcript
Q6P461-3		no Ensembl transcript
Q6P499-2	A3SS,AF	
Q6P499-3	SE,AL	
Q6P4A7-2		no Ensembl transcript
Q6P4A7-3		no Ensembl transcript
Q6P4D5-2	SE,MXE,A5SS	
Q6P4D5-3	SE,A3SS,AF,AL	
Q6P4E1-2	SE	
Q6P4E1-3	SE,A5SS,AL	
Q6P4E1-5		no Ensembl transcript
Q6P4F1-2		no Ensembl transcript
Q6P4F1-3		no Ensembl transcript
Q6P4F1-4		no Ensembl transcript
Q6P4F1-5		no Ensembl transcript
Q6P4F1-6	A3SS,AF	
Q6P4F1-7		no Ensembl transcript
Q6P4F2-2		identical exon structure
Q6P4F7-2	A5SS,AL	
Q6P4F7-3	A3SS,AF	
Q6P4H8-2	SE	
Q6P4Q7-2		no Ensembl transcript
Q6P4R8-2	A3SS	
Q6P4R8-3		no Ensembl transcript
Q6P531-2	SE	
Q6P587-2		no Ensembl transcript
Q6P587-3		no Ensembl transcript
Q6P597-2	A3SS	
Q6P597-3	A3SS	
Q6P5Q4-2		no Ensembl transcript
Q6P5Q4-3		no Ensembl transcript
Q6P5S7-2		no Ensembl transcript
Q6P5W5-2	A3SS,AF	
Q6P5X5-2	SE,AL	
Q6P5X7-2	A3SS	
Q6P5X7-3	SE	
Q6P656-2		no Ensembl transcript
Q6P6B1-2	SE	
Q6P6B7-2	SE,A5SS	
Q6P6C2-1		no Ensembl transcript
Q6P6C2-3		no Ensembl transcript
Q6P995-2		no Ensembl transcript
Q6P996-2	SE,A5SS,AL	
Q6P996-3	SE,A3SS,AF	
Q6P996-4	SE,A3SS	
Q6P996-5	SE	
Q6P9A2-2		no Ensembl transcript
Q6P9A3-2	SE	
Q6P9F0-2	SE,AL	
Q6P9F0-3	SE,AF	
Q6P9F5-2	A3SS	
Q6P9G0-2		identical exon structure
Q6P9G9-2	A5SS,AL	
Q6P9G9-3	SE,AL	
Q6P9H5-2		no Ensembl transcript
Q6P9H5-3		identical exon structure
Q6PB30-2	A5SS,AL	
Q6PCB0-2		no Ensembl transcript
Q6PCB0-3	AL	
Q6PCB5-2	A3SS,AF	
Q6PCB6-2	A5SS	
Q6PCB7-2	A3SS,AF	
Q6PCB8-2	A3SS,AF	
Q6PCT2-2		no Ensembl transcript
Q6PCT2-3		no Ensembl transcript
Q6PD74-2	A3SS,AF	
Q6PDA7-2		no Ensembl transcript
Q6PDA7-3	SE	
Q6PDA7-4		no Ensembl transcript
Q6PDB4-2	SE,A5SS,AL	
Q6PEV8-2		no Ensembl transcript
Q6PEZ8-2	SE,AF	
Q6PEZ8-3	SE,AF	
Q6PF04-2	A3SS,AF	
Q6PF05-2	SE,A5SS,AL	
Q6PF05-3		no Ensembl transcript
Q6PF06-2	SE,A3SS	
Q6PF06-3	A5SS,AL	
Q6PF06-4	SE,A3SS	
Q6PF06-5	SE,A3SS	
Q6PF15-2		no Ensembl transcript
Q6PF18-2	SE,A5SS	
Q6PFW1-2		no Ensembl transcript
Q6PFW1-3	SE,A3SS	
Q6PFW1-4		no Ensembl transcript
Q6PFW1-5		no Ensembl transcript
Q6PFW1-6		no Ensembl transcript
Q6PFW1-7	SE,MXE,A3SS	
Q6PGN9-2	A5SS,A3SS,RI	
Q6PGN9-3	A5SS,A3SS,RI	
Q6PGN9-4		no Ensembl transcript
Q6PGQ7-2	SE,A3SS	
Q6PH81-2	SE	
Q6PH85-2	SE,AL	
Q6PHR2-2		no Ensembl transcript
Q6PHR2-3	A5SS	
Q6PHR2-4	SE,AF	
Q6PHW0-3	SE,AL	
Q6PHW0-4	SE,A5SS	
Q6PHW0-5		no Ensembl transcript
Q6PHW0-6		no Ensembl transcript
Q6PHW0-7		no Ensembl transcript
Q6PI26-2	SE,AF	
Q6PI47-2		no Ensembl transcript
Q6PI47-3		no Ensembl transcript
Q6PI73-2		no Ensembl transcript
Q6PI97-2		no Ensembl transcript
Q6PI97-3	SE	
Q6PI98-3	SE,AL	
Q6PI98-4	SE	
Q6PID8-2		no Ensembl transcript
Q6PIF6-2		no Ensembl transcript
Q6PII5-2	A5SS,RI,AL	
Q6PII5-3	A5SS,A3SS,RI	
Q6PII5-4		no Ensembl transcript
Q6PIJ6-2	A5SS	
Q6PIJ6-3	SE	
Q6PIL6-2	SE	
Q6PIL6-3	A3SS,AF	
Q6PIL6-4	SE,MXE,AF	
Q6PIL6-5	SE,MXE,AF	
Q6PIS1-2	SE,A3SS	
Q6PIS1-5	A5SS	
Q6PIU2-2		canonical and isoform share a transcript
Q6PIU2-3	A3SS,AF	
Q6PIV2-2	SE,A3SS,AL	
Q6PIW4-2		identical exon structure
Q6PIY5-2		no Ensembl transcript
Q6PIY7-2	A3SS	
Q6PJE2-5	AL	
Q6PJF5-2	A3SS	
Q6PJG6-2		no Ensembl transcript
Q6PJG6-3		no Ensembl transcript
Q6PJI9-2	A5SS,AL	
Q6PJI9-3		no Ensembl transcript
Q6PJI9-4		no Ensembl transcript
Q6PJT7-10		no Ensembl transcript
Q6PJT7-11		no Ensembl transcript
Q6PJT7-2		canonical and isoform share a transcript
Q6PJT7-3	SE,A3SS	
Q6PJT7-4	SE,A3SS,AF	
Q6PJT7-5	SE	
Q6PJT7-6	SE,MXE,A3SS,AF	
Q6PJT7-8	SE,MXE,AF	
Q6PJT7-9	A5SS,A3SS	
Q6PJW8-2	A5SS,AL	
Q6PJW8-3		no Ensembl transcript
Q6PK18-2	SE,AL	
Q6PK81-2	A3SS	
Q6PKC3-2	SE	
Q6PKC3-3	SE,AL	
Q6PKG0-3	SE,AF	
Q6PKH6-2	SE,AL	
Q6PL18-2		no Ensembl transcript
Q6PL45-2	A5SS,A3SS,RI	
Q6PP77-2		no Ensembl transcript
Q6Q0C0-2		no Ensembl transcript
Q6Q0C1-2		no Ensembl transcript
Q6Q4G3-2	SE,A5SS,AL	
Q6Q4G3-3	SE,A3SS,AF,AL	
Q6Q4G3-4	SE,A3SS,AF,AL	
Q6Q6R5-2		no Ensembl transcript
Q6Q6R5-3	A5SS,AL	
Q6Q6R5-4		no Ensembl transcript
Q6Q8B3-2	A3SS,AF	
Q6QAJ8-2	SE	
Q6QEF8-2		no Ensembl transcript
Q6QEF8-3		no Ensembl transcript
Q6QEF8-4		no Ensembl transcript
Q6QEF8-5		no Ensembl transcript
Q6QHF9-4	SE,A5SS	
Q6QHF9-5	SE,A5SS,AL	
Q6QHF9-6	SE,A5SS,AL	
Q6QNK2-2		no Ensembl transcript
Q6QNK2-3	A3SS,AF	
Q6QNK2-4	SE	
Q6QNY1-2	A3SS,AF	
Q6R327-3	SE	
Q6R327-4	AL	
Q6RFH5-2	SE	
Q6RI45-2		no Ensembl transcript
Q6RI45-3		no Ensembl transcript
Q6RI45-4		no Ensembl transcript
Q6RI45-5		no Ensembl transcript
Q6RVD6-2		no Ensembl transcript
Q6RW13-2	A5SS	
Q6RW13-3	SE,A5SS,AL	
Q6RW13-4	SE,A5SS	
Q6RW13-5	SE,A5SS	
Q6S545-2		no Ensembl transcript
Q6S5H5-2	SE,AL	
Q6S5H5-4	SE,AL	
Q6S5L8-2	SE,AF	
Q6S8J3-2	SE,A5SS,AL	
Q6S8J3-3	SE,A5SS,AL	
Q6S8J7-2	SE	
Q6SA08-2	A3SS	
Q6SA08-3	A3SS,AF	
Q6SJ93-2	A3SS,AF	
Q6STE5-2	SE,AF	
Q6SZW1-2		no Ensembl transcript
Q6T311-2		no Ensembl transcript
Q6T4P5-2		no Ensembl transcript
Q6T4P5-3	A5SS,A3SS,RI	
Q6T4P5-4		no Ensembl transcript
Q6T4R5-2	SE	
Q6T4R5-3	SE,AF	
Q6T4R5-4		no Ensembl transcript
Q6TCH4-2	A5SS,A3SS,AF	
Q6TCH4-3	A5SS,A3SS,AF	
Q6TCH4-4	A3SS,AF	
Q6TCH4-5	A5SS	
Q6TCH7-2		no Ensembl transcript
Q6TCH7-3	SE,AL	
Q6TCH7-4	SE,A5SS,AL	
Q6TDU7-2	A3SS,AF	
Q6TDU7-3	SE,AF	
Q6TDU7-4	SE	
Q6TFL3-3		no Ensembl transcript
Q6TFL3-4	A3SS	
Q6TFL4-2	A5SS,AL	
Q6U841-2	SE	
Q6U841-3	SE,MXE,AF	
Q6U841-4		no Ensembl transcript
Q6UB35-2	SE,AL	
Q6UB98-2	SE	
Q6UE05-2	SE,AL	
Q6ULP2-6	SE,A3SS	
Q6ULP2-7		no Ensembl transcript
Q6ULP2-8	SE	
Q6ULP2-9	A3SS	
Q6UN15-3	SE	
Q6UN15-4	SE,A5SS,AL	
Q6UN15-5	SE,MXE	
Q6URK8-2	A3SS	
Q6UUV7-3	A3SS	
Q6UUV9-2	SE	
Q6UUV9-3		no Ensembl transcript
Q6UVM3-2	SE	
Q6UVM3-3	SE,MXE	
Q6UVM3-4		no Ensembl transcript
Q6UVW9-2	SE,AL	
Q6UVY6-2	A3SS,AF	
Q6UW02-2		no Ensembl transcript
Q6UW15-2	SE	
Q6UW56-2	A3SS,AF	
Q6UW56-3		no Ensembl transcript
Q6UW60-2		no Ensembl transcript
Q6UW88-2	A5SS,AL	
Q6UW88-3	A5SS	
Q6UW88-4	SE	
Q6UW88-5	A5SS	
Q6UW88-6	SE,A5SS	
Q6UW88-7	SE	
Q6UWB4-2	SE,AL	
Q6UWE0-2	SE	
Q6UWE0-3		no Ensembl transcript
Q6UWE3-2	SE,A5SS	
Q6UWF3-2	SE,A5SS,AL	
Q6UWF3-3	A5SS	
Q6UWF7-2	A3SS,AF	
Q6UWH4-2	SE,A3SS	
Q6UWH4-3	A5SS,AL	
Q6UWJ1-2	A5SS,AL	
Q6UWJ1-3	SE,AL	
Q6UWJ8-2	A5SS,AL	
Q6UWL2-2	SE,A5SS	
Q6UWL2-3		no Ensembl transcript
Q6UWL6-2	A5SS,RI	
Q6UWL6-3	SE,A5SS,RI	
Q6UWL6-5		no Ensembl transcript
Q6UWM5-2	SE	
Q6UWM7-2	A3SS,AF	
Q6UWN0-2	SE,A5SS	
Q6UWN5-2	A3SS,AF	
Q6UWP2-2	A3SS,AF	
Q6UWP2-3		no Ensembl transcript
Q6UWP7-2	SE,AL	
Q6UWP7-3	A3SS,AF	
Q6UWP8-2	A5SS,A3SS,RI	
Q6UWQ5-2	A3SS,AF	
Q6UWQ7-2		no Ensembl transcript
Q6UWT2-2		no Ensembl transcript
Q6UWT4-2	A5SS,AL	
Q6UWU2-2	SE	
Q6UWU4-2	A3SS,AF	
Q6UWU4-3	A3SS,AF	
Q6UWV2-2	A3SS	
Q6UWV2-3	SE,A5SS,AL	
Q6UWV7-2		no Ensembl transcript
Q6UWW8-2	A3SS,AF	
Q6UWZ7-2	A3SS,AF	
Q6UX01-2		no Ensembl transcript
Q6UX01-3	A3SS	
Q6UX01-4		canonical and isoform share a transcript
Q6UX01-5		no Ensembl transcript
Q6UX04-2		no Ensembl transcript
Q6UX07-2	A3SS,AF	
Q6UX07-3	SE	
Q6UX15-2	SE	
Q6UX15-3	SE,A3SS,AF	
Q6UX27-2	SE	
Q6UX27-3	A5SS,AL	
Q6UX39-2	A3SS	
Q6UX40-2		no Ensembl transcript
Q6UX40-3	A5SS,A3SS	
Q6UX40-4	A3SS	
Q6UX41-2		no Ensembl transcript
Q6UX41-3	SE,A5SS	
Q6UX41-4	A3SS,AF	
Q6UX41-5	A5SS	
Q6UX41-6	SE	
Q6UX41-7	SE,MXE,AF	
Q6UX46-2		no Ensembl transcript
Q6UX68-3	SE,AL	
Q6UX71-2	SE	
Q6UX71-3		no Ensembl transcript
Q6UX73-2	SE,AL	
Q6UXB0-1		canonical and isoform share a transcript
Q6UXB0-2	A3SS,AF	
Q6UXB8-2	A5SS	
Q6UXC1-2	SE	
Q6UXC1-3		no Ensembl transcript
Q6UXD5-2	A3SS	
Q6UXD5-3	SE,A3SS	
Q6UXD5-4		no Ensembl transcript
Q6UXD5-5	SE,MXE	
Q6UXD5-6	SE,MXE	
Q6UXD7-2	A3SS	
Q6UXD7-3	SE,A3SS	
Q6UXE8-2		no Ensembl transcript
Q6UXF1-2		no Ensembl transcript
Q6UXF7-2		no Ensembl transcript
Q6UXG2-2		no Ensembl transcript
Q6UXG2-3	SE,A5SS	
Q6UXG2-4		identical exon structure
Q6UXG3-2	SE,MXE,A3SS,AL	
Q6UXG3-3	SE,MXE,A3SS,AL	
Q6UXG3-4	SE,AL	
Q6UXG3-5	SE,MXE,AL	
Q6UXG8-2	A5SS,AL	
Q6UXG8-3	SE,AL	
Q6UXH1-2	SE	
Q6UXH1-3		no Ensembl transcript
Q6UXH1-4	SE	
Q6UXH1-5	SE	
Q6UXH1-6		no Ensembl transcript
Q6UXH8-2		no Ensembl transcript
Q6UXH8-3		no Ensembl transcript
Q6UXH9-2	SE	
Q6UXH9-3	SE	
Q6UXI7-2	SE	
Q6UXI7-3	A5SS,AL	
Q6UXI7-4	SE	
Q6UXI7-5	SE	
Q6UXI9-2	SE,AL	
Q6UXI9-3	SE	
Q6UXI9-4	SE,MXE	
Q6UXI9-5	SE	
Q6UXI9-6	SE	
Q6UXL0-3		no Ensembl transcript
Q6UXM1-2	SE,AF	
Q6UXS9-2		no Ensembl transcript
Q6UXS9-3		no Ensembl transcript
Q6UXS9-4		no Ensembl transcript
Q6UXS9-5		no Ensembl transcript
Q6UXS9-6		no Ensembl transcript
Q6UXS9-7		no Ensembl transcript
Q6UXS9-8		no Ensembl transcript
Q6UXT8-2	SE,AL	
Q6UXU4-2	A3SS,AF	
Q6UXU4-3	SE	
Q6UXU4-4	SE,A3SS,AF	
Q6UXV1-2		no Ensembl transcript
Q6UXX9-2	A3SS,AF	
Q6UXX9-3	SE,A3SS	
Q6UXY1-2		no Ensembl transcript
Q6UXY8-2	SE	
Q6UXY8-3	SE,AF	
Q6UXY8-4	A3SS,AF	
Q6UXZ0-2	SE,A5SS,AL	
Q6UXZ4-2	SE,AF	
Q6UY01-2	SE	
Q6UY01-3		no Ensembl transcript
Q6UY01-4	SE,AL	
Q6UY09-2	SE	
Q6UY09-3	SE	
Q6UY09-4	SE	
Q6UY09-5	SE,AL	
Q6UY11-2		no Ensembl transcript
Q6UY14-2	A5SS,AL	
Q6UY14-3	SE	
Q6UY27-2	SE	
Q6UYE1-2	SE,AL	
Q6V0I7-2	SE,MXE,A5SS,A3SS,AF	
Q6V0I7-3		no Ensembl transcript
Q6V1P9-5	SE,AL	
Q6V1X1-2	SE	
Q6V1X1-3	A3SS,AF	
Q6V1X1-4	SE,A3SS,AF	
Q6V1X1-5		no Ensembl transcript
Q6V1X1-6		no Ensembl transcript
Q6V702-1		canonical and isoform share a transcript
Q6V702-3		no Ensembl transcript
Q6V9R5-2	SE	
Q6VAB6-2		no Ensembl transcript
Q6VMQ6-2	A5SS,A3SS,AL	
Q6VMQ6-4	A3SS,AF	
Q6VMQ6-5	A3SS	
Q6VN20-2	A3SS	
Q6VN20-3	SE,A3SS	
Q6VY07-2		no Ensembl transcript
Q6W2J9-2	A3SS	
Q6W2J9-3		no Ensembl transcript
Q6W2J9-4	SE,A3SS	
Q6W3E5-2	A5SS,AL	
Q6W5P4-2	SE	
Q6W5P4-3	SE,A5SS	
Q6W5P4-4	SE,AL	
Q6W5P4-5	SE,A3SS,AL	
Q6W5P4-6	SE,A5SS,AL	
Q6W5P4-7	SE,A5SS,AL	
Q6W5P4-8	SE,AL	
Q6W5P4-9	SE,AL	
Q6WBX8-1		no Ensembl transcript
Q6WBX8-2	A3SS,AF	
Q6WBX8-3	A3SS,AF	
Q6WBX8-4		no Ensembl transcript
Q6WCQ1-2	SE,AL	
Q6WCQ1-3		no Ensembl transcript
Q6WKZ4-1		no Ensembl transcript
Q6WKZ4-2	SE,A5SS,A3SS,AF,AL	
Q6WKZ4-3	SE	
Q6WKZ4-5		no Ensembl transcript
Q6WN34-2	SE,A5SS	
Q6WN34-3		no Ensembl transcript
Q6WN34-4	SE,A5SS,A3SS,AF,AL	
Q6WN34-5	SE,A5SS,A3SS,AF,AL	
Q6WRI0-2		no Ensembl transcript
Q6WRI0-3		no Ensembl transcript
Q6WRX3-2	A3SS,AF	
Q6X4T0-2		no Ensembl transcript
Q6X4U4-2	SE	
Q6X4W1-2	SE	
Q6X4W1-3	SE	
Q6X4W1-4	SE	
Q6X4W1-5		no Ensembl transcript
Q6X4W1-6	SE	
Q6X784-2	SE	
Q6X9E4-2	SE	
Q6X9E4-3	SE,AF	
Q6XE24-2	SE,MXE,A5SS,AL	
Q6XE24-3	SE,A3SS	
Q6XE24-4	SE,A5SS,AL	
Q6XE24-5	SE	
Q6XPS3-2	SE	
Q6XPS3-3	SE	
Q6XPS3-4		no Ensembl transcript
Q6XPS3-5	SE	
Q6XPS3-6		no Ensembl transcript
Q6XPS3-7		no Ensembl transcript
Q6XQN6-2		no Ensembl transcript
Q6XQN6-3	A5SS	
Q6XR72-2		no Ensembl transcript
Q6XR72-3	SE,AL	
Q6XUX3-2	SE	
Q6XUX3-3		no Ensembl transcript
Q6XUX3-4		no Ensembl transcript
Q6XYB7-2	SE,AF	
Q6XZB0-2		no Ensembl transcript
Q6XZB0-3	A5SS	
Q6XZB0-4	A3SS	
Q6XZB0-5	SE	
Q6XZB0-6		no Ensembl transcript
Q6XZB0-7	SE,AL	
Q6XZB0-8	SE	
Q6XZF7-2	SE,AF	
Q6Y7W6-3	SE,A3SS	
Q6Y7W6-4		no Ensembl transcript
Q6Y7W6-5	A3SS	
Q6YBV0-2	A3SS,AF	
Q6YHK3-2	SE	
Q6YHK3-3		no Ensembl transcript
Q6YHK3-4	A5SS	
Q6YHU6-2		no Ensembl transcript
Q6YHU6-3	SE	
Q6YHU6-4		no Ensembl transcript
Q6YHU6-5	A5SS,AL	
Q6YHU6-6	A5SS,AL	
Q6YI46-2	SE,AF	
Q6YI46-3		no Ensembl transcript
Q6YI46-4	SE	
Q6YN16-2	SE	
Q6YP21-2	SE,AL	
Q6YP21-3	A3SS,AF	
Q6ZMB0-2		no Ensembl transcript
Q6ZMB0-3		no Ensembl transcript
Q6ZMC9-2	AF	
Q6ZMD2-2		canonical and isoform share a transcript
Q6ZMG9-2	SE	
Q6ZMI0-2	SE	
Q6ZMI0-3		no Ensembl transcript
Q6ZMI0-4		no Ensembl transcript
Q6ZMI0-5	SE	
Q6ZMI3-2	A3SS,AF	
Q6ZMJ2-2	A5SS,AL	
Q6ZMJ2-3	SE,A5SS,AL	
Q6ZMJ2-4	SE	
Q6ZMJ4-2	A3SS	
Q6ZMM2-2		no Ensembl transcript
Q6ZMN7-2	SE,AF	
Q6ZMN7-4	SE,AF	
Q6ZMN8-2	A3SS	
Q6ZMN8-3		canonical and isoform share a transcript
Q6ZMP0-2		no Ensembl transcript
Q6ZMP0-3		no Ensembl transcript
Q6ZMP0-4	SE,AF	
Q6ZMQ8-2		no Ensembl transcript
Q6ZMQ8-3	A5SS,RI,AL	
Q6ZMR5-1		canonical and isoform share a transcript
Q6ZMS7-1		identical exon structure
Q6ZMT1-2		canonical and isoform share a transcript
Q6ZMT4-2		no Ensembl transcript
Q6ZMT9-2	SE,AF	
Q6ZMU5-2		no Ensembl transcript
Q6ZMV5-2		no Ensembl transcript
Q6ZMV9-2	A3SS,AF	
Q6ZMV9-3		no Ensembl transcript
Q6ZMV9-4		no Ensembl transcript
Q6ZMW3-2		no Ensembl transcript
Q6ZMY3-2	A3SS	
Q6ZMY3-3	A3SS,AF	
Q6ZMY3-4		no Ensembl transcript
Q6ZMY3-5		no Ensembl transcript
Q6ZMY6-2	SE,AL	
Q6ZMZ0-2	SE,A3SS,AL	
Q6ZMZ0-3		no Ensembl transcript
Q6ZMZ0-4	A3SS	
Q6ZMZ3-2	A3SS	
Q6ZMZ3-3	A5SS,AL	
Q6ZN01-2	A3SS,AF	
Q6ZN01-3	SE,A3SS,AF	
Q6ZN04-3	A5SS,AL	
Q6ZN11-2		no Ensembl transcript
Q6ZN11-3		no Ensembl transcript
Q6ZN16-2		no Ensembl transcript
Q6ZN16-3		no Ensembl transcript
Q6ZN17-2		no Ensembl transcript
Q6ZN18-2	A5SS,AL	
Q6ZN18-3	SE,AF	
Q6ZN19-2		no Ensembl transcript
Q6ZN19-3	A3SS,AF	
Q6ZN30-2	SE,AL	
Q6ZN44-2		no Ensembl transcript
Q6ZN44-3		no Ensembl transcript
Q6ZN54-2	A5SS,A3SS,AF,AL	
Q6ZN54-3	A3SS,AF	
Q6ZN54-4	A3SS,AF	
Q6ZN54-5	A3SS,AF	
Q6ZN54-6	A3SS,AF	
Q6ZN55-2		no Ensembl transcript
Q6ZN66-2		no Ensembl transcript
Q6ZN68-2		no Ensembl transcript
Q6ZN68-3		no Ensembl transcript
Q6ZN84-2	SE,A5SS	
Q6ZN84-3	SE,A3SS,AF	
Q6ZNA4-2	A3SS	
Q6ZNA4-3	A3SS	
Q6ZNA4-4	A3SS	
Q6ZNA5-2	A5SS	
Q6ZNB5-2	A5SS,AL	
Q6ZNB6-2	SE,AL	
Q6ZNC8-2		no Ensembl transcript
Q6ZNC8-3		no Ensembl transcript
Q6ZNE5-2		no Ensembl transcript
Q6ZNE9-3	SE,A5SS,AL	
Q6ZNG0-2	A3SS,AF	
Q6ZNJ1-2		no Ensembl transcript
Q6ZNJ1-3		no Ensembl transcript
Q6ZNL6-2		no Ensembl transcript
Q6ZNQ3-2	SE	
Q6ZNR0-2	SE,AL	
Q6ZNR0-3	SE,AL	
Q6ZNR0-4	SE,AL	
Q6ZNR0-5		identical exon structure
Q6ZP29-2	A3SS,AF	
Q6ZP29-3	A3SS,AF	
Q6ZP65-2		no Ensembl transcript
Q6ZP80-2	A3SS,AF	
Q6ZP80-3		no Ensembl transcript
Q6ZP82-1		no Ensembl transcript
Q6ZPD9-2	SE,AL	
Q6ZQQ6-2		no Ensembl transcript
Q6ZQR2-2	SE	
Q6ZQV5-2		no Ensembl transcript
Q6ZQW0-2		no Ensembl transcript
Q6ZQX7-2		no Ensembl transcript
Q6ZQX7-3		no Ensembl transcript
Q6ZQX7-4		no Ensembl transcript
Q6ZQY2-2		no Ensembl transcript
Q6ZQY3-3	A5SS,AL	
Q6ZR08-2		no Ensembl transcript
Q6ZR08-3		no Ensembl transcript
Q6ZR08-4	SE,AL	
Q6ZR37-2	A5SS,AL	
Q6ZR37-3	A5SS,AL	
Q6ZR52-2	A3SS,AF	
Q6ZR52-3	AF,AL	
Q6ZRF8-2	A5SS,AL	
Q6ZRF8-3		no Ensembl transcript
Q6ZRF8-4		no Ensembl transcript
Q6ZRI0-2		no Ensembl transcript
Q6ZRI6-2	A5SS,AL	
Q6ZRI6-3		no Ensembl transcript
Q6ZRI8-2	A3SS,AF	
Q6ZRI8-3	A3SS,AF	
Q6ZRI8-4	A3SS,AF	
Q6ZRI8-5	A3SS	
Q6ZRK6-2		no Ensembl transcript
Q6ZRR5-2	A5SS,A3SS,RI	
Q6ZRR5-3	A3SS	
Q6ZRR5-4	A5SS,A3SS,RI	
Q6ZRR7-2	SE,AL	
Q6ZRS2-2	SE	
Q6ZRS2-3		no Ensembl transcript
Q6ZRS4-2	A5SS	
Q6ZRS4-3	A3SS,AF	
Q6ZRS4-4		no Ensembl transcript
Q6ZRY4-2	A3SS,AF	
Q6ZS10-2	SE,A5SS,AL	
Q6ZS10-3	SE,A5SS	
Q6ZS11-2	A3SS,AF	
Q6ZS17-2	A3SS	
Q6ZS17-3	A3SS,AF	
Q6ZS17-4	A3SS,AF	
Q6ZS27-2		no Ensembl transcript
Q6ZS27-3	SE,A3SS,AF	
Q6ZS30-1		no Ensembl transcript
Q6ZS81-2	A5SS,AL	
Q6ZS81-3		no Ensembl transcript
Q6ZS81-4		no Ensembl transcript
Q6ZS81-5		no Ensembl transcript
Q6ZS86-2	SE,AL	
Q6ZS86-3		no Ensembl transcript
Q6ZSB9-2		no Ensembl transcript
Q6ZSB9-3	A5SS,AL	
Q6ZSB9-4	SE,A5SS,AL	
Q6ZSB9-5	SE,A5SS	
Q6ZSG1-2	A3SS,AF	
Q6ZSG2-2	SE	
Q6ZSJ8-2	A3SS,AF	
Q6ZSJ9-2	SE	
Q6ZSJ9-3	SE	
Q6ZSS3-2	A5SS,AL	
Q6ZSY5-2	A3SS,AF	
Q6ZSZ5-1		no Ensembl transcript
Q6ZSZ5-2	A3SS,AF	
Q6ZSZ5-5		no Ensembl transcript
Q6ZSZ5-6		no Ensembl transcript
Q6ZSZ6-2	A3SS,AF	
Q6ZT12-2		no Ensembl transcript
Q6ZT12-3		no Ensembl transcript
Q6ZT12-4		no Ensembl transcript
Q6ZT21-2	A3SS	
Q6ZT62-2		no Ensembl transcript
Q6ZT89-2	A5SS,AL	
Q6ZT89-3	SE,AL	
Q6ZT98-2	SE,AL	
Q6ZT98-3	SE,AL	
Q6ZTA4-2	A5SS,A3SS,RI	
Q6ZTI6-2	A3SS,AF	
Q6ZTN6-1		canonical and isoform share a transcript
Q6ZTN6-2		no Ensembl transcript
Q6ZTQ3-2	A3SS,AF	
Q6ZTQ3-3	SE,MXE	
Q6ZTQ3-4	SE,A3SS,AF	
Q6ZTQ4-2		no Ensembl transcript
Q6ZTR5-1		canonical and isoform share a transcript
Q6ZTR5-2	AL	
Q6ZTR5-6		no Ensembl transcript
Q6ZTU2-2		no Ensembl transcript
Q6ZTU2-4		no Ensembl transcript
Q6ZTU2-5		no Ensembl transcript
Q6ZTU2-6		no Ensembl transcript
Q6ZTW0-2		no Ensembl transcript
Q6ZU52-2		no Ensembl transcript
Q6ZU64-3	A5SS,A3SS,AF,AL	
Q6ZU64-4	A5SS,A3SS,AF,AL	
Q6ZU64-5	A5SS,A3SS,AF,AL	
Q6ZU65-2		no Ensembl transcript
Q6ZU67-2	A5SS	
Q6ZU67-3		no Ensembl transcript
Q6ZU67-4		no Ensembl transcript
Q6ZU67-5		no Ensembl transcript
Q6ZU80-1		no Ensembl transcript
Q6ZU80-3	SE,AL	
Q6ZUJ8-2	A3SS,AF	
Q6ZUJ8-3	SE,AF	
Q6ZUK4-2	SE,AL	
Q6ZUL3-2		no Ensembl transcript
Q6ZUM4-2	A3SS,AF	
Q6ZUM4-3		no Ensembl transcript
Q6ZUM4-4	A5SS,AL	
Q6ZUS5-2	A3SS,AF	
Q6ZUS6-2		no Ensembl transcript
Q6ZUS6-3		no Ensembl transcript
Q6ZUS6-4		no Ensembl transcript
Q6ZUS6-5	SE,AF	
Q6ZUS6-6		no Ensembl transcript
Q6ZUT1-2	A3SS	
Q6ZUT1-3	A3SS,AF	
Q6ZUT3-2	A3SS	
Q6ZUT6-2		no Ensembl transcript
Q6ZUT6-3		no Ensembl transcript
Q6ZUT6-4		no Ensembl transcript
Q6ZUT9-2		no Ensembl transcript
Q6ZUT9-3		no Ensembl transcript
Q6ZUT9-4	SE,A5SS,AL	
Q6ZUX3-2		no Ensembl transcript
Q6ZUX3-3		no Ensembl transcript
Q6ZV29-2		no Ensembl transcript
Q6ZV29-3		no Ensembl transcript
Q6ZV29-4		no Ensembl transcript
Q6ZV29-5	SE	
Q6ZV50-2		no Ensembl transcript
Q6ZV50-3	SE,A3SS,AF	
Q6ZV65-1		canonical and isoform share a transcript
Q6ZV65-2	SE,MXE,A5SS,AF,AL	
Q6ZV70-2	SE,AL	
Q6ZV73-2	A5SS,AL	
Q6ZV89-2	A3SS,AF	
Q6ZVC0-2		no Ensembl transcript
Q6ZVD7-2	A5SS	
Q6ZVD7-3	SE,A5SS	
Q6ZVD8-2		no Ensembl transcript
Q6ZVD8-3	SE	
Q6ZVH7-2	SE	
Q6ZVH7-3	A3SS,AF	
Q6ZVK1-2	A5SS,AL	
Q6ZVK8-2		no Ensembl transcript
Q6ZVL6-2		no Ensembl transcript
Q6ZVM7-2	SE	
Q6ZVM7-3	SE	
Q6ZVM7-4	A3SS,AF	
Q6ZVM7-5	SE,MXE	
Q6ZVN8-2	A3SS,AF	
Q6ZVN8-3	A3SS,AF	
Q6ZVT0-2		no Ensembl transcript
Q6ZVT0-3	A5SS,A3SS,AF,AL	
Q6ZVT6-2		no Ensembl transcript
Q6ZVZ8-2	A3SS,AF	
Q6ZW05-2		no Ensembl transcript
Q6ZW05-3		identical exon structure
Q6ZW05-4		no Ensembl transcript
Q6ZW31-2	A3SS	
Q6ZW49-1		no Ensembl transcript
Q6ZW49-2		no Ensembl transcript
Q6ZW76-2	A3SS,AF	
Q6ZWE6-2		no Ensembl transcript
Q6ZWE6-3	A5SS,AL	
Q6ZWH5-2		no Ensembl transcript
Q6ZWH5-3		no Ensembl transcript
Q6ZWH5-4	SE,AL	
Q6ZWH5-5	SE,AF	
Q6ZWH5-6	SE,MXE,AF	
Q6ZWH5-7		no Ensembl transcript
Q6ZWJ1-2	SE,A3SS,AF,AL	
Q6ZWJ8-2		no Ensembl transcript
Q6ZWJ8-4		no Ensembl transcript
Q6ZWL3-2		no Ensembl transcript
Q6ZXV5-2		no Ensembl transcript
Q702N8-2	A5SS,RI	
Q702N8-3	A3SS	
Q709C8-2	SE,AL	
Q709C8-3	SE	
Q709C8-4	SE,MXE,AL	
Q709F0-2		no Ensembl transcript
Q709F0-3		no Ensembl transcript
Q70CQ1-2	A5SS,AL	
Q70CQ2-2		no Ensembl transcript
Q70CQ2-3		no Ensembl transcript
Q70CQ4-2		no Ensembl transcript
Q70E73-2	A5SS,AL	
Q70E73-3		no Ensembl transcript
Q70E73-4		no Ensembl transcript
Q70E73-5	AL	
Q70E73-6	SE,A5SS,AL	
Q70E73-7	SE,AL	
Q70E73-8	SE,AL	
Q70E73-9	SE,AL	
Q70EL1-10		no Ensembl transcript
Q70EL1-4		no Ensembl transcript
Q70EL1-6		no Ensembl transcript
Q70EL1-7	SE	
Q70EL1-8		no Ensembl transcript
Q70EL1-9		no Ensembl transcript
Q70EL2-2		no Ensembl transcript
Q70EL2-3		no Ensembl transcript
Q70EL3-2		no Ensembl transcript
Q70EL4-2		no Ensembl transcript
Q70EL4-3		no Ensembl transcript
Q70EL4-4	A5SS	
Q70HW3-2	A3SS,AF	
Q70HW3-3		no Ensembl transcript
Q70IA6-2		no Ensembl transcript
Q70IA6-3		no Ensembl transcript
Q70J99-2		no Ensembl transcript
Q70J99-3	A5SS,AL	
Q70SY1-2	A5SS,AL	
Q70SY1-3	A5SS,AL	
Q70UQ0-2		no Ensembl transcript
Q70UQ0-3	SE,A5SS	
Q70UQ0-4	SE,AL	
Q70YC5-2	SE,AL	
Q70YC5-3	SE,AL	
Q70YC5-4		no Ensembl transcript
Q70YC5-5		no Ensembl transcript
Q70Z35-3	A5SS,AL	
Q70Z35-4		no Ensembl transcript
Q70Z44-2		no Ensembl transcript
Q70Z44-3	SE,MXE,A5SS,A3SS,AF	
Q70Z44-4	SE,A5SS,A3SS,AF	
Q70Z53-2	SE,AL	
Q70Z53-3		no Ensembl transcript
Q70Z53-4		no Ensembl transcript
Q70Z53-5		no Ensembl transcript
Q711Q0-3		no Ensembl transcript
Q719I0-2		no Ensembl transcript
Q719I0-3		no Ensembl transcript
Q71F23-2		no Ensembl transcript
Q71F23-3		no Ensembl transcript
Q71RC2-2		no Ensembl transcript
Q71RC2-3	A3SS	
Q71RC2-4	A3SS	
Q71RC2-5	SE	
Q71RC2-6	SE	
Q71RC2-7	A5SS,AL	
Q71RG4-2	A3SS,AF	
Q71RG4-3	AF,AL	
Q71RG4-4	A5SS,AF	
Q71RH2-2	A3SS,AF	
Q71RS6-2	SE	
Q71SY5-4		no Ensembl transcript
Q71SY5-5		no Ensembl transcript
Q71SY5-6	SE	
Q71U36-2	A3SS,AF	
Q71UI9-2	SE,AL	
Q71UI9-3	SE	
Q71UI9-4	SE	
Q71UI9-5	SE,A5SS	
Q75MW2-2		no Ensembl transcript
Q75N03-2	A3SS	
Q75NE6-2		no Ensembl transcript
Q75QN2-2		no Ensembl transcript
Q75T13-2		canonical and isoform share a transcript
Q75T13-3	SE,A5SS,AL	
Q75T13-4		no Ensembl transcript
Q75VX8-2		no Ensembl transcript
Q75VX8-3	SE,A5SS,A3SS,RI,AF	
Q765P7-2		no Ensembl transcript
Q76B58-2		identical exon structure
Q76EJ3-2	SE	
Q76FK4-2	A3SS,AF	
Q76FK4-4	SE	
Q76G19-2	SE	
Q76I76-2		no Ensembl transcript
Q76I76-3		no Ensembl transcript
Q76I76-4		no Ensembl transcript
Q76KD6-2	SE,A5SS	
Q76KX8-2	A5SS	
Q76L83-2	A5SS,A3SS,RI,AF	
Q76LX8-2	A5SS	
Q76LX8-3	A5SS,A3SS	
Q76LX8-4		no Ensembl transcript
Q76M96-2		no Ensembl transcript
Q76M96-3		no Ensembl transcript
Q76N32-2	A5SS	
Q76N89-2	SE	
Q76NI1-4	A5SS,AL	
Q7KYR7-1		no Ensembl transcript
Q7KYR7-3		no Ensembl transcript
Q7KYR7-4	SE,AL	
Q7KYR7-5	A3SS,AF	
Q7KYR7-6	SE,AL	
Q7KZ85-2		no Ensembl transcript
Q7KZ85-3		no Ensembl transcript
Q7KZI7-10		no Ensembl transcript
Q7KZI7-11	SE	
Q7KZI7-12		no Ensembl transcript
Q7KZI7-13	SE,A3SS,AF	
Q7KZI7-14	SE,A3SS,AF	
Q7KZI7-15	SE,A3SS	
Q7KZI7-16	SE,A3SS	
Q7KZI7-2		no Ensembl transcript
Q7KZI7-3		no Ensembl transcript
Q7KZI7-4	SE	
Q7KZI7-5	SE	
Q7KZI7-6		no Ensembl transcript
Q7KZI7-7		no Ensembl transcript
Q7KZI7-8	SE	
Q7KZI7-9	SE	
Q7KZN9-2	SE,AL	
Q7L099-2	SE,A5SS,AF,AL	
Q7L099-3	SE,AL	
Q7L099-4	SE,MXE,AF,AL	
Q7L0J3-2	A5SS,AL	
Q7L0Q8-2		no Ensembl transcript
Q7L0R7-2		no Ensembl transcript
Q7L0X2-2		no Ensembl transcript
Q7L0X2-3	A3SS,AF	
Q7L1I2-2	A3SS,AF	
Q7L1Q6-2		identical exon structure
Q7L1Q6-3	A3SS,AF	
Q7L1Q6-4	A3SS,AF	
Q7L1S5-2	SE,A5SS	
Q7L1V2-2	SE,AF	
Q7L266-2		no Ensembl transcript
Q7L2E3-2	SE,AF	
Q7L2E3-3	SE,AF	
Q7L2H7-2	SE	
Q7L2J0-2	A3SS	
Q7L2K0-2	A3SS,AF	
Q7L2K0-3		no Ensembl transcript
Q7L2R6-2	SE,AL	
Q7L2R6-3	AF,AL	
Q7L4E1-2	SE,A5SS,AL	
Q7L4E1-3	SE,A5SS,AL	
Q7L4I2-2		no Ensembl transcript
Q7L4P6-2		canonical and isoform share a transcript
Q7L513-10	SE,A3SS	
Q7L513-11	SE,MXE,A3SS	
Q7L513-12	SE,A3SS	
Q7L513-13	SE,A3SS	
Q7L513-14	SE,A3SS	
Q7L513-15	SE,A3SS	
Q7L513-2	SE	
Q7L513-3	SE	
Q7L513-4	SE,MXE	
Q7L513-5	SE	
Q7L513-6	SE,A3SS	
Q7L513-7	SE,A3SS	
Q7L513-8	SE	
Q7L513-9	A3SS	
Q7L576-2	A3SS,AF	
Q7L576-3		no Ensembl transcript
Q7L590-2	A3SS	
Q7L591-2		no Ensembl transcript
Q7L591-3	SE,AL	
Q7L591-4	SE,AL	
Q7L592-2	SE,A5SS	
Q7L5A3-2		no Ensembl transcript
Q7L5A3-3	A3SS,AF	
Q7L5A8-2		no Ensembl transcript
Q7L5D6-2	A3SS,AF	
Q7L5L3-1		no Ensembl transcript
Q7L5N7-2		no Ensembl transcript
Q7L5Y1-2	SE,A3SS,AF	
Q7L5Y1-3	SE,A5SS,AL	
Q7L5Y1-4		no Ensembl transcript
Q7L5Y1-5		no Ensembl transcript
Q7L5Y1-6	SE	
Q7L5Y1-7		no Ensembl transcript
Q7L5Y6-2	A3SS,AF	
Q7L5Y9-2		no Ensembl transcript
Q7L5Y9-3	SE	
Q7L5Y9-4		no Ensembl transcript
Q7L5Y9-5		no Ensembl transcript
Q7L7V1-2	SE	
Q7L7X3-2		no Ensembl transcript
Q7L7X3-3	SE	
Q7L804-2	SE	
Q7L8A9-2	A5SS,AL	
Q7L8J4-2		no Ensembl transcript
Q7L8W6-2	SE,AL	
Q7L9L4-2	SE,AF	
Q7LBC6-2		no Ensembl transcript
Q7LBC6-3		no Ensembl transcript
Q7LBE3-2	A5SS,AL	
Q7LDG7-2		no Ensembl transcript
Q7LDG7-3		no Ensembl transcript
Q7LDG7-4	A3SS	
Q7LFL8-2		no Ensembl transcript
Q7LFX5-2	A5SS,AL	
Q7LG56-2	SE	
Q7LG56-3	SE	
Q7LG56-4	SE	
Q7LG56-5	SE,A5SS,AL	
Q7LG56-6	SE,AF	
Q7LGA3-2	SE,MXE,AF,AL	
Q7LGA3-3	A5SS,AL	
Q7M4L6-2		no Ensembl transcript
Q7RTN6-2	SE,A5SS,AL	
Q7RTN6-3	SE,A5SS	
Q7RTN6-4	SE,A5SS,AL	
Q7RTN6-5	A3SS,AF	
Q7RTN6-6	SE,A5SS,AL	
Q7RTP0-2	A3SS,AF	
Q7RTP6-2	A5SS,AL	
Q7RTP6-3	SE,A5SS,AL	
Q7RTP6-4	SE,AL	
Q7RTP6-5	SE,A5SS,AL	
Q7RTR0-2	SE,AL	
Q7RTR2-2		no Ensembl transcript
Q7RTR2-3	SE,AL	
Q7RTR2-4		no Ensembl transcript
Q7RTS9-2	SE	
Q7RTT9-2	A3SS	
Q7RTV3-2		no Ensembl transcript
Q7RTW8-2	SE,AF	
Q7RTW8-3		no Ensembl transcript
Q7RTW8-4	SE,A5SS,AF	
Q7RTW8-5	A5SS	
Q7RTX1-2	SE	
Q7RTX1-3		no Ensembl transcript
Q7RTX1-4		no Ensembl transcript
Q7RTX7-2	A5SS,A3SS,AL	
Q7RTX9-2		no Ensembl transcript
Q7RTY3-2		no Ensembl transcript
Q7RTY5-3	SE	
Q7RTY8-2	SE,A3SS,AF	
Q7RTY8-3		no Ensembl transcript
Q7Z2D5-2		no Ensembl transcript
Q7Z2D5-3		no Ensembl transcript
Q7Z2E3-10		no Ensembl transcript
Q7Z2E3-11		no Ensembl transcript
Q7Z2E3-12	AL	
Q7Z2E3-13	SE,A5SS,AL	
Q7Z2E3-2	A3SS,AF	
Q7Z2E3-3		no Ensembl transcript
Q7Z2E3-4	AF	
Q7Z2E3-5	SE,MXE	
Q7Z2E3-6		no Ensembl transcript
Q7Z2E3-7	A5SS	
Q7Z2E3-8		no Ensembl transcript
Q7Z2E3-9	SE,A5SS,AL	
Q7Z2F6-2	SE,A5SS,AL	
Q7Z2H8-3	A5SS,AL	
Q7Z2H8-4	SE,AL	
Q7Z2K6-2		no Ensembl transcript
Q7Z2K8-2		no Ensembl transcript
Q7Z2T5-2		no Ensembl transcript
Q7Z2W4-2	A5SS,AL	
Q7Z2W4-3		no Ensembl transcript
Q7Z2W4-4		no Ensembl transcript
Q7Z2W4-5		no Ensembl transcript
Q7Z2W7-2		no Ensembl transcript
Q7Z2W7-3	A5SS,A3SS,AF,AL	
Q7Z2W7-4		no Ensembl transcript
Q7Z2W9-2	A3SS,AF	
Q7Z2X4-2	SE,AF	
Q7Z2X4-3	SE,AF	
Q7Z2X4-4	SE,AF	
Q7Z2Y5-2		no Ensembl transcript
Q7Z2Y5-3	SE,AL	
Q7Z2Z1-2	A3SS	
Q7Z2Z2-2	SE	
Q7Z304-2		no Ensembl transcript
Q7Z309-2	A3SS	
Q7Z309-3	SE	
Q7Z309-4	SE,MXE,AL	
Q7Z309-5		no Ensembl transcript
Q7Z333-3		no Ensembl transcript
Q7Z333-4	SE	
Q7Z340-2		no Ensembl transcript
Q7Z340-3		no Ensembl transcript
Q7Z353-2	A3SS,AF	
Q7Z392-2		no Ensembl transcript
Q7Z392-3	A5SS,A3SS,RI	
Q7Z392-4		no Ensembl transcript
Q7Z398-2		no Ensembl transcript
Q7Z3B1-2	A3SS,AF	
Q7Z3B3-2		no Ensembl transcript
Q7Z3B3-4		no Ensembl transcript
Q7Z3B4-2		no Ensembl transcript
Q7Z3B4-3	SE	
Q7Z3C6-2	A3SS,AF	
Q7Z3C6-3	A5SS,AL	
Q7Z3D4-2		identical exon structure
Q7Z3D4-3		identical exon structure
Q7Z3D6-2	A5SS	
Q7Z3D6-3	SE,A5SS	
Q7Z3D6-4		no Ensembl transcript
Q7Z3D6-5	SE,A5SS	
Q7Z3D6-6	SE,AL	
Q7Z3E5-2		no Ensembl transcript
Q7Z3H0-1		canonical and isoform share a transcript
Q7Z3J2-2		no Ensembl transcript
Q7Z3J3-2		no Ensembl transcript
Q7Z3K3-2	SE	
Q7Z3K3-3	SE,A3SS	
Q7Z3K3-4		no Ensembl transcript
Q7Z3K3-5	SE	
Q7Z3K3-6	A3SS	
Q7Z3K3-7	SE,A3SS	
Q7Z3K6-2	A3SS	
Q7Z3K6-3	A3SS	
Q7Z3K6-4	A3SS,AF	
Q7Z3K6-5	SE,AL	
Q7Z3Q1-2	A5SS,AL	
Q7Z3Q1-3		no Ensembl transcript
Q7Z3S7-2		no Ensembl transcript
Q7Z3S7-4	SE,AF	
Q7Z3S7-5	A5SS,AL	
Q7Z3S7-6	SE,A5SS,AF,AL	
Q7Z3S7-7	SE,A5SS,A3SS,AF,AL	
Q7Z3S9-2	SE,AL	
Q7Z3S9-3		identical exon structure
Q7Z3T8-3		no Ensembl transcript
Q7Z3U7-2	SE,AL	
Q7Z3U7-3		no Ensembl transcript
Q7Z3U7-5	SE	
Q7Z3U7-6	SE,A5SS	
Q7Z3V4-2	SE,AL	
Q7Z3V4-3	SE,AL	
Q7Z3Z4-2	SE,A5SS,AF,AL	
Q7Z3Z4-3	SE,A5SS,A3SS,AF,AL	
Q7Z401-2	SE	
Q7Z402-2	A3SS,AF	
Q7Z403-2	SE,A3SS	
Q7Z403-3		no Ensembl transcript
Q7Z403-4		no Ensembl transcript
Q7Z404-1		canonical and isoform share a transcript
Q7Z404-3		no Ensembl transcript
Q7Z406-2	SE	
Q7Z406-4		no Ensembl transcript
Q7Z406-5		no Ensembl transcript
Q7Z406-6	SE	
Q7Z407-2	SE,AF	
Q7Z407-3	SE	
Q7Z407-4		no Ensembl transcript
Q7Z407-5		no Ensembl transcript
Q7Z408-2		no Ensembl transcript
Q7Z408-3		no Ensembl transcript
Q7Z408-4	SE,MXE,A3SS,AF	
Q7Z412-2	SE	
Q7Z417-2	SE	
Q7Z419-2		no Ensembl transcript
Q7Z422-2	SE,A3SS	
Q7Z422-3		no Ensembl transcript
Q7Z422-4	SE,A3SS	
Q7Z422-5	A3SS	
Q7Z434-2	A5SS,AL	
Q7Z434-3		no Ensembl transcript
Q7Z434-4	A3SS,AF	
Q7Z434-5	SE,A5SS,AL	
Q7Z434-6	SE,A5SS,AL	
Q7Z442-2		no Ensembl transcript
Q7Z442-3		no Ensembl transcript
Q7Z442-4		no Ensembl transcript
Q7Z442-6		no Ensembl transcript
Q7Z449-2		no Ensembl transcript
Q7Z460-2	SE,MXE	
Q7Z460-3		no Ensembl transcript
Q7Z460-4	SE,MXE,A3SS	
Q7Z460-5	SE,MXE	
Q7Z465-2	A3SS,AF	
Q7Z465-3	SE,A3SS,AF,AL	
Q7Z494-2		no Ensembl transcript
Q7Z494-3	SE,A5SS,AL	
Q7Z494-4	A5SS,AL	
Q7Z494-5		no Ensembl transcript
Q7Z494-6		no Ensembl transcript
Q7Z494-7	SE,AL	
Q7Z4B0-2		no Ensembl transcript
Q7Z4F1-2	A5SS	
Q7Z4G1-2	SE	
Q7Z4G4-2	A5SS	
Q7Z4G4-3	SE,AL	
Q7Z4H3-2		no Ensembl transcript
Q7Z4H3-3	SE,A5SS,AL	
Q7Z4H7-2		no Ensembl transcript
Q7Z4H7-3		canonical and isoform share a transcript
Q7Z4H8-2	A3SS,AF	
Q7Z4H8-3	SE,A3SS,AF,AL	
Q7Z4I7-2	SE,AF	
Q7Z4I7-3	A3SS,AF	
Q7Z4I7-4	A3SS,AF	
Q7Z4I7-5	SE	
Q7Z4K8-2	SE,AL	
Q7Z4K8-3		no Ensembl transcript
Q7Z4K8-4	SE,A5SS,AL	
Q7Z4K8-5	A3SS,AF	
Q7Z4L5-2		no Ensembl transcript
Q7Z4L9-2	A5SS,AL	
Q7Z4N2-2		no Ensembl transcript
Q7Z4N2-3		no Ensembl transcript
Q7Z4N2-4	A5SS,AL	
Q7Z4N2-5	A3SS,AF	
Q7Z4N2-6	A3SS,AF	
Q7Z4N2-7	A5SS,AL	
Q7Z4N8-2	SE,AL	
Q7Z4N8-3	A5SS,A3SS	
Q7Z4Q2-2		no Ensembl transcript
Q7Z4Q2-3		no Ensembl transcript
Q7Z4S6-2	SE	
Q7Z4S6-3		no Ensembl transcript
Q7Z4S6-4		canonical and isoform share a transcript
Q7Z4S6-5	SE	
Q7Z4S6-6	SE	
Q7Z4S9-2		no Ensembl transcript
Q7Z4T8-2	SE,A5SS,AL	
Q7Z4T9-1		no Ensembl transcript
Q7Z4T9-2	A5SS,AL	
Q7Z4T9-3		identical exon structure
Q7Z4T9-5		no Ensembl transcript
Q7Z4T9-6		identical exon structure
Q7Z4T9-8		no Ensembl transcript
Q7Z4V0-2	SE,AF	
Q7Z4V0-3	A3SS,AF	
Q7Z4V5-2	A3SS	
Q7Z4V5-3		no Ensembl transcript
Q7Z4V5-4		no Ensembl transcript
Q7Z4W2-2	A3SS,AF	
Q7Z553-2		no Ensembl transcript
Q7Z553-3		no Ensembl transcript
Q7Z569-2		no Ensembl transcript
Q7Z572-2	SE,AF	
Q7Z589-2		no Ensembl transcript
Q7Z589-3	A5SS,AL	
Q7Z589-4	SE,MXE,A3SS	
Q7Z589-5	A3SS	
Q7Z589-6	SE,MXE,A3SS	
Q7Z589-7	SE,A3SS	
Q7Z591-2	A3SS,AF	
Q7Z591-3	A5SS,AL	
Q7Z591-4	SE,AF	
Q7Z591-5		no Ensembl transcript
Q7Z591-6		no Ensembl transcript
Q7Z591-7	A3SS,AF	
Q7Z591-8	A3SS,AF	
Q7Z5A7-2	SE,AF	
Q7Z5A7-3	SE,AF	
Q7Z5A8-2	A5SS,A3SS	
Q7Z5B4-2	A5SS,AL	
Q7Z5B4-3	SE	
Q7Z5B4-5	A3SS	
Q7Z5B4-6	SE	
Q7Z5G4-3		identical exon structure
Q7Z5H3-2	A5SS	
Q7Z5H3-3	SE,AF	
Q7Z5H3-4		no Ensembl transcript
Q7Z5H3-5	SE,AF	
Q7Z5J1-2		identical exon structure
Q7Z5J1-3	SE	
Q7Z5J1-4	A3SS,AF	
Q7Z5J1-5	A3SS,AF	
Q7Z5J1-6	SE	
Q7Z5J1-7	A3SS,AF	
Q7Z5J1-8	SE,AL	
Q7Z5J4-2		no Ensembl transcript
Q7Z5J4-3		no Ensembl transcript
Q7Z5J4-4		no Ensembl transcript
Q7Z5J8-2		no Ensembl transcript
Q7Z5J8-3	SE,A5SS,A3SS,AF,AL	
Q7Z5J8-4		no Ensembl transcript
Q7Z5K2-2		no Ensembl transcript
Q7Z5K2-3		no Ensembl transcript
Q7Z5L0-2	SE,A5SS	
Q7Z5L0-3	A5SS	
Q7Z5L0-4	A5SS,AL	
Q7Z5L2-2		no Ensembl transcript
Q7Z5L2-3	SE,AF	
Q7Z5L7-2	A3SS,AF	
Q7Z5L7-3	A3SS,AF	
Q7Z5L7-4		no Ensembl transcript
Q7Z5L9-2	A5SS	
Q7Z5L9-3		no Ensembl transcript
Q7Z5M5-2		no Ensembl transcript
Q7Z5M8-2	SE	
Q7Z5M8-4	SE,A5SS,AL	
Q7Z5M8-5		no Ensembl transcript
Q7Z5N4-2		no Ensembl transcript
Q7Z5N4-3		no Ensembl transcript
Q7Z5P4-2	SE	
Q7Z5P9-2		no Ensembl transcript
Q7Z5Q1-3		no Ensembl transcript
Q7Z5Q1-4		no Ensembl transcript
Q7Z5Q1-5		no Ensembl transcript
Q7Z5Q1-6		no Ensembl transcript
Q7Z5Q1-7		no Ensembl transcript
Q7Z5Q1-8	A5SS	
Q7Z5Q1-9	SE	
Q7Z5Q5-3		no Ensembl transcript
Q7Z5R6-2	A5SS,AL	
Q7Z5S9-2	A5SS,AL	
Q7Z5V6-2	SE	
Q7Z5Y7-2	SE	
Q7Z5Y7-3	A3SS,AF	
Q7Z614-2		no Ensembl transcript
Q7Z614-3	SE,AL	
Q7Z614-4	SE,AL	
Q7Z624-2	SE,AL	
Q7Z628-2	SE,AF	
Q7Z692-2		no Ensembl transcript
Q7Z692-3	A3SS	
Q7Z698-2	SE,AF	
Q7Z6A9-2	SE	
Q7Z6B0-2		identical exon structure
Q7Z6B0-3	SE	
Q7Z6B7-2	SE,MXE	
Q7Z6E9-2	SE	
Q7Z6E9-3	A5SS,AL	
Q7Z6E9-4	SE	
Q7Z6G3-2	SE,A3SS,AF	
Q7Z6G8-10	SE,MXE,AF,AL	
Q7Z6G8-2	SE,MXE,A3SS,AF,AL	
Q7Z6G8-3	SE,A3SS,AF,AL	
Q7Z6G8-4	SE,A3SS,AF,AL	
Q7Z6G8-5	SE,MXE,A3SS,AF,AL	
Q7Z6G8-6	SE,A5SS,A3SS,AF	
Q7Z6G8-7	SE,A3SS,AF	
Q7Z6G8-8	SE,MXE,A3SS,AF,AL	
Q7Z6G8-9	A3SS,AF	
Q7Z6I6-2		no Ensembl transcript
Q7Z6I6-3	SE,A5SS	
Q7Z6I6-4		no Ensembl transcript
Q7Z6I8-2	A5SS,AL	
Q7Z6J0-3		no Ensembl transcript
Q7Z6J2-2	SE,AF	
Q7Z6J4-2		no Ensembl transcript
Q7Z6J4-4		no Ensembl transcript
Q7Z6J4-5		no Ensembl transcript
Q7Z6J6-2		no Ensembl transcript
Q7Z6J9-2	A5SS,A3SS,AL	
Q7Z6K1-2	A3SS,AF	
Q7Z6K5-2	SE,AL	
Q7Z6L0-2	A5SS,A3SS,RI	
Q7Z6L0-3	A5SS,AL	
Q7Z6L1-2		no Ensembl transcript
Q7Z6L1-3		no Ensembl transcript
Q7Z6L1-4		no Ensembl transcript
Q7Z6M1-2	SE	
Q7Z6M3-2	SE	
Q7Z6M3-3	SE	
Q7Z6V5-2	A3SS,AF	
Q7Z6Z6-2	SE,A3SS	
Q7Z6Z7-2		no Ensembl transcript
Q7Z6Z7-3	A5SS	
Q7Z736-2		no Ensembl transcript
Q7Z736-3	A5SS,AL	
Q7Z736-4		no Ensembl transcript
Q7Z745-2		no Ensembl transcript
Q7Z7A1-2	A3SS,AF	
Q7Z7A1-3		no Ensembl transcript
Q7Z7A1-4		no Ensembl transcript
Q7Z7A1-5		no Ensembl transcript
Q7Z7A4-2	SE,AL	
Q7Z7A4-3		no Ensembl transcript
Q7Z7A4-4	SE	
Q7Z7A4-5	SE	
Q7Z7A4-6	SE	
Q7Z7A4-7	SE	
Q7Z7B0-2	A5SS,AL	
Q7Z7B0-3		no Ensembl transcript
Q7Z7C8-2	SE,AL	
Q7Z7C8-4	SE,A5SS,AL	
Q7Z7D3-2	SE	
Q7Z7D3-3		no Ensembl transcript
Q7Z7D3-4	A3SS,AF	
Q7Z7E8-2	A3SS,AF	
Q7Z7F0-2	A5SS,AL	
Q7Z7F0-3	AL	
Q7Z7F0-4		no Ensembl transcript
Q7Z7F7-2	SE	
Q7Z7G0-2		no Ensembl transcript
Q7Z7G0-3		no Ensembl transcript
Q7Z7G0-4		no Ensembl transcript
Q7Z7G1-2	SE,A3SS,AF,AL	
Q7Z7G1-3		no Ensembl transcript
Q7Z7G8-2	SE,MXE	
Q7Z7G8-3	SE,A5SS,AL	
Q7Z7G8-4	SE,AL	
Q7Z7G8-5	A5SS,AL	
Q7Z7G8-6		no Ensembl transcript
Q7Z7H5-2		no Ensembl transcript
Q7Z7H5-3	A5SS,AL	
Q7Z7H8-2	SE,AF	
Q7Z7K6-2		no Ensembl transcript
Q7Z7K6-3		no Ensembl transcript
Q7Z7L9-3	SE,AL	
Q7Z7L9-4	SE,AL	
Q7Z7M0-2	SE	
Q86SE5-2	SE,AF	
Q86SE5-3	A3SS,AF	
Q86SE8-2	SE,A5SS,AL	
Q86SE9-2		no Ensembl transcript
Q86SG2-2	SE	
Q86SG3-2	SE	
Q86SG4-2		no Ensembl transcript
Q86SG4-3		no Ensembl transcript
Q86SG7-2	SE,AL	
Q86SI9-2		no Ensembl transcript
Q86SI9-3		no Ensembl transcript
Q86SJ6-2	SE,A3SS	
Q86SK9-2	SE,AL	
Q86SQ0-2	SE	
Q86SQ0-3	SE,A3SS,AF	
Q86SQ3-2		no Ensembl transcript
Q86SQ4-2	SE	
Q86SQ4-3	SE,A5SS	
Q86SQ4-4	SE,A5SS	
Q86SQ6-1		no Ensembl transcript
Q86SQ6-2	A3SS,AF	
Q86SQ7-2		no Ensembl transcript
Q86SQ7-3		no Ensembl transcript
Q86SQ7-4		no Ensembl transcript
Q86SQ9-2	A3SS	
Q86SQ9-3	SE	
Q86SQ9-4	SE	
Q86SR1-2	SE	
Q86SR1-3	A5SS,AL	
Q86SR1-4		no Ensembl transcript
Q86SU0-2	SE	
Q86SU0-3	AL	
Q86SU0-4		no Ensembl transcript
Q86SU0-5	SE	
Q86SU0-6		no Ensembl transcript
Q86SX3-2	SE	
Q86SX3-3	SE,AF	
Q86SX3-4	SE,A3SS,AF	
Q86SX3-5	SE,AF	
Q86SX3-6	SE	
Q86SZ2-2	SE	
Q86T03-2	A5SS	
Q86T03-3		no Ensembl transcript
Q86T20-2	A5SS	
Q86T29-2	SE	
Q86T65-4	A3SS	
Q86T75-2		no Ensembl transcript
Q86T82-2	SE,A3SS,AF	
Q86T90-2	A3SS,AF	
Q86T90-3	SE,A3SS,AF,AL	
Q86T90-4	SE,A3SS,AF,AL	
Q86T96-2	A5SS,AL	
Q86T96-3	A5SS,AL	
Q86TB9-2		no Ensembl transcript
Q86TB9-3		no Ensembl transcript
Q86TB9-4		no Ensembl transcript
Q86TC9-2	SE,AF	
Q86TD4-1		no Ensembl transcript
Q86TD4-3	A3SS,AF	
Q86TE4-2		no Ensembl transcript
Q86TE4-3		no Ensembl transcript
Q86TE4-4	A3SS,AF	
Q86TG1-2		identical exon structure
Q86TG7-2		no Ensembl transcript
Q86TG7-3		no Ensembl transcript
Q86TG7-4		no Ensembl transcript
Q86TG7-5		no Ensembl transcript
Q86TI0-2	SE,MXE,A3SS	
Q86TI2-2	A3SS,AF	
Q86TI2-4	A3SS	
Q86TI4-1		no Ensembl transcript
Q86TI4-2	SE,A5SS,A3SS,AF	
Q86TI4-4	A5SS,A3SS	
Q86TJ2-2	A5SS	
Q86TJ2-3	A3SS,AF	
Q86TL0-2		no Ensembl transcript
Q86TM6-2	SE,A3SS	
Q86TM6-3	A3SS	
Q86TN4-2	A3SS,AF	
Q86TN4-3	SE	
Q86TN4-4	A5SS	
Q86TP1-2		no Ensembl transcript
Q86TP1-3	A3SS,AF	
Q86TP1-4		no Ensembl transcript
Q86TP1-5	SE,A3SS,AF	
Q86TP1-6	SE,A3SS,AF	
Q86TP1-7		no Ensembl transcript
Q86TS9-2	A3SS,AF	
Q86TS9-3	A3SS	
Q86TS9-4	SE,A5SS	
Q86TU7-2	SE,AL	
Q86TU7-3	SE,AL	
Q86TV6-2		no Ensembl transcript
Q86TW2-2		no Ensembl transcript
Q86TW2-3		no Ensembl transcript
Q86TY3-2	SE,AL	
Q86TY3-3		no Ensembl transcript
Q86TZ1-2		no Ensembl transcript
Q86U06-2	SE	
Q86U06-3		no Ensembl transcript
Q86U06-4	SE	
Q86U06-5		no Ensembl transcript
Q86U10-3		no Ensembl transcript
Q86U28-2	SE,A5SS	
Q86U38-2	A5SS,A3SS	
Q86U42-2	A5SS,AL	
Q86U44-2		no Ensembl transcript
Q86U70-2	A3SS,AF	
Q86U70-3		no Ensembl transcript
Q86U86-2	SE	
Q86U86-3	SE	
Q86U86-4	SE,A5SS,A3SS	
Q86U86-5	SE	
Q86U86-6	SE,AL	
Q86U86-7	SE,MXE	
Q86U86-8	SE,MXE	
Q86U86-9	SE,A3SS	
Q86UA1-2		no Ensembl transcript
Q86UA6-2	SE	
Q86UA6-3		no Ensembl transcript
Q86UA6-4	SE,A5SS,AL	
Q86UA6-5	SE,A5SS,AL	
Q86UA6-6	SE,A5SS	
Q86UA6-7	SE,A5SS,AL	
Q86UA6-8	A5SS,AL	
Q86UA6-9	SE,A5SS	
Q86UB2-2	A3SS,AF	
Q86UB9-2	SE	
Q86UC2-2		no Ensembl transcript
Q86UD3-2	A5SS,AL	
Q86UD5-2		no Ensembl transcript
Q86UD7-2		no Ensembl transcript
Q86UD7-3		no Ensembl transcript
Q86UE8-2	SE	
Q86UE8-3	SE	
Q86UF4-2		no Ensembl transcript
Q86UG4-2	SE	
Q86UG4-3		no Ensembl transcript
Q86UK0-2	A3SS,AF	
Q86UK5-2	A3SS,AF	
Q86UK5-3		no Ensembl transcript
Q86UK7-2		no Ensembl transcript
Q86UK7-3		no Ensembl transcript
Q86UK7-4		no Ensembl transcript
Q86UL8-2	SE	
Q86UN3-2	SE,AL	
Q86UN6-2	SE	
Q86UN6-3	A5SS,AL	
Q86UP0-2	SE	
Q86UP0-3		no Ensembl transcript
Q86UP2-2	SE	
Q86UP2-3	SE	
Q86UP2-4	SE	
Q86UP3-2		no Ensembl transcript
Q86UP3-3		no Ensembl transcript
Q86UP3-4		no Ensembl transcript
Q86UP3-5		no Ensembl transcript
Q86UP6-2		no Ensembl transcript
Q86UP6-3		no Ensembl transcript
Q86UP8-2		no Ensembl transcript
Q86UP8-3		no Ensembl transcript
Q86UP8-4	AF,AL	
Q86UP8-5	A5SS,AL	
Q86UP8-6		no Ensembl transcript
Q86UQ0-2		no Ensembl transcript
Q86UQ0-3		no Ensembl transcript
Q86UQ4-2	A5SS,AL	
Q86UQ4-3		no Ensembl transcript
Q86UQ4-4		no Ensembl transcript
Q86UQ4-5		no Ensembl transcript
Q86UQ4-6		no Ensembl transcript
Q86UQ4-7		no Ensembl transcript
Q86UQ8-2		no Ensembl transcript
Q86UR1-2	A3SS	
Q86UR1-3	SE,A3SS	
Q86UR5-10	SE,A3SS,AF	
Q86UR5-11	A3SS,AF	
Q86UR5-12	SE,MXE,A3SS,AF	
Q86UR5-13	SE,MXE,AF	
Q86UR5-2		no Ensembl transcript
Q86UR5-3	SE	
Q86UR5-4	SE	
Q86UR5-5	SE,A3SS	
Q86UR5-6	SE	
Q86UR5-7	SE,A3SS	
Q86UR5-8	SE,A3SS	
Q86UR5-9	SE,MXE,AF	
Q86US8-2		no Ensembl transcript
Q86US8-3	A3SS,AF	
Q86UT5-2	A3SS,RI,AF	
Q86UT5-3	A5SS,A3SS,RI,AF	
Q86UT5-4		no Ensembl transcript
Q86UT5-5		no Ensembl transcript
Q86UT6-2	SE,AL	
Q86UU0-2		no Ensembl transcript
Q86UU0-3		no Ensembl transcript
Q86UU0-4		no Ensembl transcript
Q86UU1-2	SE	
Q86UU1-3	SE,A5SS,AL	
Q86UU5-2	RI,AL	
Q86UU5-3		no Ensembl transcript
Q86UU9-2	SE,A5SS	
Q86UU9-3	SE,A5SS	
Q86UU9-4	SE,A5SS	
Q86UU9-5	A5SS	
Q86UV5-2	SE	
Q86UV5-3		no Ensembl transcript
Q86UV5-4		no Ensembl transcript
Q86UV5-5		no Ensembl transcript
Q86UV5-6		no Ensembl transcript
Q86UV5-7	A5SS,AL	
Q86UV5-8	A3SS	
Q86UV6-2	A3SS	
Q86UW6-2		no Ensembl transcript
Q86UW7-2	SE,MXE	
Q86UW7-3	SE	
Q86UW9-2	SE	
Q86UX2-2		no Ensembl transcript
Q86UX2-3		no Ensembl transcript
Q86UX2-4		no Ensembl transcript
Q86UX6-2	A3SS,AF	
Q86UX7-2	A3SS	
Q86UY5-2	SE,A5SS,AL	
Q86UY5-3	A5SS,AL	
Q86UY6-3	A3SS,AF	
Q86UY6-4		no Ensembl transcript
Q86UY8-2		no Ensembl transcript
Q86V15-2	A5SS,AL	
Q86V20-2	SE	
Q86V21-2	SE,A5SS	
Q86V21-3		no Ensembl transcript
Q86V25-2	A3SS	
Q86V25-3		no Ensembl transcript
Q86V25-4	SE,AL	
Q86V25-5	SE	
Q86V25-6	A3SS,AF	
Q86V40-2	SE	
Q86V42-2	SE	
Q86V42-3	A5SS,AL	
Q86V48-2	SE,AL	
Q86V48-3		no Ensembl transcript
Q86V59-2	A5SS	
Q86V88-2		no Ensembl transcript
Q86V88-3	SE,A5SS	
Q86VB7-2		no Ensembl transcript
Q86VB7-3		identical exon structure
Q86VB7-4		no Ensembl transcript
Q86VD1-2	SE	
Q86VE3-2	SE,A5SS	
Q86VE9-2		canonical and isoform share a transcript
Q86VE9-3	SE,AL	
Q86VE9-4	SE,AL	
Q86VF2-2		no Ensembl transcript
Q86VF2-3		no Ensembl transcript
Q86VF2-4	SE,A5SS,AL	
Q86VF2-5	A5SS,A3SS,RI	
Q86VF5-2	SE,A5SS	
Q86VF5-3	A5SS,RI	
Q86VF7-2		no Ensembl transcript
Q86VF7-3	SE,A5SS,A3SS	
Q86VF7-4	SE	
Q86VG3-2	SE	
Q86VH2-2	SE	
Q86VH2-3	SE	
Q86VH2-4	A5SS,A3SS,AF,AL	
Q86VH4-2	A5SS,AL	
Q86VH5-2	A5SS,AL	
Q86VI4-2	A3SS	
Q86VK4-2	AL	
Q86VK4-3	SE	
Q86VK4-4	SE	
Q86VK4-5	SE,AL	
Q86VL8-2		no Ensembl transcript
Q86VL8-3	A3SS	
Q86VL8-4	SE,A3SS	
Q86VL8-5		no Ensembl transcript
Q86VL8-6	AL	
Q86VN1-2	A3SS,AF	
Q86VP1-2	A5SS	
Q86VP1-3		no Ensembl transcript
Q86VP1-4	A5SS,A3SS,AF	
Q86VP3-2	SE,A5SS	
Q86VP3-4	A5SS,A3SS,AF	
Q86VP6-2		no Ensembl transcript
Q86VP6-3		no Ensembl transcript
Q86VQ3-2	A3SS,AF	
Q86VQ3-3		no Ensembl transcript
Q86VR2-2		no Ensembl transcript
Q86VR7-2		no Ensembl transcript
Q86VS3-2		canonical and isoform share a transcript
Q86VS3-3	A5SS,A3SS,AF,AL	
Q86VS3-4		canonical and isoform share a transcript
Q86VS3-5	SE,AL	
Q86VV4-2	A5SS,AL	
Q86VV4-3	SE	
Q86VV8-2		no Ensembl transcript
Q86VV8-3		identical exon structure
Q86VV8-4		no Ensembl transcript
Q86VW1-2	SE,A5SS,A3SS,RI,AF	
Q86VW1-3		no Ensembl transcript
Q86VW2-2	A3SS,AF	
Q86VW2-3	SE,AF	
Q86VX2-2	A3SS	
Q86VX9-2		no Ensembl transcript
Q86VX9-3		no Ensembl transcript
Q86VX9-4		no Ensembl transcript
Q86VX9-5		no Ensembl transcript
Q86VZ4-2		no Ensembl transcript
Q86VZ5-2		no Ensembl transcript
Q86VZ6-3		no Ensembl transcript
Q86W11-3		no Ensembl transcript
Q86W28-2		no Ensembl transcript
Q86W33-2	SE,A5SS,AL	
Q86W33-3	SE,A5SS	
Q86W34-5	SE	
Q86W42-2	A3SS,AF	
Q86W42-3	SE	
Q86W50-2	SE,A5SS,AL	
Q86W54-2	A5SS,AL	
Q86W56-2		identical exon structure
Q86W56-3		identical exon structure
Q86W56-4		no Ensembl transcript
Q86W56-5		no Ensembl transcript
Q86W74-1		canonical and isoform share a transcript
Q86W92-2	SE,MXE,A5SS	
Q86W92-3	A3SS,AF	
Q86W92-4	SE	
Q86W92-5	A5SS,AL	
Q86WA6-2	SE,AF	
Q86WA8-2	SE	
Q86WB0-2		canonical and isoform share a transcript
Q86WB0-3	SE	
Q86WB7-2	SE	
Q86WD7-2	A3SS,RI,AF	
Q86WD7-3	AF,AL	
Q86WD7-4		no Ensembl transcript
Q86WD7-5	A3SS	
Q86WD7-6	A3SS	
Q86WD7-7	A3SS,AF	
Q86WG3-3	SE,AL	
Q86WG5-3	A5SS,AL	
Q86WH2-2	SE,A5SS,AL	
Q86WI0-2	SE	
Q86WI0-3		no Ensembl transcript
Q86WI3-2		no Ensembl transcript
Q86WI3-3	A5SS,AL	
Q86WI3-4	SE	
Q86WI3-5	SE,AL	
Q86WI3-6		no Ensembl transcript
Q86WJ1-2	SE	
Q86WJ1-3	SE	
Q86WJ1-4	SE,A3SS	
Q86WJ1-5	SE	
Q86WN1-2		no Ensembl transcript
Q86WN1-3	A3SS,AF,AL	
Q86WP2-2	SE	
Q86WP2-3	SE,A3SS	
Q86WP2-4	A3SS,AF	
Q86WQ0-2	A5SS,AL	
Q86WR0-2	A3SS,AF	
Q86WR7-2		no Ensembl transcript
Q86WS4-2	A5SS,AL	
Q86WS4-3	SE,A3SS,AF,AL	
Q86WT6-2	SE	
Q86WT6-3	A3SS,AF	
Q86WT6-4	AF	
Q86WU2-2	A3SS	
Q86WV1-2	A3SS	
Q86WZ6-2	A3SS,AF	
Q86X10-2		no Ensembl transcript
Q86X10-3	A3SS	
Q86X10-4		no Ensembl transcript
Q86X24-2	SE	
Q86X24-3		no Ensembl transcript
Q86X24-4	SE,A3SS,AF	
Q86X24-5		no Ensembl transcript
Q86X27-2		no Ensembl transcript
Q86X27-3	SE	
Q86X29-2	SE,A5SS,A3SS	
Q86X29-3		no Ensembl transcript
Q86X29-4		no Ensembl transcript
Q86X29-5		no Ensembl transcript
Q86X29-6	SE,A3SS	
Q86X40-2	SE,A5SS	
Q86X40-3		no Ensembl transcript
Q86X45-2		no Ensembl transcript
Q86X55-1		canonical and isoform share a transcript
Q86X55-2		no Ensembl transcript
Q86X60-2	A5SS	
Q86X67-2	SE	
Q86X67-3		identical exon structure
Q86X67-4	SE,A5SS,AL	
Q86X76-2	A3SS,AF	
Q86X76-3		no Ensembl transcript
Q86X76-4	SE,MXE,AF	
Q86X76-5	SE,AL	
Q86X83-2		no Ensembl transcript
Q86X95-2		no Ensembl transcript
Q86XA0-2	A3SS,AF	
Q86XA9-2		no Ensembl transcript
Q86XA9-3	A5SS,AL	
Q86XD5-2	SE,A3SS,AF	
Q86XD5-3	A3SS,AF	
Q86XE0-2		no Ensembl transcript
Q86XE5-3	SE	
Q86XH1-2	SE,A5SS,A3SS,AL	
Q86XH1-5	SE	
Q86XI2-2	SE,AL	
Q86XI8-2	A5SS,AL	
Q86XK2-2		no Ensembl transcript
Q86XK2-3		no Ensembl transcript
Q86XK2-4		no Ensembl transcript
Q86XK2-5		no Ensembl transcript
Q86XK2-6	A3SS,AF	
Q86XK3-2		no Ensembl transcript
Q86XK3-3	A3SS,AF	
Q86XK7-2	SE	
Q86XL3-2	SE,AL	
Q86XL3-3	A3SS,AF	
Q86XM0-2		no Ensembl transcript
Q86XN7-2	SE	
Q86XN8-2		no Ensembl transcript
Q86XN8-3	A5SS,A3SS,AL	
Q86XP0-2		no Ensembl transcript
Q86XP1-2	SE,A5SS	
Q86XP1-3	SE,A3SS,AF	
Q86XP1-5	A3SS,AF	
Q86XP3-2	A3SS,AF	
Q86XR2-2	A5SS,AL	
Q86XR2-3	SE,AL	
Q86XR2-4		no Ensembl transcript
Q86XR2-5		no Ensembl transcript
Q86XR2-6	A3SS,AF	
Q86XR2-7		no Ensembl transcript
Q86XR5-2	SE,AL	
Q86XR7-2	A3SS,AF	
Q86XR8-2	SE	
Q86XR8-3	A5SS,AL	
Q86XR8-4		no Ensembl transcript
Q86XR8-5	SE,AF	
Q86XS8-2	SE,A5SS	
Q86XT4-2		identical exon structure
Q86XW9-2	SE,A3SS,AF,AL	
Q86XW9-3	SE,AL	
Q86XX4-2		no Ensembl transcript
Q86XX4-4		no Ensembl transcript
Q86XX4-5		no Ensembl transcript
Q86XX4-6		no Ensembl transcript
Q86Y07-2	SE,AL	
Q86Y07-3	A3SS	
Q86Y07-4	A3SS,AF	
Q86Y07-5	SE,AL	
Q86Y13-2	A5SS,AL	
Q86Y22-2		no Ensembl transcript
Q86Y26-2		no Ensembl transcript
Q86Y26-3	SE,AF	
Q86Y26-4	A3SS,AF	
Q86Y33-2	A5SS	
Q86Y33-3	SE	
Q86Y33-4	SE,A5SS,AL	
Q86Y33-5	SE,MXE,AL	
Q86Y37-2	SE,AL	
Q86Y37-4		no Ensembl transcript
Q86Y39-2	SE,AL	
Q86Y46-2		no Ensembl transcript
Q86Y56-2		no Ensembl transcript
Q86Y56-3		no Ensembl transcript
Q86Y78-2	SE,AL	
Q86Y91-6	A5SS,A3SS,AL	
Q86Y97-2	SE,A5SS,AL	
Q86YA3-2		no Ensembl transcript
Q86YA3-3		no Ensembl transcript
Q86YA3-4	A5SS,AL	
Q86YA3-5		no Ensembl transcript
Q86YA3-6		no Ensembl transcript
Q86YA3-7		no Ensembl transcript
Q86YB7-2	SE	
Q86YB8-2		no Ensembl transcript
Q86YD1-2		no Ensembl transcript
Q86YD1-3		no Ensembl transcript
Q86YD3-2	SE	
Q86YD3-3	SE	
Q86YD3-4	SE,AL	
Q86YD3-5	SE,A3SS,AL	
Q86YD5-2	SE	
Q86YE8-2		identical exon structure
Q86YE8-3	SE,AF	
Q86YE8-4	SE,A3SS,AF	
Q86YF9-2	SE	
Q86YF9-3	SE,A5SS,A3SS,RI,AL	
Q86YH6-2	SE,AL	
Q86YJ5-2	A3SS,AF	
Q86YJ6-2	SE,MXE,AL	
Q86YJ6-3	SE,A5SS	
Q86YJ6-4		no Ensembl transcript
Q86YJ6-5		no Ensembl transcript
Q86YJ7-2		no Ensembl transcript
Q86YL5-2	A5SS,AL	
Q86YL7-2		no Ensembl transcript
Q86YL7-3	A3SS	
Q86YL7-4	A5SS,A3SS	
Q86YL7-5	A5SS,A3SS,AF	
Q86YL7-6	A3SS,AF	
Q86YM7-2	SE	
Q86YM7-3	SE,A5SS	
Q86YN1-2	SE	
Q86YN6-2		no Ensembl transcript
Q86YN6-3	A5SS,AL	
Q86YN6-4		no Ensembl transcript
Q86YN6-5	SE	
Q86YN6-6	SE,MXE,AF	
Q86YP4-2	SE	
Q86YP4-3	A3SS	
Q86YQ8-2	A3SS,AF	
Q86YR5-2	A3SS,AF	
Q86YR5-3		no Ensembl transcript
Q86YR5-4		no Ensembl transcript
Q86YR7-2	A5SS,AL	
Q86YR7-3	SE,AL	
Q86YR7-4	A5SS,AL	
Q86YS3-2	SE,AF	
Q86YS6-2	SE,AL	
Q86YS7-2	SE,MXE	
Q86YS7-3	SE	
Q86YS7-4	SE,MXE	
Q86YS7-5	SE,MXE	
Q86YT5-2	SE	
Q86YT5-3	A3SS	
Q86YT5-4	SE	
Q86YT9-2	SE,AF	
Q86YT9-3		no Ensembl transcript
Q86YT9-4	A3SS,AF	
Q86YV0-2		no Ensembl transcript
Q86YV6-2		no Ensembl transcript
Q86YW0-2	SE	
Q86YW0-3		canonical and isoform share a transcript
Q86YW5-2	SE,A5SS	
Q86YW5-3	SE	
Q86YW9-2	A5SS,AL	
Q86YW9-3	SE,A5SS,AL	
Q86YW9-4	A3SS	
Q86Z02-2	A5SS,AL	
Q86Z02-3	A3SS,AF	
Q86Z02-4	A3SS,AF	
Q86Z20-2	A3SS,AF	
Q8IU53-2		no Ensembl transcript
Q8IU57-2	A3SS	
Q8IU57-3	A5SS,AL	
Q8IU57-4	SE,A5SS	
Q8IU60-2	SE	
Q8IU68-2	A3SS,AF	
Q8IU80-1		identical exon structure
Q8IU80-2		no Ensembl transcript
Q8IU80-5	SE	
Q8IU85-2	A5SS,AL	
Q8IUA7-2		no Ensembl transcript
Q8IUA7-3		no Ensembl transcript
Q8IUA7-4		no Ensembl transcript
Q8IUA7-5	A5SS,AL	
Q8IUB3-2	SE,AF	
Q8IUC4-2		no Ensembl transcript
Q8IUC8-2		no Ensembl transcript
Q8IUC8-3	SE,AL	
Q8IUD2-2	SE,MXE,AL	
Q8IUD2-3	SE	
Q8IUD2-4	SE,MXE,AL	
Q8IUD2-5	SE,MXE,AL	
Q8IUD6-2	SE,A5SS	
Q8IUD6-3	SE,A5SS	
Q8IUF8-2	SE,AL	
Q8IUF8-3		no Ensembl transcript
Q8IUF8-4	A3SS	
Q8IUG5-2		no Ensembl transcript
Q8IUG5-3	A3SS	
Q8IUH3-2		no Ensembl transcript
Q8IUH3-3		identical exon structure
Q8IUH4-2		no Ensembl transcript
Q8IUH4-3	A3SS,AF	
Q8IUH5-2		no Ensembl transcript
Q8IUH5-3	AL	
Q8IUI8-2		no Ensembl transcript
Q8IUK5-2		no Ensembl transcript
Q8IUK5-3	SE,AL	
Q8IUK5-4		no Ensembl transcript
Q8IUM7-3	SE,A5SS,AL	
Q8IUN9-2		identical exon structure
Q8IUN9-3	A5SS,A3SS,AL	
Q8IUQ0-2	A5SS,AL	
Q8IUQ4-2	A3SS,AF	
Q8IUQ4-3		no Ensembl transcript
Q8IUR5-1		canonical and isoform share a transcript
Q8IUR5-2		no Ensembl transcript
Q8IUR5-3		no Ensembl transcript
Q8IUR5-4		no Ensembl transcript
Q8IUR6-2	A5SS,AL	
Q8IUR6-3		no Ensembl transcript
Q8IUR7-2	SE,AF	
Q8IUR7-3	A3SS,AF	
Q8IUR7-6	SE,A5SS,AF,AL	
Q8IUR7-7	SE	
Q8IUR7-8	SE	
Q8IUW3-2	A5SS,AL	
Q8IUX1-2		no Ensembl transcript
Q8IUX1-3	A5SS,AL	
Q8IUX1-4	A5SS,AL	
Q8IUX1-5	A3SS,AF	
Q8IUX4-2	A5SS,AL	
Q8IUX4-3	SE,AL	
Q8IUX7-2	A3SS,RI,AF	
Q8IUX8-2	A3SS	
Q8IUZ0-2	A5SS	
Q8IUZ0-3	SE,AF	
Q8IUZ0-4	SE,AF	
Q8IUZ5-2		no Ensembl transcript
Q8IUZ5-3		no Ensembl transcript
Q8IV04-2	SE,A5SS,A3SS	
Q8IV13-2		no Ensembl transcript
Q8IV33-2	A5SS,AL	
Q8IV33-3		no Ensembl transcript
Q8IV35-2		no Ensembl transcript
Q8IV36-2	A3SS	
Q8IV36-3		no Ensembl transcript
Q8IV42-2		no Ensembl transcript
Q8IV50-2	AF	
Q8IV53-2	A3SS,AF	
Q8IV61-2	A3SS	
Q8IV63-2	SE,AL	
Q8IV63-3	SE	
Q8IV76-2		no Ensembl transcript
Q8IV77-2		no Ensembl transcript
Q8IVA1-2	SE,AF	
Q8IVE3-2		no Ensembl transcript
Q8IVE3-3		no Ensembl transcript
Q8IVF1-2	SE,AL	
Q8IVF2-2	A3SS,AF	
Q8IVF2-3		canonical and isoform share a transcript
Q8IVF4-2		no Ensembl transcript
Q8IVF5-2	SE	
Q8IVF5-3	A3SS,AF	
Q8IVF5-4	A3SS,AF	
Q8IVF5-5	SE	
Q8IVF6-2		no Ensembl transcript
Q8IVF7-2	SE,AL	
Q8IVF7-3	SE,AL	
Q8IVG5-2		no Ensembl transcript
Q8IVH2-2	A3SS	
Q8IVH2-3	A3SS	
Q8IVH8-2		no Ensembl transcript
Q8IVH8-3	SE	
Q8IVI9-2	SE	
Q8IVI9-3	A3SS,AF	
Q8IVI9-4	SE	
Q8IVJ8-2		no Ensembl transcript
Q8IVJ8-3		no Ensembl transcript
Q8IVK1-2		no Ensembl transcript
Q8IVL0-2	SE	
Q8IVL0-3		no Ensembl transcript
Q8IVL1-10		no Ensembl transcript
Q8IVL1-11		no Ensembl transcript
Q8IVL1-12		no Ensembl transcript
Q8IVL1-13		no Ensembl transcript
Q8IVL1-2	SE	
Q8IVL1-3	SE	
Q8IVL1-4	SE,AF	
Q8IVL1-5	SE,MXE,AF	
Q8IVL1-6		no Ensembl transcript
Q8IVL1-7		no Ensembl transcript
Q8IVL1-8		no Ensembl transcript
Q8IVL1-9		no Ensembl transcript
Q8IVL5-2	A3SS,AF	
Q8IVL6-2		no Ensembl transcript
Q8IVM0-2	SE	
Q8IVM8-2	SE,A5SS,AL	
Q8IVP9-2		no Ensembl transcript
Q8IVS2-2	SE,A5SS	
Q8IVS8-2	SE,A5SS	
Q8IVS8-3		no Ensembl transcript
Q8IVS8-4		no Ensembl transcript
Q8IVS8-5		no Ensembl transcript
Q8IVS8-6		no Ensembl transcript
Q8IVS8-7	SE	
Q8IVT5-2		no Ensembl transcript
Q8IVT5-3		no Ensembl transcript
Q8IVT5-4		no Ensembl transcript
Q8IVU3-2	SE	
Q8IVU3-3		no Ensembl transcript
Q8IVV2-3	A5SS,A3SS,AF,AL	
Q8IVV2-4	A5SS,A3SS,AF	
Q8IVV2-5	A3SS,AF	
Q8IVW1-2	AF,AL	
Q8IVW1-4	A5SS,AL	
Q8IVW4-2	A5SS,AL	
Q8IVW6-3		no Ensembl transcript
Q8IVW6-4	A3SS	
Q8IW00-2	SE,AL	
Q8IW35-2	SE	
Q8IW36-1		canonical and isoform share a transcript
Q8IW36-2	A5SS,AL	
Q8IW36-3		no Ensembl transcript
Q8IW40-2	SE,AL	
Q8IW41-2	A5SS	
Q8IW45-2		identical exon structure
Q8IW45-3		no Ensembl transcript
Q8IW45-4	SE,AF	
Q8IW50-2		no Ensembl transcript
Q8IW50-3	A5SS,A3SS	
Q8IW50-4	A5SS	
Q8IW50-5	A5SS	
Q8IW50-6	A5SS	
Q8IW50-7		no Ensembl transcript
Q8IW70-2	SE,AL	
Q8IW93-2		no Ensembl transcript
Q8IWA4-2	SE,A5SS,AL	
Q8IWA4-3		no Ensembl transcript
Q8IWA5-2	SE,AL	
Q8IWA5-3	SE,AF	
Q8IWB6-2	A3SS	
Q8IWB6-3	SE,A3SS	
Q8IWB9-2	A3SS	
Q8IWC1-2		no Ensembl transcript
Q8IWC1-3	SE	
Q8IWC1-4	SE,AF	
Q8IWD4-2		no Ensembl transcript
Q8IWD4-3	SE	
Q8IWD4-4	SE	
Q8IWE2-2	A3SS,AF	
Q8IWE5-2	SE	
Q8IWF2-2		no Ensembl transcript
Q8IWF9-2	SE	
Q8IWF9-3		no Ensembl transcript
Q8IWG1-2	SE	
Q8IWI9-3	SE	
Q8IWJ2-3	SE,A5SS,AL	
Q8IWK6-2	A5SS,AL	
Q8IWK6-3		no Ensembl transcript
Q8IWK6-4	SE,AF,AL	
Q8IWL2-2	A3SS,AF	
Q8IWN7-2		no Ensembl transcript
Q8IWQ3-2	SE,AL	
Q8IWQ3-3	SE,AL	
Q8IWQ3-4	SE,AL	
Q8IWQ3-5	SE,A3SS,AF	
Q8IWQ3-6	SE,A3SS,AF,AL	
Q8IWR0-2	A3SS,AF	
Q8IWS0-2	A5SS,A3SS,AL	
Q8IWS0-3		no Ensembl transcript
Q8IWS0-4		no Ensembl transcript
Q8IWS0-5	SE	
Q8IWT0-2	SE,A5SS	
Q8IWT1-2		identical exon structure
Q8IWT1-3	SE	
Q8IWT3-3	SE	
Q8IWU4-2	A3SS,AF	
Q8IWU5-2	A3SS	
Q8IWU9-2		no Ensembl transcript
Q8IWV1-2		canonical and isoform share a transcript
Q8IWV1-3	SE,AF	
Q8IWV2-2		no Ensembl transcript
Q8IWV2-3	A3SS,AF	
Q8IWV2-4	A3SS,AF	
Q8IWV7-2		no Ensembl transcript
Q8IWV8-2	SE,MXE,AL	
Q8IWV8-3		no Ensembl transcript
Q8IWV8-4	SE,MXE	
Q8IWW6-2	SE	
Q8IWW6-3	SE	
Q8IWW6-4	SE	
Q8IWW8-2	AF	
Q8IWW8-3	SE,AL	
Q8IWW8-4	SE,AF,AL	
Q8IWX5-2		identical exon structure
Q8IWX7-2	SE	
Q8IWX7-3	A5SS	
Q8IWY8-2		no Ensembl transcript
Q8IWY8-3		no Ensembl transcript
Q8IWY8-4		no Ensembl transcript
Q8IWY9-1		no Ensembl transcript
Q8IWZ3-2	SE,AL	
Q8IWZ3-3	SE,A3SS,AL	
Q8IWZ3-4		no Ensembl transcript
Q8IWZ3-5	SE,MXE,AL	
Q8IWZ3-6	SE,AL	
Q8IWZ5-2		no Ensembl transcript
Q8IWZ6-2	A5SS,AL	
Q8IWZ8-2	SE,AL	
Q8IX01-3	A5SS,A3SS,RI,AL	
Q8IX01-4	A5SS,A3SS,RI	
Q8IX03-2	A3SS	
Q8IX04-2	SE,A5SS	
Q8IX04-3	SE,A5SS	
Q8IX04-4	SE,A5SS,A3SS,AF	
Q8IX04-5	SE,AL	
Q8IX04-6	SE	
Q8IX04-7	SE,A5SS	
Q8IX05-2	SE	
Q8IX12-2	SE	
Q8IX15-3	SE,AF	
Q8IX18-2		no Ensembl transcript
Q8IX18-3		no Ensembl transcript
Q8IX18-4	SE,A5SS	
Q8IX21-2	A5SS,AL	
Q8IX21-3	A5SS,AL	
Q8IX29-2	SE	
Q8IX30-2	SE	
Q8IX90-2	SE,A5SS,AL	
Q8IX90-3	SE,AL	
Q8IXA5-2	A3SS,AF	
Q8IXB1-2	SE	
Q8IXB1-3	SE,AL	
Q8IXF0-2	SE	
Q8IXF0-3	SE,MXE	
Q8IXF0-4	SE,A3SS	
Q8IXF0-5	SE,A3SS,AF,AL	
Q8IXF0-6		no Ensembl transcript
Q8IXH7-3		no Ensembl transcript
Q8IXH7-4		no Ensembl transcript
Q8IXH8-1		no Ensembl transcript
Q8IXH8-2	SE,MXE,AF	
Q8IXH8-5	SE,MXE,AF	
Q8IXI1-2		no Ensembl transcript
Q8IXI2-2	SE	
Q8IXI2-3	SE	
Q8IXI2-4	A5SS,AL	
Q8IXI2-5	SE,AL	
Q8IXI2-6		no Ensembl transcript
Q8IXI2-7	SE	
Q8IXJ6-2	A3SS,AF	
Q8IXJ6-3		no Ensembl transcript
Q8IXJ6-4		no Ensembl transcript
Q8IXJ6-5	SE	
Q8IXJ9-2		no Ensembl transcript
Q8IXK0-2	A3SS,AF	
Q8IXK0-3		no Ensembl transcript
Q8IXK0-4		no Ensembl transcript
Q8IXK0-5	A5SS	
Q8IXK2-2		no Ensembl transcript
Q8IXL6-2		no Ensembl transcript
Q8IXL7-2	SE,AF	
Q8IXM2-2	SE	
Q8IXM2-3		identical exon structure
Q8IXM6-2	SE	
Q8IXM6-6	SE	
Q8IXQ4-2		no Ensembl transcript
Q8IXQ4-3	A3SS,AF	
Q8IXQ4-4	A5SS,AL	
Q8IXQ5-2		no Ensembl transcript
Q8IXQ5-3	SE,AL	
Q8IXQ5-4	SE,AF,AL	
Q8IXQ5-5	A3SS,AF	
Q8IXQ6-2	A5SS	
Q8IXQ6-3	A5SS,AL	
Q8IXQ8-2		no Ensembl transcript
Q8IXQ8-3	SE	
Q8IXR5-2	A3SS,AF	
Q8IXR5-4	A3SS,AF	
Q8IXR9-2	SE	
Q8IXS2-2	A5SS,AL	
Q8IXT1-2	A5SS,AL	
Q8IXT2-2	A5SS,A3SS,AL	
Q8IXU6-2		identical exon structure
Q8IXU6-3	A3SS,AF	
Q8IXW5-2		no Ensembl transcript
Q8IXX5-2		no Ensembl transcript
Q8IXY8-2	SE	
Q8IXY8-3	SE	
Q8IXZ2-2		no Ensembl transcript
Q8IXZ3-1		no Ensembl transcript
Q8IXZ3-2		no Ensembl transcript
Q8IXZ3-4	A3SS,AF	
Q8IY17-2	A3SS	
Q8IY17-3		no Ensembl transcript
Q8IY17-5	SE,A3SS	
Q8IY22-2	SE,AF	
Q8IY22-3	SE,AF	
Q8IY31-2	A3SS,AF	
Q8IY31-3	SE,A5SS	
Q8IY31-4		identical exon structure
Q8IY33-2	A5SS,A3SS,AF,AL	
Q8IY33-3		no Ensembl transcript
Q8IY33-4	A5SS,AL	
Q8IY33-5		no Ensembl transcript
Q8IY45-2	A3SS,AF	
Q8IY49-2	A3SS	
Q8IY49-3	SE,A3SS,AL	
Q8IY50-2	SE,AF	
Q8IY57-3	SE	
Q8IY57-4	SE,AL	
Q8IY57-5	SE	
Q8IY63-2	SE	
Q8IY67-2		no Ensembl transcript
Q8IY67-3	SE,A5SS,AL	
Q8IY82-2	SE	
Q8IY85-2	SE,A5SS,AL	
Q8IY92-2		no Ensembl transcript
Q8IY95-2	SE,AF	
Q8IYA6-2		no Ensembl transcript
Q8IYA6-3		canonical and isoform share a transcript
Q8IYA8-2		no Ensembl transcript
Q8IYA8-3	SE,A5SS,AL	
Q8IYB3-2		no Ensembl transcript
Q8IYB4-2	SE,MXE	
Q8IYB4-3	SE	
Q8IYB4-4	SE	
Q8IYB4-5	A3SS,AF	
Q8IYB4-6	SE	
Q8IYB4-7	SE,A3SS,AF	
Q8IYB4-8	A3SS,AF	
Q8IYB5-2	SE	
Q8IYB5-3	SE,MXE,A5SS	
Q8IYB7-2	A5SS,A3SS,AL	
Q8IYB7-3	SE,A5SS,AL	
Q8IYB7-4	A5SS,AL	
Q8IYB7-5	SE,A5SS,AL	
Q8IYD8-2	A5SS,AL	
Q8IYD8-3	SE	
Q8IYD9-2	A5SS	
Q8IYE0-2		no Ensembl transcript
Q8IYF3-2	A3SS,AF	
Q8IYF3-3	SE,AF	
Q8IYH5-2		identical exon structure
Q8IYH5-3	SE,AF	
Q8IYH5-4		no Ensembl transcript
Q8IYI0-2		no Ensembl transcript
Q8IYJ0-2	A5SS,AL	
Q8IYJ1-2	SE,AL	
Q8IYJ2-2	SE,A3SS,AL	
Q8IYJ3-2	A3SS	
Q8IYK8-2	SE,A5SS,AL	
Q8IYL2-2	A5SS,A3SS,AF,AL	
Q8IYL2-3		no Ensembl transcript
Q8IYM0-2		no Ensembl transcript
Q8IYM1-2	SE	
Q8IYM9-2		identical exon structure
Q8IYR6-2	SE,AF	
Q8IYS0-2	A3SS,AF	
Q8IYS2-2	A5SS,AL	
Q8IYS5-2		no Ensembl transcript
Q8IYS5-3		no Ensembl transcript
Q8IYS5-4		no Ensembl transcript
Q8IYS5-5		no Ensembl transcript
Q8IYS5-6		no Ensembl transcript
Q8IYS5-7		no Ensembl transcript
Q8IYT4-2	A3SS,AF	
Q8IYU2-2		no Ensembl transcript
Q8IYU2-3		no Ensembl transcript
Q8IYU2-4	SE	
Q8IYU4-2		no Ensembl transcript
Q8IYV9-2	A5SS,AL	
Q8IYV9-3	A5SS,AL	
Q8IYW2-2	A5SS,AL	
Q8IYW2-3		no Ensembl transcript
Q8IYX1-2	SE	
Q8IYX3-1		no Ensembl transcript
Q8IYX3-3	A5SS,AL	
Q8IYX8-2	A5SS,AL	
Q8IYY4-2	SE,AL	
Q8IZ02-3	SE	
Q8IZ20-2	SE	
Q8IZ21-2	SE,AF	
Q8IZ21-3		identical exon structure
Q8IZ21-4	SE,A5SS,AL	
Q8IZ41-2	SE,AL	
Q8IZ52-2		no Ensembl transcript
Q8IZ52-4	A3SS,AF	
Q8IZ69-2		identical exon structure
Q8IZ73-2	A5SS	
Q8IZ83-2		no Ensembl transcript
Q8IZ83-3	SE	
Q8IZ96-10		no Ensembl transcript
Q8IZ96-11		no Ensembl transcript
Q8IZ96-12		no Ensembl transcript
Q8IZ96-13	SE,MXE,AL	
Q8IZ96-14	SE,AL	
Q8IZ96-15	SE	
Q8IZ96-16		no Ensembl transcript
Q8IZ96-17	A5SS	
Q8IZ96-2		no Ensembl transcript
Q8IZ96-3		no Ensembl transcript
Q8IZ96-4		identical exon structure
Q8IZ96-5	SE,A5SS	
Q8IZ96-6	SE	
Q8IZ96-7	SE	
Q8IZ96-8		no Ensembl transcript
Q8IZ96-9	SE,AL	
Q8IZA0-2		no Ensembl transcript
Q8IZA0-3		no Ensembl transcript
Q8IZA3-2	A3SS,AF	
Q8IZC4-2		no Ensembl transcript
Q8IZC4-3	A5SS,AL	
Q8IZC6-2		no Ensembl transcript
Q8IZC6-3		no Ensembl transcript
Q8IZC7-2	A3SS,AF	
Q8IZD0-2	SE	
Q8IZD2-2		no Ensembl transcript
Q8IZD2-3	A5SS,AL	
Q8IZD2-4	SE,A5SS,AL	
Q8IZD2-5		no Ensembl transcript
Q8IZD2-6		no Ensembl transcript
Q8IZD2-7	SE	
Q8IZD2-8	SE,AL	
Q8IZD4-2		no Ensembl transcript
Q8IZD6-2	AL	
Q8IZE3-2	SE	
Q8IZF0-2		no Ensembl transcript
Q8IZF0-3	SE,AL	
Q8IZF2-2		no Ensembl transcript
Q8IZF2-3		no Ensembl transcript
Q8IZF5-2	SE,A5SS,AF,AL	
Q8IZF5-3	SE,A5SS,AL	
Q8IZF6-2		no Ensembl transcript
Q8IZF6-3	SE	
Q8IZF7-2		no Ensembl transcript
Q8IZH2-2	SE,A3SS	
Q8IZH2-3	A5SS,AL	
Q8IZJ1-2	SE	
Q8IZJ3-2	SE,AL	
Q8IZJ4-2		no Ensembl transcript
Q8IZJ6-2		no Ensembl transcript
Q8IZJ6-3		no Ensembl transcript
Q8IZK6-2	A3SS,AF	
Q8IZL9-2	SE,A5SS	
Q8IZL9-3	SE	
Q8IZL9-4	SE,A3SS	
Q8IZL9-5	SE	
Q8IZM9-2	SE,AL	
Q8IZN3-2	A3SS	
Q8IZP0-10	SE	
Q8IZP0-11	SE	
Q8IZP0-12	SE,MXE	
Q8IZP0-2	SE,A3SS	
Q8IZP0-3	SE	
Q8IZP0-4	SE,A3SS	
Q8IZP0-5	SE	
Q8IZP0-6	SE,A3SS	
Q8IZP0-7	SE	
Q8IZP0-8		no Ensembl transcript
Q8IZP0-9	SE	
Q8IZP1-2		no Ensembl transcript
Q8IZP9-10	SE	
Q8IZP9-2	A5SS	
Q8IZP9-3	SE	
Q8IZP9-4	SE	
Q8IZP9-5	SE	
Q8IZP9-6	SE	
Q8IZP9-7	SE	
Q8IZP9-8	SE	
Q8IZP9-9	SE	
Q8IZQ1-2		no Ensembl transcript
Q8IZQ8-2		no Ensembl transcript
Q8IZQ8-3	SE	
Q8IZR5-2	A5SS,AL	
Q8IZR5-3	A5SS,AL	
Q8IZS5-2		no Ensembl transcript
Q8IZS5-3		no Ensembl transcript
Q8IZS5-4		no Ensembl transcript
Q8IZS5-5		no Ensembl transcript
Q8IZS8-2	A3SS,AF	
Q8IZS8-3	SE,A5SS,A3SS,AF,AL	
Q8IZT6-2	SE	
Q8IZU0-2	SE,MXE,A3SS	
Q8IZU2-2	SE,A3SS,AF	
Q8IZU9-2	A5SS,AL	
Q8IZV2-2	SE	
Q8IZY2-2		no Ensembl transcript
Q8N0S2-2	SE,A3SS,AF,AL	
Q8N0S2-3		no Ensembl transcript
Q8N0S6-2	SE	
Q8N0S6-3		no Ensembl transcript
Q8N0T1-2	SE,AL	
Q8N0U4-2	A5SS,AL	
Q8N0U4-3	SE,A5SS	
Q8N0U7-2		no Ensembl transcript
Q8N0U7-3		no Ensembl transcript
Q8N0U8-2	SE,A5SS	
Q8N0V3-2	SE,A5SS	
Q8N0V5-2	SE,AF	
Q8N0V5-3	SE,AF	
Q8N0W3-2	A5SS,A3SS	
Q8N0W4-2	SE	
Q8N0W5-2	SE,A5SS,AL	
Q8N0W5-3		no Ensembl transcript
Q8N0X2-2		no Ensembl transcript
Q8N0X2-3		no Ensembl transcript
Q8N0X2-4	A5SS,AL	
Q8N0X2-5		no Ensembl transcript
Q8N0X4-2	SE	
Q8N0Y2-2	A3SS	
Q8N0Z8-2		no Ensembl transcript
Q8N0Z9-2		no Ensembl transcript
Q8N103-2		identical exon structure
Q8N103-3		no Ensembl transcript
Q8N103-4	A5SS,AL	
Q8N108-12	SE,AF	
Q8N108-13	SE,AF	
Q8N108-14	SE,A5SS,AF,AL	
Q8N108-15	SE,A5SS,AF,AL	
Q8N108-16	A5SS,AL	
Q8N108-17	SE,AF	
Q8N108-18	SE,A5SS,AF,AL	
Q8N108-19	A5SS,A3SS,AF,AL	
Q8N108-20	SE,A5SS,AF,AL	
Q8N114-2	A3SS,AF	
Q8N114-3	SE,AF	
Q8N114-4	SE,AF	
Q8N114-5	A5SS	
Q8N118-2		identical exon structure
Q8N118-3	A3SS	
Q8N122-2	A5SS,AL	
Q8N122-3	SE	
Q8N126-2	SE	
Q8N126-3		canonical and isoform share a transcript
Q8N128-2	A3SS	
Q8N131-2	SE	
Q8N135-2	A5SS,AL	
Q8N136-2		no Ensembl transcript
Q8N137-2	A5SS	
Q8N137-3	A3SS	
Q8N137-4		no Ensembl transcript
Q8N137-5		no Ensembl transcript
Q8N138-4	A5SS	
Q8N139-2	SE,A5SS,AL	
Q8N139-3	A5SS,AL	
Q8N142-2	SE,AF	
Q8N144-2		no Ensembl transcript
Q8N145-2	SE	
Q8N149-2	SE	
Q8N149-3		no Ensembl transcript
Q8N149-4		no Ensembl transcript
Q8N157-2	SE,AL	
Q8N157-3	AL	
Q8N163-2		no Ensembl transcript
Q8N184-1		identical exon structure
Q8N184-2		no Ensembl transcript
Q8N187-2	A5SS,AF,AL	
Q8N187-3	SE	
Q8N1A0-2		no Ensembl transcript
Q8N1B3-2	A3SS	
Q8N1B4-2		identical exon structure
Q8N1D0-2		no Ensembl transcript
Q8N1F7-2	A3SS,AF	
Q8N1G0-2		no Ensembl transcript
Q8N1I0-2		no Ensembl transcript
Q8N1I0-3	SE	
Q8N1I0-4		no Ensembl transcript
Q8N1K5-2	A3SS,AF	
Q8N1K5-3	A3SS,AF	
Q8N1K5-4	SE	
Q8N1L4-2		no Ensembl transcript
Q8N1L9-2	A3SS,AF	
Q8N1M1-1		canonical and isoform share a transcript
Q8N1M1-4	SE,A3SS,AF,AL	
Q8N1M1-5	SE,MXE,A3SS,AF,AL	
Q8N1M1-6	SE,A3SS,AF,AL	
Q8N1N0-2	SE,AL	
Q8N1N4-2	SE,AF	
Q8N1S5-2	A5SS	
Q8N1T3-2		no Ensembl transcript
Q8N1T3-3		no Ensembl transcript
Q8N1V2-2		no Ensembl transcript
Q8N1V2-3	SE,A3SS	
Q8N1W1-2		no Ensembl transcript
Q8N1W1-3		no Ensembl transcript
Q8N1W1-4	A5SS,AL	
Q8N1W1-5	SE,AF	
Q8N1W1-6	SE	
Q8N205-2	SE	
Q8N228-2	A3SS,AF	
Q8N228-3		no Ensembl transcript
Q8N264-2	SE,AF	
Q8N264-3	A3SS,AF	
Q8N264-4	A5SS,AL	
Q8N264-5		no Ensembl transcript
Q8N268-2		no Ensembl transcript
Q8N271-2		no Ensembl transcript
Q8N271-3		no Ensembl transcript
Q8N283-2		no Ensembl transcript
Q8N2B8-2		no Ensembl transcript
Q8N2C3-2	SE,A5SS,AL	
Q8N2C7-2		no Ensembl transcript
Q8N2C7-3		no Ensembl transcript
Q8N2C7-4		no Ensembl transcript
Q8N2C7-5		no Ensembl transcript
Q8N2C7-6		no Ensembl transcript
Q8N2C7-7	SE,A5SS	
Q8N2E2-3		no Ensembl transcript
Q8N2F6-2	SE	
Q8N2F6-3	SE	
Q8N2F6-4	SE	
Q8N2F6-5	SE	
Q8N2F6-6	SE	
Q8N2G4-2		no Ensembl transcript
Q8N2G4-3		canonical and isoform share a transcript
Q8N2G4-4	A3SS,AF	
Q8N2G8-2	AL	
Q8N2G8-3	A5SS,A3SS	
Q8N2H4-2	A5SS,AL	
Q8N2H9-2	SE	
Q8N2H9-3	SE,A5SS,A3SS	
Q8N2H9-4	A5SS,AL	
Q8N2I2-2	SE,AF	
Q8N2I2-3	SE,A3SS,AF	
Q8N2I2-4	SE,MXE,A3SS,AF	
Q8N2I9-2		no Ensembl transcript
Q8N2I9-3	A5SS,AL	
Q8N2I9-4	A3SS	
Q8N2K0-2	SE,AL	
Q8N2K0-3		no Ensembl transcript
Q8N2K1-2		no Ensembl transcript
Q8N2K1-3	SE	
Q8N2M8-3	A5SS,AL	
Q8N2M8-4	SE,A5SS,A3SS	
Q8N2N9-2		no Ensembl transcript
Q8N2N9-3		no Ensembl transcript
Q8N2N9-4	SE,A5SS,AL	
Q8N2Q7-2	SE	
Q8N2R0-2		identical exon structure
Q8N2R0-3	A3SS,AF	
Q8N2S1-2	SE,AF	
Q8N2S1-3		no Ensembl transcript
Q8N2S1-4		no Ensembl transcript
Q8N2U9-2	SE	
Q8N2U9-3	SE,A5SS	
Q8N2Z9-2	SE,AL	
Q8N2Z9-3	SE,AL	
Q8N302-2		no Ensembl transcript
Q8N302-3	A5SS,AL	
Q8N307-3	A3SS,AF	
Q8N309-2		identical exon structure
Q8N309-3		no Ensembl transcript
Q8N319-4	A5SS,A3SS,AL	
Q8N323-2	A3SS,AF	
Q8N336-2		no Ensembl transcript
Q8N336-3	SE	
Q8N350-4	A5SS,AL	
Q8N365-2		no Ensembl transcript
Q8N370-2		no Ensembl transcript
Q8N370-3	SE	
Q8N370-4	SE,AF	
Q8N371-2	SE	
Q8N371-3	A3SS,AF	
Q8N387-2		no Ensembl transcript
Q8N392-2		no Ensembl transcript
Q8N393-2		no Ensembl transcript
Q8N3A8-2	SE	
Q8N3C0-3	SE,AL	
Q8N3C0-4	A5SS,AL	
Q8N3C7-2		no Ensembl transcript
Q8N3C7-3	A5SS,AL	
Q8N3C7-4		no Ensembl transcript
Q8N3F0-2		no Ensembl transcript
Q8N3F0-3	SE,AF	
Q8N3F0-4	SE	
Q8N3G9-2	A3SS	
Q8N3G9-3	SE,A3SS	
Q8N3H0-2	A3SS,AF	
Q8N3I7-2	SE	
Q8N3J3-2		no Ensembl transcript
Q8N3J3-3	SE,A5SS,A3SS	
Q8N3J3-4	A3SS	
Q8N3J5-2		no Ensembl transcript
Q8N3J5-3		no Ensembl transcript
Q8N3J6-2	SE,MXE	
Q8N3J6-3	SE,AF	
Q8N3J6-4	SE,MXE	
Q8N3J6-5		canonical and isoform share a transcript
Q8N3P4-2	SE	
Q8N3P4-3	SE	
Q8N3R3-2	AL	
Q8N3R3-3	SE,AL	
Q8N3R3-4	SE,A3SS	
Q8N3R9-2	A3SS	
Q8N3S3-2	SE	
Q8N3S3-3	SE	
Q8N3S3-4	SE	
Q8N3S3-5	SE,A5SS,AL	
Q8N3S3-6	SE,A5SS,AL	
Q8N3S3-7	SE,A5SS,AL	
Q8N3U4-2	SE	
Q8N3V7-2	AF,AL	
Q8N3V7-3	A3SS,AF	
Q8N3X1-2	A5SS	
Q8N3X6-2		no Ensembl transcript
Q8N3X6-3	SE,AL	
Q8N3Y1-2	A5SS	
Q8N3Y7-2	SE	
Q8N3Z3-2	SE	
Q8N3Z3-3	SE,A5SS,AL	
Q8N3Z6-2	SE,AL	
Q8N413-2	A3SS,AF	
Q8N413-3	A3SS,AF	
Q8N413-4	SE	
Q8N414-2	SE,AF	
Q8N423-1		identical exon structure
Q8N423-3	SE,A5SS,AL	
Q8N423-4	A3SS,AF	
Q8N428-2	A5SS,AL	
Q8N431-2	A3SS,AF	
Q8N434-2	SE,A3SS,AF	
Q8N443-2	A5SS,AL	
Q8N443-3	SE,A5SS,AL	
Q8N456-2	A5SS,AL	
Q8N461-2	A3SS,AF	
Q8N465-2		no Ensembl transcript
Q8N465-3	SE,AL	
Q8N468-2	SE	
Q8N475-2	A3SS	
Q8N475-3	SE,A3SS	
Q8N490-2	SE,AL	
Q8N490-3	SE,AF	
Q8N490-4		no Ensembl transcript
Q8N4A0-2	A3SS,AF	
Q8N4B1-2		no Ensembl transcript
Q8N4B1-3		no Ensembl transcript
Q8N4B1-4	A3SS,AF	
Q8N4C6-10		no Ensembl transcript
Q8N4C6-11	SE	
Q8N4C6-2		no Ensembl transcript
Q8N4C6-4		no Ensembl transcript
Q8N4C6-5		no Ensembl transcript
Q8N4C6-6		no Ensembl transcript
Q8N4C6-7	A5SS,AL	
Q8N4C6-9		no Ensembl transcript
Q8N4C8-2	SE	
Q8N4C8-3	SE,MXE	
Q8N4C8-4	A3SS	
Q8N4C8-5	SE,A3SS	
Q8N4C9-2	SE,A5SS,AL	
Q8N4F4-1		canonical and isoform share a transcript
Q8N4F4-3	A5SS,AL	
Q8N4F7-2		no Ensembl transcript
Q8N4H0-2	SE,AL	
Q8N4H0-3	SE	
Q8N4H5-2	A5SS,AL	
Q8N4H5-3	A5SS	
Q8N4L8-2	A3SS	
Q8N4M1-2	A3SS,AF	
Q8N4M1-3	SE	
Q8N4M1-4	SE,A5SS	
Q8N4M1-5		no Ensembl transcript
Q8N4M1-6	A5SS,A3SS	
Q8N4N3-2	SE,A5SS	
Q8N4P3-2	SE,AL	
Q8N4P6-2		no Ensembl transcript
Q8N4Q0-2	A3SS,AF	
Q8N4Q1-2	SE,AF	
Q8N4S0-2	A5SS,AL	
Q8N4S7-2	A3SS	
Q8N4S7-3		no Ensembl transcript
Q8N4S9-2		no Ensembl transcript
Q8N4S9-3	SE	
Q8N4T0-2		no Ensembl transcript
Q8N4T0-3	SE,A5SS,AL	
Q8N4T4-2	SE,AF	
Q8N4T4-3	SE,A5SS,AL	
Q8N4T4-4		no Ensembl transcript
Q8N4T8-2	A5SS,AL	
Q8N4U5-2	SE,AL	
Q8N4V1-2		no Ensembl transcript
Q8N4W9-2	A3SS,AF	
Q8N4X5-2	A5SS	
Q8N4X5-3		no Ensembl transcript
Q8N4X5-4		no Ensembl transcript
Q8N4Y2-2		no Ensembl transcript
Q8N4Y2-3	SE,A5SS	
Q8N4Z0-1		canonical and isoform share a transcript
Q8N531-2	A5SS	
Q8N539-2		no Ensembl transcript
Q8N543-2		identical exon structure
Q8N554-2	A3SS,AF	
Q8N556-2	SE	
Q8N565-2		no Ensembl transcript
Q8N568-2	A3SS	
Q8N568-3	SE	
Q8N573-2	SE,MXE,AF	
Q8N573-3	SE,A5SS,AF,AL	
Q8N573-4	SE,AF	
Q8N573-5	SE,AF	
Q8N573-6		no Ensembl transcript
Q8N573-7	SE,MXE,AF	
Q8N573-8	SE,AF	
Q8N584-2	A3SS,AF	
Q8N584-3	SE,AL	
Q8N587-2		no Ensembl transcript
Q8N594-2	SE,MXE	
Q8N5A5-2	A3SS	
Q8N5A5-3	A5SS,A3SS	
Q8N5A5-4		no Ensembl transcript
Q8N5B7-2	SE,AF	
Q8N5C6-2		no Ensembl transcript
Q8N5C7-2		no Ensembl transcript
Q8N5C7-3	SE,AL	
Q8N5C8-2	SE	
Q8N5D0-2	A5SS,A3SS	
Q8N5D0-3		no Ensembl transcript
Q8N5D0-4	A3SS	
Q8N5D0-5		no Ensembl transcript
Q8N5D0-6		no Ensembl transcript
Q8N5D6-2		identical exon structure
Q8N5D6-3	SE	
Q8N5G0-2		no Ensembl transcript
Q8N5G2-2	SE	
Q8N5G2-3	SE	
Q8N5H3-1		canonical and isoform share a transcript
Q8N5H3-2		no Ensembl transcript
Q8N5H3-4		identical exon structure
Q8N5H7-2	SE,AF	
Q8N5H7-3	A3SS,AF	
Q8N5H7-4	SE,AF	
Q8N5H7-5	SE,AF	
Q8N5H7-6	SE,AF	
Q8N5I3-2	SE,A5SS	
Q8N5J2-2	A3SS	
Q8N5J2-3		no Ensembl transcript
Q8N5J2-4	A3SS	
Q8N5M4-2		no Ensembl transcript
Q8N5N4-2	SE,AL	
Q8N5N7-2		no Ensembl transcript
Q8N5R6-2		no Ensembl transcript
Q8N5R6-4		no Ensembl transcript
Q8N5R6-5		no Ensembl transcript
Q8N5R6-6		no Ensembl transcript
Q8N5S1-2	SE,A5SS,AL	
Q8N5S3-2		canonical and isoform share a transcript
Q8N5S9-2	SE,A5SS,AL	
Q8N5T2-2	SE	
Q8N5U1-2	A3SS,AF	
Q8N5U1-3	SE	
Q8N5U6-2	A3SS	
Q8N5V2-2	SE,A5SS,AF,AL	
Q8N5V2-3	SE,AF	
Q8N5X7-2	A3SS,AF	
Q8N5Y2-2		no Ensembl transcript
Q8N5Y2-3	SE,AF	
Q8N5Y2-4	A3SS,AF	
Q8N5Y2-5	A5SS,AL	
Q8N5Y2-6	SE,A3SS,AF	
Q8N5Y8-2	SE	
Q8N5Y8-3	A3SS	
Q8N5Z0-2	A5SS	
Q8N5Z5-2	SE	
Q8N608-2	SE,AF	
Q8N608-3	SE,AF	
Q8N608-4	A3SS,AF	
Q8N612-2	A5SS	
Q8N612-3		no Ensembl transcript
Q8N635-2	SE	
Q8N668-2		no Ensembl transcript
Q8N682-2	SE	
Q8N684-2	A5SS	
Q8N684-3	A3SS,AF	
Q8N688-2		no Ensembl transcript
Q8N690-2	SE,AL	
Q8N690-3	SE,A5SS	
Q8N697-2		no Ensembl transcript
Q8N6C5-2	SE	
Q8N6C5-3	A5SS,AL	
Q8N6C5-4	A3SS	
Q8N6C7-2		no Ensembl transcript
Q8N6C8-2		no Ensembl transcript
Q8N6C8-3		no Ensembl transcript
Q8N6D5-3	SE	
Q8N6F1-2	A5SS,AL	
Q8N6F1-3	SE,A5SS,AL	
Q8N6F7-2	A3SS	
Q8N6F7-3	SE	
Q8N6G5-2	SE,AL	
Q8N6G6-1		canonical and isoform share a transcript
Q8N6G6-2	SE,A5SS,AL	
Q8N6G6-4	A5SS,AL	
Q8N6G6-5	AF,AL	
Q8N6G6-6	AF,AL	
Q8N6H7-2		no Ensembl transcript
Q8N6H7-3		no Ensembl transcript
Q8N6I1-2		no Ensembl transcript
Q8N6I4-2	A3SS,AF	
Q8N6I4-3		no Ensembl transcript
Q8N6K7-2	SE,AL	
Q8N6K7-3	A3SS,AF	
Q8N6L1-2		no Ensembl transcript
Q8N6M0-2	SE,AF	
Q8N6M5-2		no Ensembl transcript
Q8N6M6-2	SE	
Q8N6M6-3	SE,AL	
Q8N6M6-4		no Ensembl transcript
Q8N6M8-2		no Ensembl transcript
Q8N6N2-2		no Ensembl transcript
Q8N6N3-2	SE,AL	
Q8N6N3-3	SE,AL	
Q8N6Q1-2	SE,AL	
Q8N6Q3-2		no Ensembl transcript
Q8N6Q3-3	SE,AL	
Q8N6R0-1		canonical and isoform share a transcript
Q8N6R0-2		no Ensembl transcript
Q8N6R0-3	A3SS,AF	
Q8N6R0-4		no Ensembl transcript
Q8N6S4-2	SE	
Q8N6S4-3		no Ensembl transcript
Q8N6T0-4		no Ensembl transcript
Q8N6T0-5		no Ensembl transcript
Q8N6T3-2	SE,A3SS	
Q8N6T3-3	SE,A5SS	
Q8N6T3-4	SE,A3SS,AF	
Q8N6T3-5	SE,MXE,A3SS	
Q8N6T7-2	SE	
Q8N6U8-2		no Ensembl transcript
Q8N6U8-3	A3SS,AF	
Q8N6U8-4	SE,AF	
Q8N6U8-5	SE,AF	
Q8N6U8-6	A3SS,AF	
Q8N6V4-2	A5SS,AL	
Q8N6V4-3		no Ensembl transcript
Q8N6V4-4	SE,AL	
Q8N6V9-2	A3SS,AF	
Q8N6W0-2	A5SS,A3SS	
Q8N6Y0-2	A5SS,AL	
Q8N6Y2-2	SE,AL	
Q8N720-2	SE,AL	
Q8N720-3	SE	
Q8N720-4	SE,AL	
Q8N726-2		no Ensembl transcript
Q8N755-2	SE	
Q8N766-2	A3SS	
Q8N766-3	A3SS	
Q8N766-4	SE	
Q8N769-2		no Ensembl transcript
Q8N769-3		no Ensembl transcript
Q8N7B6-2	SE	
Q8N7B6-3	SE	
Q8N7B6-4	SE,MXE,A5SS	
Q8N7B9-2	A3SS,AF	
Q8N7C3-2		no Ensembl transcript
Q8N7C4-2	SE,AL	
Q8N7H5-2		no Ensembl transcript
Q8N7H5-3	SE	
Q8N7J2-2	A5SS,A3SS,RI	
Q8N7K0-2	A3SS,AF	
Q8N7N1-2	SE	
Q8N7P1-2		identical exon structure
Q8N7P1-3	SE,AF	
Q8N7P1-4	SE,AF	
Q8N7R7-2	SE	
Q8N7R7-3	A3SS	
Q8N7S2-2	SE,A5SS	
Q8N7U6-2		no Ensembl transcript
Q8N7U6-3	A3SS,AF	
Q8N7U7-2		no Ensembl transcript
Q8N7U9-2		no Ensembl transcript
Q8N7W2-2	SE,A5SS,A3SS,AL	
Q8N7W2-3		canonical and isoform share a transcript
Q8N7X0-2		no Ensembl transcript
Q8N7X2-1		no Ensembl transcript
Q8N7X2-3	A3SS	
Q8N7X2-4		identical exon structure
Q8N801-2	A5SS,AL	
Q8N815-2		no Ensembl transcript
Q8N816-2		no Ensembl transcript
Q8N819-2		no Ensembl transcript
Q8N819-3	A3SS,AF	
Q8N823-2	A3SS,AF	
Q8N841-2		no Ensembl transcript
Q8N878-2	SE,AF	
Q8N883-2	A5SS,AL	
Q8N884-2	A5SS,AL	
Q8N8A2-2		no Ensembl transcript
Q8N8A2-3	A5SS,AL	
Q8N8A2-4	A5SS,A3SS,AF,AL	
Q8N8A2-5	A5SS,AL	
Q8N8B7-2	A3SS,AF	
Q8N8C0-2		no Ensembl transcript
Q8N8D9-2		no Ensembl transcript
Q8N8E2-2	A3SS,AF	
Q8N8E2-3		no Ensembl transcript
Q8N8E3-2	SE,AF	
Q8N8F6-2		no Ensembl transcript
Q8N8F6-3		no Ensembl transcript
Q8N8F6-4		no Ensembl transcript
Q8N8F7-2	SE,AL	
Q8N8G2-2	SE	
Q8N8J6-2	SE	
Q8N8J6-3	SE,MXE,A5SS,AF	
Q8N8K9-2	SE,AL	
Q8N8K9-3	SE	
Q8N8M0-2	A5SS,AL	
Q8N8N7-2		no Ensembl transcript
Q8N8Q1-2	SE,A5SS	
Q8N8Q1-3	SE,MXE	
Q8N8Q1-4	SE	
Q8N8Q1-5	SE,A5SS	
Q8N8Q3-2	SE	
Q8N8Q3-3	SE,A5SS,AL	
Q8N8Q3-4	SE,A5SS,A3SS,AF	
Q8N8Q3-5	A3SS,AF	
Q8N8Q3-6	SE,AL	
Q8N8Q3-7	SE,A5SS,AL	
Q8N8Q8-2	AL	
Q8N8Q8-3	SE,A5SS,AL	
Q8N8Q8-4		no Ensembl transcript
Q8N8Q9-2	SE	
Q8N8R3-2	SE,A5SS	
Q8N8R3-3	A3SS,AF	
Q8N8S7-2	SE	
Q8N8S7-3	SE	
Q8N8W4-2	A3SS,AF	
Q8N8W4-3	A3SS,AF	
Q8N8Z6-2	SE,AL	
Q8N8Z8-2		no Ensembl transcript
Q8N945-2	SE,A3SS,AF	
Q8N945-3	SE	
Q8N954-2	SE	
Q8N957-2	SE,A5SS,AF,AL	
Q8N960-2	A3SS,AF	
Q8N960-3	SE,AL	
Q8N961-2		no Ensembl transcript
Q8N983-2	SE,AL	
Q8N983-3	SE,AL	
Q8N983-4	A5SS,AL	
Q8N983-6	SE,AL	
Q8N983-7	SE,A5SS	
Q8N987-2	A3SS,AF	
Q8N988-2	A3SS	
Q8N999-2	SE,A5SS,AL	
Q8N999-3		no Ensembl transcript
Q8N9A8-2	SE	
Q8N9A8-3	SE,A5SS,AL	
Q8N9B4-2	SE,A5SS,AL	
Q8N9B5-2		no Ensembl transcript
Q8N9B8-2	A3SS,AF	
Q8N9C0-2	SE,A5SS,AL	
Q8N9F7-2	A5SS,AL	
Q8N9F7-3	SE,A5SS,AL	
Q8N9H8-2		no Ensembl transcript
Q8N9H8-3		no Ensembl transcript
Q8N9H8-4	SE,AL	
Q8N9H8-5	SE,AL	
Q8N9H9-2		no Ensembl transcript
Q8N9I5-2		no Ensembl transcript
Q8N9I9-2	A3SS	
Q8N9K5-2	A3SS,AF	
Q8N9L1-2		no Ensembl transcript
Q8N9L1-3	A3SS,AF	
Q8N9L1-4	SE	
Q8N9L1-5	A3SS,AF	
Q8N9M1-2	A3SS,AF	
Q8N9M1-3		no Ensembl transcript
Q8N9N2-2	SE,AL	
Q8N9N5-2	SE,A3SS	
Q8N9N5-3		no Ensembl transcript
Q8N9N5-4	SE,A3SS	
Q8N9N5-5	SE,A5SS,A3SS	
Q8N9N5-6	SE,A3SS	
Q8N9N5-7	SE,A3SS	
Q8N9R8-2	SE	
Q8N9S9-2	SE,AF	
Q8N9U0-2	SE	
Q8N9V3-2	SE	
Q8N9V6-2	SE,AL	
Q8N9W4-1		no Ensembl transcript
Q8N9W4-2		no Ensembl transcript
Q8N9W5-3	A3SS,AF	
Q8N9W5-5	A5SS,AL	
Q8N9W5-6	A3SS,AF	
Q8N9W5-7	SE,AF	
Q8N9W6-2	SE	
Q8N9W6-3	A3SS,AF	
Q8N9W6-4		identical exon structure
Q8N9W6-5		identical exon structure
Q8N9W8-2	A5SS,A3SS,RI	
Q8N9Y4-2	A3SS,AF	
Q8N9Z0-2	SE	
Q8N9Z2-2		no Ensembl transcript
Q8N9Z9-2	A3SS,AF	
Q8N9Z9-3	SE,AF	
Q8N9Z9-4	SE,MXE,AF	
Q8N9Z9-5	SE,AF	
Q8NA19-2	SE,MXE,AL	
Q8NA23-2	A3SS	
Q8NA29-2	A3SS	
Q8NA29-3		no Ensembl transcript
Q8NA31-2		no Ensembl transcript
Q8NA31-3	SE,A5SS,AL	
Q8NA47-2	A3SS,AF	
Q8NA54-2	SE,AL	
Q8NA56-2		no Ensembl transcript
Q8NA58-2	A3SS,AF	
Q8NA61-2	SE,AF	
Q8NA72-2	SE,A3SS,AF	
Q8NA72-3	SE,AF	
Q8NAA4-2		canonical and isoform share a transcript
Q8NAA4-3		no Ensembl transcript
Q8NAA5-2	SE,A5SS	
Q8NAC3-2	A5SS	
Q8NAC3-3	SE,A5SS	
Q8NAC3-4	SE,A5SS,RI	
Q8NAC3-5	SE,A5SS	
Q8NAC3-6	SE,A5SS	
Q8NAC3-7	SE,A5SS	
Q8NAC3-8	SE,A5SS	
Q8NAG6-1		canonical and isoform share a transcript
Q8NAN2-2		no Ensembl transcript
Q8NAP8-2	A5SS,AL	
Q8NAT2-1		canonical and isoform share a transcript
Q8NAU1-2		no Ensembl transcript
Q8NAU1-3	A5SS,A3SS,AF,AL	
Q8NAU1-4		no Ensembl transcript
Q8NAV1-2		no Ensembl transcript
Q8NAV2-2	A3SS	
Q8NB14-2	A5SS,AL	
Q8NB15-1		canonical and isoform share a transcript
Q8NB16-2	SE,A5SS	
Q8NB25-2	SE	
Q8NB25-3		no Ensembl transcript
Q8NB25-4	SE,A3SS,AF	
Q8NB37-2	SE,AL	
Q8NB37-3	SE	
Q8NB37-4	SE,AL	
Q8NB42-2		no Ensembl transcript
Q8NB49-2		no Ensembl transcript
Q8NB49-3	SE,AL	
Q8NB49-4		no Ensembl transcript
Q8NB50-2		no Ensembl transcript
Q8NB50-3	A3SS,AF	
Q8NB59-2		no Ensembl transcript
Q8NB59-3	A3SS,AF	
Q8NB59-4	A5SS,A3SS,AF,AL	
Q8NB59-5		no Ensembl transcript
Q8NB59-6	SE	
Q8NB59-7	SE	
Q8NB78-2	SE	
Q8NB78-4		no Ensembl transcript
Q8NB90-2		no Ensembl transcript
Q8NB90-3		no Ensembl transcript
Q8NBA8-2	SE,AF	
Q8NBB4-2		no Ensembl transcript
Q8NBF2-2		no Ensembl transcript
Q8NBF6-2		no Ensembl transcript
Q8NBH2-3	SE	
Q8NBI2-2	A3SS,AF	
Q8NBI5-2	A3SS	
Q8NBI6-2	SE,AF	
Q8NBI6-3	SE,AF	
Q8NBJ4-2		no Ensembl transcript
Q8NBJ7-2	A3SS,AF	
Q8NBJ7-3	SE,A5SS	
Q8NBJ7-4		no Ensembl transcript
Q8NBJ7-5	SE	
Q8NBJ9-2		no Ensembl transcript
Q8NBK3-2		no Ensembl transcript
Q8NBK3-3		no Ensembl transcript
Q8NBK3-4	SE	
Q8NBK3-5	SE	
Q8NBL3-2		no Ensembl transcript
Q8NBM4-2	SE,MXE,AF	
Q8NBM4-3		no Ensembl transcript
Q8NBM4-4		no Ensembl transcript
Q8NBM4-5	SE,A5SS,AL	
Q8NBM8-2	A5SS,AL	
Q8NBN3-2	SE,AL	
Q8NBN3-3		canonical and isoform share a transcript
Q8NBN7-2	A3SS,AF	
Q8NBP0-2	SE,A3SS	
Q8NBP7-2		no Ensembl transcript
Q8NBR6-2	A3SS	
Q8NBS3-1		canonical and isoform share a transcript
Q8NBS3-2		no Ensembl transcript
Q8NBS3-4	A3SS,AF	
Q8NBS3-5	A3SS	
Q8NBS9-2	A3SS,AF	
Q8NBT0-2	SE	
Q8NBT0-3	A3SS,AF	
Q8NBT2-2		no Ensembl transcript
Q8NBU5-2	SE,AL	
Q8NBV8-1		no Ensembl transcript
Q8NBW4-2		no Ensembl transcript
Q8NBW4-3	SE,MXE,AF	
Q8NBW4-4	A3SS,AF	
Q8NBZ0-2	SE,AL	
Q8NBZ7-2	A3SS	
Q8NBZ7-3	A3SS,AF	
Q8NC06-2	SE,A3SS,AL	
Q8NC06-3	SE,A3SS,AL	
Q8NC26-2		no Ensembl transcript
Q8NC51-2	A3SS	
Q8NC51-3	A3SS	
Q8NC51-4	A3SS	
Q8NC56-2	A3SS,AF	
Q8NC67-2		no Ensembl transcript
Q8NC67-3	A5SS	
Q8NC96-2	SE,A5SS,AL	
Q8NCB2-2	SE,A3SS	
Q8NCB2-3	A5SS,A3SS,RI	
Q8NCC3-2	SE,A3SS	
Q8NCC5-2	SE	
Q8NCC5-3	SE,A5SS	
Q8NCD3-2	SE	
Q8NCD3-3	SE	
Q8NCE0-2	SE	
Q8NCE0-3	SE	
Q8NCE0-4	A5SS,A3SS,RI	
Q8NCE0-5		no Ensembl transcript
Q8NCE2-2	SE	
Q8NCE2-3	SE	
Q8NCF0-2		no Ensembl transcript
Q8NCF5-2		no Ensembl transcript
Q8NCF5-3	A3SS,AF	
Q8NCG7-2		no Ensembl transcript
Q8NCG7-3		no Ensembl transcript
Q8NCG7-4	SE	
Q8NCI6-2		no Ensembl transcript
Q8NCI6-4	SE,AL	
Q8NCK3-2		identical exon structure
Q8NCL8-2	A3SS,AF	
Q8NCL8-3	SE,AF	
Q8NCM2-2	SE,A5SS	
Q8NCM2-3	SE,A3SS,AF,AL	
Q8NCM8-2	SE	
Q8NCM8-3	SE	
Q8NCN5-2		no Ensembl transcript
Q8NCP5-2	SE,A5SS	
Q8NCP5-3	A5SS,AL	
Q8NCP5-4	SE,A5SS,AL	
Q8NCQ5-2		canonical and isoform share a transcript
Q8NCQ7-2	SE,A5SS	
Q8NCQ7-3	SE	
Q8NCR0-2	SE,A5SS,AL	
Q8NCR3-2	SE,AL	
Q8NCR6-2		no Ensembl transcript
Q8NCR6-3	A5SS,A3SS,AF,AL	
Q8NCR6-4	A5SS,A3SS,AF,AL	
Q8NCR6-5	A3SS,AF	
Q8NCR9-2		no Ensembl transcript
Q8NCS7-4	SE,AL	
Q8NCS7-5	SE,AL	
Q8NCT3-2	SE,AF	
Q8NCT3-3	SE,AF	
Q8NCT3-4	SE,A5SS,AF,AL	
Q8NCT3-5	SE,A3SS,AF	
Q8NCT3-6	SE,AF	
Q8NCU1-2		no Ensembl transcript
Q8NCU4-2		no Ensembl transcript
Q8NCU8-1		canonical and isoform share a transcript
Q8NCV1-2	SE,A3SS	
Q8NCW0-2	A5SS,AL	
Q8NCW0-3	SE,A5SS	
Q8NCW0-4	A5SS,RI,AL	
Q8NCW0-5	A3SS	
Q8NCW0-6	SE,A5SS,A3SS	
Q8NCW5-2		no Ensembl transcript
Q8NCW6-2	A5SS,AL	
Q8NCX0-2	SE,A5SS,AF,AL	
Q8NCX0-3		no Ensembl transcript
Q8NCX0-4		no Ensembl transcript
Q8ND04-2		no Ensembl transcript
Q8ND04-3	A5SS,AL	
Q8ND23-2		no Ensembl transcript
Q8ND23-3		no Ensembl transcript
Q8ND24-2	A5SS	
Q8ND25-2	SE	
Q8ND30-2	SE,AF	
Q8ND30-3	SE,AF	
Q8ND56-2	SE,AL	
Q8ND56-3	SE	
Q8ND61-2	A3SS	
Q8ND76-2	SE	
Q8ND76-3	A3SS,AF	
Q8ND83-2	A3SS,AF	
Q8ND83-3	SE,A3SS,AF	
Q8ND83-4	SE,AF	
Q8NDA2-2		no Ensembl transcript
Q8NDA2-4		no Ensembl transcript
Q8NDA8-2		no Ensembl transcript
Q8NDA8-3		no Ensembl transcript
Q8NDA8-4	SE,AL	
Q8NDA8-5		no Ensembl transcript
Q8NDA8-6		no Ensembl transcript
Q8NDA8-7		no Ensembl transcript
Q8NDB2-2	SE,AF	
Q8NDB2-3	A3SS,AF	
Q8NDB2-4	SE	
Q8NDC4-2		no Ensembl transcript
Q8NDD1-5		no Ensembl transcript
Q8NDD1-6	A3SS	
Q8NDD1-7		no Ensembl transcript
Q8NDF8-2		no Ensembl transcript
Q8NDF8-3		no Ensembl transcript
Q8NDF8-4		no Ensembl transcript
Q8NDF8-5		canonical and isoform share a transcript
Q8NDG6-2		no Ensembl transcript
Q8NDH3-2		no Ensembl transcript
Q8NDH3-3	A5SS,AL	
Q8NDH3-4	SE,AF	
Q8NDH3-5	SE,AF	
Q8NDH6-2	A5SS,AL	
Q8NDI1-2	SE	
Q8NDI1-3	SE	
Q8NDL9-2	SE,A5SS,AL	
Q8NDL9-3	A5SS,AL	
Q8NDM7-2		no Ensembl transcript
Q8NDM7-3		no Ensembl transcript
Q8NDM7-4		no Ensembl transcript
Q8NDM7-5		no Ensembl transcript
Q8NDN9-2	SE,AL	
Q8NDQ6-2	SE	
Q8NDQ6-4		no Ensembl transcript
Q8NDT2-2		no Ensembl transcript
Q8NDV1-2		no Ensembl transcript
Q8NDV3-2	SE	
Q8NDV7-2		no Ensembl transcript
Q8NDV7-3		no Ensembl transcript
Q8NDV7-4		no Ensembl transcript
Q8NDV7-5		no Ensembl transcript
Q8NDV7-6	SE	
Q8NDW4-2	A5SS,AL	
Q8NDW8-3		no Ensembl transcript
Q8NDW8-5		no Ensembl transcript
Q8NDW8-6	SE,A5SS,A3SS	
Q8NDW8-7		canonical and isoform share a transcript
Q8NDX1-2	A3SS	
Q8NDX2-2	SE	
Q8NDX5-2		no Ensembl transcript
Q8NDX5-3		no Ensembl transcript
Q8NDX5-4		no Ensembl transcript
Q8NDX5-5	A5SS,A3SS,AF,AL	
Q8NDX5-6		no Ensembl transcript
Q8NDX5-7	A3SS,AF	
Q8NDX9-2	A3SS,AF	
Q8NDY3-2	A3SS,AF	
Q8NDY8-2	A3SS,AF	
Q8NDZ0-2	SE,A5SS,AL	
Q8NDZ2-2		no Ensembl transcript
Q8NDZ2-3	SE,AF	
Q8NDZ2-4	SE,AF	
Q8NDZ2-5	SE,AF	
Q8NDZ4-2	SE,AF	
Q8NDZ6-2		no Ensembl transcript
Q8NDZ6-3	A5SS,A3SS,AF,AL	
Q8NE00-2	SE,AL	
Q8NE01-2	SE	
Q8NE01-3		no Ensembl transcript
Q8NE09-2	A5SS,AL	
Q8NE09-3	A5SS	
Q8NE18-2	SE,A5SS	
Q8NE18-3		no Ensembl transcript
Q8NE22-2	SE,AL	
Q8NE28-2		no Ensembl transcript
Q8NE28-3		no Ensembl transcript
Q8NE31-2	A5SS,AL	
Q8NE31-3	SE	
Q8NE31-4	A3SS,AF	
Q8NE31-5	A3SS,AF	
Q8NE35-2	A5SS,A3SS	
Q8NE65-2	SE,AL	
Q8NE71-2	SE	
Q8NE86-2	SE,MXE	
Q8NE86-3	SE,AF	
Q8NEA4-3	SE,AF	
Q8NEA6-2	A3SS,AF	
Q8NEB5-2	SE,AL	
Q8NEB5-3	A3SS,AF	
Q8NEB5-4	A5SS,AL	
Q8NEC7-3	A5SS	
Q8NEE6-2		canonical and isoform share a transcript
Q8NEE6-3		canonical and isoform share a transcript
Q8NEE6-4		no Ensembl transcript
Q8NEE8-2		no Ensembl transcript
Q8NEF3-2	A3SS,AF	
Q8NEG2-2	SE,A3SS,AF	
Q8NEG4-2	A3SS,AF	
Q8NEJ9-2	A5SS,AL	
Q8NEK5-2	SE	
Q8NEL9-2	SE	
Q8NEL9-3		no Ensembl transcript
Q8NEL9-4	SE,MXE	
Q8NEM0-2	SE,A5SS,AL	
Q8NEM0-3	A5SS,AL	
Q8NEM1-2	SE,AL	
Q8NEM7-2	SE,A5SS,A3SS	
Q8NEM7-3	SE,A5SS,A3SS	
Q8NEM8-2		no Ensembl transcript
Q8NEM8-3		no Ensembl transcript
Q8NEM8-4		no Ensembl transcript
Q8NEN0-2	A3SS,AF	
Q8NEP3-2		no Ensembl transcript
Q8NEP3-3	A5SS,RI,AL	
Q8NEP7-2	AL	
Q8NEP7-3		no Ensembl transcript
Q8NEP9-2		no Ensembl transcript
Q8NEP9-4	A3SS	
Q8NEQ5-2	A3SS	
Q8NER1-3		no Ensembl transcript
Q8NER5-2	SE	
Q8NER5-3	SE	
Q8NER5-4	A3SS,AF	
Q8NES3-2	SE,AF	
Q8NES3-3	SE,AL	
Q8NES3-4	SE,AF	
Q8NET6-2		no Ensembl transcript
Q8NET8-2	A3SS	
Q8NET8-3	A5SS,AL	
Q8NEU8-2	A3SS,AF	
Q8NEU8-3	A3SS	
Q8NEV4-2	A5SS,AL	
Q8NEV8-2	A3SS,AF	
Q8NEY1-2		no Ensembl transcript
Q8NEY1-3		no Ensembl transcript
Q8NEY1-4		no Ensembl transcript
Q8NEY1-5	SE,MXE,AF	
Q8NEY1-6		no Ensembl transcript
Q8NEY1-7		no Ensembl transcript
Q8NEY4-2	SE	
Q8NEY8-2	A5SS,A3SS,AF,AL	
Q8NEY8-3	SE,A3SS	
Q8NEY8-5	SE,A5SS,A3SS,AF,AL	
Q8NEY8-6	SE,A5SS,A3SS,AF,AL	
Q8NEY8-7		no Ensembl transcript
Q8NEY8-8	A5SS,AL	
Q8NEY8-9	SE,A5SS,AL	
Q8NEZ2-2	SE	
Q8NEZ2-3	SE,AL	
Q8NEZ3-2		no Ensembl transcript
Q8NEZ4-2		no Ensembl transcript
Q8NEZ4-3	SE,A5SS	
Q8NEZ5-2	A5SS,AL	
Q8NEZ5-3	A5SS,AL	
Q8NF50-2		no Ensembl transcript
Q8NF50-3	A3SS,AF	
Q8NF50-4	SE,A3SS,AF	
Q8NF64-2	SE	
Q8NF64-3	SE,A3SS	
Q8NF91-10		no Ensembl transcript
Q8NF91-11		no Ensembl transcript
Q8NF91-12		no Ensembl transcript
Q8NF91-2		no Ensembl transcript
Q8NF91-3		no Ensembl transcript
Q8NF91-4	SE,MXE,A5SS,A3SS	
Q8NF91-5	A5SS,AL	
Q8NF91-6	A5SS,AL	
Q8NF91-7		no Ensembl transcript
Q8NF91-8		no Ensembl transcript
Q8NF91-9		no Ensembl transcript
Q8NF99-2	A5SS,AL	
Q8NF99-3	A5SS,AL	
Q8NFA0-2	SE,AL	
Q8NFA2-2	A3SS	
Q8NFA2-3	A5SS	
Q8NFA2-4		identical exon structure
Q8NFD5-1		no Ensembl transcript
Q8NFD5-2	SE	
Q8NFD5-3	SE	
Q8NFF2-2	A3SS,AF	
Q8NFF2-3	A5SS	
Q8NFF2-4		no Ensembl transcript
Q8NFF5-2	A3SS	
Q8NFF5-3	A5SS,A3SS,AL	
Q8NFF5-4	AF,AL	
Q8NFF5-5		no Ensembl transcript
Q8NFG4-2	A5SS,AL	
Q8NFG4-3		no Ensembl transcript
Q8NFH3-2	SE	
Q8NFH5-2	A3SS,AF	
Q8NFH5-3		no Ensembl transcript
Q8NFH8-4	A3SS	
Q8NFI3-2		no Ensembl transcript
Q8NFI3-3	A5SS,AL	
Q8NFJ9-2	SE,AF	
Q8NFJ9-3	SE,A5SS,AL	
Q8NFM4-2		no Ensembl transcript
Q8NFM7-2	A3SS,AF	
Q8NFM7-3		no Ensembl transcript
Q8NFM7-4		no Ensembl transcript
Q8NFN8-2	A5SS	
Q8NFP4-2	A5SS,AL	
Q8NFP9-2		no Ensembl transcript
Q8NFP9-3	A3SS,AF	
Q8NFQ6-2		no Ensembl transcript
Q8NFR7-2		no Ensembl transcript
Q8NFR7-3	A5SS,AL	
Q8NFR7-4		no Ensembl transcript
Q8NFR9-2	SE	
Q8NFR9-3	A5SS,A3SS	
Q8NFR9-4		no Ensembl transcript
Q8NFR9-5		no Ensembl transcript
Q8NFT2-2	A5SS,AL	
Q8NFT2-3	SE,AL	
Q8NFT6-2	A5SS,AL	
Q8NFT6-3		no Ensembl transcript
Q8NFT6-4		no Ensembl transcript
Q8NFU3-2	SE	
Q8NFU3-3	A5SS,AL	
Q8NFU3-4	A3SS	
Q8NFU7-2		canonical and isoform share a transcript
Q8NFU7-3	SE,MXE	
Q8NFU7-4		no Ensembl transcript
Q8NFV4-2	A5SS,AL	
Q8NFV4-3		no Ensembl transcript
Q8NFV4-4	A3SS	
Q8NFV4-5		no Ensembl transcript
Q8NFV4-6	SE	
Q8NFW1-2	SE	
Q8NFW1-3		no Ensembl transcript
Q8NFW5-2		identical exon structure
Q8NFW8-2	SE,A5SS,AL	
Q8NFW9-2	SE	
Q8NFW9-3		no Ensembl transcript
Q8NFW9-4	A3SS,AF	
Q8NFW9-5	AL	
Q8NFW9-6	SE,A3SS,AF	
Q8NFX7-2		no Ensembl transcript
Q8NFX7-3	A3SS,AF	
Q8NFY4-2	SE,A3SS	
Q8NFY4-3	SE	
Q8NFY4-4	SE	
Q8NFY4-5	SE,A3SS	
Q8NFY4-6	SE	
Q8NFY4-7	A5SS,AL	
Q8NFY4-8	SE,A5SS	
Q8NFY9-2	SE	
Q8NFZ0-2	SE,AF	
Q8NFZ3-2	A3SS,AF	
Q8NFZ3-3		no Ensembl transcript
Q8NFZ3-4	SE,A3SS,AL	
Q8NFZ5-2	A3SS,AF	
Q8NG04-2		no Ensembl transcript
Q8NG08-2	SE,A5SS,AL	
Q8NG11-2	SE	
Q8NG11-3	SE	
Q8NG27-2	A5SS,A3SS,RI	
Q8NG27-3	A3SS	
Q8NG31-2	SE	
Q8NG31-3		no Ensembl transcript
Q8NG31-4		no Ensembl transcript
Q8NG48-2	A5SS,AL	
Q8NG48-3		no Ensembl transcript
Q8NG50-10	SE	
Q8NG50-11	SE,A3SS,AF	
Q8NG50-12	A5SS,AL	
Q8NG50-2	A3SS,AF	
Q8NG50-3	SE,A5SS,AL	
Q8NG50-4	SE,A5SS,A3SS,AF,AL	
Q8NG50-5	SE	
Q8NG50-6	SE,A3SS,AF	
Q8NG50-7	SE,A5SS,AL	
Q8NG50-8	SE,A5SS,AL	
Q8NG50-9	SE,A5SS,A3SS,AF,AL	
Q8NG66-2	SE,AL	
Q8NG66-3	SE,AL	
Q8NG66-4	SE,A5SS	
Q8NHE4-2	SE,AL	
Q8NHE4-3	A5SS,AL	
Q8NHE4-4		no Ensembl transcript
Q8NHH1-2	A5SS,AL	
Q8NHH9-2	SE,AL	
Q8NHH9-3	A3SS,AF	
Q8NHH9-4	SE,AL	
Q8NHH9-5	SE,AF	
Q8NHJ6-2		no Ensembl transcript
Q8NHJ6-3		no Ensembl transcript
Q8NHL6-2		no Ensembl transcript
Q8NHL6-3		no Ensembl transcript
Q8NHL6-4		no Ensembl transcript
Q8NHL6-5		no Ensembl transcript
Q8NHM5-2		no Ensembl transcript
Q8NHM5-3		no Ensembl transcript
Q8NHM5-4	SE,MXE,A5SS,AF,AL	
Q8NHM5-5	SE,A5SS,A3SS,AF	
Q8NHP1-3		no Ensembl transcript
Q8NHP6-2		identical exon structure
Q8NHP7-2		no Ensembl transcript
Q8NHP7-3	SE,AF	
Q8NHP8-2	SE	
Q8NHQ1-2	A5SS,AL	
Q8NHQ1-3	A5SS,AL	
Q8NHQ1-4	A3SS	
Q8NHQ1-5		identical exon structure
Q8NHQ8-2	SE,AL	
Q8NHQ9-2	A3SS,AF	
Q8NHS3-2	SE,A5SS,A3SS,AF,AL	
Q8NHS4-2	A3SS,AF	
Q8NHS9-2	SE	
Q8NHS9-3	SE,A5SS	
Q8NHU2-3	SE,AL	
Q8NHU2-4		no Ensembl transcript
Q8NHU2-5	SE,AF,AL	
Q8NHU2-6	SE,A5SS,AF,AL	
Q8NHU6-2		identical exon structure
Q8NHU6-3		no Ensembl transcript
Q8NHV4-2	A3SS,AF	
Q8NHV4-3	A3SS,AF	
Q8NHV5-3	SE,AL	
Q8NHW4-10	SE,AL	
Q8NHW4-2	A3SS	
Q8NHW4-3	SE,AL	
Q8NHW4-4	SE,AL	
Q8NHW4-5	A5SS,AL	
Q8NHW4-6	SE,AL	
Q8NHW4-7	SE	
Q8NHW4-8		no Ensembl transcript
Q8NHW4-9	SE,MXE,AL	
Q8NHY0-2	SE,AF	
Q8NHY0-3	A3SS,AF	
Q8NHY2-2	SE,A5SS	
Q8NHY2-3		no Ensembl transcript
Q8NHY2-4		no Ensembl transcript
Q8NHY2-5	SE,A5SS,AL	
Q8NHY3-2		no Ensembl transcript
Q8NHY6-2	A5SS,AL	
Q8NI08-2	A3SS	
Q8NI08-3		no Ensembl transcript
Q8NI08-4		no Ensembl transcript
Q8NI08-5	SE,AF	
Q8NI08-6		no Ensembl transcript
Q8NI08-7	A3SS,AF	
Q8NI17-10		no Ensembl transcript
Q8NI17-11		no Ensembl transcript
Q8NI17-12		no Ensembl transcript
Q8NI17-2		no Ensembl transcript
Q8NI17-3		no Ensembl transcript
Q8NI17-4		no Ensembl transcript
Q8NI17-5		no Ensembl transcript
Q8NI17-6		no Ensembl transcript
Q8NI17-7		no Ensembl transcript
Q8NI17-8		no Ensembl transcript
Q8NI17-9		no Ensembl transcript
Q8NI22-2	A3SS,AF	
Q8NI22-3	SE,AF	
Q8NI27-2	A3SS,AF	
Q8NI32-2	SE	
Q8NI35-2		no Ensembl transcript
Q8NI35-3		no Ensembl transcript
Q8NI35-4		no Ensembl transcript
Q8NI35-5	A5SS,A3SS,AF,AL	
Q8NI38-2	A3SS,AF	
Q8NI38-3		no Ensembl transcript
Q8NI51-10	SE,A3SS,AF,AL	
Q8NI51-11	SE,A3SS,AF,AL	
Q8NI51-2	SE,AL	
Q8NI51-3	SE,AL	
Q8NI51-4	SE,MXE,AL	
Q8NI51-5	SE,A3SS,AF,AL	
Q8NI51-6	SE,A3SS,AF,AL	
Q8NI51-7	A5SS,AL	
Q8NI51-8	SE	
Q8NI51-9	SE,A5SS,A3SS,AL	
Q8NI60-2		no Ensembl transcript
Q8NI60-3	A3SS	
Q8NI60-4		no Ensembl transcript
Q8TA94-2		no Ensembl transcript
Q8TAA3-2	A5SS,A3SS	
Q8TAA3-5	A3SS	
Q8TAA5-2	SE,A5SS	
Q8TAA9-2	A5SS	
Q8TAB3-2	SE	
Q8TAB3-3	SE,A3SS	
Q8TAC1-2	A3SS,AF	
Q8TAC2-2	SE	
Q8TAC9-2	A3SS	
Q8TAC9-3		no Ensembl transcript
Q8TAD4-2		no Ensembl transcript
Q8TAD4-3	SE,AL	
Q8TAD4-4	SE,MXE,AL	
Q8TAE7-2	A5SS	
Q8TAF3-2		no Ensembl transcript
Q8TAF3-3	A3SS	
Q8TAF3-4		canonical and isoform share a transcript
Q8TAF3-5		no Ensembl transcript
Q8TAF7-2		no Ensembl transcript
Q8TAG5-2	A5SS,AL	
Q8TAG6-2	SE,A5SS	
Q8TAG9-2	SE,AF	
Q8TAI7-2	A5SS,A3SS,AL	
Q8TAM2-2	SE	
Q8TAM2-3	SE	
Q8TAM2-4	SE	
Q8TAM2-6		no Ensembl transcript
Q8TAM6-2	A3SS,AF	
Q8TAP4-2	SE,A5SS	
Q8TAP4-3	A3SS,AF	
Q8TAP4-4	A3SS,AF	
Q8TAP6-2	SE	
Q8TAP6-3		no Ensembl transcript
Q8TAQ2-2	SE,A5SS	
Q8TAQ2-3	SE,A5SS,A3SS,RI	
Q8TAQ5-2	A5SS,AL	
Q8TAQ9-2	SE,A3SS,AF	
Q8TAQ9-3	SE,A3SS,AF	
Q8TAS1-2	SE,A5SS	
Q8TAS1-3	SE,AF	
Q8TAT6-2	A5SS,AL	
Q8TAU3-2		no Ensembl transcript
Q8TAV0-2	SE	
Q8TAV0-3	SE	
Q8TAV0-4	SE,MXE	
Q8TAV0-5	SE	
Q8TAV4-2	SE,AF	
Q8TAX9-1		no Ensembl transcript
Q8TAX9-2	SE	
Q8TAX9-3	SE	
Q8TAX9-5		no Ensembl transcript
Q8TAX9-6	SE	
Q8TAZ6-2	SE	
Q8TB03-2	A3SS,AF	
Q8TB03-3		no Ensembl transcript
Q8TB05-2	A3SS,AF	
Q8TB22-2	SE	
Q8TB22-3	A3SS	
Q8TB22-4	SE,A5SS,AF,AL	
Q8TB24-4		no Ensembl transcript
Q8TB36-2	A3SS,AF	
Q8TB37-2	SE,A5SS,AL	
Q8TB40-2	SE,A5SS,AL	
Q8TB45-2	SE	
Q8TB61-2		no Ensembl transcript
Q8TB61-3	A3SS,AF	
Q8TB61-4	SE,A3SS,AF	
Q8TB61-5	A3SS,AF	
Q8TB68-2		no Ensembl transcript
Q8TB72-2	SE	
Q8TB72-3	A5SS	
Q8TB72-4	A5SS	
Q8TB92-2	SE	
Q8TB92-4	SE,MXE,AL	
Q8TB92-5	SE	
Q8TBA6-2		no Ensembl transcript
Q8TBB0-2	SE	
Q8TBB0-3	SE,AL	
Q8TBB1-2	SE,AF	
Q8TBB5-2	SE	
Q8TBB5-3	SE	
Q8TBC3-2		no Ensembl transcript
Q8TBC4-2	SE	
Q8TBC5-2		no Ensembl transcript
Q8TBC5-3	A3SS,AF	
Q8TBC5-4	A3SS,AF	
Q8TBE0-2	A3SS	
Q8TBE0-3	A3SS	
Q8TBF2-2	A5SS,A3SS	
Q8TBF2-3		no Ensembl transcript
Q8TBF2-4		no Ensembl transcript
Q8TBF2-6	A3SS	
Q8TBF2-7	A5SS,A3SS	
Q8TBF5-2	SE	
Q8TBG4-2	A3SS	
Q8TBG4-3	SE,MXE,AF	
Q8TBG9-2	SE,AF	
Q8TBH0-2	SE,AF	
Q8TBJ5-2		no Ensembl transcript
Q8TBK2-2	A5SS,A3SS,RI	
Q8TBK6-2	SE	
Q8TBM7-2	SE,AL	
Q8TBM7-3	SE,AL	
Q8TBM8-2		no Ensembl transcript
Q8TBN0-2	SE,AF	
Q8TBP0-2	SE,A3SS,AF	
Q8TBP0-3	SE,A3SS,AF,AL	
Q8TBP0-4	SE,A3SS,AF	
Q8TBR7-1		canonical and isoform share a transcript
Q8TBX8-2	SE	
Q8TBX8-3	A5SS,A3SS	
Q8TBY0-2	SE,AL	
Q8TBY0-3	SE,AL	
Q8TBY8-1		canonical and isoform share a transcript
Q8TBY8-3		no Ensembl transcript
Q8TBY8-4	A5SS,A3SS,AF,AL	
Q8TBY9-2	SE,AL	
Q8TBY9-3		no Ensembl transcript
Q8TBZ0-2	SE	
Q8TBZ3-2	A5SS,AL	
Q8TBZ3-3	SE,MXE,AL	
Q8TBZ3-4		no Ensembl transcript
Q8TBZ3-5	SE	
Q8TBZ3-6	SE,A5SS,AL	
Q8TBZ3-7	SE	
Q8TBZ3-8	SE,AL	
Q8TC05-2	A5SS,AL	
Q8TC05-3	SE,AL	
Q8TC05-4	SE,MXE	
Q8TC07-2	SE	
Q8TC07-3	SE,MXE,AF	
Q8TC12-2	A5SS	
Q8TC12-3	SE	
Q8TC17-2		canonical and isoform share a transcript
Q8TC20-2	A3SS,AF	
Q8TC20-3	SE,AL	
Q8TC20-4	SE,AL	
Q8TC20-5	SE	
Q8TC21-2		no Ensembl transcript
Q8TC21-3		no Ensembl transcript
Q8TC26-2		no Ensembl transcript
Q8TC26-3		no Ensembl transcript
Q8TC41-2	SE,A5SS,AF	
Q8TC44-2	A3SS,AF	
Q8TC57-2	SE	
Q8TC57-3		no Ensembl transcript
Q8TC57-4	SE	
Q8TC59-2	SE	
Q8TC71-2	SE	
Q8TC84-2		no Ensembl transcript
Q8TC84-3		canonical and isoform share a transcript
Q8TC92-2		no Ensembl transcript
Q8TCA0-2	SE	
Q8TCA0-3	SE	
Q8TCB0-2		no Ensembl transcript
Q8TCB7-2	SE,AL	
Q8TCC3-2	A3SS,AF	
Q8TCC3-3	A5SS,AL	
Q8TCC7-2		no Ensembl transcript
Q8TCC7-3		no Ensembl transcript
Q8TCC7-4	A3SS	
Q8TCC7-5	A3SS,AF	
Q8TCD5-2	AL	
Q8TCE6-2		canonical and isoform share a transcript
Q8TCE9-2	SE,AF	
Q8TCF1-2	A3SS,AF	
Q8TCF1-3	A3SS	
Q8TCF1-4	A5SS,AL	
Q8TCG1-2	A3SS,AF	
Q8TCG5-2	A3SS	
Q8TCG5-3		no Ensembl transcript
Q8TCI5-2		no Ensembl transcript
Q8TCI5-3	SE	
Q8TCJ0-2	SE	
Q8TCJ0-3	SE,A3SS,AF	
Q8TCN5-2	A5SS,AL	
Q8TCQ1-2	A3SS,AF	
Q8TCT0-2		no Ensembl transcript
Q8TCT1-2		no Ensembl transcript
Q8TCT1-3	A3SS,AF	
Q8TCT6-3		no Ensembl transcript
Q8TCT7-2	A5SS,AL	
Q8TCT7-4	A5SS,AL	
Q8TCT9-2	SE	
Q8TCT9-4	SE,AL	
Q8TCT9-5		no Ensembl transcript
Q8TCU3-2	SE,A5SS	
Q8TCU4-2		no Ensembl transcript
Q8TCU4-3		no Ensembl transcript
Q8TCU6-2		no Ensembl transcript
Q8TCU6-3		no Ensembl transcript
Q8TCV5-2	A5SS	
Q8TCW7-2	A3SS,AF	
Q8TCX1-2	A3SS	
Q8TCX1-3		no Ensembl transcript
Q8TCX1-4	A5SS,AL	
Q8TCX1-5	SE,AL	
Q8TCY5-1		no Ensembl transcript
Q8TCY5-2	SE,AL	
Q8TCY5-3		identical exon structure
Q8TCY9-2	SE	
Q8TCY9-3		no Ensembl transcript
Q8TCY9-4	A3SS,AF	
Q8TCZ2-2	SE	
Q8TCZ2-3	SE	
Q8TCZ2-4	SE,AL	
Q8TCZ2-5		canonical and isoform share a transcript
Q8TCZ2-6	SE	
Q8TD07-2	A5SS,A3SS	
Q8TD07-3	SE,AL	
Q8TD07-4	A5SS,AL	
Q8TD07-5		no Ensembl transcript
Q8TD07-6		no Ensembl transcript
Q8TD08-2	SE,MXE,AL	
Q8TD08-3	A5SS,A3SS,AL	
Q8TD10-2		no Ensembl transcript
Q8TD10-3		no Ensembl transcript
Q8TD16-2	A5SS,AL	
Q8TD17-2	A3SS,AF	
Q8TD26-2	SE,A5SS,AF,AL	
Q8TD26-3		no Ensembl transcript
Q8TD30-2	A3SS,AF	
Q8TD31-2	A3SS,AF	
Q8TD31-3	A3SS,AF	
Q8TD35-2	A5SS,RI	
Q8TD43-2		canonical and isoform share a transcript
Q8TD43-3	SE	
Q8TD46-1		canonical and isoform share a transcript
Q8TD46-2	SE,A5SS,AL	
Q8TD46-3	A5SS,AL	
Q8TD55-2	SE	
Q8TD57-2		no Ensembl transcript
Q8TD57-3		no Ensembl transcript
Q8TD84-2	SE,A5SS,A3SS	
Q8TD91-2	RI,AF	
Q8TDB6-2	SE	
Q8TDB8-2	SE,AF	
Q8TDB8-3	A3SS,AF	
Q8TDB8-4	SE,A3SS,AF	
Q8TDB8-5	SE,AF	
Q8TDC0-2		no Ensembl transcript
Q8TDC0-3	AF,AL	
Q8TDC3-2	A3SS,AF	
Q8TDC3-3	A5SS,AL	
Q8TDD1-2	A3SS	
Q8TDD2-2	A3SS,AF	
Q8TDD5-2	SE	
Q8TDF5-1		canonical and isoform share a transcript
Q8TDF5-2		no Ensembl transcript
Q8TDF6-2	A3SS	
Q8TDF6-3		no Ensembl transcript
Q8TDF6-5	SE	
Q8TDF6-6	SE	
Q8TDF6-7	SE	
Q8TDF6-8	A3SS	
Q8TDF6-9	A3SS	
Q8TDG4-2	A5SS,AL	
Q8TDG4-4		no Ensembl transcript
Q8TDG4-5		no Ensembl transcript
Q8TDH9-2	SE,A5SS	
Q8TDH9-3		identical exon structure
Q8TDI7-3		no Ensembl transcript
Q8TDI7-4		no Ensembl transcript
Q8TDJ6-2	SE	
Q8TDJ6-3	A3SS	
Q8TDL5-2		no Ensembl transcript
Q8TDM0-2		no Ensembl transcript
Q8TDM0-3		no Ensembl transcript
Q8TDM6-2		no Ensembl transcript
Q8TDM6-3		no Ensembl transcript
Q8TDM6-4		no Ensembl transcript
Q8TDM6-5		no Ensembl transcript
Q8TDN1-2	A5SS,AL	
Q8TDN4-2	SE,AF	
Q8TDN4-3		no Ensembl transcript
Q8TDN4-4	A3SS,AF	
Q8TDQ0-2		no Ensembl transcript
Q8TDQ1-2	SE,MXE,A5SS,A3SS,AF,AL	
Q8TDQ1-3	SE,MXE,A5SS,AF,AL	
Q8TDQ1-4	SE,MXE,A5SS,AF,AL	
Q8TDQ1-5	SE,A5SS,AL	
Q8TDQ1-6	SE,AF	
Q8TDQ7-2		no Ensembl transcript
Q8TDQ7-3	A5SS,AL	
Q8TDQ7-4	A3SS,AF	
Q8TDQ7-5	SE	
Q8TDR0-2	SE	
Q8TDW4-2	SE	
Q8TDW4-3	A3SS	
Q8TDW4-4	A3SS,AF	
Q8TDW4-5	A5SS,AL	
Q8TDW4-6	A5SS,A3SS,AL	
Q8TDW4-7	SE,AL	
Q8TDW4-8		no Ensembl transcript
Q8TDW5-2	SE	
Q8TDW7-1		canonical and isoform share a transcript
Q8TDW7-2		no Ensembl transcript
Q8TDX5-2	SE,A3SS,AF	
Q8TDX6-2		no Ensembl transcript
Q8TDX6-3	SE,AL	
Q8TDX7-2	SE,AL	
Q8TDX9-2		no Ensembl transcript
Q8TDY2-2	A5SS	
Q8TDY4-2	A3SS,AF	
Q8TDY4-3	SE,A3SS	
Q8TDY8-2		no Ensembl transcript
Q8TDZ2-2	SE	
Q8TDZ2-3		no Ensembl transcript
Q8TDZ2-4	A3SS,AF	
Q8TE02-2	A5SS,A3SS,AL	
Q8TE02-3	A5SS,A3SS,AL	
Q8TE02-4		no Ensembl transcript
Q8TE04-2	SE,AF	
Q8TE04-3	SE,MXE,AF	
Q8TE04-4		no Ensembl transcript
Q8TE12-2		no Ensembl transcript
Q8TE49-2	A3SS	
Q8TE54-2	SE,AL	
Q8TE56-2		no Ensembl transcript
Q8TE57-2		no Ensembl transcript
Q8TE60-2		no Ensembl transcript
Q8TE67-2	A3SS	
Q8TE67-3	A3SS	
Q8TE68-2	SE,AF	
Q8TE68-3		no Ensembl transcript
Q8TE68-4		no Ensembl transcript
Q8TE69-2	A5SS,AL	
Q8TE76-2		no Ensembl transcript
Q8TE76-3	A5SS	
Q8TE77-2	AL	
Q8TE77-3	A3SS,AF	
Q8TE77-4		no Ensembl transcript
Q8TE77-5		no Ensembl transcript
Q8TE85-2	SE,AF,AL	
Q8TE85-3	SE,A3SS,AF,AL	
Q8TE85-4	SE,A3SS,AF,AL	
Q8TE85-5	SE,AL	
Q8TE96-2		no Ensembl transcript
Q8TE96-3		no Ensembl transcript
Q8TE99-2		no Ensembl transcript
Q8TEA7-2	A5SS	
Q8TEA7-3	SE	
Q8TEB1-2	A5SS,A3SS	
Q8TEB1-3	SE,A3SS,AF	
Q8TEB7-2	SE,AF	
Q8TEB9-2		no Ensembl transcript
Q8TEC5-2		no Ensembl transcript
Q8TEC5-3		no Ensembl transcript
Q8TED0-2	A3SS,AF	
Q8TED0-3	A3SS	
Q8TED4-2	SE,AL	
Q8TED4-3		no Ensembl transcript
Q8TED4-4		no Ensembl transcript
Q8TED9-2	SE	
Q8TED9-3	SE,A5SS,AL	
Q8TED9-4		no Ensembl transcript
Q8TEH3-2	SE,AL	
Q8TEH3-3		no Ensembl transcript
Q8TEH3-4	SE,MXE,A3SS,AF,AL	
Q8TEH3-5	SE,AL	
Q8TEH3-6	SE	
Q8TEH3-7		no Ensembl transcript
Q8TEK3-1		no Ensembl transcript
Q8TEL6-2		no Ensembl transcript
Q8TEL6-3	A3SS	
Q8TEM1-2		no Ensembl transcript
Q8TEP8-1		no Ensembl transcript
Q8TEP8-2		no Ensembl transcript
Q8TEQ0-2		no Ensembl transcript
Q8TEQ8-2	A5SS,A3SS,RI	
Q8TER0-3	SE	
Q8TER0-4		no Ensembl transcript
Q8TER0-5	A5SS,AL	
Q8TER5-2	SE,A5SS	
Q8TER5-3		no Ensembl transcript
Q8TER5-4	SE	
Q8TES7-2		no Ensembl transcript
Q8TES7-3		no Ensembl transcript
Q8TES7-4		no Ensembl transcript
Q8TES7-5		no Ensembl transcript
Q8TES7-6	SE,A3SS	
Q8TEU7-2	SE,AL	
Q8TEU7-3	SE,MXE	
Q8TEU7-4	SE	
Q8TEU7-5	SE,MXE	
Q8TEU7-6	A5SS,AL	
Q8TEV9-2		no Ensembl transcript
Q8TEW0-10	SE,A5SS,AL	
Q8TEW0-11	SE,A5SS	
Q8TEW0-2	A5SS	
Q8TEW0-3	SE,A5SS	
Q8TEW0-4	SE	
Q8TEW0-5	SE,A5SS	
Q8TEW0-6	SE,A5SS	
Q8TEW0-7	SE,A5SS	
Q8TEW0-8	SE,A5SS,AL	
Q8TEW0-9	SE,MXE,A5SS,AL	
Q8TEW8-2	SE	
Q8TEW8-3		no Ensembl transcript
Q8TEW8-4	A5SS,AL	
Q8TEW8-5	SE	
Q8TEW8-6	SE	
Q8TEX9-2		no Ensembl transcript
Q8TEY5-2	A5SS	
Q8TEY7-2	A3SS,AF	
Q8TEY7-3	A5SS,A3SS,AL	
Q8TF01-2		no Ensembl transcript
Q8TF05-2	A3SS	
Q8TF17-2		no Ensembl transcript
Q8TF17-3		no Ensembl transcript
Q8TF17-4		no Ensembl transcript
Q8TF17-5	A3SS	
Q8TF20-2	A3SS,AF	
Q8TF21-2	SE,MXE,AF	
Q8TF39-2	SE,AL	
Q8TF40-2	A5SS,AL	
Q8TF40-3	SE	
Q8TF46-2	A3SS,AF	
Q8TF46-3		no Ensembl transcript
Q8TF46-4	A3SS,AF	
Q8TF47-3	SE,AL	
Q8TF66-2	A3SS,AF	
Q8TF68-2	SE	
Q8TF68-3	SE,A3SS	
Q8TF72-2		no Ensembl transcript
Q8TF74-2		no Ensembl transcript
Q8TF76-2		no Ensembl transcript
Q8WTP8-2		no Ensembl transcript
Q8WTR2-2	SE	
Q8WTR4-2	SE	
Q8WTR4-3	A3SS,AF	
Q8WTR4-4		no Ensembl transcript
Q8WTR4-5	A3SS,AF	
Q8WTR8-2		no Ensembl transcript
Q8WTT0-2	SE	
Q8WTU2-2		no Ensembl transcript
Q8WTV0-2	SE,A5SS,AL	
Q8WTV0-3	SE,MXE,A5SS,AL	
Q8WTV0-4		no Ensembl transcript
Q8WTV0-5	A5SS	
Q8WTV1-3	A3SS	
Q8WTV1-4	SE,A3SS,AL	
Q8WTW4-2		no Ensembl transcript
Q8WU08-2	SE,AL	
Q8WU08-3		no Ensembl transcript
Q8WU10-2	A3SS,AF	
Q8WU39-2	A5SS,A3SS,AL	
Q8WU39-3		no Ensembl transcript
Q8WU39-4	SE,AL	
Q8WU39-5		no Ensembl transcript
Q8WU66-2		no Ensembl transcript
Q8WU67-2	A5SS,A3SS,AL	
Q8WU68-2	SE,A5SS	
Q8WU68-3	SE	
Q8WU76-2	SE	
Q8WU79-2	SE,AF	
Q8WU79-3	A3SS,AF	
Q8WU90-2		no Ensembl transcript
Q8WUA4-2		no Ensembl transcript
Q8WUA7-2	SE	
Q8WUA7-3	SE,A3SS,AF,AL	
Q8WUA7-4	A3SS,AF	
Q8WUB8-2	A3SS	
Q8WUB8-3	A3SS,AF	
Q8WUD1-2		no Ensembl transcript
Q8WUD6-2	SE,AL	
Q8WUE5-2	A5SS,AL	
Q8WUF8-2	A5SS,AL	
Q8WUF8-3	A3SS,AF	
Q8WUF8-4	SE,A3SS,AF	
Q8WUG5-2	A5SS	
Q8WUG5-3		no Ensembl transcript
Q8WUH1-1		no Ensembl transcript
Q8WUH1-2	A3SS	
Q8WUH1-3	SE,A5SS	
Q8WUI4-10		no Ensembl transcript
Q8WUI4-2		no Ensembl transcript
Q8WUI4-3		no Ensembl transcript
Q8WUI4-4		no Ensembl transcript
Q8WUI4-5	A3SS,AF	
Q8WUI4-6	A3SS,AF	
Q8WUI4-7	SE,A3SS,AF	
Q8WUI4-8		no Ensembl transcript
Q8WUI4-9		no Ensembl transcript
Q8WUJ1-3	A3SS,AF	
Q8WUJ3-2		no Ensembl transcript
Q8WUK0-2	SE	
Q8WUK0-3	SE,A5SS,A3SS,RI	
Q8WUM4-2	A3SS	
Q8WUM4-3	SE,AL	
Q8WUP2-2	A5SS,AL	
Q8WUP2-3	SE	
Q8WUQ7-2		no Ensembl transcript
Q8WUR7-2	SE,AL	
Q8WUR7-3	SE,AL	
Q8WUT9-2		no Ensembl transcript
Q8WUU8-2		no Ensembl transcript
Q8WUW1-2		no Ensembl transcript
Q8WUX1-2	A3SS,AF	
Q8WUX9-2	SE,A5SS,AL	
Q8WUY3-2		no Ensembl transcript
Q8WUY3-3		no Ensembl transcript
Q8WUY3-4		no Ensembl transcript
Q8WUY3-5	SE,A3SS,AF	
Q8WUY9-2	SE	
Q8WUZ0-2	SE,AL	
Q8WV16-2		no Ensembl transcript
Q8WV16-3	SE,A3SS	
Q8WV16-4	A3SS,AF	
Q8WV16-5	A5SS,A3SS	
Q8WV28-2	SE	
Q8WV28-3	SE	
Q8WV37-2	A3SS,AF	
Q8WV37-3		no Ensembl transcript
Q8WV44-2	A5SS,AL	
Q8WV44-3		no Ensembl transcript
Q8WV44-4	SE,A5SS,AL	
Q8WV48-2		identical exon structure
Q8WV48-3		identical exon structure
Q8WV48-4	A5SS,AL	
Q8WV48-5	A5SS,A3SS,RI	
Q8WV60-2	SE,A3SS,AF	
Q8WV60-3	SE	
Q8WV74-2	A5SS,AL	
Q8WV83-2		no Ensembl transcript
Q8WV99-2	A5SS,AL	
Q8WVB3-2	A5SS,A3SS,RI	
Q8WVB6-2	A5SS,A3SS,RI	
Q8WVB6-3		no Ensembl transcript
Q8WVC0-2	SE	
Q8WVC6-2	SE,AL	
Q8WVD3-2	SE	
Q8WVE6-2	A3SS	
Q8WVE7-2	A5SS	
Q8WVF1-2		no Ensembl transcript
Q8WVF1-3	SE	
Q8WVF1-4	SE,MXE,AL	
Q8WVI7-2	A3SS	
Q8WVK7-2	SE,MXE,A5SS,AF	
Q8WVM7-2	SE	
Q8WVM8-2	A3SS,AF	
Q8WVM8-3	A3SS,AF	
Q8WVN8-2		no Ensembl transcript
Q8WVN8-3	SE,AF	
Q8WVN8-4	SE	
Q8WVP7-2		no Ensembl transcript
Q8WVP7-3	SE,A3SS	
Q8WVQ1-2		no Ensembl transcript
Q8WVQ1-3		no Ensembl transcript
Q8WVR3-2		no Ensembl transcript
Q8WVR3-3		no Ensembl transcript
Q8WVV4-1		canonical and isoform share a transcript
Q8WVV4-3		no Ensembl transcript
Q8WVV5-2	SE,AL	
Q8WVV5-3	SE,MXE,AL	
Q8WVV5-4	SE	
Q8WVV5-5	SE	
Q8WVV9-2		no Ensembl transcript
Q8WVV9-3	A5SS,A3SS,AF,AL	
Q8WVV9-4	A3SS,AF	
Q8WVV9-5	SE,A3SS	
Q8WVX3-2	A3SS,AF	
Q8WVZ1-2	AL	
Q8WVZ1-3	SE,AL	
Q8WW01-2	SE,A5SS	
Q8WW12-2	SE,A5SS	
Q8WW12-3	A3SS,AF	
Q8WW14-2	SE,MXE,AL	
Q8WW14-3		no Ensembl transcript
Q8WW22-2	A3SS,AF	
Q8WW22-3	SE,AF	
Q8WW34-2	A3SS,AF	
Q8WW38-2		no Ensembl transcript
Q8WW43-2	SE	
Q8WW52-2	SE,A5SS,A3SS	
Q8WWA1-2	SE	
Q8WWA1-3	SE	
Q8WWB3-2		no Ensembl transcript
Q8WWB5-2	SE,AL	
Q8WWB5-3	A5SS,AL	
Q8WWB7-2	A3SS,AF	
Q8WWH4-2		canonical and isoform share a transcript
Q8WWI1-2		no Ensembl transcript
Q8WWI1-3	SE,AF	
Q8WWI1-4		no Ensembl transcript
Q8WWI1-5		no Ensembl transcript
Q8WWI5-2	SE,AL	
Q8WWI5-3	SE,AL	
Q8WWK9-4	A5SS,A3SS,AL	
Q8WWK9-5	A3SS	
Q8WWK9-6	A3SS,AF	
Q8WWL2-2	SE	
Q8WWL2-3		no Ensembl transcript
Q8WWL2-4		no Ensembl transcript
Q8WWL7-2	SE	
Q8WWL7-3	A5SS,AL	
Q8WWM7-2	A5SS,AL	
Q8WWM7-3	A5SS,AL	
Q8WWM7-4	A5SS,AL	
Q8WWM7-5		no Ensembl transcript
Q8WWM7-6		no Ensembl transcript
Q8WWM7-7		no Ensembl transcript
Q8WWM7-8	A5SS,AL	
Q8WWM7-9	A5SS,AL	
Q8WWN8-2	SE,A3SS,AF	
Q8WWN9-2	A3SS	
Q8WWQ2-2	SE,AL	
Q8WWQ2-3	SE	
Q8WWQ2-4	SE	
Q8WWR8-2	A3SS,AF	
Q8WWR8-3	A3SS,AF	
Q8WWR9-2	SE,AL	
Q8WWR9-3	SE,AL	
Q8WWT9-2	SE,AL	
Q8WWT9-3	SE,A3SS,AF	
Q8WWT9-4		no Ensembl transcript
Q8WWT9-5	SE,A3SS	
Q8WWT9-6	A3SS,AF	
Q8WWU5-2	SE,MXE,AF	
Q8WWU5-3	A3SS,AF	
Q8WWU5-4	SE,AF	
Q8WWU5-5		no Ensembl transcript
Q8WWU5-6	SE,A3SS,AF	
Q8WWU5-7	A3SS,AF	
Q8WWU7-2	A3SS	
Q8WWV3-2	A3SS	
Q8WWV3-3		no Ensembl transcript
Q8WWV6-2		no Ensembl transcript
Q8WWV6-3		no Ensembl transcript
Q8WWV6-4		no Ensembl transcript
Q8WWW0-2	SE,AF	
Q8WWW0-3	SE,A5SS	
Q8WWW8-2	A3SS	
Q8WWW8-3	SE,A3SS	
Q8WWX0-2	SE,AF	
Q8WWX8-2	SE	
Q8WWX8-3	A3SS,AF	
Q8WWX8-4		no Ensembl transcript
Q8WWX8-5	SE	
Q8WWX8-6	SE,A3SS,AF	
Q8WWY3-2		no Ensembl transcript
Q8WWY3-3		no Ensembl transcript
Q8WWY3-4	A5SS,A3SS,RI	
Q8WWZ1-2		no Ensembl transcript
Q8WWZ3-2	SE,AF	
Q8WWZ4-2		no Ensembl transcript
Q8WWZ4-3	SE,A5SS,AL	
Q8WWZ4-4		no Ensembl transcript
Q8WWZ4-5	SE,AL	
Q8WWZ7-2		no Ensembl transcript
Q8WWZ7-3		no Ensembl transcript
Q8WWZ8-2	SE,A5SS,AL	
Q8WX92-2		no Ensembl transcript
Q8WX93-2		no Ensembl transcript
Q8WX93-3		no Ensembl transcript
Q8WX93-4		no Ensembl transcript
Q8WX93-5		no Ensembl transcript
Q8WX93-6		no Ensembl transcript
Q8WX93-7		no Ensembl transcript
Q8WX93-8		no Ensembl transcript
Q8WX93-9		no Ensembl transcript
Q8WX94-2	SE,A3SS	
Q8WX94-3	SE	
Q8WXA2-2	SE	
Q8WXA3-1		no Ensembl transcript
Q8WXA3-3	SE,AF	
Q8WXA3-4	SE,MXE,AL	
Q8WXA3-5	SE,MXE,AL	
Q8WXA9-2	A3SS,AF	
Q8WXB1-2	SE,AL	
Q8WXC6-1		canonical and isoform share a transcript
Q8WXD0-2	SE	
Q8WXD2-2	A3SS,AF	
Q8WXE0-2	A3SS,AF	
Q8WXE1-2	SE	
Q8WXE1-3	A3SS,AF	
Q8WXE1-5	A3SS,AF	
Q8WXE9-3		no Ensembl transcript
Q8WXF1-2	SE,AL	
Q8WXF5-2	A5SS,AL	
Q8WXF7-2	SE	
Q8WXF8-2	A5SS	
Q8WXG6-2	SE	
Q8WXG6-3	SE,A5SS	
Q8WXG6-4	SE,A5SS	
Q8WXG6-5	SE,A5SS	
Q8WXG6-6	SE,A5SS,AL	
Q8WXG6-7	SE,A5SS,AL	
Q8WXG6-8	SE,A5SS	
Q8WXG9-2		no Ensembl transcript
Q8WXG9-3		no Ensembl transcript
Q8WXG9-4		no Ensembl transcript
Q8WXH0-10		no Ensembl transcript
Q8WXH0-11		no Ensembl transcript
Q8WXH0-12		no Ensembl transcript
Q8WXH0-13		no Ensembl transcript
Q8WXH0-2	SE,A3SS	
Q8WXH0-3		no Ensembl transcript
Q8WXH0-4		no Ensembl transcript
Q8WXH0-5	SE,A3SS,AF	
Q8WXH0-6	SE,A3SS,AF	
Q8WXH0-7		no Ensembl transcript
Q8WXH0-8	SE,AL	
Q8WXH0-9		no Ensembl transcript
Q8WXH2-2		no Ensembl transcript
Q8WXH4-2	A3SS	
Q8WXH4-3	SE,AF	
Q8WXI2-2	SE,AL	
Q8WXI2-4	SE,MXE,AL	
Q8WXI2-5	SE	
Q8WXI3-2	SE	
Q8WXI3-3	SE,AF	
Q8WXI4-2	SE,AL	
Q8WXK3-2	SE,AL	
Q8WXK4-2		no Ensembl transcript
Q8WXQ8-2		no Ensembl transcript
Q8WXQ8-3	SE,A5SS	
Q8WXR4-2		no Ensembl transcript
Q8WXR4-3	SE,MXE,A5SS,AL	
Q8WXR4-4	SE	
Q8WXR4-5		no Ensembl transcript
Q8WXR4-6		no Ensembl transcript
Q8WXR4-7		no Ensembl transcript
Q8WXS3-1		canonical and isoform share a transcript
Q8WXS3-3		no Ensembl transcript
Q8WXS3-4	SE,AL	
Q8WXS3-5	SE,AL	
Q8WXS3-6	SE,A5SS	
Q8WXS8-2		no Ensembl transcript
Q8WXS8-3		no Ensembl transcript
Q8WXS8-4	A5SS	
Q8WXU2-2	SE,AL	
Q8WXU2-3	SE,A5SS	
Q8WXW3-2	A3SS,AF	
Q8WXW3-3		no Ensembl transcript
Q8WXW3-4		no Ensembl transcript
Q8WXX0-2	A3SS,AF	
Q8WXX0-3		no Ensembl transcript
Q8WXX0-4	SE,AL	
Q8WXX7-2	SE	
Q8WXX7-3	SE,AL	
Q8WXX7-5		no Ensembl transcript
Q8WY21-2		canonical and isoform share a transcript
Q8WY21-3		canonical and isoform share a transcript
Q8WY21-4		canonical and isoform share a transcript
Q8WY36-2	SE	
Q8WY36-3	SE,A5SS	
Q8WY54-3		no Ensembl transcript
Q8WY64-2		no Ensembl transcript
Q8WY91-2	SE,AF	
Q8WY98-2	A5SS,AL	
Q8WY98-3	A5SS,AL	
Q8WY98-4	SE,AL	
Q8WYA0-3	SE,AL	
Q8WYA0-4		no Ensembl transcript
Q8WYA1-2	SE	
Q8WYA1-3	SE,A5SS	
Q8WYA1-4	SE	
Q8WYA1-5	SE	
Q8WYA1-6	SE,A3SS,AF	
Q8WYA1-7		no Ensembl transcript
Q8WYA1-8		no Ensembl transcript
Q8WYA1-9	SE,A5SS	
Q8WYA6-2	SE,MXE,AF	
Q8WYA6-3	A3SS,AF	
Q8WYA6-4	A3SS,AF	
Q8WYB5-2	A5SS	
Q8WYB5-3	A5SS	
Q8WYH8-2	A5SS,AL	
Q8WYJ6-2		no Ensembl transcript
Q8WYK0-2	A5SS,AL	
Q8WYK2-2	A3SS,AF	
Q8WYL5-2	A5SS,AL	
Q8WYL5-3		no Ensembl transcript
Q8WYL5-4		no Ensembl transcript
Q8WYL5-5	SE,A5SS,AF,AL	
Q8WYN0-2	SE,A5SS	
Q8WYN0-3		canonical and isoform share a transcript
Q8WYN0-5		no Ensembl transcript
Q8WYN3-2		no Ensembl transcript
Q8WYP3-2		identical exon structure
Q8WYP5-2	A3SS,AF	
Q8WYP5-3	A3SS,AF	
Q8WYQ4-2	SE,MXE,A5SS	
Q8WYQ5-2		no Ensembl transcript
Q8WYQ5-3	SE	
Q8WYQ9-2		no Ensembl transcript
Q8WYR1-2	A3SS,AF	
Q8WYR4-2	SE	
Q8WZ04-2		canonical and isoform share a transcript
Q8WZ42-10	SE,MXE	
Q8WZ42-11	SE,MXE	
Q8WZ42-12	SE	
Q8WZ42-13		no Ensembl transcript
Q8WZ42-2		no Ensembl transcript
Q8WZ42-3	SE	
Q8WZ42-4		no Ensembl transcript
Q8WZ42-5		no Ensembl transcript
Q8WZ42-6	SE,AL	
Q8WZ42-7		no Ensembl transcript
Q8WZ42-8		no Ensembl transcript
Q8WZ42-9		no Ensembl transcript
Q8WZ71-2		no Ensembl transcript
Q8WZ73-2	SE	
Q8WZ73-3	SE	
Q8WZ75-2		no Ensembl transcript
Q8WZ75-3		no Ensembl transcript
Q8WZ79-2	A3SS,AF	
Q8WZA0-2		identical exon structure
Q8WZA1-2	A5SS,AL	
Q8WZA2-2		no Ensembl transcript
Q8WZA2-3	SE,AF	
Q8WZA2-4	A3SS,AF	
Q8WZA2-5	SE,A3SS,AF	
Q92185-2	SE,A5SS,AL	
Q92187-2	A5SS,AL	
Q92466-2	SE	
Q92466-3	SE,A5SS,AL	
Q92466-4	SE	
Q92466-5	SE,A5SS,AL	
Q92481-2		no Ensembl transcript
Q92482-2		no Ensembl transcript
Q92484-2	A3SS,AF	
Q92485-2	A5SS,AL	
Q92496-2	A3SS	
Q92496-3	SE	
Q92499-2		no Ensembl transcript
Q92499-3		no Ensembl transcript
Q92502-2	A3SS,AF	
Q92503-2	A5SS,AL	
Q92503-3	A3SS,AF	
Q92523-2		no Ensembl transcript
Q92523-3	SE	
Q92523-4		no Ensembl transcript
Q92526-2	SE	
Q92526-3	SE	
Q92527-2		no Ensembl transcript
Q92529-2		no Ensembl transcript
Q92538-2	A5SS,A3SS	
Q92538-3	A5SS	
Q92540-2	A5SS	
Q92540-4	SE,MXE,A5SS,AL	
Q92540-5	SE,A3SS,AF	
Q92542-2		canonical and isoform share a transcript
Q92543-2	SE,A3SS,AL	
Q92551-2	A3SS,AF	
Q92552-2	SE	
Q92556-2	A3SS,AF	
Q92556-3		no Ensembl transcript
Q92563-2	SE,AL	
Q92564-2	SE	
Q92564-3	SE,AF	
Q92565-2		no Ensembl transcript
Q92567-2	SE	
Q92567-3	SE	
Q92569-2	SE	
Q92569-3		no Ensembl transcript
Q92570-2	A5SS,AL	
Q92570-3	A3SS,AF	
Q92574-2	SE	
Q92576-2		identical exon structure
Q92581-1		canonical and isoform share a transcript
Q92581-3	A5SS,A3SS	
Q92597-2	A3SS,AF	
Q92597-3	A3SS,AF	
Q92598-2	SE	
Q92598-3	SE	
Q92598-4	SE,AF	
Q92599-2	SE,AL	
Q92599-3	SE,A3SS,AF,AL	
Q92599-4	SE,AL	
Q92600-2	SE	
Q92600-3	SE,AL	
Q92608-2		no Ensembl transcript
Q92609-2	SE	
Q92611-2	A5SS,A3SS,AF,AL	
Q92614-2		no Ensembl transcript
Q92614-3	SE	
Q92614-4	SE	
Q92614-5	SE	
Q92617-2		no Ensembl transcript
Q92617-3		no Ensembl transcript
Q92617-4		no Ensembl transcript
Q92617-5		no Ensembl transcript
Q92617-6		no Ensembl transcript
Q92619-2	SE,AF	
Q92620-2		no Ensembl transcript
Q92622-2	SE,A3SS,AF	
Q92622-3		no Ensembl transcript
Q92625-2		no Ensembl transcript
Q92626-2		no Ensembl transcript
Q92629-2	AF	
Q92629-3	A5SS,AF,AL	
Q92630-2	A3SS,AF	
Q92633-2		no Ensembl transcript
Q92636-2	SE,AF	
Q92637-2		no Ensembl transcript
Q92637-3		no Ensembl transcript
Q92643-2		no Ensembl transcript
Q92664-2		no Ensembl transcript
Q92667-2	SE,AL	
Q92674-2	A5SS,AL	
Q92685-2	SE,AF	
Q92688-2		no Ensembl transcript
Q92692-2	SE,AL	
Q92729-2	SE	
Q92729-3	SE,A5SS	
Q92729-4	SE,MXE,A3SS	
Q92731-2	SE,AL	
Q92731-3	SE,A5SS,AL	
Q92731-4		no Ensembl transcript
Q92731-5	SE,AL	
Q92731-6	A5SS,AL	
Q92731-7	SE	
Q92731-8		no Ensembl transcript
Q92731-9	SE,AL	
Q92734-2	A5SS	
Q92734-3	SE,AL	
Q92734-4	SE,A5SS,AL	
Q92736-2		no Ensembl transcript
Q92737-2	A5SS,AL	
Q92738-2	SE,AF	
Q92747-2		no Ensembl transcript
Q92750-2	SE,AL	
Q92752-2		no Ensembl transcript
Q92753-1		canonical and isoform share a transcript
Q92754-2		no Ensembl transcript
Q92759-2		no Ensembl transcript
Q92766-2	SE	
Q92766-3	SE,MXE	
Q92766-4		no Ensembl transcript
Q92766-5	SE	
Q92766-6		no Ensembl transcript
Q92769-3	A3SS,AF	
Q92777-2	A5SS,AL	
Q92782-1		canonical and isoform share a transcript
Q92782-3	SE,A3SS,AF	
Q92783-2		no Ensembl transcript
Q92784-2	SE,AL	
Q92784-3		no Ensembl transcript
Q92784-4		no Ensembl transcript
Q92784-5	SE,AF,AL	
Q92785-2	SE	
Q92793-2	SE	
Q92796-2	SE,MXE,AF	
Q92796-3	SE,MXE,A3SS,AF	
Q92797-2		no Ensembl transcript
Q92800-2		identical exon structure
Q92800-3	SE	
Q92800-4	A3SS,AF	
Q92800-5		no Ensembl transcript
Q92802-2	A5SS,AL	
Q92802-3	A5SS,AL	
Q92804-2	A5SS	
Q92813-2		no Ensembl transcript
Q92813-3		no Ensembl transcript
Q92823-2		no Ensembl transcript
Q92823-3	SE	
Q92823-4	SE	
Q92823-5		no Ensembl transcript
Q92823-6	SE	
Q92824-2	SE,AL	
Q92830-2		no Ensembl transcript
Q92832-2	SE	
Q92833-2		no Ensembl transcript
Q92833-3	A3SS,AF	
Q92834-2	A5SS,A3SS,RI	
Q92834-3	SE,A5SS,A3SS,RI,AL	
Q92834-4	SE,A5SS,A3SS,RI	
Q92834-5	SE,A5SS,AL	
Q92834-6	A5SS,RI,AL	
Q92835-2	A3SS	
Q92835-3		no Ensembl transcript
Q92838-2	SE,AL	
Q92838-3	A5SS	
Q92838-5	A5SS,AL	
Q92838-6		no Ensembl transcript
Q92838-7	SE,AL	
Q92838-8		no Ensembl transcript
Q92838-9		identical exon structure
Q92841-1		no Ensembl transcript
Q92841-2		no Ensembl transcript
Q92841-3		no Ensembl transcript
Q92843-2	SE,AL	
Q92844-2		no Ensembl transcript
Q92844-3	A5SS,AL	
Q92845-2	SE	
Q92845-3	A3SS,AF	
Q92845-4	SE,AF	
Q92847-2	A5SS,AL	
Q92851-2	SE,MXE,AL	
Q92851-3	SE,A5SS,AL	
Q92851-4	SE,AL	
Q92851-5	SE	
Q92851-6	SE,MXE,AL	
Q92851-7	SE,AL	
Q92854-2	SE,AL	
Q92859-2		no Ensembl transcript
Q92859-3	SE	
Q92859-4	SE	
Q92870-2	SE,A3SS	
Q92870-3	A3SS,AF	
Q92870-4	A3SS	
Q92874-2	A5SS,A3SS,RI	
Q92876-2	A3SS,AF	
Q92876-3	SE,A5SS,AL	
Q92878-2		no Ensembl transcript
Q92878-3		no Ensembl transcript
Q92879-2	A3SS	
Q92879-3	A3SS	
Q92879-4	A3SS,AF	
Q92879-5		no Ensembl transcript
Q92879-6	A3SS	
Q92888-2	SE	
Q92888-3	A3SS,AF	
Q92888-4	SE,A5SS,A3SS,AF,AL	
Q92889-2	A5SS,AL	
Q92890-1		no Ensembl transcript
Q92890-3	A5SS	
Q92896-2	A5SS,AL	
Q92896-3	SE,A5SS,AL	
Q92900-2	A5SS	
Q92902-2	SE	
Q92902-3	A5SS,AL	
Q92902-4		no Ensembl transcript
Q92904-2	SE,AF	
Q92908-2		no Ensembl transcript
Q92913-2	SE,AF	
Q92913-3	SE,AF	
Q92913-4	SE,AF	
Q92913-5	SE,AF	
Q92915-2	SE,AF	
Q92918-2	SE,A5SS	
Q92925-2		no Ensembl transcript
Q92925-3	SE,AF	
Q92932-2	SE	
Q92932-3		canonical and isoform share a transcript
Q92932-4	SE	
Q92947-2	SE,AL	
Q92952-2		no Ensembl transcript
Q92954-2	SE	
Q92954-3	SE	
Q92954-4	SE	
Q92954-5		no Ensembl transcript
Q92954-6	SE	
Q92956-2		no Ensembl transcript
Q92963-2	A3SS,AF	
Q92963-3	A3SS,AF	
Q92973-2	A3SS,AF	
Q92973-3	SE	
Q92974-2	A3SS	
Q92974-3	A3SS,AF	
Q92985-2	SE	
Q92985-3	SE,A5SS,AL	
Q92985-4	A3SS,AF	
Q92988-2		no Ensembl transcript
Q92988-3		no Ensembl transcript
Q92989-2	A5SS	
Q92990-2	SE,A5SS,AL	
Q92993-2	SE	
Q92993-3	A5SS,A3SS,RI	
Q92993-4	SE,A5SS,A3SS,RI	
Q92994-2		no Ensembl transcript
Q92994-3	A3SS,AF	
Q92994-4		no Ensembl transcript
Q92994-5	SE	
Q92994-6	A5SS,AL	
Q92994-7	A3SS,AF	
Q92994-8	A3SS,AF	
Q92994-9	A3SS,AF	
Q92995-2	A3SS,AF	
Q92997-2	A3SS	
Q93008-3	A5SS	
Q93009-3	SE,AF	
Q93015-2	A3SS,AF	
Q93038-10	SE,A3SS	
Q93038-11		identical exon structure
Q93038-12	A5SS,A3SS,RI,AL	
Q93038-2		no Ensembl transcript
Q93038-3	SE,A5SS,AL	
Q93038-4		no Ensembl transcript
Q93038-5	SE,AL	
Q93038-6	SE,AL	
Q93038-7	SE,A5SS,AL	
Q93038-8	SE,A3SS	
Q93038-9	SE	
Q93045-2	SE,AL	
Q93050-1		identical exon structure
Q93050-3	A3SS	
Q93062-2	SE,AL	
Q93062-3	SE,AL	
Q93062-4	SE,AL	
Q93062-5		no Ensembl transcript
Q93063-2	SE,A3SS	
Q93063-3		identical exon structure
Q93073-2	SE	
Q93074-2	A5SS	
Q93074-3	A3SS	
Q93084-1		canonical and isoform share a transcript
Q93084-3	A5SS	
Q93084-4	SE	
Q93084-5	SE,A5SS	
Q93084-6	SE,A5SS	
Q93084-7		no Ensembl transcript
Q93086-1		canonical and isoform share a transcript
Q93086-2	SE	
Q93086-4	SE,A3SS,AL	
Q93086-5	SE,A3SS	
Q93097-2	SE,AF	
Q93100-2		no Ensembl transcript
Q93100-3	SE,MXE	
Q93100-4	SE,MXE,AF	
Q95460-2	A3SS	
Q95460-3	SE	
Q95460-4	SE	
Q95460-5	SE	
Q969D9-2	A3SS,AF	
Q969E2-2	SE	
Q969E2-3		no Ensembl transcript
Q969F2-2	SE,AL	
Q969F9-2	AL	
Q969G3-2	SE,AL	
Q969G3-3	A3SS,AF	
Q969G3-4	SE	
Q969G3-5	SE,MXE,AL	
Q969G3-6	SE,A3SS,AF,AL	
Q969H0-2	SE,AF	
Q969H0-4	SE,AF	
Q969H4-2	A5SS	
Q969H6-2	SE	
Q969I3-2	SE,AF	
Q969J3-2	SE	
Q969J5-2	SE	
Q969J5-3	SE,A5SS	
Q969K3-2	SE,AF	
Q969K4-2	A3SS,AF	
Q969K4-3		no Ensembl transcript
Q969K4-4		no Ensembl transcript
Q969K7-2	SE,A3SS	
Q969K7-3	SE,A3SS	
Q969M1-2	SE	
Q969M3-2	A3SS,AF	
Q969M3-3		no Ensembl transcript
Q969M7-2		no Ensembl transcript
Q969M7-3	SE	
Q969M7-4	SE,A5SS,AL	
Q969M7-5	SE,A5SS,AL	
Q969M7-6	SE	
Q969M7-7	SE,AF	
Q969N2-2	SE	
Q969N2-3		no Ensembl transcript
Q969N2-4	SE	
Q969N2-5	SE,A5SS	
Q969N2-6	SE	
Q969P0-2		no Ensembl transcript
Q969P0-3		no Ensembl transcript
Q969P5-2	SE	
Q969P6-2	A3SS,AF	
Q969Q1-2		no Ensembl transcript
Q969Q6-2	A3SS	
Q969R2-2	A3SS	
Q969R2-3	SE,A3SS,AF	
Q969R2-4	A3SS,AF	
Q969R2-5	A3SS,AF	
Q969R2-6	SE,A3SS,AF	
Q969R5-2	SE,AL	
Q969R5-3		no Ensembl transcript
Q969R8-2	A5SS,AL	
Q969S0-2	A5SS,AL	
Q969S0-3		no Ensembl transcript
Q969S2-2		no Ensembl transcript
Q969S2-3	A3SS,AF	
Q969S2-4	SE,A5SS	
Q969S8-2	SE	
Q969S8-4		no Ensembl transcript
Q969S8-5	SE,A5SS,AL	
Q969S9-2	SE	
Q969S9-3		no Ensembl transcript
Q969S9-4		no Ensembl transcript
Q969S9-5	A5SS,AL	
Q969T3-2	A5SS,AL	
Q969T3-3	SE,A5SS	
Q969T7-2		no Ensembl transcript
Q969T9-2	SE	
Q969U6-2	A5SS,AL	
Q969U7-2	A3SS,AF	
Q969V3-2		canonical and isoform share a transcript
Q969W1-2	SE	
Q969W1-3	SE,A3SS	
Q969W1-4	SE	
Q969W3-2	SE	
Q969W8-2	A3SS	
Q969W9-2	SE,AF	
Q969W9-3	A3SS,AF	
Q969X2-2	A3SS,AF	
Q969X2-3		identical exon structure
Q969X5-2	A3SS,AF	
Q969X5-3		no Ensembl transcript
Q969X6-2	SE	
Q969X6-3	A5SS,AL	
Q969Y2-2	A5SS,A3SS,RI	
Q969Y2-3	A3SS	
Q969Y2-4	SE,AF	
Q969Z0-2	SE	
Q969Z3-2	SE,AL	
Q96A00-2	SE	
Q96A23-2	A3SS,AF	
Q96A25-2	A5SS,A3SS,RI	
Q96A28-2	SE	
Q96A29-2	A3SS	
Q96A33-2	A5SS,AL	
Q96A37-2	A3SS,AF	
Q96A37-3	SE,A5SS,A3SS	
Q96A46-2		no Ensembl transcript
Q96A46-3		no Ensembl transcript
Q96A56-2	SE,AL	
Q96A57-2		no Ensembl transcript
Q96A58-2	SE	
Q96A59-2	SE,AL	
Q96A59-3	SE,A5SS,AL	
Q96A61-2		no Ensembl transcript
Q96A65-2	SE,AL	
Q96A70-2	A3SS	
Q96A70-3	SE,AL	
Q96A70-4		no Ensembl transcript
Q96A70-5		no Ensembl transcript
Q96A73-2	A3SS,AF	
Q96A73-3		no Ensembl transcript
Q96A83-2	A3SS	
Q96A84-2		no Ensembl transcript
Q96A84-3		canonical and isoform share a transcript
Q96A99-2	SE,AF	
Q96AA8-2	SE,MXE,AL	
Q96AA8-3	SE,AL	
Q96AA8-4	SE,MXE,AF,AL	
Q96AB3-2	A3SS	
Q96AB3-3	SE	
Q96AC1-2	SE,A5SS,AL	
Q96AC1-3	SE	
Q96AC6-2		no Ensembl transcript
Q96AD5-2		no Ensembl transcript
Q96AE4-2	SE,A3SS,AL	
Q96AE7-2	SE,AL	
Q96AG3-2	A3SS,AF	
Q96AG3-3	A3SS	
Q96AH0-2	A3SS,AF	
Q96AH0-3	SE,AL	
Q96AJ1-2	A3SS,AF	
Q96AJ9-1		canonical and isoform share a transcript
Q96AN5-2	SE	
Q96AN5-3		no Ensembl transcript
Q96AP0-2	A3SS	
Q96AP4-2		no Ensembl transcript
Q96AP7-2	SE,AL	
Q96AQ1-2	A3SS	
Q96AQ6-2	A3SS,AF	
Q96AQ6-3		no Ensembl transcript
Q96AQ7-2	A3SS,AF	
Q96AQ7-3		no Ensembl transcript
Q96AQ7-4	SE	
Q96AQ8-2	SE,AL	
Q96AT9-2		no Ensembl transcript
Q96AT9-3	SE,A3SS,AF	
Q96AT9-4	SE	
Q96AT9-5	A3SS,AF	
Q96AV8-2	SE,A5SS	
Q96AV8-3		no Ensembl transcript
Q96AW1-2	SE,AF	
Q96AW1-3	SE,AF	
Q96AW1-4	SE,AF	
Q96AX2-2	SE,AF	
Q96AX2-3		no Ensembl transcript
Q96AX2-4	SE	
Q96AX9-10	SE,A5SS	
Q96AX9-3	A3SS	
Q96AX9-4	SE	
Q96AX9-5		no Ensembl transcript
Q96AX9-6	SE	
Q96AX9-7		no Ensembl transcript
Q96AX9-8		no Ensembl transcript
Q96AX9-9		no Ensembl transcript
Q96AY2-2	A3SS	
Q96AY3-2		no Ensembl transcript
Q96AZ1-2	SE,A5SS	
Q96AZ1-3		no Ensembl transcript
Q96AZ6-2		no Ensembl transcript
Q96B01-2	SE	
Q96B01-3	SE	
Q96B02-2	SE	
Q96B02-3	A3SS	
Q96B23-2	SE	
Q96B36-2		no Ensembl transcript
Q96B36-3	A3SS,AF	
Q96B42-2	SE,AF	
Q96B86-3	A3SS,AF	
Q96B86-4	SE,AF	
Q96B96-2	SE	
Q96B97-2	SE,AF	
Q96B97-3	SE,AF	
Q96BA8-2	SE	
Q96BD0-2		no Ensembl transcript
Q96BD0-3		no Ensembl transcript
Q96BD0-4		no Ensembl transcript
Q96BD5-2	SE,MXE,A3SS	
Q96BD5-3	A3SS	
Q96BD8-2	SE	
Q96BF3-2	A5SS	
Q96BI3-2	A5SS,AL	
Q96BI3-3	SE,A3SS	
Q96BJ3-2		no Ensembl transcript
Q96BJ3-3	SE	
Q96BJ8-2	A3SS,AF	
Q96BJ8-3	A3SS	
Q96BK5-2	SE,A5SS	
Q96BN6-2		no Ensembl transcript
Q96BP3-2	A3SS,AF	
Q96BR1-2	SE	
Q96BR6-2	A5SS	
Q96BR9-2		no Ensembl transcript
Q96BS2-2	A5SS,AL	
Q96BS2-3	SE	
Q96BT3-2		no Ensembl transcript
Q96BT3-3		no Ensembl transcript
Q96BT7-2	SE,A5SS,AL	
Q96BT7-3	SE,A5SS,AL	
Q96BT7-4		no Ensembl transcript
Q96BU1-2	SE,AL	
Q96BW1-2	SE,A5SS,AL	
Q96BW1-3		no Ensembl transcript
Q96BW5-2	SE	
Q96BW9-2	SE,AL	
Q96BW9-3	A5SS,AL	
Q96BY6-2		no Ensembl transcript
Q96BY6-3	SE,AF	
Q96BY9-2	A3SS,AF	
Q96BZ9-2		no Ensembl transcript
Q96BZ9-3		no Ensembl transcript
Q96C03-2		identical exon structure
Q96C03-3	A3SS,AF	
Q96C11-2		no Ensembl transcript
Q96C11-3	SE	
Q96C11-4		identical exon structure
Q96C11-5	SE	
Q96C11-6	A3SS,AF	
Q96C12-2		no Ensembl transcript
Q96C12-3		no Ensembl transcript
Q96C12-4	A5SS,AL	
Q96C24-2	A5SS,AL	
Q96C34-2		no Ensembl transcript
Q96C92-2	SE	
Q96C92-3		no Ensembl transcript
Q96C92-4	SE	
Q96CA5-2	A3SS	
Q96CB9-2		no Ensembl transcript
Q96CB9-3		no Ensembl transcript
Q96CB9-4	A3SS,AF	
Q96CD2-2		no Ensembl transcript
Q96CG8-2		no Ensembl transcript
Q96CG8-3	SE,AF	
Q96CJ1-2		canonical and isoform share a transcript
Q96CM3-2	A5SS,A3SS	
Q96CM8-2	SE	
Q96CM8-3	A5SS,A3SS	
Q96CM8-4	SE	
Q96CN4-2	SE	
Q96CP6-2	SE	
Q96CP6-3	SE	
Q96CP7-2	SE,AF	
Q96CQ1-2	SE,AL	
Q96CQ1-3	A3SS	
Q96CQ1-4		no Ensembl transcript
Q96CS2-2		no Ensembl transcript
Q96CS7-2		no Ensembl transcript
Q96CS7-3	A3SS	
Q96CS7-4	SE,A5SS,A3SS	
Q96CS7-5	SE,A5SS	
Q96CS7-6	A5SS	
Q96CT2-2		no Ensembl transcript
Q96CU9-2	SE	
Q96CU9-3		no Ensembl transcript
Q96CV9-2	A3SS	
Q96CV9-3		no Ensembl transcript
Q96CW1-2	SE	
Q96CW5-2	SE,AL	
Q96CW5-3		no Ensembl transcript
Q96CW9-2		no Ensembl transcript
Q96CX3-2		no Ensembl transcript
Q96D05-2		no Ensembl transcript
Q96D31-2		no Ensembl transcript
Q96D53-2	SE	
Q96D71-2	SE	
Q96D71-3	A3SS	
Q96D71-4	SE	
Q96D96-2		no Ensembl transcript
Q96D96-3	SE,AL	
Q96D96-4	A3SS,AF	
Q96DA6-2	A3SS,AF	
Q96DB2-2	A3SS,AF	
Q96DB5-2	SE	
Q96DB5-3	SE,A3SS	
Q96DB9-2	A3SS,AF	
Q96DC7-2	A3SS	
Q96DC8-2		no Ensembl transcript
Q96DC9-2	A5SS,AL	
Q96DD0-2	SE,AL	
Q96DE0-2		no Ensembl transcript
Q96DE0-3	A5SS,AF,AL	
Q96DE0-4	A5SS,AL	
Q96DH6-2	SE,A3SS,AF,AL	
Q96DH6-3	SE,AF,AL	
Q96DI7-2		no Ensembl transcript
Q96DL1-3		no Ensembl transcript
Q96DN2-2	A5SS,AL	
Q96DN5-2	SE	
Q96DN5-3	SE	
Q96DP5-2	SE,A5SS,AL	
Q96DR4-2	A5SS,AL	
Q96DR7-3	SE,A5SS,AL	
Q96DR7-4	AL	
Q96DT0-2	SE,A3SS,AF	
Q96DT0-3		no Ensembl transcript
Q96DT0-4	A3SS,AF	
Q96DT0-5	SE	
Q96DT0-6	SE,A3SS	
Q96DT0-7	SE,A3SS	
Q96DT7-2	A5SS,A3SS,RI	
Q96DT7-3		no Ensembl transcript
Q96DT7-4	SE,AF	
Q96DU3-2	A3SS	
Q96DU3-3	SE	
Q96DU9-2		no Ensembl transcript
Q96DV4-2		no Ensembl transcript
Q96DX4-2	A5SS,AL	
Q96DX5-2	A5SS,AL	
Q96DX5-3	A5SS,A3SS,AL	
Q96DY2-2	SE	
Q96DY2-3		no Ensembl transcript
Q96DY7-3	AL	
Q96DZ1-2	SE	
Q96DZ1-3	SE	
Q96DZ7-2	SE	
Q96DZ9-2	SE	
Q96DZ9-3		no Ensembl transcript
Q96DZ9-4	SE	
Q96DZ9-5	SE	
Q96DZ9-6	SE	
Q96E11-2	SE,A5SS	
Q96E11-3	A3SS	
Q96E11-4	SE,AL	
Q96E11-5	A5SS,AL	
Q96E11-6	SE,AL	
Q96E11-7		no Ensembl transcript
Q96E11-8	SE	
Q96E14-2	SE,AF	
Q96E29-2		no Ensembl transcript
Q96E29-3		no Ensembl transcript
Q96E40-2	A5SS,AL	
Q96E52-2		no Ensembl transcript
Q96E66-2	SE,AL	
Q96E66-3	A5SS,AL	
Q96E66-4	SE,AL	
Q96E66-5	SE,AL	
Q96E66-6	SE,AF	
Q96E93-2	A5SS,AL	
Q96EA4-2		no Ensembl transcript
Q96EA4-3		no Ensembl transcript
Q96EB1-2		no Ensembl transcript
Q96EB1-3	SE,A5SS,A3SS	
Q96EB6-2	SE	
Q96EC8-2	SE	
Q96ED9-2	SE	
Q96EE3-1		canonical and isoform share a transcript
Q96EF0-2		no Ensembl transcript
Q96EI5-2	A3SS,AF	
Q96EK2-3	A3SS	
Q96EK2-4	SE,A3SS,AF	
Q96EK7-2	A5SS,AL	
Q96EK7-3	A3SS,AF	
Q96EN9-2		no Ensembl transcript
Q96EN9-3	A3SS	
Q96EP0-2		no Ensembl transcript
Q96EP0-3	SE,AF	
Q96EP1-2	A3SS	
Q96EP1-3	SE,MXE	
Q96EP1-4	A3SS	
Q96EP1-5	SE	
Q96EP5-2	SE,AL	
Q96ER9-2	A3SS,AF	
Q96ET8-2	SE,AL	
Q96ET8-3	SE,AL	
Q96EU6-2		no Ensembl transcript
Q96EV2-2	A5SS,AL	
Q96EV8-2	A5SS,AL	
Q96EV8-3	SE	
Q96EW2-2		no Ensembl transcript
Q96EW2-3		no Ensembl transcript
Q96EX2-2		no Ensembl transcript
Q96EX2-3		no Ensembl transcript
Q96EX2-4		no Ensembl transcript
Q96EX2-5	SE,AL	
Q96EY1-2	SE,AL	
Q96EY1-3	SE,A3SS,AL	
Q96EY5-2	SE	
Q96EY5-3		no Ensembl transcript
Q96EY7-2		no Ensembl transcript
Q96EZ8-2	SE,AF	
Q96EZ8-3		no Ensembl transcript
Q96EZ8-4	A3SS,AF	
Q96F07-2	SE	
Q96F15-2		no Ensembl transcript
Q96F24-2		no Ensembl transcript
Q96F24-3	SE,A3SS	
Q96F44-2	A5SS,AL	
Q96F44-3	A3SS	
Q96F45-2		no Ensembl transcript
Q96F45-3		no Ensembl transcript
Q96F46-2	SE	
Q96F85-2	SE,AL	
Q96FB5-2	SE,A5SS	
Q96FC7-2	SE,AF	
Q96FC7-3	SE,AL	
Q96FC9-2	A5SS,A3SS	
Q96FC9-3	A5SS,A3SS	
Q96FC9-4	SE,A5SS,A3SS	
Q96FC9-5	SE,A5SS,AL	
Q96FE5-2	A3SS,AF	
Q96FE7-2	A5SS,AL	
Q96FE7-3		no Ensembl transcript
Q96FE7-4	SE,A5SS	
Q96FE7-5	SE	
Q96FG2-2	SE,AL	
Q96FG2-3	A5SS,AL	
Q96FG2-5	A5SS,AL	
Q96FG2-6	A5SS,AL	
Q96FH0-2	A5SS,AL	
Q96FJ0-2	SE,AL	
Q96FL8-2		no Ensembl transcript
Q96FL8-3	A5SS,AL	
Q96FL9-2		no Ensembl transcript
Q96FL9-3	SE,MXE	
Q96FL9-4	SE,AF	
Q96FM1-2	SE	
Q96FM1-3	SE	
Q96FN4-2		no Ensembl transcript
Q96FT7-1		canonical and isoform share a transcript
Q96FT7-2		no Ensembl transcript
Q96FT9-2	SE,MXE	
Q96FT9-3	SE,AL	
Q96FT9-4	A5SS,AL	
Q96FV2-2	A5SS,AL	
Q96FV3-2		no Ensembl transcript
Q96FV3-3		no Ensembl transcript
Q96FV3-4		no Ensembl transcript
Q96FV9-2	A5SS,AL	
Q96FW1-2		no Ensembl transcript
Q96FX2-2	SE	
Q96FZ5-2	SE	
Q96G01-2	A5SS,AL	
Q96G01-3		no Ensembl transcript
Q96G01-4	SE,A5SS,AL	
Q96G03-2		no Ensembl transcript
Q96G04-2	SE	
Q96G25-2	A5SS,AL	
Q96G25-3	A3SS,AF	
Q96G28-2	SE	
Q96G46-2		no Ensembl transcript
Q96G46-3	SE,A5SS	
Q96G74-2		no Ensembl transcript
Q96G74-3		no Ensembl transcript
Q96G74-4	A5SS,A3SS,AF	
Q96G74-5	A5SS	
Q96G75-2		no Ensembl transcript
Q96G97-3	SE,A5SS,AL	
Q96G97-4	A3SS,AF	
Q96GC5-3	SE,A5SS	
Q96GC6-2	SE	
Q96GC6-3	A3SS,AF	
Q96GC6-4		no Ensembl transcript
Q96GC9-2	SE	
Q96GD3-2	SE,AF	
Q96GD3-3	A3SS,AF	
Q96GD3-4	SE,AF	
Q96GD3-5	SE,A3SS,AF	
Q96GD3-6	SE,AF	
Q96GD4-2	A5SS,A3SS	
Q96GD4-3		no Ensembl transcript
Q96GD4-4	A3SS,AF	
Q96GD4-5	A3SS	
Q96GE4-2		canonical and isoform share a transcript
Q96GE5-2		no Ensembl transcript
Q96GE6-2	SE,AF	
Q96GE6-3	A3SS,AF	
Q96GE6-4		no Ensembl transcript
Q96GE6-5		no Ensembl transcript
Q96GE9-2		canonical and isoform share a transcript
Q96GF1-2	SE	
Q96GJ1-2		no Ensembl transcript
Q96GJ1-3	SE	
Q96GM1-2	A5SS,A3SS	
Q96GM5-2	SE	
Q96GM8-2	SE	
Q96GN5-2	A3SS	
Q96GN5-4	A3SS,AF	
Q96GN5-5	SE	
Q96GP6-2	A3SS	
Q96GQ5-2		no Ensembl transcript
Q96GR4-2		no Ensembl transcript
Q96GR4-3	A3SS	
Q96GS6-2	SE	
Q96GS6-3		no Ensembl transcript
Q96GS6-4		no Ensembl transcript
Q96GU1-2	A3SS,AF	
Q96GW7-2	A5SS,AL	
Q96GX1-2	A3SS	
Q96GX5-2	SE,A3SS	
Q96GX5-3	A3SS	
Q96GX8-2	A3SS,AF	
Q96GX9-3		no Ensembl transcript
Q96GZ6-2		no Ensembl transcript
Q96GZ6-3	SE	
Q96GZ6-4		no Ensembl transcript
Q96GZ6-5		no Ensembl transcript
Q96GZ6-6		no Ensembl transcript
Q96GZ6-7	SE,A5SS,AF,AL	
Q96GZ6-8	A5SS,A3SS,AF,AL	
Q96GZ6-9	A5SS,AL	
Q96H12-2	SE,AL	
Q96H15-2	SE	
Q96H20-2	A3SS	
Q96H22-2	SE,MXE,AL	
Q96H22-3	SE,AL	
Q96H22-4	SE	
Q96H22-5	SE	
Q96H55-2	A5SS,AL	
Q96H55-3	SE,AL	
Q96H55-4	SE,A5SS,A3SS	
Q96H72-2	A3SS	
Q96H79-2		no Ensembl transcript
Q96H86-2	A3SS	
Q96H96-3	SE,AL	
Q96H96-4	A3SS	
Q96H96-5		no Ensembl transcript
Q96H96-6		no Ensembl transcript
Q96HA1-2	A3SS,AF	
Q96HA1-3	SE,A3SS,AF,AL	
Q96HA4-2		no Ensembl transcript
Q96HA4-3	SE,A5SS,RI,AL	
Q96HA4-4	SE,A5SS	
Q96HA4-5		no Ensembl transcript
Q96HA7-2		no Ensembl transcript
Q96HA8-2	A3SS,AF	
Q96HA9-2	A3SS,AF	
Q96HB5-2	A5SS	
Q96HB5-3		no Ensembl transcript
Q96HB5-4	A5SS,A3SS,AF,AL	
Q96HB5-5	A5SS,AL	
Q96HC4-2	SE,A3SS,AL	
Q96HC4-3	SE,MXE,AL	
Q96HC4-4	A3SS	
Q96HC4-5	SE,AL	
Q96HC4-6	SE,A3SS	
Q96HC4-7	SE,A5SS,A3SS	
Q96HD1-2	SE,A5SS	
Q96HE8-2		no Ensembl transcript
Q96HH6-2	A5SS,AL	
Q96HH9-2	SE,A3SS	
Q96HH9-3	SE,AF	
Q96HH9-4	A3SS,AF	
Q96HH9-5	SE,A3SS,AF	
Q96HI0-2	SE	
Q96HJ3-2	A5SS,AL	
Q96HJ5-2	SE	
Q96HJ5-3	A3SS,AF	
Q96HJ9-2	A5SS,AL	
Q96HL8-2	SE	
Q96HL8-3	SE,AF	
Q96HL8-4	SE,MXE,AF	
Q96HL8-5	SE,AL	
Q96HN2-2	A3SS	
Q96HN2-3	SE,A3SS,AF	
Q96HN2-4	SE,A3SS,AF	
Q96HQ0-2	SE,A3SS	
Q96HQ0-3	SE	
Q96HQ0-4	SE,A3SS	
Q96HQ0-5	A3SS	
Q96HQ0-6	SE	
Q96HQ2-2	SE,AL	
Q96HR3-2	SE	
Q96HR8-2	SE,AL	
Q96HR9-2	SE	
Q96HS1-2	SE,AL	
Q96HU1-2		no Ensembl transcript
Q96HW7-2	A5SS,AL	
Q96HW7-3		no Ensembl transcript
Q96HY6-2		no Ensembl transcript
Q96HZ4-2	A5SS,RI	
Q96HZ4-3	A3SS	
Q96HZ4-4	A5SS	
Q96I15-2	A5SS,AL	
Q96I24-2		no Ensembl transcript
Q96I27-2		no Ensembl transcript
Q96I51-2	SE,AL	
Q96I51-3	SE,AL	
Q96I59-2	A3SS,AF	
Q96I82-2		no Ensembl transcript
Q96I99-2	SE,AL	
Q96IC2-2	SE	
Q96IF1-2	A3SS,AF	
Q96IG2-2	SE	
Q96II8-2	SE,AL	
Q96II8-3	A5SS,AL	
Q96II8-4	SE,A5SS	
Q96IJ6-2	A5SS,A3SS,RI	
Q96IK1-2	SE,AL	
Q96IL0-2		no Ensembl transcript
Q96IP4-2	A3SS,AF	
Q96IQ7-2	A5SS,AL	
Q96IQ9-2	A5SS,AL	
Q96IT1-2		no Ensembl transcript
Q96IU4-2		identical exon structure
Q96IV0-2	SE,MXE	
Q96IV0-3	SE,A5SS	
Q96IV0-4		no Ensembl transcript
Q96IV0-5	SE,AF	
Q96IV6-2	A3SS,AF	
Q96IY1-2	SE,A5SS,AL	
Q96IY4-2		no Ensembl transcript
Q96IZ2-2	SE	
Q96IZ2-3	SE,A5SS	
Q96IZ5-2	A5SS,AL	
Q96IZ5-3	SE,A5SS,AL	
Q96IZ6-2		no Ensembl transcript
Q96IZ7-2	SE	
Q96J01-2	A5SS,AL	
Q96J02-2	SE	
Q96J02-3	SE,A3SS,AF	
Q96J42-2		no Ensembl transcript
Q96J65-2	A5SS,AL	
Q96J65-3	SE,MXE,A5SS,AL	
Q96J65-4	SE,A5SS,AL	
Q96J65-5		no Ensembl transcript
Q96J66-2	SE	
Q96J77-2	A5SS,AL	
Q96J77-3	A5SS,AL	
Q96J84-2		no Ensembl transcript
Q96J84-3		no Ensembl transcript
Q96J86-2	A3SS	
Q96J86-3	SE,AL	
Q96J86-4		no Ensembl transcript
Q96J86-5	SE,AL	
Q96J86-6	SE,AL	
Q96J87-2	SE,AF	
Q96J87-3	SE	
Q96J87-4	SE,A3SS,AF	
Q96J88-2	SE	
Q96J88-3	SE,A5SS	
Q96J92-2		no Ensembl transcript
Q96J92-3		no Ensembl transcript
Q96J94-2		no Ensembl transcript
Q96J94-3		no Ensembl transcript
Q96JA1-2	SE,A5SS	
Q96JA3-2	SE,AL	
Q96JA3-3	SE,AL	
Q96JA4-2	SE	
Q96JA4-4		no Ensembl transcript
Q96JA4-5	SE	
Q96JB1-2		no Ensembl transcript
Q96JB2-2	A5SS,AL	
Q96JB3-2		no Ensembl transcript
Q96JB5-2		canonical and isoform share a transcript
Q96JB5-3	A5SS,A3SS,AF,AL	
Q96JB5-4	SE,AF	
Q96JB8-2	SE,A3SS	
Q96JB8-3		no Ensembl transcript
Q96JB8-4		no Ensembl transcript
Q96JB8-5		no Ensembl transcript
Q96JC1-2	SE	
Q96JC9-2		no Ensembl transcript
Q96JD6-2	SE	
Q96JD6-3	SE,A5SS,AL	
Q96JD6-4	A5SS,AL	
Q96JD6-5	SE	
Q96JE7-2		no Ensembl transcript
Q96JE7-3		no Ensembl transcript
Q96JE9-2	A5SS,AL	
Q96JE9-3	A3SS,AF	
Q96JF0-2	SE,AL	
Q96JG6-2	A5SS,AL	
Q96JG6-3	SE,AF	
Q96JG8-2	A5SS,AL	
Q96JG8-3		no Ensembl transcript
Q96JG8-4	SE	
Q96JH8-1		no Ensembl transcript
Q96JH8-2		no Ensembl transcript
Q96JH8-3		no Ensembl transcript
Q96JI7-2	A5SS,AL	
Q96JI7-3	SE	
Q96JJ3-3	A3SS,AF	
Q96JJ7-2	A5SS,AL	
Q96JK2-2	A3SS,AF	
Q96JK2-3	A3SS	
Q96JK4-2	SE,AL	
Q96JL9-2	SE,AL	
Q96JL9-3	SE,AL	
Q96JM2-2	A3SS,AF	
Q96JM2-3		no Ensembl transcript
Q96JM4-2		no Ensembl transcript
Q96JM7-2	SE	
Q96JN0-2	A5SS,AL	
Q96JN0-3	SE,AL	
Q96JN2-2		no Ensembl transcript
Q96JN2-3	SE,A5SS,A3SS,AF	
Q96JN2-4		no Ensembl transcript
Q96JN8-2	A5SS	
Q96JP5-2	A5SS,AL	
Q96JP9-2	SE,AL	
Q96JQ5-2	SE	
Q96JX3-2	SE,A5SS,AL	
Q96JX3-3	A5SS,AL	
Q96JY0-2	SE	
Q96JY0-3		no Ensembl transcript
Q96JY6-2		no Ensembl transcript
Q96JY6-3	A5SS,AL	
Q96JY6-4	SE,A5SS	
Q96JY6-5	A3SS,AF	
Q96JZ2-2		no Ensembl transcript
Q96K12-2	A3SS,AF	
Q96K17-2	A3SS,AF	
Q96K17-3	SE,A5SS	
Q96K19-2		no Ensembl transcript
Q96K19-3	SE,AL	
Q96K19-4		no Ensembl transcript
Q96K19-5	SE,A5SS,AL	
Q96K19-6	A3SS,AF	
Q96K21-2	SE,MXE,AF	
Q96K21-3	SE	
Q96K21-4	A3SS,AF	
Q96K30-2		no Ensembl transcript
Q96K30-3	A3SS,AF	
Q96K37-2		no Ensembl transcript
Q96K37-3		no Ensembl transcript
Q96K49-2		no Ensembl transcript
Q96K58-2	A3SS,AF	
Q96K76-2	SE	
Q96K76-3		no Ensembl transcript
Q96K76-4	SE	
Q96KA5-2		no Ensembl transcript
Q96KB5-2	A3SS	
Q96KD3-2	A3SS	
Q96KD3-3	SE,A3SS,AF	
Q96KE9-1		canonical and isoform share a transcript
Q96KE9-2	A3SS,AF	
Q96KG7-2	SE,AL	
Q96KG9-2	A3SS	
Q96KG9-3		no Ensembl transcript
Q96KG9-4	SE,A5SS	
Q96KG9-5		no Ensembl transcript
Q96KG9-6	A5SS,A3SS	
Q96KN3-2		identical exon structure
Q96KN4-2		no Ensembl transcript
Q96KN7-2		no Ensembl transcript
Q96KN7-3		no Ensembl transcript
Q96KN7-4	SE,A3SS,AF	
Q96KN7-5		no Ensembl transcript
Q96KN7-6		no Ensembl transcript
Q96KN8-2	A5SS	
Q96KN8-3	A3SS	
Q96KP4-2	SE	
Q96KP6-2	SE,A5SS,A3SS,AF	
Q96KP6-3	SE,A5SS,A3SS,AF	
Q96KQ7-2	SE	
Q96KQ7-3		no Ensembl transcript
Q96KR4-2		no Ensembl transcript
Q96KR4-3	SE	
Q96KR7-2	A3SS,AF	
Q96KR7-3	SE,A3SS,AF	
Q96KR7-4	SE,AF	
Q96KS0-2		no Ensembl transcript
Q96KV7-10		no Ensembl transcript
Q96KV7-3		no Ensembl transcript
Q96KV7-5		no Ensembl transcript
Q96KV7-7	SE,A3SS,AF	
Q96L08-2	SE,AF	
Q96L08-3		no Ensembl transcript
Q96L11-2	SE,AL	
Q96L11-3		no Ensembl transcript
Q96L15-2	SE,A5SS,AL	
Q96L34-2	SE,A5SS	
Q96L42-2		no Ensembl transcript
Q96L50-2	SE,A5SS	
Q96L73-2		no Ensembl transcript
Q96L73-3	SE	
Q96L91-2		no Ensembl transcript
Q96L91-3		no Ensembl transcript
Q96L91-4		no Ensembl transcript
Q96L91-5		no Ensembl transcript
Q96L92-2		no Ensembl transcript
Q96L92-3	SE,AL	
Q96L93-2	SE,AL	
Q96L93-4	SE	
Q96L93-5		no Ensembl transcript
Q96L93-6	SE	
Q96L94-2	A5SS,AL	
Q96LA5-2		no Ensembl transcript
Q96LA5-3	A5SS,A3SS,AF,AL	
Q96LA5-4		no Ensembl transcript
Q96LA5-5	SE	
Q96LA6-2	A3SS	
Q96LA6-3	SE,MXE,A5SS	
Q96LA6-4		no Ensembl transcript
Q96LA8-2		no Ensembl transcript
Q96LB3-2	SE,AL	
Q96LB4-3	SE,A5SS,AL	
Q96LB4-4	SE	
Q96LB8-2	A3SS	
Q96LC7-2	SE	
Q96LC7-3	A3SS	
Q96LC7-4		no Ensembl transcript
Q96LC7-5		no Ensembl transcript
Q96LC7-6	SE,A3SS	
Q96LC7-7	SE,A3SS	
Q96LC7-8	SE,A3SS	
Q96LC7-9		no Ensembl transcript
Q96LC9-2	A5SS	
Q96LC9-3	SE,A5SS	
Q96LD1-2		canonical and isoform share a transcript
Q96LD4-2		no Ensembl transcript
Q96LI5-2		no Ensembl transcript
Q96LI6-2	AF,AL	
Q96LI6-3	AF,AL	
Q96LL3-2	A3SS	
Q96LM9-2	A3SS,AF	
Q96LP6-2	A3SS,AF	
Q96LP6-3	SE,AL	
Q96LR9-2	SE,AF	
Q96LT4-2	A5SS,AL	
Q96LT7-2	A5SS,AL	
Q96LT9-2	A3SS	
Q96LW2-2	SE,A5SS,AL	
Q96LW2-3		no Ensembl transcript
Q96LW4-2	A3SS	
Q96LW7-2	A5SS,AL	
Q96LW9-2	A3SS,AF	
Q96LX7-2		no Ensembl transcript
Q96LX7-3	SE	
Q96LX7-5	A3SS	
Q96LY2-2	A3SS	
Q96LZ7-2		no Ensembl transcript
Q96LZ7-3		no Ensembl transcript
Q96LZ7-4	SE,AF	
Q96M02-2		no Ensembl transcript
Q96M20-2	A3SS	
Q96M20-3	AL	
Q96M27-2		no Ensembl transcript
Q96M27-3	A5SS,AL	
Q96M27-4		no Ensembl transcript
Q96M27-5	A5SS,AL	
Q96M53-2	SE,A5SS,AL	
Q96M60-2	SE,MXE,AL	
Q96M63-4		no Ensembl transcript
Q96M63-5		no Ensembl transcript
Q96M83-2	SE,A5SS,AL	
Q96M83-3	SE,AL	
Q96M83-4		no Ensembl transcript
Q96M83-5		no Ensembl transcript
Q96M86-4	A5SS,AL	
Q96M86-5		no Ensembl transcript
Q96M89-2	SE,A5SS	
Q96M93-2	A3SS	
Q96M93-3	A3SS	
Q96M95-2	SE	
Q96M96-2		no Ensembl transcript
Q96M96-3		no Ensembl transcript
Q96M98-2	SE	
Q96MA6-2	SE	
Q96MC5-2	SE,AF	
Q96MD7-1		canonical and isoform share a transcript
Q96MD7-2	SE,A5SS,AL	
Q96ME1-1		no Ensembl transcript
Q96ME1-2	SE,AL	
Q96ME1-3		no Ensembl transcript
Q96ME1-5		identical exon structure
Q96ME7-2	A3SS,AF	
Q96ME7-3	SE,A3SS	
Q96MF2-2	A3SS,AF	
Q96MF2-3	A3SS,AF	
Q96MF6-2	A3SS,AF	
Q96MF6-3	SE,AF	
Q96MG8-2	SE,AF	
Q96MH6-2	SE	
Q96MH6-3	A5SS,AL	
Q96MI6-1		canonical and isoform share a transcript
Q96MI6-2		no Ensembl transcript
Q96MI6-3		no Ensembl transcript
Q96MI6-4	A5SS,A3SS,AF,AL	
Q96MK2-2		no Ensembl transcript
Q96MM7-2		no Ensembl transcript
Q96MM7-3	SE,A3SS,AF	
Q96MM7-4	SE	
Q96MN2-2		no Ensembl transcript
Q96MN2-3	A3SS,AF	
Q96MN5-2		no Ensembl transcript
Q96MN9-2	A3SS	
Q96MP8-2	A5SS	
Q96MR6-2	A5SS,AL	
Q96MR7-2		no Ensembl transcript
Q96MS0-2		no Ensembl transcript
Q96MS3-2	SE	
Q96MS3-3	SE,A5SS,AL	
Q96MT1-2	A3SS,AF	
Q96MT1-3	A3SS,AF	
Q96MT1-4	A3SS,AF	
Q96MT1-5	A3SS,AF	
Q96MT7-1		canonical and isoform share a transcript
Q96MT8-2	SE	
Q96MT8-3	SE	
Q96MT8-4	SE,AL	
Q96MU6-2	SE,A3SS,AF	
Q96MU7-2	SE	
Q96MU8-2	A5SS,AL	
Q96MU8-3	A5SS	
Q96MV8-2	A5SS,AL	
Q96MV8-3	SE	
Q96MW1-2	SE,A5SS	
Q96MX0-2	SE,A5SS,AL	
Q96MX6-2	A5SS,AL	
Q96MY1-2		no Ensembl transcript
Q96MY7-2	A3SS	
Q96MZ0-2	SE,AL	
Q96MZ0-4	A3SS	
Q96N03-2	SE,A5SS	
Q96N03-3	SE,A5SS	
Q96N06-2	SE,AF	
Q96N11-2	A5SS,A3SS,RI	
Q96N16-2	A5SS,AL	
Q96N16-3		no Ensembl transcript
Q96N16-4		no Ensembl transcript
Q96N16-5	SE,A5SS,AL	
Q96N16-6		no Ensembl transcript
Q96N16-7	SE	
Q96N19-2		identical exon structure
Q96N19-3	SE	
Q96N19-4		no Ensembl transcript
Q96N19-5		identical exon structure
Q96N21-2		no Ensembl transcript
Q96N22-2		no Ensembl transcript
Q96N23-2		no Ensembl transcript
Q96N28-2	A3SS,AF	
Q96N38-2		no Ensembl transcript
Q96N38-3		no Ensembl transcript
Q96N46-2	A5SS,AL	
Q96N46-3	A5SS,AL	
Q96N64-2	A5SS,AL	
Q96N64-3	A5SS,AL	
Q96N66-2	SE,A3SS,AF	
Q96N66-3	A5SS,AL	
Q96N67-2	SE,A5SS,A3SS	
Q96N67-3	SE,A5SS	
Q96N67-4	SE,A5SS,A3SS	
Q96N67-5	SE	
Q96N67-6	A5SS	
Q96N67-7	SE,AL	
Q96N76-2	SE,A3SS	
Q96N77-2		no Ensembl transcript
Q96N77-3	SE,A5SS,A3SS,AF	
Q96N77-4	A3SS,AF	
Q96N95-2	A5SS,AL	
Q96N95-3	A5SS,AL	
Q96N96-2	SE,AF	
Q96N96-3	SE,AF	
Q96N96-4		no Ensembl transcript
Q96N96-5		no Ensembl transcript
Q96N96-6	A3SS,AF	
Q96NA2-2		no Ensembl transcript
Q96NA8-2	A3SS	
Q96NB1-2	SE	
Q96NE9-2	A5SS	
Q96NE9-3	A3SS,AF	
Q96NG3-2		no Ensembl transcript
Q96NG5-2		identical exon structure
Q96NH3-4	SE	
Q96NH3-5	SE,AL	
Q96NI8-2		identical exon structure
Q96NJ3-2		identical exon structure
Q96NJ5-2	SE	
Q96NJ5-3	SE	
Q96NL0-2		no Ensembl transcript
Q96NL0-3		no Ensembl transcript
Q96NL0-4	SE	
Q96NL0-5	SE	
Q96NL3-2	SE,AL	
Q96NL6-2		no Ensembl transcript
Q96NL6-3	SE	
Q96NL6-4	SE,AL	
Q96NM4-2		no Ensembl transcript
Q96NM4-3	SE,A3SS,AF	
Q96NM4-4	SE,MXE,AF	
Q96NN9-2	SE,A3SS	
Q96NN9-3	SE	
Q96NR3-2		no Ensembl transcript
Q96NR3-3		no Ensembl transcript
Q96NT0-2	SE,MXE,AF,AL	
Q96NT3-2	A3SS	
Q96NT3-3	SE,A3SS,AF	
Q96NT5-2	SE	
Q96NU0-2		no Ensembl transcript
Q96NU1-1		no Ensembl transcript
Q96NU1-2		no Ensembl transcript
Q96NU1-4		no Ensembl transcript
Q96NU1-5		no Ensembl transcript
Q96NU1-6		no Ensembl transcript
Q96NW7-2		no Ensembl transcript
Q96NW7-3		no Ensembl transcript
Q96NX5-2		no Ensembl transcript
Q96NX9-2	SE,MXE,AL	
Q96NX9-3	A3SS,AF	
Q96NX9-4	A3SS,AF	
Q96NY7-2	SE	
Q96NY8-2		no Ensembl transcript
Q96NZ1-2		no Ensembl transcript
Q96NZ1-3	A3SS,AF	
Q96NZ9-2		no Ensembl transcript
Q96NZ9-3	A3SS	
Q96NZ9-4	A5SS	
Q96P11-2	A5SS,AL	
Q96P11-3		no Ensembl transcript
Q96P11-4	A5SS,AL	
Q96P11-5	A3SS	
Q96P15-2	SE	
Q96P15-3	SE	
Q96P16-3	SE,AF	
Q96P20-2		no Ensembl transcript
Q96P20-3		no Ensembl transcript
Q96P20-4		no Ensembl transcript
Q96P20-5		no Ensembl transcript
Q96P20-6		no Ensembl transcript
Q96P26-2	SE	
Q96P26-3		no Ensembl transcript
Q96P26-4	A5SS,AL	
Q96P31-2	SE	
Q96P31-3	A3SS	
Q96P31-4		no Ensembl transcript
Q96P31-5		no Ensembl transcript
Q96P31-6	A5SS,AL	
Q96P31-7		no Ensembl transcript
Q96P44-2		no Ensembl transcript
Q96P44-3	SE	
Q96P47-2		no Ensembl transcript
Q96P47-3		no Ensembl transcript
Q96P47-4		no Ensembl transcript
Q96P47-5		no Ensembl transcript
Q96P47-6		no Ensembl transcript
Q96P48-1		canonical and isoform share a transcript
Q96P48-2		no Ensembl transcript
Q96P48-3	SE,A3SS,AF	
Q96P48-4	A3SS,AF	
Q96P48-5		no Ensembl transcript
Q96P48-7	SE,A3SS,AF	
Q96P50-1		canonical and isoform share a transcript
Q96P50-4		no Ensembl transcript
Q96P56-2	A3SS	
Q96P56-3	SE,A5SS,AL	
Q96P56-4		no Ensembl transcript
Q96P63-2	A5SS	
Q96P71-2	A5SS,A3SS,RI	
Q96P71-3		no Ensembl transcript
Q96PB7-2		no Ensembl transcript
Q96PB7-3	SE,AF	
Q96PB7-4		no Ensembl transcript
Q96PB7-5	SE,AF	
Q96PB7-6	SE,A3SS,AF,AL	
Q96PC3-2	A5SS,AL	
Q96PC3-3	SE,AL	
Q96PC3-4	A5SS,AL	
Q96PC5-10	SE,MXE,AF,AL	
Q96PC5-11	A3SS,AF	
Q96PC5-12	SE,A5SS,AF	
Q96PC5-13	A5SS,A3SS,AF	
Q96PC5-14	SE,AF	
Q96PC5-2	A5SS,AL	
Q96PC5-5	A3SS,AF	
Q96PC5-6		no Ensembl transcript
Q96PC5-7	SE,AF	
Q96PC5-8	SE,MXE,AF	
Q96PC5-9	A3SS,AF	
Q96PD2-2	A3SS	
Q96PD5-2	A5SS,AL	
Q96PD7-2	SE	
Q96PE1-2	SE	
Q96PE1-3		no Ensembl transcript
Q96PE3-2	A5SS	
Q96PE3-3	SE	
Q96PE3-4	SE,A5SS,AL	
Q96PE5-2	SE,AF	
Q96PE5-3	SE	
Q96PE5-4	SE	
Q96PG1-2		no Ensembl transcript
Q96PG1-3		no Ensembl transcript
Q96PG8-1		canonical and isoform share a transcript
Q96PH1-2	A3SS,AF	
Q96PH1-3	A3SS	
Q96PH1-4	A3SS,AF	
Q96PH1-5		no Ensembl transcript
Q96PH1-6	SE,A3SS,AF	
Q96PJ5-2		no Ensembl transcript
Q96PK6-2	A5SS	
Q96PK6-3	SE,AL	
Q96PK6-4	SE,A5SS	
Q96PK6-5	SE,AL	
Q96PM5-2	SE	
Q96PM5-3		no Ensembl transcript
Q96PM5-4	AL	
Q96PM5-5		no Ensembl transcript
Q96PM5-6		identical exon structure
Q96PM5-7	SE	
Q96PM5-8	SE	
Q96PM9-1		identical exon structure
Q96PM9-2	SE	
Q96PM9-3	SE,A3SS,AF	
Q96PN6-2	A3SS,AF	
Q96PN6-3		no Ensembl transcript
Q96PN6-4	A3SS,AF	
Q96PN7-2		no Ensembl transcript
Q96PN7-3		no Ensembl transcript
Q96PN7-4	SE	
Q96PN7-5	SE,A3SS	
Q96PP8-2		no Ensembl transcript
Q96PQ1-2	A3SS,AF	
Q96PQ6-2	SE	
Q96PQ6-3		no Ensembl transcript
Q96PQ6-4		no Ensembl transcript
Q96PQ7-2		no Ensembl transcript
Q96PQ7-3		no Ensembl transcript
Q96PQ7-4		no Ensembl transcript
Q96PQ7-5	SE,AF	
Q96PQ7-6	SE	
Q96PR1-2	SE,AL	
Q96PR1-3	SE,AL	
Q96PR1-4	SE,AL	
Q96PR1-5	SE	
Q96PR1-6	SE,AL	
Q96PS8-2	A5SS,AL	
Q96PT3-2		no Ensembl transcript
Q96PT4-2		no Ensembl transcript
Q96PU4-2	SE,AL	
Q96PU5-2	SE	
Q96PU5-3	SE	
Q96PU5-4	A3SS,AF	
Q96PU5-5	SE	
Q96PU5-6	SE,MXE,AF	
Q96PU5-7	SE,AF	
Q96PU5-9	SE,A3SS,AF	
Q96PU8-3	A3SS	
Q96PU8-5	SE,A3SS,AL	
Q96PU8-6	SE,AL	
Q96PU8-8	A5SS,AL	
Q96PU8-9	SE,AL	
Q96PU9-2		no Ensembl transcript
Q96PU9-3	SE	
Q96PV0-2	AL	
Q96PV0-3	SE,AF	
Q96PV0-4	SE,AL	
Q96PV6-1		canonical and isoform share a transcript
Q96PV6-3		no Ensembl transcript
Q96PV7-2	SE	
Q96PV7-3	SE	
Q96PX1-2	SE	
Q96PY5-3	SE,AL	
Q96PY6-2	SE	
Q96PY6-3	SE	
Q96PY6-4	SE	
Q96PY6-5		no Ensembl transcript
Q96PY6-6	SE,MXE	
Q96PZ0-2	SE	
Q96PZ7-2		no Ensembl transcript
Q96PZ7-3		no Ensembl transcript
Q96PZ7-4		no Ensembl transcript
Q96Q05-2		no Ensembl transcript
Q96Q05-3	SE,A3SS	
Q96Q07-2	SE,A3SS,AF	
Q96Q07-3	A3SS,AF	
Q96Q11-2	A5SS	
Q96Q11-3	SE,AL	
Q96Q15-2		no Ensembl transcript
Q96Q15-3		no Ensembl transcript
Q96Q15-4		no Ensembl transcript
Q96Q27-1		canonical and isoform share a transcript
Q96Q35-2	A3SS	
Q96Q40-3	SE,AL	
Q96Q40-4	A3SS,AF	
Q96Q40-5	A3SS	
Q96Q40-6		no Ensembl transcript
Q96Q42-2	A5SS,AL	
Q96Q42-3		no Ensembl transcript
Q96Q45-2	SE,AF	
Q96Q45-3		no Ensembl transcript
Q96Q45-4		no Ensembl transcript
Q96Q45-5		no Ensembl transcript
Q96Q77-2	SE	
Q96Q80-2	SE,AL	
Q96Q80-3	SE,AL	
Q96Q80-4		no Ensembl transcript
Q96Q80-5	A5SS,AL	
Q96Q83-2	SE,MXE,A3SS,AL	
Q96Q89-2		no Ensembl transcript
Q96Q89-3	A3SS	
Q96Q89-4		no Ensembl transcript
Q96Q89-5		no Ensembl transcript
Q96Q91-2	A5SS,A3SS	
Q96Q91-3	A3SS	
Q96Q91-4	SE,A3SS	
Q96QB1-1		canonical and isoform share a transcript
Q96QB1-3	AF,AL	
Q96QB1-4	A3SS,AF	
Q96QB1-5	AF,AL	
Q96QB1-6	SE,AF	
Q96QD5-2	SE,AF	
Q96QD8-2	SE,A3SS,AF	
Q96QD9-2	SE,AF	
Q96QD9-3	A3SS,AF	
Q96QD9-4	SE,A5SS,AL	
Q96QE3-2		no Ensembl transcript
Q96QE4-2	SE	
Q96QE5-4	AL	
Q96QF0-2	A3SS,AF	
Q96QF0-3	SE,A5SS,A3SS,AF,AL	
Q96QF0-4	SE,A5SS,AL	
Q96QF0-5	SE,A5SS,A3SS,AF,AL	
Q96QF0-6	SE,A5SS,AL	
Q96QF0-7	A5SS,A3SS,AF,AL	
Q96QF0-8	A3SS,AF	
Q96QG7-2	A3SS,AF	
Q96QP1-2	SE,A3SS	
Q96QS1-2		no Ensembl transcript
Q96QS1-3	SE,A5SS	
Q96QS1-4		no Ensembl transcript
Q96QS1-5	A5SS,A3SS,AL	
Q96QT6-2	A5SS,AL	
Q96QT6-3		no Ensembl transcript
Q96QT6-4		no Ensembl transcript
Q96QT6-5	A5SS,AL	
Q96QU1-2		no Ensembl transcript
Q96QU1-3	A5SS,AL	
Q96QU1-4	SE,MXE,AL	
Q96QU1-6	SE,AL	
Q96QU6-2	SE,A5SS,AL	
Q96QU8-2	A3SS,AF	
Q96QV1-2	A5SS,AL	
Q96QZ7-2		no Ensembl transcript
Q96QZ7-3		no Ensembl transcript
Q96QZ7-4		no Ensembl transcript
Q96QZ7-5		no Ensembl transcript
Q96QZ7-6		no Ensembl transcript
Q96QZ7-7		no Ensembl transcript
Q96RD6-1		canonical and isoform share a transcript
Q96RD6-2		no Ensembl transcript
Q96RD7-2	A3SS	
Q96RD9-2	SE,AL	
Q96RD9-3	A5SS,AL	
Q96RD9-4	A5SS,AL	
Q96RD9-5		no Ensembl transcript
Q96RE9-2		no Ensembl transcript
Q96RE9-3		identical exon structure
Q96RE9-4		identical exon structure
Q96RF0-2	A5SS,AL	
Q96RF0-3	A5SS	
Q96RG2-2	A5SS	
Q96RG2-4	A5SS,AL	
Q96RI1-1		identical exon structure
Q96RI1-2	A5SS	
Q96RI1-4	SE,A5SS,AF	
Q96RI1-5	SE	
Q96RJ3-2		no Ensembl transcript
Q96RK4-2	SE,AF	
Q96RK4-3	A3SS,AF	
Q96RL1-2	A5SS	
Q96RL1-3		no Ensembl transcript
Q96RL1-4	SE,A3SS,AF	
Q96RL1-5	A5SS,AL	
Q96RL6-2	SE	
Q96RL7-2	SE,AL	
Q96RL7-3	SE	
Q96RL7-4	SE,AL	
Q96RN1-2	SE	
Q96RN1-3		no Ensembl transcript
Q96RN1-4		no Ensembl transcript
Q96RN5-2	SE	
Q96RN5-3	SE	
Q96RP7-2		no Ensembl transcript
Q96RP9-2	SE	
Q96RQ9-2	SE,AF	
Q96RR1-2	A5SS,AL	
Q96RR1-3	A5SS,AL	
Q96RR4-2	SE,AL	
Q96RR4-3	SE,A5SS	
Q96RR4-4	SE	
Q96RR4-5	SE,A5SS	
Q96RR4-6	SE,MXE,AL	
Q96RR4-7	SE,AL	
Q96RS6-2	SE,AF	
Q96RS6-3		no Ensembl transcript
Q96RT1-2	SE	
Q96RT1-3		no Ensembl transcript
Q96RT1-4	SE	
Q96RT1-5		no Ensembl transcript
Q96RT1-6		no Ensembl transcript
Q96RT1-7	SE	
Q96RT1-8	SE,MXE	
Q96RT1-9	SE,A5SS	
Q96RT7-2		no Ensembl transcript
Q96RT7-3		no Ensembl transcript
Q96RT8-2	A5SS,AL	
Q96RU2-2	SE	
Q96RU2-3	A5SS,AL	
Q96RU3-2	SE,A5SS,AL	
Q96RU3-3	A5SS,A3SS,AL	
Q96RU3-4		no Ensembl transcript
Q96RU3-5	SE	
Q96RU8-2	A3SS,AF	
Q96RV3-2		no Ensembl transcript
Q96RV3-3		no Ensembl transcript
Q96RV3-4	SE,A3SS	
Q96RW7-2		no Ensembl transcript
Q96RW7-3		no Ensembl transcript
Q96RY7-2	A3SS,AF	
Q96S06-2	A3SS,AF	
Q96S16-2	SE	
Q96S19-2		no Ensembl transcript
Q96S19-3	SE	
Q96S19-4	SE,A5SS	
Q96S19-5	SE	
Q96S19-6	SE,A5SS	
Q96S21-2	A3SS	
Q96S37-2	SE	
Q96S37-3	A3SS,AF	
Q96S37-4	A5SS	
Q96S38-2	SE	
Q96S52-2	A3SS,AF	
Q96S53-2		no Ensembl transcript
Q96S53-3	SE	
Q96S55-2	A3SS	
Q96S55-3	A3SS	
Q96S55-4	A3SS,AF	
Q96S59-2		no Ensembl transcript
Q96S59-3		no Ensembl transcript
Q96S66-2	A3SS	
Q96S66-3	SE	
Q96S66-4	SE	
Q96S90-2	SE,AF	
Q96S94-2	SE,A5SS,AL	
Q96S94-3	SE	
Q96S94-4	SE,AL	
Q96S94-5	SE,AL	
Q96SA4-2	SE,AF	
Q96SA4-3	SE,AF	
Q96SA4-4	SE,AF	
Q96SB4-3		no Ensembl transcript
Q96SB4-4	A3SS,AF	
Q96SB8-2	SE	
Q96SD1-2	SE	
Q96SD1-3		identical exon structure
Q96SD1-4	SE,AL	
Q96SE0-3	SE,AL	
Q96SE7-2	A3SS	
Q96SF7-2	A3SS,AF	
Q96SI1-2	SE,AL	
Q96SI9-2	A3SS,AF	
Q96SK2-2	AF	
Q96SK2-3	SE	
Q96SK2-4	A5SS,AL	
Q96SK3-2		no Ensembl transcript
Q96SK3-3	A3SS	
Q96SL1-2	SE,AL	
Q96SN8-2	SE	
Q96SN8-3		no Ensembl transcript
Q96SN8-4	SE	
Q96SQ5-2	A3SS	
Q96SQ7-2		no Ensembl transcript
Q96SQ9-2		no Ensembl transcript
Q96SR6-2	A3SS,AF	
Q96SR6-3	A3SS	
Q96ST2-2		no Ensembl transcript
Q96ST2-3		no Ensembl transcript
Q96ST8-2		no Ensembl transcript
Q96ST8-3		no Ensembl transcript
Q96SU4-2	SE	
Q96SU4-3	SE,MXE,AF	
Q96SU4-4	A3SS,AF	
Q96SU4-5	SE,A3SS,AF	
Q96SU4-6	SE,MXE	
Q96SU4-7	SE	
Q96SW2-2	A3SS	
Q96SY0-2		no Ensembl transcript
Q96SY0-3	SE,AF	
Q96SY0-4	A3SS,AF	
Q96SZ4-2	A3SS,AF	
Q96SZ4-3	SE,A3SS	
Q96SZ6-2	SE,A3SS	
Q96SZ6-3	SE	
Q96SZ6-4	SE	
Q96SZ6-5		no Ensembl transcript
Q96SZ6-6	SE,A5SS,AL	
Q96T17-2	SE	
Q96T17-3		no Ensembl transcript
Q96T17-4	SE,A3SS	
Q96T17-5	A3SS,AF	
Q96T21-2	A3SS,AF	
Q96T21-3	A3SS,AF	
Q96T23-2		no Ensembl transcript
Q96T23-3	A3SS,AF	
Q96T37-2	A5SS,AL	
Q96T37-3	SE,AL	
Q96T37-4	AL	
Q96T49-2	SE	
Q96T51-2	A3SS,AF	
Q96T51-3	SE,A5SS,AL	
Q96T52-2	SE,AL	
Q96T53-2		no Ensembl transcript
Q96T54-4	SE,AL	
Q96T55-3	A5SS,AL	
Q96T55-4	SE	
Q96T55-5	SE	
Q96T60-2		no Ensembl transcript
Q96T66-2	A3SS,AF	
Q96T66-3	SE	
Q96T68-2	SE	
Q96T68-3		no Ensembl transcript
Q96T75-2		no Ensembl transcript
Q96T75-3		no Ensembl transcript
Q96T75-4		no Ensembl transcript
Q96T75-5		no Ensembl transcript
Q96T75-6		no Ensembl transcript
Q96T76-5	SE	
Q96T76-6	SE,A5SS,AL	
Q96T76-7	SE,A5SS,AL	
Q96T76-8		no Ensembl transcript
Q96T76-9	SE	
Q96T88-2		no Ensembl transcript
Q96TA1-2	SE,AF	
Q96TA2-2	SE	
Q96TA2-3	SE	
Q96TC7-2	A3SS,AF	
Q99062-2		no Ensembl transcript
Q99062-3	A3SS	
Q99062-4	A5SS,AL	
Q99081-2	SE,AF	
Q99081-3	SE	
Q99081-4	SE,MXE,AF	
Q99102-10	SE	
Q99102-11		no Ensembl transcript
Q99102-12	SE	
Q99102-13	SE	
Q99102-15		no Ensembl transcript
Q99102-16		no Ensembl transcript
Q99102-17		no Ensembl transcript
Q99102-2	A5SS,A3SS,AL	
Q99102-3	SE,A5SS,AL	
Q99102-5		no Ensembl transcript
Q99102-7	SE,A5SS,A3SS,AL	
Q99102-8		no Ensembl transcript
Q99102-9		no Ensembl transcript
Q99217-2	SE	
Q99217-3	SE	
Q99218-1		canonical and isoform share a transcript
Q99250-2	SE,MXE	
Q99259-3	SE,AL	
Q99259-4	SE,A5SS,AL	
Q99418-2	SE	
Q99426-2	A3SS,AF	
Q99435-2	A3SS,AF	
Q99435-3	A3SS,AF	
Q99435-4	SE,AF	
Q99436-2	SE,A5SS,AL	
Q99437-2	A3SS,AF	
Q99439-2	SE	
Q99447-2	A3SS,AF	
Q99447-3	SE	
Q99447-4	A3SS,AF	
Q99460-2	SE	
Q99466-2		no Ensembl transcript
Q99466-3		no Ensembl transcript
Q99471-2	SE,A5SS,AL	
Q99471-3	SE	
Q99489-2	SE	
Q99489-3		no Ensembl transcript
Q99489-4		no Ensembl transcript
Q99490-2	SE,AF	
Q99496-2	SE	
Q99501-2	A5SS,AL	
Q99501-3		no Ensembl transcript
Q99501-4	A3SS	
Q99502-2	SE,AF	
Q99502-3	SE,A3SS	
Q99504-2		no Ensembl transcript
Q99504-3	SE,MXE,AL	
Q99504-4		identical exon structure
Q99504-5	SE	
Q99523-2	A3SS,AF	
Q99536-2	A3SS,AF	
Q99536-3	A5SS	
Q99538-2	SE	
Q99538-3	SE,A5SS	
Q99542-3		no Ensembl transcript
Q99542-4	AL	
Q99542-5	SE,A5SS,AL	
Q99543-2	SE	
Q99549-2		no Ensembl transcript
Q99550-2		no Ensembl transcript
Q99569-2	SE	
Q99571-2	SE	
Q99571-3	A5SS	
Q99572-2	A5SS,AL	
Q99572-3	SE,A5SS,AL	
Q99572-4		no Ensembl transcript
Q99572-5	SE,A5SS,AL	
Q99572-6		no Ensembl transcript
Q99572-7		no Ensembl transcript
Q99572-8		no Ensembl transcript
Q99576-3	SE,AF	
Q99576-5	A3SS,AF	
Q99578-2	SE,AL	
Q99590-2	A3SS,AF	
Q99592-2	A3SS,AF	
Q99593-2	A5SS,AL	
Q99593-3	A3SS,AF	
Q99612-2	A5SS,AL	
Q99612-3	SE,A5SS	
Q99613-2	A3SS	
Q99615-2	A3SS,AF	
Q99619-2	A5SS,AL	
Q99623-2	SE,A3SS	
Q99627-2	A3SS,AF	
Q99633-2		no Ensembl transcript
Q99640-2	A5SS,A3SS	
Q99640-3	A3SS,AF	
Q99640-4	A3SS	
Q99643-2	SE,A5SS	
Q99643-3	SE	
Q99643-4	SE,A5SS	
Q99643-5	SE	
Q99650-2	A5SS,AL	
Q99661-2	SE,AF	
Q99665-2	SE,A5SS	
Q99665-3	SE	
Q99666-2	SE,AL	
Q99674-2	SE,AL	
Q99674-3		no Ensembl transcript
Q99683-2		no Ensembl transcript
Q99685-2	SE,A3SS,AF	
Q99687-2	A3SS	
Q99687-3	A3SS	
Q99689-2	A5SS,AL	
Q99697-2	SE,AF	
Q99697-3	SE	
Q99698-2	A5SS,AL	
Q99698-3		no Ensembl transcript
Q99700-2		no Ensembl transcript
Q99700-3		no Ensembl transcript
Q99700-4		no Ensembl transcript
Q99700-5	SE,A3SS,AF	
Q99704-2	SE,A5SS	
Q99704-3	A3SS,AF	
Q99706-2		no Ensembl transcript
Q99706-3		no Ensembl transcript
Q99706-4		no Ensembl transcript
Q99706-5		no Ensembl transcript
Q99706-6		no Ensembl transcript
Q99707-2	SE	
Q99708-2		no Ensembl transcript
Q99708-3	SE,A5SS	
Q99714-2	A5SS	
Q99715-2	SE	
Q99715-4	SE	
Q99719-2	SE,A5SS,A3SS,AF,AL	
Q99720-2	A5SS	
Q99720-3	SE	
Q99720-4	A5SS,AL	
Q99720-5		no Ensembl transcript
Q99728-2	SE	
Q99728-3		no Ensembl transcript
Q99728-4	SE,A5SS,AL	
Q99729-2		no Ensembl transcript
Q99729-3		no Ensembl transcript
Q99729-4		no Ensembl transcript
Q99732-2		no Ensembl transcript
Q99732-3	SE,AL	
Q99733-2	SE,AL	
Q99735-2	SE,A5SS,AL	
Q99742-2	A5SS,A3SS,AF,AL	
Q99747-2		no Ensembl transcript
Q99755-2	SE,A3SS	
Q99755-3	SE,A3SS	
Q99755-4	SE	
Q99758-2	A5SS,AL	
Q99759-2	SE	
Q99766-2	A5SS,AL	
Q99766-3	SE,A5SS	
Q99767-2	SE	
Q99784-2	SE,AL	
Q99784-3	SE,AF	
Q99784-4	SE,MXE,AF,AL	
Q99784-5	SE,AF	
Q99788-2	A3SS,AF	
Q99801-2		no Ensembl transcript
Q99801-3	A5SS,A3SS,RI	
Q99801-4		no Ensembl transcript
Q99801-5		no Ensembl transcript
Q99807-2	A3SS,AF	
Q99808-2		identical exon structure
Q99816-2	SE	
Q99828-2	A3SS	
Q99832-2	SE	
Q99832-3	A3SS,AF	
Q99832-4	SE	
Q99836-2	SE	
Q99836-3	SE,A5SS	
Q99836-4	SE,A5SS	
Q99836-5		no Ensembl transcript
Q99836-6	A5SS	
Q99871-2		canonical and isoform share a transcript
Q99871-3		no Ensembl transcript
Q99873-2		no Ensembl transcript
Q99873-3	SE	
Q99873-5	SE	
Q99909-2	SE,AL	
Q99928-2	A5SS,AL	
Q99932-1		canonical and isoform share a transcript
Q99932-2	A5SS,AL	
Q99933-2		no Ensembl transcript
Q99933-3		canonical and isoform share a transcript
Q99933-4	A3SS	
Q99941-2	A5SS	
Q99946-2		no Ensembl transcript
Q99952-2	SE	
Q99959-2	SE	
Q99961-2	SE	
Q99961-3	A5SS,A3SS	
Q99963-2	SE	
Q99963-3	SE,AF	
Q99963-4		no Ensembl transcript
Q99965-2	SE	
Q99966-2	A3SS,AF	
Q99967-2		no Ensembl transcript
Q99973-2		no Ensembl transcript
Q99985-2		no Ensembl transcript
Q99996-1		no Ensembl transcript
Q99996-3	A5SS	
Q99996-4		no Ensembl transcript
Q99996-5		no Ensembl transcript
Q99996-6		no Ensembl transcript
Q9BPV8-2		no Ensembl transcript
Q9BPW4-2	SE,AF	
Q9BPW4-3		no Ensembl transcript
Q9BPW9-2	A3SS,AF	
Q9BPW9-3		no Ensembl transcript
Q9BPW9-4	A3SS,AF	
Q9BPX6-2	SE,AL	
Q9BPX6-3	SE	
Q9BPX6-4	SE,MXE,AF	
Q9BPX6-5	SE,AF	
Q9BPX7-2	A3SS,AF	
Q9BPY8-2	SE,A5SS	
Q9BPY8-3	A3SS,AF	
Q9BPY8-4	SE,A5SS,A3SS,AF	
Q9BPZ7-2	SE	
Q9BPZ7-3	SE	
Q9BPZ7-4	A3SS,AF	
Q9BPZ7-5	SE,AL	
Q9BPZ7-6		no Ensembl transcript
Q9BQ13-2	AF	
Q9BQ15-2		no Ensembl transcript
Q9BQ16-1		identical exon structure
Q9BQ16-2		no Ensembl transcript
Q9BQ16-4	SE,AF	
Q9BQ16-5	SE	
Q9BQ16-6	A3SS,AF	
Q9BQ16-7	A3SS,AF	
Q9BQ16-8	SE	
Q9BQ16-9	A5SS,AL	
Q9BQ24-2	SE	
Q9BQ50-1		identical exon structure
Q9BQ51-2	SE	
Q9BQ51-3		no Ensembl transcript
Q9BQ52-2		no Ensembl transcript
Q9BQ52-3		no Ensembl transcript
Q9BQ52-4	SE	
Q9BQ65-2	SE	
Q9BQ65-3	SE,AL	
Q9BQ75-2	SE,AF	
Q9BQ83-2	SE	
Q9BQ95-2	SE,A5SS,AL	
Q9BQ95-3	SE	
Q9BQ95-4	A5SS,A3SS,AL	
Q9BQA1-2	SE	
Q9BQA5-2		identical exon structure
Q9BQA9-2	SE	
Q9BQB4-2		no Ensembl transcript
Q9BQB6-2	SE,A5SS	
Q9BQB6-3	SE,A5SS	
Q9BQC3-2	SE	
Q9BQC3-3	SE,A5SS	
Q9BQE6-2	A5SS,A3SS,RI	
Q9BQE9-2		no Ensembl transcript
Q9BQE9-3		no Ensembl transcript
Q9BQE9-4	SE	
Q9BQF6-2	A3SS,AF	
Q9BQF6-3	A3SS,AF	
Q9BQF6-4	SE,A3SS,AF	
Q9BQF6-5	SE	
Q9BQG0-2	A5SS,AL	
Q9BQG2-2	A5SS	
Q9BQI0-2	SE	
Q9BQI0-3	A5SS	
Q9BQI0-4	A5SS	
Q9BQI3-2		canonical and isoform share a transcript
Q9BQI4-2	A3SS,AF	
Q9BQI5-2	SE,MXE	
Q9BQI5-3	SE,MXE	
Q9BQI5-4	SE	
Q9BQI5-5	SE,MXE	
Q9BQI6-2	SE,A5SS,AL	
Q9BQI9-2		no Ensembl transcript
Q9BQK8-2	A3SS	
Q9BQL6-2		no Ensembl transcript
Q9BQL6-3		no Ensembl transcript
Q9BQL6-4		no Ensembl transcript
Q9BQP9-2	SE	
Q9BQQ3-2	A5SS,AL	
Q9BQQ3-3	A3SS,AF,AL	
Q9BQS2-2	SE,AL	
Q9BQS2-3		no Ensembl transcript
Q9BQS2-4		no Ensembl transcript
Q9BQS7-2	A3SS	
Q9BQS7-3		no Ensembl transcript
Q9BQS7-4	A3SS,AF	
Q9BQS8-2		no Ensembl transcript
Q9BQS8-3		no Ensembl transcript
Q9BQS8-4		no Ensembl transcript
Q9BQT8-2	A5SS	
Q9BQT9-2		no Ensembl transcript
Q9BQT9-3	SE,AF	
Q9BQW3-1		no Ensembl transcript
Q9BQY6-2		no Ensembl transcript
Q9BQY9-2	A3SS,AF	
Q9BQY9-3	A5SS,A3SS,AF,AL	
Q9BQY9-4		no Ensembl transcript
Q9BR01-2	SE,AL	
Q9BR39-2	SE,AL	
Q9BR77-2	A3SS,AF	
Q9BR84-2	SE,AL	
Q9BRA0-2	A3SS,RI	
Q9BRB3-2	SE,A5SS	
Q9BRB3-3	A5SS,AL	
Q9BRC7-2		no Ensembl transcript
Q9BRD0-2	A5SS	
Q9BRF8-2	SE	
Q9BRF8-3	SE	
Q9BRG2-2	SE,A5SS,A3SS,RI	
Q9BRI3-1		canonical and isoform share a transcript
Q9BRJ7-2	A5SS,AL	
Q9BRK0-2	A3SS	
Q9BRK3-2	SE,A3SS,AL	
Q9BRK3-3	SE,AF	
Q9BRK3-4	SE	
Q9BRK5-2		no Ensembl transcript
Q9BRK5-3		no Ensembl transcript
Q9BRK5-4		no Ensembl transcript
Q9BRK5-5		no Ensembl transcript
Q9BRK5-6		no Ensembl transcript
Q9BRL6-2		no Ensembl transcript
Q9BRL7-2	SE,AL	
Q9BRL7-3	SE,AL	
Q9BRN9-2	SE	
Q9BRP0-2		no Ensembl transcript
Q9BRP4-2	SE,AF	
Q9BRP4-3	A3SS,AF	
Q9BRP7-2		no Ensembl transcript
Q9BRP8-2	SE,AF	
Q9BRQ3-2		no Ensembl transcript
Q9BRQ3-3	SE	
Q9BRQ4-2		no Ensembl transcript
Q9BRQ4-3	SE,A5SS,AL	
Q9BRQ8-2		no Ensembl transcript
Q9BRR0-2	A3SS,AF	
Q9BRR6-2	A3SS	
Q9BRR6-3	SE	
Q9BRR6-4		no Ensembl transcript
Q9BRR6-5		no Ensembl transcript
Q9BRR6-6	A5SS,AL	
Q9BRR9-2	A5SS	
Q9BRR9-3	A5SS,A3SS,AF	
Q9BRR9-4	A5SS,A3SS,AF	
Q9BRR9-5	SE,A5SS	
Q9BRS8-2	SE,AL	
Q9BRT8-2	SE,AF	
Q9BRT8-3	SE	
Q9BRT8-4	A5SS,AL	
Q9BRT9-2	A5SS,AL	
Q9BRU9-2	SE,AL	
Q9BRV3-2	SE,A3SS	
Q9BRV3-3	SE	
Q9BRV8-2	A5SS	
Q9BRX5-2	SE	
Q9BRX5-3	SE	
Q9BRX8-2	A3SS	
Q9BRY0-2	A5SS,AL	
Q9BRZ2-2		no Ensembl transcript
Q9BRZ2-3		no Ensembl transcript
Q9BS86-2	A3SS	
Q9BSA4-2	A3SS,AF	
Q9BSA9-2	A3SS,AF	
Q9BSC4-2	SE	
Q9BSC4-3		no Ensembl transcript
Q9BSC4-4	SE	
Q9BSD3-2	A5SS	
Q9BSF8-2	SE,AF	
Q9BSG1-3	A3SS,AF	
Q9BSG1-4	SE	
Q9BSG5-2	A3SS,AF	
Q9BSG5-3	A3SS,AF	
Q9BSH3-2		no Ensembl transcript
Q9BSI4-2	A5SS,AL	
Q9BSI4-3		no Ensembl transcript
Q9BSJ1-2	A3SS,AF	
Q9BSJ2-3	A3SS,AF	
Q9BSJ2-4	SE	
Q9BSJ5-2	SE	
Q9BSJ5-3	SE,AL	
Q9BSJ6-2	SE,AL	
Q9BSJ8-2	A3SS	
Q9BSK1-2	A3SS	
Q9BSM1-3		no Ensembl transcript
Q9BSQ5-2	SE,AF	
Q9BSQ5-3	SE	
Q9BSQ5-4	SE	
Q9BST9-2	SE,AF	
Q9BST9-3	A3SS,AF	
Q9BSU1-2		no Ensembl transcript
Q9BSW2-1		canonical and isoform share a transcript
Q9BSY4-2	A5SS,AL	
Q9BSY9-2	SE,A3SS	
Q9BT04-2		no Ensembl transcript
Q9BT04-3	SE,A5SS	
Q9BT09-2	SE,A5SS,AL	
Q9BT17-2	A5SS,AL	
Q9BT22-2	A3SS,AF	
Q9BT25-2	A3SS,AF	
Q9BT25-3	A3SS	
Q9BT40-2	A3SS,AF	
Q9BT67-2		no Ensembl transcript
Q9BT76-2	A5SS,A3SS,RI	
Q9BT76-3	SE,A5SS,A3SS,RI	
Q9BT78-2	SE,A5SS	
Q9BT81-2	SE,AF	
Q9BTA9-2	A3SS,AF	
Q9BTA9-3	SE,A3SS,AF,AL	
Q9BTA9-5	SE	
Q9BTC0-1		canonical and isoform share a transcript
Q9BTC0-2	SE,AL	
Q9BTC0-3	A5SS,AL	
Q9BTC8-2	A5SS,AL	
Q9BTD8-2	SE,A3SS	
Q9BTD8-3	SE,A3SS	
Q9BTD8-4		no Ensembl transcript
Q9BTE0-2	A3SS	
Q9BTE1-2	SE,AL	
Q9BTE1-3	SE,AL	
Q9BTE3-2	A5SS	
Q9BTE3-3	SE,A5SS	
Q9BTE6-2	SE,AF	
Q9BTE6-3		no Ensembl transcript
Q9BTF0-2	SE,AL	
Q9BTM1-2		no Ensembl transcript
Q9BTM9-2	A5SS,AL	
Q9BTM9-3	A5SS,AL	
Q9BTT0-2	SE	
Q9BTT0-3	A3SS,AF	
Q9BTT6-2	AL	
Q9BTW9-2		no Ensembl transcript
Q9BTW9-3		no Ensembl transcript
Q9BTW9-4		no Ensembl transcript
Q9BTW9-5		no Ensembl transcript
Q9BTX1-2		no Ensembl transcript
Q9BTX1-3		no Ensembl transcript
Q9BTX1-4		no Ensembl transcript
Q9BTX1-5	A3SS	
Q9BTX1-6		no Ensembl transcript
Q9BTX3-2	A5SS,AL	
Q9BTY2-2		no Ensembl transcript
Q9BTZ2-2	SE	
Q9BTZ2-3	SE	
Q9BTZ2-4	SE	
Q9BTZ2-5	SE	
Q9BTZ2-6		no Ensembl transcript
Q9BTZ2-7	SE,A5SS	
Q9BTZ2-8		no Ensembl transcript
Q9BU02-2	A5SS	
Q9BU19-2	SE	
Q9BU19-3		no Ensembl transcript
Q9BU19-4	SE,AL	
Q9BU19-5	A3SS,AF	
Q9BU23-2	A3SS,AF	
Q9BU23-3		no Ensembl transcript
Q9BU40-3	SE,A3SS	
Q9BU40-4	A3SS	
Q9BU40-5	A3SS	
Q9BU61-2	A3SS,AF	
Q9BU64-2	SE,AF	
Q9BU76-2		no Ensembl transcript
Q9BU76-3		no Ensembl transcript
Q9BU76-4	SE,AL	
Q9BUB4-2		identical exon structure
Q9BUB5-2	SE	
Q9BUB5-3	SE,A5SS	
Q9BUB7-2		no Ensembl transcript
Q9BUB7-3	A5SS,AL	
Q9BUE6-2		no Ensembl transcript
Q9BUF7-2	A5SS,AL	
Q9BUG6-2	A3SS,AF	
Q9BUH6-2		no Ensembl transcript
Q9BUJ2-2	A3SS	
Q9BUJ2-3	SE,A5SS,A3SS,RI	
Q9BUJ2-4	A3SS,AF	
Q9BUJ2-5		no Ensembl transcript
Q9BUK0-2	A3SS,AF	
Q9BUK0-3	A3SS,AF,AL	
Q9BUK0-4	A3SS,AF	
Q9BUK0-5	AL	
Q9BUK6-2	A3SS	
Q9BUK6-3	A5SS,A3SS	
Q9BUK6-4	SE,A5SS,AL	
Q9BUK6-5	A5SS,A3SS,AF	
Q9BUK6-6		no Ensembl transcript
Q9BUK6-7	SE,A5SS	
Q9BUL5-2		no Ensembl transcript
Q9BUL5-3	A3SS	
Q9BUL5-4	SE,AF	
Q9BUN1-2		no Ensembl transcript
Q9BUN5-3	A5SS,AL	
Q9BUN8-2	A3SS	
Q9BUP0-2	SE,AF	
Q9BUP3-2	A5SS,AL	
Q9BUP3-3	A3SS,AF	
Q9BUQ8-2	SE,AL	
Q9BUR5-2		no Ensembl transcript
Q9BUT1-2		no Ensembl transcript
Q9BUT1-3		no Ensembl transcript
Q9BUT9-2	SE,A5SS,AL	
Q9BUU2-2	SE,A5SS,AL	
Q9BUU2-3		no Ensembl transcript
Q9BUV0-2	A5SS,AL	
Q9BUV0-3	SE,AL	
Q9BUV8-2	A5SS	
Q9BUV8-3		no Ensembl transcript
Q9BUV8-4	SE,AL	
Q9BUV8-5	SE,A5SS	
Q9BUX1-2	A5SS,A3SS,RI	
Q9BUY7-2	SE,AF	
Q9BUY7-3	SE,AF,AL	
Q9BUY7-4	AL	
Q9BUY7-5	SE,AL	
Q9BUY7-6	A3SS,AF	
Q9BUZ4-2		no Ensembl transcript
Q9BV20-2	SE,MXE,A3SS	
Q9BV29-2	A3SS,AF	
Q9BV29-3	A5SS,AL	
Q9BV35-2	SE,AL	
Q9BV35-3	SE,MXE,AL	
Q9BV35-4	SE,AL	
Q9BV36-2	SE	
Q9BV36-3	SE	
Q9BV36-4	SE,AL	
Q9BV36-5	SE	
Q9BV47-2		no Ensembl transcript
Q9BV57-2	SE,AF	
Q9BV73-2		no Ensembl transcript
Q9BV79-2	A3SS,AF	
Q9BV86-2	A5SS	
Q9BV94-2	SE	
Q9BV97-1		canonical and isoform share a transcript
Q9BV97-2	A3SS	
Q9BVC4-3		identical exon structure
Q9BVC4-4		no Ensembl transcript
Q9BVC4-5	A3SS	
Q9BVC5-2		no Ensembl transcript
Q9BVG3-2	SE,AF	
Q9BVG8-2	SE,AL	
Q9BVG8-4	A5SS,AL	
Q9BVG8-5	SE,A3SS,AF,AL	
Q9BVG8-6	SE,A3SS,AF,AL	
Q9BVI0-2		no Ensembl transcript
Q9BVJ6-2		no Ensembl transcript
Q9BVJ6-3	SE	
Q9BVK2-2	SE,AL	
Q9BVK8-2	AF	
Q9BVL2-2	A5SS,AL	
Q9BVL2-3	SE	
Q9BVN2-2	A3SS,AF	
Q9BVN2-3	SE,AF	
Q9BVN2-4	A3SS	
Q9BVP2-2	A3SS,AF	
Q9BVQ7-2	A5SS,AL	
Q9BVQ7-3		no Ensembl transcript
Q9BVS4-2	A5SS,AL	
Q9BVV6-2	SE,A3SS	
Q9BVV6-3	SE,A5SS,A3SS,AF	
Q9BVV6-4	SE,A3SS,AF	
Q9BVX2-2	A5SS	
Q9BW04-2	A3SS,AF	
Q9BW11-2		no Ensembl transcript
Q9BW11-3	SE,AL	
Q9BW11-4	A5SS,RI	
Q9BW27-2		no Ensembl transcript
Q9BW27-3	A3SS,AF	
Q9BW60-2	SE	
Q9BW66-2	SE,A5SS	
Q9BW66-3	SE,AF	
Q9BW71-2		no Ensembl transcript
Q9BW71-3	SE,A5SS,AL	
Q9BW83-2	A3SS	
Q9BW91-2	A3SS,AF	
Q9BW92-2	SE	
Q9BWD1-2		canonical and isoform share a transcript
Q9BWE0-4	A3SS,AF	
Q9BWF3-2	A5SS,AL	
Q9BWF3-3	SE,AL	
Q9BWF3-4	SE,AL	
Q9BWG4-2	SE	
Q9BWG6-2	A3SS,AF	
Q9BWG6-3		no Ensembl transcript
Q9BWH6-2	A5SS,AL	
Q9BWH6-3		no Ensembl transcript
Q9BWK5-2		no Ensembl transcript
Q9BWK5-3	A3SS,AF	
Q9BWK5-4	A5SS,AL	
Q9BWL3-2	SE	
Q9BWL3-3	A5SS,AL	
Q9BWL3-4	SE	
Q9BWL3-5	SE,A5SS	
Q9BWP8-10	A3SS,AF	
Q9BWP8-2	SE	
Q9BWP8-3	SE	
Q9BWP8-4	SE,AF	
Q9BWP8-5	SE	
Q9BWP8-6	SE,MXE,AF	
Q9BWP8-7	SE,MXE,AF	
Q9BWP8-8	SE,MXE,AF	
Q9BWP8-9	SE,A3SS	
Q9BWQ8-2	A3SS,AF	
Q9BWS9-2	SE	
Q9BWS9-3	SE	
Q9BWT1-2	SE	
Q9BWT1-3	SE	
Q9BWT1-4		no Ensembl transcript
Q9BWT1-5	SE	
Q9BWT1-6	SE	
Q9BWT3-2		no Ensembl transcript
Q9BWT7-2	SE,AF	
Q9BWU1-2	A3SS,AF	
Q9BWV1-3	A3SS	
Q9BWV2-2	SE	
Q9BWV2-3	SE,AL	
Q9BWV3-2		no Ensembl transcript
Q9BWV3-3		no Ensembl transcript
Q9BWV3-4		no Ensembl transcript
Q9BWW4-2	SE	
Q9BWW4-3	SE	
Q9BWX1-2	SE	
Q9BX10-2	A3SS,AF	
Q9BX10-3		no Ensembl transcript
Q9BX10-4		no Ensembl transcript
Q9BX40-2		no Ensembl transcript
Q9BX40-3		no Ensembl transcript
Q9BX46-2	A3SS,AF	
Q9BX46-5	A3SS,AF	
Q9BX59-2	SE	
Q9BX59-3		no Ensembl transcript
Q9BX59-4		no Ensembl transcript
Q9BX59-5		no Ensembl transcript
Q9BX59-6		no Ensembl transcript
Q9BX59-7		no Ensembl transcript
Q9BX63-2	A5SS,AL	
Q9BX66-10	SE	
Q9BX66-11	SE,MXE	
Q9BX66-12	SE,MXE	
Q9BX66-2	SE,MXE,A3SS	
Q9BX66-3	SE,MXE,A3SS	
Q9BX66-4	SE	
Q9BX66-5	SE	
Q9BX66-6	SE	
Q9BX66-7		no Ensembl transcript
Q9BX66-8	SE	
Q9BX66-9	SE	
Q9BX67-2	SE	
Q9BX70-2		no Ensembl transcript
Q9BX73-2	A3SS,AF	
Q9BX79-2	A5SS,AL	
Q9BX79-3	A3SS	
Q9BX79-4	A3SS,AF	
Q9BX79-5	A3SS,AF	
Q9BX79-6	A3SS,AF	
Q9BX82-2		identical exon structure
Q9BX84-2	SE,AF	
Q9BX84-3	SE,AF	
Q9BX84-4	SE,AL	
Q9BX84-5		no Ensembl transcript
Q9BX84-6		no Ensembl transcript
Q9BX84-7		no Ensembl transcript
Q9BX93-2	A3SS	
Q9BXA9-2	A5SS,A3SS,RI	
Q9BXA9-3	A3SS,RI,AF	
Q9BXA9-4		no Ensembl transcript
Q9BXB1-2	SE	
Q9BXB5-2	SE	
Q9BXD5-2	SE,AF	
Q9BXD5-3	SE,AL	
Q9BXD5-4	SE,AL	
Q9BXD5-5		no Ensembl transcript
Q9BXF3-2		no Ensembl transcript
Q9BXF3-3	SE,A5SS	
Q9BXH1-2	SE,AF	
Q9BXI6-2	A3SS	
Q9BXI9-1		canonical and isoform share a transcript
Q9BXI9-3		no Ensembl transcript
Q9BXJ1-2		no Ensembl transcript
Q9BXJ2-2	A3SS,AF	
Q9BXJ4-2		no Ensembl transcript
Q9BXJ4-3	A5SS	
Q9BXJ8-2		no Ensembl transcript
Q9BXJ9-4	AL	
Q9BXK5-2	A5SS,AL	
Q9BXK5-4		identical exon structure
Q9BXL6-2	A5SS,AL	
Q9BXL6-3	SE,A5SS,A3SS,AF,AL	
Q9BXM0-2	A5SS,AL	
Q9BXM0-3	A3SS,AF	
Q9BXM7-2		no Ensembl transcript
Q9BXM9-2	SE	
Q9BXM9-3	SE,A5SS,AL	
Q9BXN2-10	SE,A5SS,AL	
Q9BXN2-2	SE	
Q9BXN2-3	SE,A5SS	
Q9BXN2-4	SE,AL	
Q9BXN2-5	SE	
Q9BXN2-6		no Ensembl transcript
Q9BXN2-7	SE,A5SS	
Q9BXN2-8	SE,A5SS,AL	
Q9BXN2-9	SE,AL	
Q9BXP2-2	SE,MXE,AL	
Q9BXP2-3	SE,AL	
Q9BXP2-4	SE,AL	
Q9BXP5-2	A3SS	
Q9BXP5-3	A3SS	
Q9BXP5-4	A3SS	
Q9BXP5-5		no Ensembl transcript
Q9BXP8-2	A5SS,AL	
Q9BXQ6-2	A3SS	
Q9BXR0-2	AL	
Q9BXS0-2	A5SS,AL	
Q9BXS0-3		no Ensembl transcript
Q9BXS5-2	SE	
Q9BXS6-2	A3SS	
Q9BXS6-3	A3SS	
Q9BXS6-4	A3SS	
Q9BXS6-5	A3SS	
Q9BXS6-6	A3SS	
Q9BXS6-7	SE,A3SS	
Q9BXS9-2	SE,A5SS,A3SS	
Q9BXS9-3	A3SS	
Q9BXS9-4		no Ensembl transcript
Q9BXS9-5		no Ensembl transcript
Q9BXS9-6		no Ensembl transcript
Q9BXS9-7	SE,A3SS	
Q9BXT4-2	SE	
Q9BXT4-3	A5SS,AL	
Q9BXT4-4		no Ensembl transcript
Q9BXT6-2	SE,AF	
Q9BXT6-3	SE,A5SS,A3SS,AF,AL	
Q9BXT6-4	SE	
Q9BXT6-5	SE,MXE,A5SS,AF	
Q9BXT8-1		canonical and isoform share a transcript
Q9BXT8-2		no Ensembl transcript
Q9BXT8-4		no Ensembl transcript
Q9BXT8-5		no Ensembl transcript
Q9BXU1-2	A3SS,AF	
Q9BXU1-3	SE	
Q9BXU9-1		identical exon structure
Q9BXW6-2	A3SS,AF	
Q9BXW6-4	A3SS,AF	
Q9BXW7-2	SE,AF	
Q9BXW9-1		canonical and isoform share a transcript
Q9BXW9-3		no Ensembl transcript
Q9BXW9-4	A5SS,AL	
Q9BXX2-2	SE,A5SS,AL	
Q9BXY4-2	A5SS,AL	
Q9BXY5-2	SE,MXE,AL	
Q9BXY5-3		no Ensembl transcript
Q9BXY8-2	A3SS,AF	
Q9BY07-2		no Ensembl transcript
Q9BY07-3	SE	
Q9BY07-4	SE	
Q9BY07-5		no Ensembl transcript
Q9BY07-6		no Ensembl transcript
Q9BY07-7	SE	
Q9BY07-8		no Ensembl transcript
Q9BY08-2	SE,AL	
Q9BY08-3	SE,A5SS	
Q9BY08-4	SE,A5SS	
Q9BY08-5		no Ensembl transcript
Q9BY12-3	SE,AF	
Q9BY14-2	A3SS,AF	
Q9BY15-2	SE	
Q9BY15-3		no Ensembl transcript
Q9BY32-2	A5SS	
Q9BY32-3	SE	
Q9BY41-4	SE	
Q9BY41-5	SE,AL	
Q9BY41-6	SE,MXE,AL	
Q9BY41-7	SE,AL	
Q9BY41-8	AL	
Q9BY43-2		no Ensembl transcript
Q9BY44-2	SE,A3SS,AF	
Q9BY44-3	SE	
Q9BY44-4	SE	
Q9BY49-2		no Ensembl transcript
Q9BY64-2	SE,A5SS	
Q9BY66-2	SE	
Q9BY66-3	SE	
Q9BY67-2		no Ensembl transcript
Q9BY67-3	SE	
Q9BY67-4	SE	
Q9BY67-5	SE	
Q9BY76-2	SE	
Q9BY76-3		no Ensembl transcript
Q9BY77-2	SE	
Q9BY79-2	SE	
Q9BY84-2	SE,A5SS,AL	
Q9BY89-2	SE,AF	
Q9BYB0-3		no Ensembl transcript
Q9BYB4-2	SE,A5SS,AL	
Q9BYC5-2	SE,A5SS,AL	
Q9BYC5-3	A3SS,AF	
Q9BYC5-4		no Ensembl transcript
Q9BYC9-2	A5SS,AL	
Q9BYD3-2	A5SS,AL	
Q9BYE0-2	A3SS	
Q9BYE2-2	A5SS,AL	
Q9BYE2-3	SE,A5SS,AL	
Q9BYE2-4	A5SS,AL	
Q9BYE2-6	A5SS,AL	
Q9BYE7-3	SE	
Q9BYF1-3	SE,AF	
Q9BYG4-2	SE,AL	
Q9BYG5-2	SE,AL	
Q9BYG7-2	SE,AF	
Q9BYG7-5	SE,AF	
Q9BYG7-6	SE	
Q9BYH1-2		no Ensembl transcript
Q9BYH1-3		no Ensembl transcript
Q9BYH1-4	SE	
Q9BYH1-5	SE	
Q9BYH1-6	A3SS	
Q9BYH1-7	SE	
Q9BYH8-2	A3SS,AF	
Q9BYH8-3	A5SS,A3SS,RI	
Q9BYI3-2		no Ensembl transcript
Q9BYI3-3	SE,AL	
Q9BYJ1-2		identical exon structure
Q9BYJ4-2		no Ensembl transcript
Q9BYJ9-2		no Ensembl transcript
Q9BYK8-2		canonical and isoform share a transcript
Q9BYM8-3	SE,A3SS	
Q9BYM8-4	SE,A5SS,A3SS,AL	
Q9BYN7-2	A5SS	
Q9BYP7-2		no Ensembl transcript
Q9BYP7-3	SE,A5SS	
Q9BYP7-4	A5SS	
Q9BYP9-2		no Ensembl transcript
Q9BYP9-3		no Ensembl transcript
Q9BYT1-2	SE,AF	
Q9BYT1-3	A5SS,AL	
Q9BYT3-2		identical exon structure
Q9BYT9-2	A3SS,AF	
Q9BYV1-2	SE	
Q9BYV2-2	SE	
Q9BYV6-2	SE	
Q9BYV6-3	SE,A5SS	
Q9BYV6-4	SE	
Q9BYV7-2	A3SS,AF	
Q9BYV7-4	A5SS,A3SS,AF	
Q9BYV7-5	SE	
Q9BYV7-6	A3SS,AF	
Q9BYV8-2	SE	
Q9BYV8-4	SE,AL	
Q9BYV8-5	SE	
Q9BYW1-2		no Ensembl transcript
Q9BYW1-3	SE,AF	
Q9BYW1-4	SE,AF	
Q9BYW2-2		no Ensembl transcript
Q9BYW2-3		no Ensembl transcript
Q9BYX2-2	A3SS	
Q9BYX2-3		identical exon structure
Q9BYX2-4	A3SS,AF	
Q9BYX2-5		no Ensembl transcript
Q9BYX2-6	A3SS,AF	
Q9BYX4-2	A5SS,AL	
Q9BYZ6-2	A3SS,AF	
Q9BYZ6-3	A3SS,AF	
Q9BYZ8-2	A5SS,AL	
Q9BZ11-2	SE	
Q9BZ11-3		no Ensembl transcript
Q9BZ23-2	A3SS,AF	
Q9BZ23-3		no Ensembl transcript
Q9BZ23-4	A3SS	
Q9BZ29-3		no Ensembl transcript
Q9BZ29-4		no Ensembl transcript
Q9BZ29-5	SE,AF	
Q9BZ29-6	SE,A5SS,AF,AL	
Q9BZ67-2	SE	
Q9BZ67-3	SE	
Q9BZ71-2		no Ensembl transcript
Q9BZ71-3	SE	
Q9BZ72-2	SE,MXE	
Q9BZ72-3		no Ensembl transcript
Q9BZ76-2		no Ensembl transcript
Q9BZ95-2	SE	
Q9BZ95-3	SE,AL	
Q9BZ95-4		no Ensembl transcript
Q9BZ95-5	A5SS	
Q9BZA7-2		no Ensembl transcript
Q9BZA7-3	SE	
Q9BZA7-4	SE	
Q9BZA7-5	SE	
Q9BZA7-6	SE,MXE,A5SS,AL	
Q9BZA7-7		no Ensembl transcript
Q9BZA7-8	SE	
Q9BZA8-2	SE,AL	
Q9BZA8-3	SE,A3SS,AF,AL	
Q9BZA8-4	A5SS,AL	
Q9BZB8-2		no Ensembl transcript
Q9BZB8-3		no Ensembl transcript
Q9BZB8-4		no Ensembl transcript
Q9BZC1-2	A5SS,A3SS	
Q9BZC1-3	A3SS	
Q9BZC1-4	A3SS	
Q9BZC1-5	SE,A5SS	
Q9BZC7-2		no Ensembl transcript
Q9BZC7-3	SE	
Q9BZC7-4	SE,MXE,AF	
Q9BZD2-2		no Ensembl transcript
Q9BZE4-2		no Ensembl transcript
Q9BZE4-3		no Ensembl transcript
Q9BZE9-2	SE	
Q9BZE9-3	A3SS,AF	
Q9BZE9-4		no Ensembl transcript
Q9BZF1-2		no Ensembl transcript
Q9BZF1-3	A3SS,AF	
Q9BZF2-2	A5SS,AL	
Q9BZF3-2	SE	
Q9BZF3-3	SE,AF	
Q9BZF3-4	SE	
Q9BZF3-5	SE	
Q9BZF3-6	SE,A5SS,AL	
Q9BZF9-2	SE,AF	
Q9BZG1-2	A5SS	
Q9BZG1-4	SE	
Q9BZG2-2		no Ensembl transcript
Q9BZG2-3		no Ensembl transcript
Q9BZG8-1		canonical and isoform share a transcript
Q9BZG8-2	A3SS,AF	
Q9BZG8-5		no Ensembl transcript
Q9BZI7-2	SE	
Q9BZJ0-2	A3SS,AF	
Q9BZJ0-3		no Ensembl transcript
Q9BZJ0-4		no Ensembl transcript
Q9BZJ0-5	A5SS,AL	
Q9BZJ3-2	A3SS	
Q9BZJ4-2	A3SS	
Q9BZL4-2		no Ensembl transcript
Q9BZL4-3	A3SS	
Q9BZL4-4	A3SS	
Q9BZL4-5	SE,A3SS,AF	
Q9BZL6-2	A3SS,AF	
Q9BZL6-3	A5SS	
Q9BZM2-2		canonical and isoform share a transcript
Q9BZP3-2		no Ensembl transcript
Q9BZP3-3		no Ensembl transcript
Q9BZP6-2	A3SS,AF	
Q9BZP6-3	A3SS,AF	
Q9BZQ2-2		canonical and isoform share a transcript
Q9BZQ2-4		no Ensembl transcript
Q9BZQ4-2	SE,AF	
Q9BZQ6-2		no Ensembl transcript
Q9BZR8-2	SE,AL	
Q9BZR8-3	SE,AL	
Q9BZS1-2	SE	
Q9BZS1-3	SE,A5SS,A3SS,RI	
Q9BZS1-4	SE	
Q9BZV1-2	A3SS,AF	
Q9BZW4-2		no Ensembl transcript
Q9BZW5-2	SE	
Q9BZW7-2		no Ensembl transcript
Q9BZW8-2	A3SS	
Q9BZW8-3	SE,A3SS,AL	
Q9BZW8-4	SE	
Q9BZX2-2	A3SS,AF	
Q9BZX4-2	A3SS,AF	
Q9BZY9-2		no Ensembl transcript
Q9BZZ2-2		no Ensembl transcript
Q9BZZ2-3	SE,A5SS	
Q9BZZ5-1		canonical and isoform share a transcript
Q9BZZ5-2	A5SS,AL	
Q9BZZ5-3		no Ensembl transcript
Q9BZZ5-5	SE,A5SS,AL	
Q9BZZ5-6	SE,A5SS,AF,AL	
Q9C000-2	SE	
Q9C000-3	SE	
Q9C000-4	SE	
Q9C000-5	SE,A5SS,AL	
Q9C004-2		no Ensembl transcript
Q9C010-2	A3SS,AF	
Q9C019-2		no Ensembl transcript
Q9C026-4	SE,A5SS,A3SS,AL	
Q9C026-5	A5SS,AL	
Q9C029-1		canonical and isoform share a transcript
Q9C029-3	AF,AL	
Q9C029-4	AF,AL	
Q9C030-2	A3SS,AF	
Q9C030-3	A3SS,AF	
Q9C035-2		no Ensembl transcript
Q9C035-3	A5SS,AL	
Q9C035-4	SE,AL	
Q9C035-5	SE,A5SS,AL	
Q9C035-6		no Ensembl transcript
Q9C037-2	SE	
Q9C037-3	SE,MXE,AL	
Q9C040-2	A3SS,AF	
Q9C073-2	A3SS,AF	
Q9C075-2	A3SS,AF	
Q9C091-3	SE	
Q9C091-4		no Ensembl transcript
Q9C093-2	SE,A5SS,AL	
Q9C093-3	A5SS,AL	
Q9C093-4		no Ensembl transcript
Q9C099-2	A3SS,AF	
Q9C0A0-2	SE,MXE,AF	
Q9C0A1-2		no Ensembl transcript
Q9C0A6-2		no Ensembl transcript
Q9C0A6-3	SE	
Q9C0B1-2	SE,AF	
Q9C0B1-3		no Ensembl transcript
Q9C0B1-4	A3SS,AF	
Q9C0B2-2		no Ensembl transcript
Q9C0B2-3		no Ensembl transcript
Q9C0B5-2	A3SS,AF	
Q9C0B6-2		no Ensembl transcript
Q9C0B9-2	A3SS,AF	
Q9C0C2-2		no Ensembl transcript
Q9C0C7-2	SE	
Q9C0C7-3	SE	
Q9C0C7-4	A5SS,A3SS,RI	
Q9C0C7-5	A5SS,A3SS,RI	
Q9C0C7-6		no Ensembl transcript
Q9C0D0-2		no Ensembl transcript
Q9C0D2-2	SE,A3SS,AF	
Q9C0D2-3		no Ensembl transcript
Q9C0D2-4		no Ensembl transcript
Q9C0D3-2		no Ensembl transcript
Q9C0D5-2	SE	
Q9C0D7-2	SE,AF	
Q9C0E4-2		no Ensembl transcript
Q9C0E8-2		no Ensembl transcript
Q9C0E8-3	A3SS,AF	
Q9C0E8-4	SE	
Q9C0F0-2		no Ensembl transcript
Q9C0F1-2	SE,AL	
Q9C0G0-2	A5SS,AL	
Q9C0G0-3	SE,AL	
Q9C0G6-2		no Ensembl transcript
Q9C0G6-3		no Ensembl transcript
Q9C0G6-4		no Ensembl transcript
Q9C0H2-2	SE	
Q9C0H2-3	A3SS,AF	
Q9C0H2-4	SE,AL	
Q9C0H5-2	SE	
Q9C0H6-2	SE,AL	
Q9C0H9-2		no Ensembl transcript
Q9C0H9-4		no Ensembl transcript
Q9C0I1-2	SE	
Q9C0I1-3	SE	
Q9C0I3-2	SE,AL	
Q9C0I9-2	SE,AF	
Q9C0I9-3	SE,A5SS,AL	
Q9C0I9-4	SE,AL	
Q9C0J1-2	A3SS,AF	
Q9C0J8-2	A5SS,AL	
Q9C0J8-3	SE,AL	
Q9C0K0-2	SE	
Q9C0K1-2	SE	
Q9C0K1-3	A5SS,AL	
Q9C0K3-2		no Ensembl transcript
Q9C0K7-2	SE,AL	
Q9C0K7-3		no Ensembl transcript
Q9GIP4-1		no Ensembl transcript
Q9GZM3-2		no Ensembl transcript
Q9GZM7-2		no Ensembl transcript
Q9GZM7-3	SE	
Q9GZM8-2		no Ensembl transcript
Q9GZM8-3	SE,A5SS	
Q9GZN1-2		no Ensembl transcript
Q9GZN2-2	SE,AL	
Q9GZN6-2	A5SS,AL	
Q9GZN8-2	A5SS	
Q9GZP0-2	A3SS	
Q9GZP4-2		no Ensembl transcript
Q9GZP8-2	AL	
Q9GZR1-2	SE	
Q9GZR2-2	SE,A3SS	
Q9GZR7-2		no Ensembl transcript
Q9GZS0-2	A3SS	
Q9GZS1-1		canonical and isoform share a transcript
Q9GZS9-2		no Ensembl transcript
Q9GZT3-2	A3SS	
Q9GZT6-2		no Ensembl transcript
Q9GZT6-3	A3SS,AF	
Q9GZT8-2	A3SS	
Q9GZT8-3	SE,A5SS	
Q9GZT9-2		no Ensembl transcript
Q9GZT9-3		no Ensembl transcript
Q9GZU0-2	SE,AF	
Q9GZU2-2	A3SS	
Q9GZU2-3		no Ensembl transcript
Q9GZU2-4	A5SS,A3SS	
Q9GZU3-2	SE,A5SS,AL	
Q9GZU3-3		no Ensembl transcript
Q9GZU3-4	SE	
Q9GZU7-2	A3SS	
Q9GZU7-3	A3SS	
Q9GZV1-2	SE	
Q9GZW5-2		no Ensembl transcript
Q9GZW8-2	SE	
Q9GZX7-2	A3SS	
Q9GZX9-2	SE,AL	
Q9GZY6-2	SE,A5SS,AL	
Q9GZY8-2	SE,A3SS,AF	
Q9GZY8-3	SE,A3SS,AF	
Q9GZY8-4	SE,A3SS,AF	
Q9GZY8-5	SE,A3SS,AF	
Q9GZZ1-2		no Ensembl transcript
Q9GZZ7-2	A5SS,A3SS,RI	
Q9GZZ7-3	A5SS,A3SS,RI,AL	
Q9GZZ9-2	A3SS,AF	
Q9H000-2	SE	
Q9H008-2	SE,A5SS	
Q9H013-2	A5SS,AL	
Q9H019-2	AL	
Q9H019-3	A3SS	
Q9H040-2	A5SS,AL	
Q9H040-3	SE,A5SS,AL	
Q9H061-2	A3SS,AF	
Q9H069-2	SE,AL	
Q9H074-2	A5SS	
Q9H074-3	A3SS,AF	
Q9H078-2	SE	
Q9H078-3	SE	
Q9H078-4		canonical and isoform share a transcript
Q9H078-5		no Ensembl transcript
Q9H091-2	SE	
Q9H091-3	A3SS	
Q9H094-2	A3SS,AF	
Q9H094-3		identical exon structure
Q9H094-4		no Ensembl transcript
Q9H094-5	SE	
Q9H095-2	A5SS,A3SS	
Q9H098-2	A3SS,AF	
Q9H0A0-2	A3SS,AF	
Q9H0A6-2		no Ensembl transcript
Q9H0A6-4	SE,AL	
Q9H0A6-5		no Ensembl transcript
Q9H0A6-6	SE,AL	
Q9H0A8-2	SE	
Q9H0A8-3	SE	
Q9H0A9-2	A3SS,AF	
Q9H0B3-2		no Ensembl transcript
Q9H0B3-3		no Ensembl transcript
Q9H0B3-4	A5SS	
Q9H0B3-5	A3SS,AF	
Q9H0B6-2	SE	
Q9H0B8-2	A5SS,AL	
Q9H0B8-3		no Ensembl transcript
Q9H0B8-4		no Ensembl transcript
Q9H0B8-5	A5SS,AL	
Q9H0C5-2	SE,A5SS,AL	
Q9H0D2-2		no Ensembl transcript
Q9H0D6-2		no Ensembl transcript
Q9H0E2-2	A3SS,AF	
Q9H0E3-2		no Ensembl transcript
Q9H0E3-3	SE	
Q9H0E9-2	SE,AL	
Q9H0E9-3	SE,MXE,A3SS,AL	
Q9H0E9-4	SE,MXE,AL	
Q9H0F5-2	SE	
Q9H0F5-3	A3SS,AF	
Q9H0F5-4	SE,A3SS,AF	
Q9H0F5-5		no Ensembl transcript
Q9H0F6-2	SE,A5SS	
Q9H0F7-2	SE,A5SS	
Q9H0I2-2		no Ensembl transcript
Q9H0I3-2	SE	
Q9H0J4-2		no Ensembl transcript
Q9H0J4-3		no Ensembl transcript
Q9H0K6-2	A3SS,AF	
Q9H0M0-2	SE,A5SS,AL	
Q9H0M0-3	SE	
Q9H0M0-6		no Ensembl transcript
Q9H0M4-2		no Ensembl transcript
Q9H0M4-3		no Ensembl transcript
Q9H0M4-4	SE,A3SS,AF	
Q9H0M4-5	SE,A5SS,A3SS	
Q9H0P0-1		canonical and isoform share a transcript
Q9H0P0-2		no Ensembl transcript
Q9H0P0-3	AF	
Q9H0Q3-2	SE,A5SS,AL	
Q9H0R1-2		no Ensembl transcript
Q9H0R3-2		no Ensembl transcript
Q9H0R4-2	A3SS	
Q9H0R5-4	A5SS	
Q9H0R6-2		no Ensembl transcript
Q9H0R8-2	A5SS,AL	
Q9H0S4-2	SE	
Q9H0T7-2	A3SS,AF	
Q9H0U3-2	SE,AL	
Q9H0V1-2	A3SS,AF	
Q9H0V9-2	SE	
Q9H0V9-3	SE,MXE,A5SS	
Q9H0W8-2	A5SS,AL	
Q9H0W9-2	A3SS,AF	
Q9H0W9-3	SE	
Q9H0W9-4	A5SS,A3SS,AF	
Q9H0X4-2	A5SS,AL	
Q9H0X9-2	SE	
Q9H0X9-3	A5SS,A3SS,AF	
Q9H0Y0-2	SE,AL	
Q9H0Z9-2	SE,A5SS	
Q9H112-2	SE	
Q9H115-2	SE	
Q9H115-3	SE,A3SS,AF	
Q9H116-4		no Ensembl transcript
Q9H156-2		no Ensembl transcript
Q9H158-2	A5SS,AL	
Q9H159-2	SE,A5SS	
Q9H160-2	SE,A5SS,AF	
Q9H165-2	A5SS,AL	
Q9H165-3	A5SS,AL	
Q9H165-6	SE	
Q9H165-8	SE,AL	
Q9H169-2	SE	
Q9H169-3	SE,A3SS,AF,AL	
Q9H169-4	SE,AL	
Q9H171-2		no Ensembl transcript
Q9H171-3		no Ensembl transcript
Q9H171-4		no Ensembl transcript
Q9H171-5		no Ensembl transcript
Q9H171-6	A5SS,AL	
Q9H171-7	SE	
Q9H172-2		identical exon structure
Q9H172-3		no Ensembl transcript
Q9H172-4		no Ensembl transcript
Q9H190-3	A3SS,AF	
Q9H1A3-2	A3SS	
Q9H1B4-2		no Ensembl transcript
Q9H1B4-3		no Ensembl transcript
Q9H1B4-4		no Ensembl transcript
Q9H1B4-5		no Ensembl transcript
Q9H1B4-6		no Ensembl transcript
Q9H1B5-2		no Ensembl transcript
Q9H1D0-2		no Ensembl transcript
Q9H1E3-2		no Ensembl transcript
Q9H1H1-2	A5SS,A3SS,RI	
Q9H1H9-2	SE	
Q9H1H9-3	SE,A5SS,AL	
Q9H1H9-4	SE	
Q9H1H9-5	SE,AL	
Q9H1I8-2		no Ensembl transcript
Q9H1I8-3	SE,A3SS	
Q9H1J1-2	SE	
Q9H1J1-3		no Ensembl transcript
Q9H1J5-2	A5SS,AL	
Q9H1K0-2	SE,A5SS,AL	
Q9H1K1-2	SE,AF	
Q9H1M0-2	SE,A5SS,AL	
Q9H1N7-2		no Ensembl transcript
Q9H1N7-3	SE,AL	
Q9H1P3-2	A3SS	
Q9H1Q7-2	A3SS	
Q9H1Q7-3		no Ensembl transcript
Q9H1Q7-4		no Ensembl transcript
Q9H1R2-2	SE,AL	
Q9H1R2-3	SE,AF,AL	
Q9H1R2-4	SE,A3SS,AF,AL	
Q9H1X1-2	SE,A5SS,A3SS	
Q9H1X3-2		no Ensembl transcript
Q9H1X3-3	SE,AL	
Q9H1Y0-2	SE,A3SS	
Q9H1Y3-2	SE,MXE	
Q9H1Z4-2	A3SS	
Q9H201-2	AL	
Q9H221-2	A3SS	
Q9H222-2		no Ensembl transcript
Q9H227-2		no Ensembl transcript
Q9H228-2		no Ensembl transcript
Q9H237-2	SE	
Q9H237-3	SE	
Q9H237-4	SE	
Q9H237-5	SE	
Q9H239-2	A5SS,AL	
Q9H251-10		no Ensembl transcript
Q9H251-11		no Ensembl transcript
Q9H251-2		no Ensembl transcript
Q9H251-3		no Ensembl transcript
Q9H251-4	SE	
Q9H251-5	A5SS,AL	
Q9H251-6		no Ensembl transcript
Q9H251-7	SE,AF	
Q9H251-8		no Ensembl transcript
Q9H251-9	SE,AF	
Q9H252-2	SE,A5SS,A3SS,RI	
Q9H252-3	A5SS,AL	
Q9H254-2		no Ensembl transcript
Q9H254-3		no Ensembl transcript
Q9H254-4		no Ensembl transcript
Q9H254-5	A5SS,A3SS,AF,AL	
Q9H257-2	SE,A5SS,AL	
Q9H257-3	SE,AL	
Q9H267-2	SE	
Q9H269-2	SE	
Q9H293-2	A3SS,AF	
Q9H295-2	SE,A5SS	
Q9H2A2-2	SE	
Q9H2A2-3	SE,AL	
Q9H2A2-4	SE	
Q9H2B2-2	A3SS	
Q9H2B4-2	SE,AL	
Q9H2D6-2		no Ensembl transcript
Q9H2D6-3		no Ensembl transcript
Q9H2D6-4		no Ensembl transcript
Q9H2D6-5		no Ensembl transcript
Q9H2D6-6	SE,AF,AL	
Q9H2D6-7	SE,AF	
Q9H2E6-2	SE	
Q9H2F3-2	SE,A5SS	
Q9H2F5-2	SE	
Q9H2F5-3	SE,AF	
Q9H2G2-2	SE	
Q9H2G9-2	A5SS,AL	
Q9H2H8-2	SE,MXE	
Q9H2J7-2	A5SS,AL	
Q9H2J7-3	A3SS,AF	
Q9H2L5-2		no Ensembl transcript
Q9H2L5-3		no Ensembl transcript
Q9H2L5-4		no Ensembl transcript
Q9H2M3-2	SE	
Q9H2M9-2		no Ensembl transcript
Q9H2P9-2		no Ensembl transcript
Q9H2P9-3		no Ensembl transcript
Q9H2P9-4		no Ensembl transcript
Q9H2P9-5		no Ensembl transcript
Q9H2P9-6	A3SS	
Q9H2R5-2		no Ensembl transcript
Q9H2R5-3		no Ensembl transcript
Q9H2R5-4	SE,A5SS	
Q9H2R5-5	A3SS	
Q9H2S1-2		no Ensembl transcript
Q9H2S5-2		no Ensembl transcript
Q9H2S5-3		no Ensembl transcript
Q9H2S6-2		no Ensembl transcript
Q9H2S6-3		no Ensembl transcript
Q9H2S9-2		no Ensembl transcript
Q9H2T7-2	SE,AL	
Q9H2U1-2	A3SS	
Q9H2U1-3	SE	
Q9H2U2-2		no Ensembl transcript
Q9H2U2-3	SE	
Q9H2U2-4	SE	
Q9H2U2-6	SE	
Q9H2U9-2	A5SS,AL	
Q9H2V7-2	SE	
Q9H2V7-3	SE	
Q9H2V7-4	A3SS	
Q9H2V7-5		no Ensembl transcript
Q9H2W1-2	A5SS,AL	
Q9H2W1-3	A5SS,AL	
Q9H2W1-4	A5SS,AL	
Q9H2W1-5	A5SS,A3SS,AF,AL	
Q9H2W2-2	A3SS	
Q9H2X0-2	SE,AL	
Q9H2X0-3	SE,AL	
Q9H2X0-4	A5SS,A3SS,AL	
Q9H2X0-5	SE	
Q9H2X3-10		no Ensembl transcript
Q9H2X3-2		no Ensembl transcript
Q9H2X3-3	SE,A5SS	
Q9H2X3-4		no Ensembl transcript
Q9H2X3-5		no Ensembl transcript
Q9H2X3-6		no Ensembl transcript
Q9H2X3-7		no Ensembl transcript
Q9H2X3-8		no Ensembl transcript
Q9H2X3-9	SE,A5SS	
Q9H2X6-2		no Ensembl transcript
Q9H2X6-3	A3SS	
Q9H2X9-2	SE,AF	
Q9H2Y7-2	SE,AF	
Q9H2Y9-2	SE	
Q9H2Y9-3	SE,A5SS	
Q9H300-2	SE	
Q9H305-2	A3SS	
Q9H305-3	A5SS,A3SS	
Q9H310-2		canonical and isoform share a transcript
Q9H310-3		no Ensembl transcript
Q9H310-4		canonical and isoform share a transcript
Q9H310-5		no Ensembl transcript
Q9H313-2	A3SS	
Q9H313-3	SE,A5SS,AL	
Q9H313-4		no Ensembl transcript
Q9H313-5		no Ensembl transcript
Q9H321-2		no Ensembl transcript
Q9H324-2	A3SS,AF	
Q9H329-2	SE,AL	
Q9H330-3		no Ensembl transcript
Q9H330-4	SE,A5SS,AL	
Q9H334-3		no Ensembl transcript
Q9H334-4		no Ensembl transcript
Q9H334-5	SE,AL	
Q9H334-6	SE	
Q9H334-7	A3SS	
Q9H334-8	SE,MXE	
Q9H336-2	SE,A3SS,AF	
Q9H3C7-2		no Ensembl transcript
Q9H3C7-3		no Ensembl transcript
Q9H3D4-10	SE,MXE,AF	
Q9H3D4-11	A5SS	
Q9H3D4-12	SE,A5SS,AF	
Q9H3D4-2	SE,AF	
Q9H3D4-3	SE,A5SS	
Q9H3D4-4	SE,MXE,A5SS,AF	
Q9H3D4-5	SE,AL	
Q9H3D4-6	SE,AF,AL	
Q9H3D4-7	SE,A5SS	
Q9H3D4-8	SE,MXE,A5SS,AF	
Q9H3D4-9		no Ensembl transcript
Q9H3E2-2	SE,A3SS,AF	
Q9H3F6-2		canonical and isoform share a transcript
Q9H3F6-3		no Ensembl transcript
Q9H3H1-2		no Ensembl transcript
Q9H3H1-3		no Ensembl transcript
Q9H3H1-4	SE	
Q9H3H1-5	SE,A3SS	
Q9H3H1-6	SE,A3SS,AF	
Q9H3H3-1		canonical and isoform share a transcript
Q9H3H3-3	A3SS,AF	
Q9H3H5-2		no Ensembl transcript
Q9H3H5-3		no Ensembl transcript
Q9H3J6-2	A5SS,AL	
Q9H3K6-2	SE,AL	
Q9H3M7-2	A3SS,AF	
Q9H3N8-2	SE,A3SS	
Q9H3P2-7		no Ensembl transcript
Q9H3Q1-2	A5SS,A3SS,RI	
Q9H3R0-2	A5SS,AL	
Q9H3R0-3	SE,AL	
Q9H3R0-4	SE,AL	
Q9H3R1-2	SE,A5SS,A3SS,AF,AL	
Q9H3S1-2	SE,A3SS,AF	
Q9H3S4-2		no Ensembl transcript
Q9H3T2-2	SE,MXE	
Q9H3T2-3	SE	
Q9H3T3-3	A5SS,AL	
Q9H3U1-2	A5SS	
Q9H3U1-3		no Ensembl transcript
Q9H3U5-2	SE,A5SS,AL	
Q9H3U5-3		no Ensembl transcript
Q9H3U5-4		identical exon structure
Q9H3U5-5	SE,A3SS	
Q9H3U5-6	A3SS	
Q9H3U7-2	A3SS	
Q9H3Y8-2		no Ensembl transcript
Q9H3Z4-2	SE,AL	
Q9H400-2		no Ensembl transcript
Q9H410-2		no Ensembl transcript
Q9H410-3	SE	
Q9H410-4	A3SS,AF	
Q9H422-2	SE	
Q9H425-2	A3SS,AF	
Q9H425-3	A3SS	
Q9H426-2	A3SS	
Q9H446-2	A3SS,AF	
Q9H477-2		no Ensembl transcript
Q9H488-2	SE,AL	
Q9H490-2	SE	
Q9H492-2	SE,AF	
Q9H497-2	SE,AL	
Q9H497-3		no Ensembl transcript
Q9H4A3-2	SE,A3SS	
Q9H4A3-4	SE,AF	
Q9H4A3-5	SE,MXE	
Q9H4A3-6	SE,MXE	
Q9H4A3-7	SE	
Q9H4A5-2	SE	
Q9H4A9-2		no Ensembl transcript
Q9H4A9-3	AL	
Q9H4B0-2	A5SS,AL	
Q9H4B0-3		no Ensembl transcript
Q9H4D5-2		no Ensembl transcript
Q9H4E5-2		no Ensembl transcript
Q9H4F8-2	A3SS	
Q9H4G0-2	SE,A3SS,AF	
Q9H4G0-3	SE,A3SS,AF	
Q9H4G0-4	SE,AF	
Q9H4H8-2		no Ensembl transcript
Q9H4I0-2	SE,AL	
Q9H4I2-2	A5SS	
Q9H4I3-2		no Ensembl transcript
Q9H4I8-2	SE	
Q9H4I8-3	SE,A5SS,A3SS	
Q9H4K7-2		no Ensembl transcript
Q9H4L5-2	SE	
Q9H4L5-3	SE	
Q9H4L5-4	SE	
Q9H4L5-5	A5SS,AL	
Q9H4L5-6	SE,A5SS,AL	
Q9H4L5-7	SE,A5SS,AL	
Q9H4L5-8	SE,A5SS,AL	
Q9H4L7-2	A3SS	
Q9H4L7-3	A3SS,AF	
Q9H4M3-2	SE,A5SS	
Q9H4M7-2	SE,A5SS,AL	
Q9H4P4-2	A3SS,AF	
Q9H4W6-2	A5SS,A3SS	
Q9H4X1-2		no Ensembl transcript
Q9H4Y5-2	SE	
Q9H4Y5-3	A3SS,AF	
Q9H4Z2-2		no Ensembl transcript
Q9H503-2	A3SS,AF	
Q9H553-2	SE,AF	
Q9H579-2		no Ensembl transcript
Q9H582-2		no Ensembl transcript
Q9H582-3	SE,A3SS	
Q9H5I1-2	A3SS,AF	
Q9H5I1-3	A5SS	
Q9H5I5-2	SE	
Q9H5I5-3		no Ensembl transcript
Q9H5I5-4	SE	
Q9H5N1-2	SE	
Q9H5P4-1		canonical and isoform share a transcript
Q9H5P4-2		no Ensembl transcript
Q9H5U6-2	SE,A5SS,AL	
Q9H5U6-3		no Ensembl transcript
Q9H5V8-2		no Ensembl transcript
Q9H5V8-3	A5SS,AL	
Q9H5V9-2	A3SS,AF	
Q9H5V9-3	SE	
Q9H5X1-2	SE,A5SS,AL	
Q9H5Z1-2	SE	
Q9H5Z6-2	SE,AL	
Q9H611-2		no Ensembl transcript
Q9H611-3	SE,AL	
Q9H611-4		identical exon structure
Q9H633-2	A5SS,A3SS,RI	
Q9H633-3	A5SS	
Q9H633-4	A3SS	
Q9H665-2	SE	
Q9H672-2	A5SS,AL	
Q9H694-2		no Ensembl transcript
Q9H6A0-2	SE,AF	
Q9H6A9-2		no Ensembl transcript
Q9H6A9-3		no Ensembl transcript
Q9H6D7-2	SE	
Q9H6D7-3	A3SS,AF	
Q9H6D7-4	SE	
Q9H6F5-2	A3SS,AF	
Q9H6H4-2	SE,A5SS,AL	
Q9H6J7-2	A3SS	
Q9H6J7-3	A5SS,AL	
Q9H6J7-4	SE,AL	
Q9H6K1-2	SE	
Q9H6K4-2	SE,AL	
Q9H6K5-2		no Ensembl transcript
Q9H6L2-2	A3SS,RI	
Q9H6L2-3	A3SS,AF	
Q9H6L4-2	A5SS	
Q9H6L5-2	SE,AF	
Q9H6P5-2	SE,AL	
Q9H6P5-3	SE,A5SS,AL	
Q9H6Q3-2	A5SS,A3SS	
Q9H6Q3-3		no Ensembl transcript
Q9H6Q3-4		no Ensembl transcript
Q9H6Q4-2		no Ensembl transcript
Q9H6Q4-3	AF	
Q9H6R0-2	SE,A3SS	
Q9H6R3-2	SE	
Q9H6R4-2		no Ensembl transcript
Q9H6R4-3	SE	
Q9H6R4-4		no Ensembl transcript
Q9H6R6-2	A3SS	
Q9H6R7-2	SE,A5SS	
Q9H6R7-3		no Ensembl transcript
Q9H6S1-3		no Ensembl transcript
Q9H6S1-4	SE,AL	
Q9H6S1-5	SE,AL	
Q9H6S3-2		no Ensembl transcript
Q9H6S3-3	A3SS	
Q9H6T0-2	A3SS	
Q9H6T3-2	SE	
Q9H6T3-3	A3SS,AF	
Q9H6U6-2	SE	
Q9H6U6-3	SE,MXE	
Q9H6U6-6	SE,A3SS,AF	
Q9H6U6-7	SE,MXE,A5SS	
Q9H6U6-8	SE	
Q9H6U8-2	A3SS,AF	
Q9H6U8-3	A3SS	
Q9H6U8-4	A3SS,AF	
Q9H6V9-2		no Ensembl transcript
Q9H6V9-3	SE	
Q9H6V9-4	A3SS,AF	
Q9H6W3-2		no Ensembl transcript
Q9H6X2-2	SE,AL	
Q9H6X2-3	A5SS,AL	
Q9H6X2-4	SE,AL	
Q9H6X2-5		no Ensembl transcript
Q9H6X2-6		no Ensembl transcript
Q9H6X4-2	SE	
Q9H6X4-3	AL	
Q9H6X5-2	A5SS,A3SS	
Q9H6Y2-2		no Ensembl transcript
Q9H6Y5-2	A3SS,RI,AF	
Q9H6Y5-3		no Ensembl transcript
Q9H6Y7-2	A3SS,AF	
Q9H6Z4-2	A5SS	
Q9H6Z4-3	SE	
Q9H706-2		no Ensembl transcript
Q9H706-3	A3SS	
Q9H714-1		no Ensembl transcript
Q9H714-2		no Ensembl transcript
Q9H714-3	A3SS,AF	
Q9H714-4	SE,A5SS	
Q9H714-6	A3SS	
Q9H788-2	SE,AF	
Q9H799-5		no Ensembl transcript
Q9H7B4-2		no Ensembl transcript
Q9H7B4-3	A3SS,AF	
Q9H7C4-2	SE,A5SS	
Q9H7C9-2		no Ensembl transcript
Q9H7C9-3	SE,AL	
Q9H7D0-2	A5SS,AL	
Q9H7D7-2	A5SS,A3SS	
Q9H7D7-3		no Ensembl transcript
Q9H7D7-4		no Ensembl transcript
Q9H7E2-2	A3SS	
Q9H7E2-3	A3SS,AF	
Q9H7E9-2	A5SS	
Q9H7F0-2		no Ensembl transcript
Q9H7H0-2	A3SS	
Q9H7H0-3	A5SS,RI	
Q9H7P6-2	A5SS,AL	
Q9H7P9-2	SE,A3SS	
Q9H7P9-3		no Ensembl transcript
Q9H7R0-2	A3SS,AF	
Q9H7T0-2		no Ensembl transcript
Q9H7T9-2	A5SS,AL	
Q9H7U1-2	A5SS,AL	
Q9H7U1-3	SE,A5SS	
Q9H7U1-4	A3SS,AF	
Q9H7X0-2	SE,AF	
Q9H7X0-3	A3SS,AF	
Q9H7X0-4	SE	
Q9H7X0-5	SE	
Q9H7X7-2	SE	
Q9H7X7-3	A3SS,AF	
Q9H7Y0-2	SE,AL	
Q9H7Z6-2	A5SS,AL	
Q9H808-2	A3SS,AF	
Q9H813-2	SE	
Q9H825-2	A3SS,AF	
Q9H832-2		no Ensembl transcript
Q9H841-1		canonical and isoform share a transcript
Q9H857-2	SE,AF	
Q9H857-3	SE,MXE,AF	
Q9H857-4		no Ensembl transcript
Q9H867-1		canonical and isoform share a transcript
Q9H867-2		no Ensembl transcript
Q9H867-3		no Ensembl transcript
Q9H867-5	A5SS,AL	
Q9H869-2	A3SS,AF	
Q9H869-3	A3SS,AF	
Q9H869-4	A3SS,AF	
Q9H869-5	A3SS,AF	
Q9H869-6	A3SS,AF	
Q9H869-7		no Ensembl transcript
Q9H869-8	A3SS,AF	
Q9H869-9	A3SS,AF	
Q9H871-2		no Ensembl transcript
Q9H875-2		no Ensembl transcript
Q9H892-2	SE,AL	
Q9H898-2	SE	
Q9H8E8-2	A3SS,AF	
Q9H8G2-2	A3SS,AF	
Q9H8H0-2	SE,A5SS,AL	
Q9H8H2-2		no Ensembl transcript
Q9H8H2-3		no Ensembl transcript
Q9H8H2-4		no Ensembl transcript
Q9H8J5-2	A5SS,A3SS,RI	
Q9H8M1-2	SE,AF	
Q9H8M2-1		canonical and isoform share a transcript
Q9H8M2-2		no Ensembl transcript
Q9H8M2-3		no Ensembl transcript
Q9H8M2-4		no Ensembl transcript
Q9H8M2-6		canonical and isoform share a transcript
Q9H8M5-2	SE	
Q9H8M5-3	SE,AL	
Q9H8M7-2	A5SS,AL	
Q9H8S5-2	SE,MXE,AL	
Q9H8S9-2		no Ensembl transcript
Q9H8T0-2	A3SS	
Q9H8V3-2	SE,A3SS	
Q9H8V3-3	SE	
Q9H8V3-4	SE	
Q9H8W5-2	A5SS	
Q9H8X9-2	AF,AL	
Q9H8Y8-2	SE,A3SS	
Q9H8Y8-3		no Ensembl transcript
Q9H900-2	A3SS,AF	
Q9H902-2	SE,A3SS	
Q9H902-3	SE,AF	
Q9H902-4	SE,A5SS	
Q9H903-1		canonical and isoform share a transcript
Q9H903-2		no Ensembl transcript
Q9H903-3		no Ensembl transcript
Q9H903-5	SE	
Q9H910-2	A3SS,AF	
Q9H910-3	SE	
Q9H920-2		no Ensembl transcript
Q9H930-1		canonical and isoform share a transcript
Q9H930-2	SE,A5SS,AL	
Q9H930-3	A5SS,A3SS,AF,AL	
Q9H939-2	SE,A5SS,AL	
Q9H944-2	A5SS	
Q9H972-2	A5SS,A3SS,RI	
Q9H974-2	A3SS,AF	
Q9H974-3	SE,AF	
Q9H974-4	A3SS,AF	
Q9H977-3	SE,AF	
Q9H977-4		identical exon structure
Q9H981-2	A3SS,AF	
Q9H981-3		no Ensembl transcript
Q9H987-2	SE,AF	
Q9H992-2	SE,AF	
Q9H9A5-2	A3SS	
Q9H9A5-3	SE	
Q9H9A5-4		no Ensembl transcript
Q9H9A5-5		no Ensembl transcript
Q9H9A5-6	SE,AF	
Q9H9B1-2	SE,A5SS,AL	
Q9H9B1-3		no Ensembl transcript
Q9H9B1-4	SE,AL	
Q9H9C1-2	SE	
Q9H9E3-2	SE,AL	
Q9H9E3-3		no Ensembl transcript
Q9H9G7-2	A3SS,AF	
Q9H9J4-2		identical exon structure
Q9H9L4-4	SE,A5SS,AL	
Q9H9L7-2	SE	
Q9H9P2-2	A3SS,AF	
Q9H9P2-3		no Ensembl transcript
Q9H9P2-4	SE,AF	
Q9H9P5-1		no Ensembl transcript
Q9H9P5-2	A3SS,AF	
Q9H9P5-3	SE,A5SS,AF	
Q9H9P5-5	SE,AL	
Q9H9P5-6		no Ensembl transcript
Q9H9P8-2		no Ensembl transcript
Q9H9Q2-2	A3SS,AF	
Q9H9Q2-3	SE,A5SS	
Q9H9Q4-2		identical exon structure
Q9H9R9-2	SE,AF	
Q9H9R9-3		no Ensembl transcript
Q9H9S0-2	A3SS	
Q9H9S3-2	SE,AL	
Q9H9S3-3	SE	
Q9H9T3-2	A3SS,AF	
Q9H9T3-4	SE,A3SS,AF	
Q9H9T3-5	A3SS,AF	
Q9H9V9-2		no Ensembl transcript
Q9H9Y6-2	SE	
Q9H9Y6-3	A3SS,AF	
Q9H9Y6-4	A3SS,AF	
Q9H9Y6-5	SE,A5SS	
Q9HA38-2	A3SS	
Q9HA47-2	SE,A5SS	
Q9HA47-3	A5SS	
Q9HA47-4	A5SS,A3SS	
Q9HA65-2	SE	
Q9HA65-3		no Ensembl transcript
Q9HA72-2		no Ensembl transcript
Q9HA72-3	A5SS	
Q9HA90-2		no Ensembl transcript
Q9HA92-2	SE,A5SS,AL	
Q9HAB8-2	A3SS,AF	
Q9HAC7-2	SE	
Q9HAC7-3	SE	
Q9HAC7-4	SE	
Q9HAD4-2	SE	
Q9HAE3-2	SE	
Q9HAF1-2	SE,AL	
Q9HAF1-3	SE	
Q9HAF1-4	SE,AL	
Q9HAH7-1		no Ensembl transcript
Q9HAJ7-2	SE,A3SS	
Q9HAJ7-3	SE	
Q9HAK2-2	SE,A3SS,AF,AL	
Q9HAP2-2	A3SS,AF	
Q9HAP2-3		no Ensembl transcript
Q9HAP2-4		no Ensembl transcript
Q9HAP2-5		no Ensembl transcript
Q9HAP6-2	SE	
Q9HAQ2-2	SE	
Q9HAR2-2	SE,A5SS	
Q9HAR2-3		no Ensembl transcript
Q9HAR2-4	SE	
Q9HAS3-2		no Ensembl transcript
Q9HAT0-2	A5SS,AL	
Q9HAT1-3	SE,A5SS	
Q9HAT2-2	A3SS,AF	
Q9HAU0-2	SE	
Q9HAU0-3		no Ensembl transcript
Q9HAU0-4	SE	
Q9HAU0-5		no Ensembl transcript
Q9HAU0-6	SE	
Q9HAU0-7	SE,AL	
Q9HAU0-8	SE,A3SS,AF	
Q9HAV5-2	SE,A3SS	
Q9HAV5-3		no Ensembl transcript
Q9HAW0-2		no Ensembl transcript
Q9HAW4-2	SE	
Q9HAW4-3	SE,AL	
Q9HAW7-2	SE,AL	
Q9HAW8-2	SE,AL	
Q9HAW9-2	SE,AL	
Q9HAZ2-2	A3SS	
Q9HAZ2-3		no Ensembl transcript
Q9HAZ2-4		no Ensembl transcript
Q9HB09-2	SE,A5SS,AL	
Q9HB09-3	A3SS	
Q9HB21-2	SE,AL	
Q9HB29-2	SE,A3SS,AF	
Q9HB40-2	SE,AL	
Q9HB55-2	A3SS	
Q9HB55-3	SE,A5SS	
Q9HB55-4	SE,AL	
Q9HB55-6	SE,MXE	
Q9HB58-2		no Ensembl transcript
Q9HB58-3	SE,AL	
Q9HB58-4		no Ensembl transcript
Q9HB58-5		no Ensembl transcript
Q9HB58-6	SE	
Q9HB58-7	SE,A3SS,AF,AL	
Q9HB63-2	SE	
Q9HB63-3	A3SS,AF	
Q9HB65-2		no Ensembl transcript
Q9HB71-2	A5SS,AL	
Q9HB71-3	A3SS,AF	
Q9HB75-2	A5SS	
Q9HB75-3		no Ensembl transcript
Q9HB75-4		no Ensembl transcript
Q9HB75-5		no Ensembl transcript
Q9HB75-6		no Ensembl transcript
Q9HB75-7		no Ensembl transcript
Q9HBA0-2	SE	
Q9HBA0-3		no Ensembl transcript
Q9HBA0-4	SE	
Q9HBA0-5	A5SS,A3SS,RI	
Q9HBA0-6	SE	
Q9HBB8-2	SE	
Q9HBB8-4	A3SS	
Q9HBD1-2	A5SS,RI,AL	
Q9HBD1-3		no Ensembl transcript
Q9HBD1-4	A5SS,AL	
Q9HBD1-5	A5SS,AL	
Q9HBD1-6		no Ensembl transcript
Q9HBE1-2	A5SS,A3SS	
Q9HBE1-3	SE	
Q9HBE1-4	SE,AL	
Q9HBE4-2	A5SS,AL	
Q9HBF4-2	A3SS,AF	
Q9HBF4-3	A3SS	
Q9HBG6-10	SE,A3SS	
Q9HBG6-11		no Ensembl transcript
Q9HBG6-3	SE	
Q9HBG6-4	SE,A3SS	
Q9HBG6-5	SE	
Q9HBG6-6	SE,MXE,A3SS	
Q9HBG6-7	SE,A3SS,AF	
Q9HBG6-8	SE,A3SS,AF	
Q9HBG6-9		no Ensembl transcript
Q9HBG7-2	A3SS	
Q9HBG7-3		no Ensembl transcript
Q9HBG7-4		no Ensembl transcript
Q9HBH0-2	A5SS,AL	
Q9HBH9-2	SE,AL	
Q9HBI0-2		no Ensembl transcript
Q9HBI0-3	A5SS,AL	
Q9HBI0-4		no Ensembl transcript
Q9HBI0-5		no Ensembl transcript
Q9HBI1-2	SE,AF	
Q9HBI1-3	SE,AF	
Q9HBK9-2		no Ensembl transcript
Q9HBL0-1		canonical and isoform share a transcript
Q9HBL0-2	SE,A3SS,AF,AL	
Q9HBL6-2	A3SS,AF	
Q9HBM0-2	SE,A5SS,A3SS,AF	
Q9HBM0-5		no Ensembl transcript
Q9HBM0-6	SE,AL	
Q9HBQ8-2		no Ensembl transcript
Q9HBR0-2	A5SS,AL	
Q9HBR0-3		no Ensembl transcript
Q9HBT8-2	SE,AF	
Q9HBU1-2	A3SS,AF	
Q9HBU6-2	SE,AL	
Q9HBU9-2	SE,AL	
Q9HBX8-1		canonical and isoform share a transcript
Q9HBX8-2	SE,MXE,AF	
Q9HBX9-2	SE	
Q9HBX9-3	SE,AL	
Q9HBX9-4	SE	
Q9HBX9-5		no Ensembl transcript
Q9HBY8-1		no Ensembl transcript
Q9HBY8-3		no Ensembl transcript
Q9HBZ2-2	A3SS,AF	
Q9HC07-2		no Ensembl transcript
Q9HC10-2	SE,A3SS,AF,AL	
Q9HC10-3	A3SS,AF	
Q9HC10-4	A3SS,AF	
Q9HC10-5	SE,AL	
Q9HC16-3	A5SS,AL	
Q9HC21-2	SE	
Q9HC23-2	SE	
Q9HC29-2	A3SS,AF	
Q9HC29-3		no Ensembl transcript
Q9HC35-2	SE	
Q9HC38-2	SE,MXE	
Q9HC38-3		no Ensembl transcript
Q9HC56-2	SE	
Q9HC62-2		no Ensembl transcript
Q9HC73-2		no Ensembl transcript
Q9HC73-3	A3SS,AF	
Q9HC77-2	SE,A5SS,AL	
Q9HC78-2	A3SS,AF	
Q9HC96-2	A5SS,A3SS,AL	
Q9HC96-3	SE	
Q9HC96-4	SE,A5SS,AL	
Q9HC96-5	SE,AL	
Q9HC96-6	A5SS,AL	
Q9HC96-7	SE,AL	
Q9HC96-8	SE	
Q9HC97-2	A3SS,AF	
Q9HC98-2	A3SS,AF	
Q9HC98-3	A3SS,AF	
Q9HC98-4	A3SS,AF	
Q9HCC0-2	SE	
Q9HCC8-2	A3SS,AF	
Q9HCC8-3	SE	
Q9HCC9-2	SE	
Q9HCC9-3	A3SS,AF	
Q9HCC9-4		no Ensembl transcript
Q9HCC9-5		no Ensembl transcript
Q9HCC9-6	SE,AL	
Q9HCC9-7	SE,MXE,AL	
Q9HCC9-8	A5SS,A3SS,AF,AL	
Q9HCD6-2	SE	
Q9HCD6-3		no Ensembl transcript
Q9HCD6-4		no Ensembl transcript
Q9HCE0-2		no Ensembl transcript
Q9HCE1-2		no Ensembl transcript
Q9HCE1-3	SE,AL	
Q9HCE6-2	SE	
Q9HCE6-3	SE	
Q9HCE6-4	SE,MXE,AF	
Q9HCE6-5		no Ensembl transcript
Q9HCE7-2	SE	
Q9HCE9-2		no Ensembl transcript
Q9HCF6-10		no Ensembl transcript
Q9HCF6-11		no Ensembl transcript
Q9HCF6-12		no Ensembl transcript
Q9HCF6-2		no Ensembl transcript
Q9HCF6-3		no Ensembl transcript
Q9HCF6-4		no Ensembl transcript
Q9HCF6-5		no Ensembl transcript
Q9HCF6-6		no Ensembl transcript
Q9HCF6-7		no Ensembl transcript
Q9HCF6-8		no Ensembl transcript
Q9HCG1-2	SE,AL	
Q9HCG7-2	SE,AL	
Q9HCG7-3		no Ensembl transcript
Q9HCH0-2	A5SS,AL	
Q9HCH0-4		no Ensembl transcript
Q9HCH3-2	A3SS,AF	
Q9HCH5-11		no Ensembl transcript
Q9HCH5-12		no Ensembl transcript
Q9HCH5-13	A3SS	
Q9HCH5-14	SE,A3SS,AF	
Q9HCH5-15		no Ensembl transcript
Q9HCH5-2	A3SS,AF	
Q9HCH5-4	SE,A3SS,AF	
Q9HCH5-6	SE,MXE	
Q9HCH5-7		no Ensembl transcript
Q9HCH5-8		no Ensembl transcript
Q9HCH5-9	SE,A3SS,AF	
Q9HCI6-2		no Ensembl transcript
Q9HCI7-2	A3SS,AF	
Q9HCJ0-2		canonical and isoform share a transcript
Q9HCJ1-2		no Ensembl transcript
Q9HCJ3-2	A3SS	
Q9HCK4-2		no Ensembl transcript
Q9HCK4-3	SE,AF	
Q9HCK8-2	SE,AF	
Q9HCL0-2	A3SS	
Q9HCM2-2	SE,AL	
Q9HCM2-3	SE,AL	
Q9HCM2-4		no Ensembl transcript
Q9HCM3-2	A3SS	
Q9HCM3-3		no Ensembl transcript
Q9HCM3-4		no Ensembl transcript
Q9HCM4-2	SE,AL	
Q9HCM4-3	A3SS	
Q9HCM4-4	SE,A5SS	
Q9HCM9-2	SE	
Q9HCN2-2	SE,AL	
Q9HCN2-3	A5SS,AL	
Q9HCN2-4	A3SS	
Q9HCN4-2	A3SS,AF	
Q9HCN4-3	SE,A3SS,AF	
Q9HCN4-4	SE,MXE,AF	
Q9HCN4-5	A3SS	
Q9HCN6-2	SE	
Q9HCN6-3	A5SS	
Q9HCP0-2	SE,AL	
Q9HCQ5-2	A3SS,AF	
Q9HCQ7-2		no Ensembl transcript
Q9HCR9-2	SE,AF	
Q9HCR9-3	A3SS,AF	
Q9HCR9-4	A3SS,AF	
Q9HCS2-2	A5SS,AL	
Q9HCU0-2		no Ensembl transcript
Q9HCU8-2	SE,A5SS	
Q9HCX4-2	SE	
Q9HCX4-3	SE	
Q9HD20-2	SE,AF	
Q9HD20-3		no Ensembl transcript
Q9HD23-2	A5SS,AL	
Q9HD23-3	SE,A5SS,AL	
Q9HD23-4	SE,A3SS	
Q9HD26-2	SE	
Q9HD26-3		no Ensembl transcript
Q9HD33-2	A3SS	
Q9HD33-3	A3SS,AF	
Q9HD40-2	SE,A5SS,AL	
Q9HD40-3		no Ensembl transcript
Q9HD42-2		no Ensembl transcript
Q9HD43-2		no Ensembl transcript
Q9HD43-3	SE	
Q9HD47-2	A5SS,AL	
Q9HD47-3	A5SS,RI,AL	
Q9HD47-4	SE,A5SS	
Q9HD64-4	A5SS,AL	
Q9HD67-2	SE,AL	
Q9HD67-3		no Ensembl transcript
Q9HD89-2	SE	
Q9HDB5-2	A5SS,A3SS	
Q9HDB5-3		no Ensembl transcript
Q9HDB5-4	SE,A3SS	
Q9HDC9-2	SE,A5SS	
Q9HDD0-2	AF	
Q9NNW7-2		no Ensembl transcript
Q9NNW7-3	A3SS,AF	
Q9NNW7-4		no Ensembl transcript
Q9NNX1-2	SE	
Q9NNX1-3	SE	
Q9NNX6-10	SE,A3SS,AF	
Q9NNX6-11		no Ensembl transcript
Q9NNX6-12	SE,A5SS,A3SS,AF	
Q9NNX6-2	A3SS	
Q9NNX6-3	A5SS	
Q9NNX6-4	SE,A5SS,A3SS	
Q9NNX6-5		no Ensembl transcript
Q9NNX6-6	SE	
Q9NNX6-7	SE	
Q9NNX6-8		no Ensembl transcript
Q9NNX6-9		no Ensembl transcript
Q9NP31-2	A3SS	
Q9NP31-3	A3SS	
Q9NP31-4	A3SS	
Q9NP50-2	A3SS,AF	
Q9NP55-2		no Ensembl transcript
Q9NP58-4	SE	
Q9NP61-2	SE	
Q9NP64-2	A5SS,A3SS,AF	
Q9NP64-3	SE,AF	
Q9NP66-2		no Ensembl transcript
Q9NP70-2	A3SS	
Q9NP71-2	A3SS	
Q9NP71-3	A3SS	
Q9NP71-4	A3SS	
Q9NP71-5	SE,A5SS,AL	
Q9NP71-6		no Ensembl transcript
Q9NP72-2	SE	
Q9NP72-3	SE	
Q9NP73-2	SE,AL	
Q9NP73-3		canonical and isoform share a transcript
Q9NP73-4	SE,A3SS,AF	
Q9NP74-2		no Ensembl transcript
Q9NP74-3		no Ensembl transcript
Q9NP77-2	A5SS,AL	
Q9NP78-2	SE	
Q9NP78-3		no Ensembl transcript
Q9NP78-5	SE,AL	
Q9NP78-6	SE,AL	
Q9NP78-7	SE	
Q9NP79-2	SE,A3SS	
Q9NP80-2	A5SS	
Q9NP80-3	A3SS	
Q9NP81-2	SE,A3SS	
Q9NP84-2	SE	
Q9NP85-2	SE	
Q9NP87-2	SE,A3SS	
Q9NP87-3	SE,A5SS	
Q9NP91-2	SE	
Q9NP94-2	AL	
Q9NP97-2	SE,AL	
Q9NP99-2	SE,A5SS	
Q9NP99-3	A5SS,AL	
Q9NPA1-2	SE,AF	
Q9NPA1-3	A3SS,AF	
Q9NPA1-4	SE,AF	
Q9NPA1-5	SE,AF,AL	
Q9NPA8-2	A3SS,AF	
Q9NPB0-2		canonical and isoform share a transcript
Q9NPB3-2	SE	
Q9NPB6-2	A3SS	
Q9NPC7-2	SE	
Q9NPC7-3		no Ensembl transcript
Q9NPC7-4	AL	
Q9NPD5-2	SE,AL	
Q9NPE2-3		no Ensembl transcript
Q9NPF0-2	SE	
Q9NPF2-2	A5SS	
Q9NPF8-2	A3SS	
Q9NPG3-2	SE	
Q9NPH0-2	SE,AL	
Q9NPH2-2	A3SS,AF	
Q9NPH2-3	SE	
Q9NPH3-2	A5SS,AL	
Q9NPH3-3	SE,A5SS,AL	
Q9NPH3-5	SE,AL	
Q9NPH5-2	A3SS,AF	
Q9NPH5-3	SE	
Q9NPH5-4	SE	
Q9NPH5-5	SE,A5SS,AL	
Q9NPH5-6	SE	
Q9NPH5-7	SE,AL	
Q9NPH5-8	A3SS,AF	
Q9NPH5-9	SE,A3SS,AF	
Q9NPH6-2	SE,A5SS,AL	
Q9NPH6-3		no Ensembl transcript
Q9NPI0-2	A5SS,AL	
Q9NPI0-3	A5SS,AL	
Q9NPI1-2	A3SS	
Q9NPI5-3	A3SS	
Q9NPI6-2	SE	
Q9NPJ3-2	SE,AF	
Q9NPJ4-2		no Ensembl transcript
Q9NPJ6-2	A3SS,AF	
Q9NPJ8-3	A3SS,AF	
Q9NPJ8-4	A3SS,AF	
Q9NPP4-2	SE	
Q9NPP4-3		no Ensembl transcript
Q9NPP4-4		no Ensembl transcript
Q9NPQ8-2	A3SS,RI,AF	
Q9NPQ8-3	A3SS	
Q9NPQ8-4		no Ensembl transcript
Q9NPR2-2		no Ensembl transcript
Q9NQ11-2	SE,A5SS	
Q9NQ11-3	A5SS	
Q9NQ25-2	SE	
Q9NQ25-3		no Ensembl transcript
Q9NQ25-4	SE,A5SS	
Q9NQ25-5	SE,A5SS	
Q9NQ25-6	SE	
Q9NQ25-7	SE	
Q9NQ29-2	A5SS,AL	
Q9NQ29-3		no Ensembl transcript
Q9NQ30-2	SE	
Q9NQ31-2	SE	
Q9NQ31-3	SE	
Q9NQ32-2	SE,AL	
Q9NQ34-2	A3SS,AF	
Q9NQ36-2	SE,MXE	
Q9NQ36-3	SE	
Q9NQ38-2	A5SS,AL	
Q9NQ38-3	SE	
Q9NQ40-2	A5SS,AL	
Q9NQ48-2	A3SS,AF	
Q9NQ48-3	SE,A5SS,AF	
Q9NQ55-2		no Ensembl transcript
Q9NQ55-3	A5SS,AL	
Q9NQ60-2	A5SS,AL	
Q9NQ60-3	SE	
Q9NQ66-2	SE,AL	
Q9NQ69-2	A3SS,AF	
Q9NQ69-3	SE,A3SS,AF,AL	
Q9NQ69-4	SE,AL	
Q9NQ75-2		no Ensembl transcript
Q9NQ75-3	SE	
Q9NQ76-2	SE	
Q9NQ76-3		identical exon structure
Q9NQ79-2	SE,AL	
Q9NQ79-3		no Ensembl transcript
Q9NQ84-2	A3SS,AF	
Q9NQ86-2	SE,AL	
Q9NQ86-3	SE,AL	
Q9NQ86-4	SE,AF	
Q9NQ90-2	SE,AF	
Q9NQ94-2	A3SS	
Q9NQ94-3		no Ensembl transcript
Q9NQ94-4	SE,A3SS,AF	
Q9NQ94-5		no Ensembl transcript
Q9NQ94-6	SE	
Q9NQA5-2	A5SS,AL	
Q9NQB0-10	SE,A5SS	
Q9NQB0-11	SE,MXE,A5SS	
Q9NQB0-12	SE,MXE,AL	
Q9NQB0-13	SE,MXE	
Q9NQB0-14	SE,A5SS	
Q9NQB0-15	SE,A5SS,A3SS	
Q9NQB0-16	SE,A3SS	
Q9NQB0-17		no Ensembl transcript
Q9NQB0-2	SE,AL	
Q9NQB0-3		no Ensembl transcript
Q9NQB0-4		no Ensembl transcript
Q9NQB0-5	SE	
Q9NQB0-6	SE,A5SS	
Q9NQB0-7	SE,MXE	
Q9NQB0-8	SE	
Q9NQB0-9	SE,A5SS	
Q9NQC1-2		no Ensembl transcript
Q9NQC1-3	SE,AL	
Q9NQC3-2	SE	
Q9NQC3-3	SE,AF	
Q9NQC3-4		no Ensembl transcript
Q9NQC3-5	SE	
Q9NQC3-6	A3SS,AF	
Q9NQC7-2	SE	
Q9NQC8-2	SE	
Q9NQG6-2	AL	
Q9NQG7-2		no Ensembl transcript
Q9NQG7-3	A3SS,AF	
Q9NQG7-4		no Ensembl transcript
Q9NQH7-2		no Ensembl transcript
Q9NQH7-3	SE,AL	
Q9NQH7-4		no Ensembl transcript
Q9NQH7-5		no Ensembl transcript
Q9NQI0-2	SE	
Q9NQI0-3	SE,MXE,AF	
Q9NQI0-4	SE	
Q9NQL2-2	A3SS,AF	
Q9NQQ7-2	A3SS	
Q9NQQ7-3	A3SS,AF	
Q9NQR1-2	SE,A5SS,AF	
Q9NQR9-2	SE,A5SS,AL	
Q9NQR9-3	SE,A5SS	
Q9NQS3-2		identical exon structure
Q9NQS3-3	SE,MXE,AF,AL	
Q9NQS7-2	SE	
Q9NQT5-2	SE,A5SS	
Q9NQT6-2		no Ensembl transcript
Q9NQT8-2		no Ensembl transcript
Q9NQU5-2	SE	
Q9NQV5-2	A5SS,AL	
Q9NQV6-1		canonical and isoform share a transcript
Q9NQV6-2	SE	
Q9NQV6-4	SE,A5SS,A3SS,AF	
Q9NQV6-5	A5SS	
Q9NQV6-6		no Ensembl transcript
Q9NQV6-7	A5SS,A3SS,AF	
Q9NQV8-2		no Ensembl transcript
Q9NQW1-2	A5SS,A3SS,AL	
Q9NQW1-3		no Ensembl transcript
Q9NQW1-4		no Ensembl transcript
Q9NQW1-5	A3SS	
Q9NQW5-1		no Ensembl transcript
Q9NQW5-2		no Ensembl transcript
Q9NQW6-2	SE	
Q9NQW7-2		no Ensembl transcript
Q9NQW7-3		canonical and isoform share a transcript
Q9NQW7-4	SE	
Q9NQW8-2		no Ensembl transcript
Q9NQX0-1		no Ensembl transcript
Q9NQX0-2		no Ensembl transcript
Q9NQX1-2	SE	
Q9NQX1-3	SE,AL	
Q9NQX1-4	SE,A5SS,AL	
Q9NQX3-2	SE	
Q9NQX4-2	A5SS,AL	
Q9NQX7-2	SE	
Q9NQX7-3	SE	
Q9NQY0-2	A3SS,AF	
Q9NQZ3-2		no Ensembl transcript
Q9NQZ6-2	A5SS,AL	
Q9NQZ6-3	A3SS,AF	
Q9NQZ6-4	SE,A5SS	
Q9NQZ6-5		no Ensembl transcript
Q9NR11-2	SE	
Q9NR12-2	SE,MXE	
Q9NR12-3	SE,A5SS,AL	
Q9NR12-4	SE,A5SS,AL	
Q9NR12-5	SE,AL	
Q9NR12-6	SE,AL	
Q9NR16-2	SE	
Q9NR16-3		no Ensembl transcript
Q9NR16-4	A5SS	
Q9NR19-2	SE	
Q9NR20-2		no Ensembl transcript
Q9NR20-3	A3SS,AF	
Q9NR20-4		no Ensembl transcript
Q9NR20-5		no Ensembl transcript
Q9NR21-1		no Ensembl transcript
Q9NR21-2	SE,A3SS,AF	
Q9NR21-5	SE,AL	
Q9NR22-2	SE,AF	
Q9NR28-2	A3SS	
Q9NR28-3	SE	
Q9NR30-2	A3SS,AF	
Q9NR31-2		no Ensembl transcript
Q9NR46-2	SE	
Q9NR48-2	A3SS	
Q9NR50-2	A5SS,AL	
Q9NR50-3	SE,A5SS	
Q9NR56-2	SE	
Q9NR56-3	SE	
Q9NR56-4	SE,MXE	
Q9NR56-5	SE,MXE	
Q9NR56-6	SE,MXE,A5SS	
Q9NR56-7	SE,MXE	
Q9NR63-2	SE	
Q9NR63-3		no Ensembl transcript
Q9NR71-2	SE	
Q9NR80-3	SE,AF	
Q9NR80-4		no Ensembl transcript
Q9NR81-2	SE,AF	
Q9NR81-3	SE,AF	
Q9NR81-4		no Ensembl transcript
Q9NR82-2	SE	
Q9NR82-3	SE	
Q9NR82-4	A5SS,AL	
Q9NR82-5	SE	
Q9NR82-6	SE	
Q9NR82-7		no Ensembl transcript
Q9NR83-3		no Ensembl transcript
Q9NR83-4		no Ensembl transcript
Q9NR90-2		no Ensembl transcript
Q9NR96-2		no Ensembl transcript
Q9NR96-3		no Ensembl transcript
Q9NR96-4		no Ensembl transcript
Q9NR96-5		no Ensembl transcript
Q9NR97-2	SE,AF	
Q9NRA0-2	A3SS,AF	
Q9NRA0-3		no Ensembl transcript
Q9NRA0-4	A3SS	
Q9NRA0-5		no Ensembl transcript
Q9NRA1-2	A5SS	
Q9NRA1-3		no Ensembl transcript
Q9NRA1-4		no Ensembl transcript
Q9NRA2-2	SE,AL	
Q9NRA8-2	SE,A5SS,A3SS	
Q9NRA8-3	A3SS	
Q9NRC1-2	SE,AL	
Q9NRC1-3		no Ensembl transcript
Q9NRC1-4		no Ensembl transcript
Q9NRC1-5		no Ensembl transcript
Q9NRC1-6	SE,MXE,A5SS,AF,AL	
Q9NRC1-7		no Ensembl transcript
Q9NRC8-2		no Ensembl transcript
Q9NRC8-3		no Ensembl transcript
Q9NRD0-2	A5SS,A3SS,RI	
Q9NRD5-2		no Ensembl transcript
Q9NRD9-2	AF	
Q9NRE2-2	SE,AF	
Q9NRF2-2	SE,A5SS	
Q9NRF2-3	SE,A5SS,AL	
Q9NRG1-2	SE,A5SS	
Q9NRG1-3	SE,AL	
Q9NRG4-2	AL	
Q9NRG7-3		no Ensembl transcript
Q9NRG9-2	SE	
Q9NRH1-2	SE,AL	
Q9NRH2-2		no Ensembl transcript
Q9NRI5-10	SE,A5SS,AL	
Q9NRI5-11	SE,A5SS,AL	
Q9NRI5-2	A5SS	
Q9NRI5-3	SE,AL	
Q9NRI5-4	SE,MXE,AL	
Q9NRI5-5	SE,AL	
Q9NRI5-6	SE,A5SS,AL	
Q9NRI5-7	SE,A5SS,AL	
Q9NRI5-8	SE,A5SS,AL	
Q9NRI5-9	A5SS,AL	
Q9NRJ3-2		no Ensembl transcript
Q9NRJ4-2	SE,A5SS	
Q9NRL2-2	SE	
Q9NRL3-2	SE,A3SS,AF,AL	
Q9NRL3-3	A3SS	
Q9NRM0-2	SE,AF	
Q9NRM6-2		no Ensembl transcript
Q9NRN5-2	SE,AF	
Q9NRN5-3		no Ensembl transcript
Q9NRN7-2	SE,A5SS,AL	
Q9NRP0-2	SE,A5SS	
Q9NRP7-2	A3SS	
Q9NRQ2-2	SE,A3SS,AF	
Q9NRR4-2		no Ensembl transcript
Q9NRR4-3		no Ensembl transcript
Q9NRR4-4	SE	
Q9NRR5-2		no Ensembl transcript
Q9NRR6-2	A3SS	
Q9NRR8-2		no Ensembl transcript
Q9NRS4-2	A3SS	
Q9NRS4-3	A3SS	
Q9NRS4-4	SE,A3SS	
Q9NRS6-2	SE	
Q9NRU3-2	SE	
Q9NRW1-2	SE,AF	
Q9NRW4-2	A5SS,AL	
Q9NRW7-2	SE,MXE,A5SS,A3SS,AF	
Q9NRX4-2	SE,A5SS	
Q9NRY2-2		no Ensembl transcript
Q9NRY7-1		identical exon structure
Q9NRY7-3	A3SS,AF	
Q9NRZ5-2		no Ensembl transcript
Q9NRZ7-2		identical exon structure
Q9NRZ7-3		no Ensembl transcript
Q9NRZ9-2	A3SS,AF	
Q9NRZ9-3	A5SS	
Q9NRZ9-4		no Ensembl transcript
Q9NRZ9-5	SE	
Q9NRZ9-6	SE,A5SS	
Q9NRZ9-7	SE,A5SS,AL	
Q9NRZ9-8	SE,A5SS,AL	
Q9NRZ9-9	SE,A5SS,AL	
Q9NS00-2	A5SS,AL	
Q9NS15-2	SE	
Q9NS18-2	SE,AF	
Q9NS23-2	A3SS	
Q9NS23-3	A3SS,AF	
Q9NS23-4	SE,AF	
Q9NS23-5		no Ensembl transcript
Q9NS23-6	SE,A5SS,AL	
Q9NS23-7	SE,A5SS,AL	
Q9NS23-9		no Ensembl transcript
Q9NS39-2	A3SS,AF	
Q9NS40-2	SE,A5SS,AL	
Q9NS56-2	SE	
Q9NS61-2	SE	
Q9NS61-3	SE	
Q9NS61-4	SE,MXE,AF	
Q9NS61-5	SE,A5SS	
Q9NS61-6	A3SS	
Q9NS61-7	SE,A3SS	
Q9NS61-8	SE,MXE,AF	
Q9NS61-9	SE,A5SS,AL	
Q9NS62-2	SE	
Q9NS62-3	SE,AL	
Q9NS68-2	A5SS,AL	
Q9NS68-3	A5SS,A3SS,AF,AL	
Q9NS73-2		no Ensembl transcript
Q9NS73-3	SE,A5SS	
Q9NS73-5	A3SS	
Q9NS85-2	A3SS,AF	
Q9NS87-2		no Ensembl transcript
Q9NS87-3		no Ensembl transcript
Q9NS87-4		no Ensembl transcript
Q9NSA0-2	SE	
Q9NSA2-2	A3SS,AF	
Q9NSB8-2	A3SS	
Q9NSC2-2	A3SS,AF	
Q9NSC5-2	A3SS	
Q9NSC5-3		no Ensembl transcript
Q9NSC5-4		no Ensembl transcript
Q9NSC5-5	SE	
Q9NSD4-2	A3SS,AF	
Q9NSD5-2	SE	
Q9NSD5-3	A5SS,AL	
Q9NSD9-2		no Ensembl transcript
Q9NSE2-2		no Ensembl transcript
Q9NSE2-3	SE,AF	
Q9NSG2-2		identical exon structure
Q9NSG2-3	A3SS,AF	
Q9NSI2-2	A5SS	
Q9NSI6-2	A5SS,AL	
Q9NSI6-3	SE,AL	
Q9NSI6-4	A5SS,AL	
Q9NSI8-2	SE	
Q9NSI8-3	SE,AF	
Q9NSK0-2	AL	
Q9NSK0-3	A3SS,AF	
Q9NSK0-4	A5SS,AL	
Q9NSK0-5	SE	
Q9NSK7-2		no Ensembl transcript
Q9NSK7-3		no Ensembl transcript
Q9NSK7-4		no Ensembl transcript
Q9NSN8-2	SE	
Q9NSP4-2	AL	
Q9NSP4-3	SE,AF	
Q9NSP4-4	SE,A5SS	
Q9NST1-2	A5SS	
Q9NSU2-1		no Ensembl transcript
Q9NSU2-2	A3SS	
Q9NSV4-1		canonical and isoform share a transcript
Q9NSV4-2	A5SS,AL	
Q9NSV4-4	A5SS,A3SS,AF,AL	
Q9NSV4-5	A5SS,A3SS,AF,AL	
Q9NSV4-6	A5SS,A3SS,AF,AL	
Q9NSV4-7	A3SS,AF	
Q9NSY0-2		no Ensembl transcript
Q9NSY0-4		no Ensembl transcript
Q9NSY0-5		no Ensembl transcript
Q9NSY1-2	A5SS,AL	
Q9NSY1-3		no Ensembl transcript
Q9NSY2-3	SE,A5SS,AL	
Q9NT22-2		no Ensembl transcript
Q9NT62-2	A5SS,AL	
Q9NT68-2		no Ensembl transcript
Q9NTG7-2	A3SS,AF	
Q9NTI2-1		canonical and isoform share a transcript
Q9NTI2-3		no Ensembl transcript
Q9NTI5-2	A5SS,AL	
Q9NTI5-3		no Ensembl transcript
Q9NTI5-4		no Ensembl transcript
Q9NTI5-5		no Ensembl transcript
Q9NTJ3-2	SE	
Q9NTJ4-2	A3SS	
Q9NTJ4-3	SE	
Q9NTJ4-4	A3SS	
Q9NTJ5-2	SE,A3SS,AF	
Q9NTK5-2	A3SS,AF	
Q9NTK5-3	SE,A5SS	
Q9NTN3-2		no Ensembl transcript
Q9NTN9-2	A5SS	
Q9NTN9-3	SE,A5SS,AL	
Q9NTW7-2	SE,AF	
Q9NTW7-3	SE,AL	
Q9NTW7-4	SE,A3SS,AL	
Q9NTW7-5	SE,AL	
Q9NTW7-6	SE,MXE,AL	
Q9NTX5-2	A3SS,AF	
Q9NTX5-3	A3SS,AF	
Q9NTX5-4	SE,A5SS,A3SS,AF,AL	
Q9NTX5-5	SE,A5SS,A3SS,AF,AL	
Q9NTX5-6		no Ensembl transcript
Q9NTX7-2	A3SS,AF	
Q9NU63-2		no Ensembl transcript
Q9NU63-3		no Ensembl transcript
Q9NUA8-2		no Ensembl transcript
Q9NUB1-2	A3SS	
Q9NUB1-3	SE,AF	
Q9NUB1-4	SE,A5SS,AL	
Q9NUD5-2		no Ensembl transcript
Q9NUE0-2	A3SS,AF	
Q9NUG4-2	SE,A5SS,AL	
Q9NUG4-3		no Ensembl transcript
Q9NUH8-2	SE	
Q9NUI1-2	SE,AL	
Q9NUI1-3		no Ensembl transcript
Q9NUJ1-2		no Ensembl transcript
Q9NUJ1-3	SE,AL	
Q9NUK0-2	SE,A3SS,AL	
Q9NUK0-3	SE,AF	
Q9NUK0-4	SE,MXE,AF	
Q9NUK0-5	A3SS,AF	
Q9NUL3-2	SE,AF	
Q9NUL3-3	SE,A5SS,AF,AL	
Q9NUL3-4	A5SS,A3SS,AF,AL	
Q9NUL3-5	SE,MXE,AF,AL	
Q9NUL3-6	A3SS,AF	
Q9NUL3-7	SE,A3SS,AF	
Q9NUL3-8	A5SS,AF,AL	
Q9NUL5-2	SE,AF	
Q9NUL5-3	A5SS,AL	
Q9NUL5-4	A3SS	
Q9NUM3-2	SE	
Q9NUM3-3	SE,AL	
Q9NUN5-2	A5SS,A3SS,AL	
Q9NUN5-3	A3SS,AF	
Q9NUN5-4		no Ensembl transcript
Q9NUN7-2		no Ensembl transcript
Q9NUP7-2	A5SS,AL	
Q9NUQ3-2	SE	
Q9NUQ6-2	SE	
Q9NUQ6-3	A3SS,AF	
Q9NUQ6-4	A3SS,AF	
Q9NUQ8-2	A5SS	
Q9NUQ9-2	AF	
Q9NUT2-2	SE	
Q9NUT2-3	SE,A5SS	
Q9NUT2-4	SE,A3SS	
Q9NUT2-5		no Ensembl transcript
Q9NUU7-2	SE,AF	
Q9NUV7-2		no Ensembl transcript
Q9NUW8-2		no Ensembl transcript
Q9NUX5-2		no Ensembl transcript
Q9NUY8-2	SE	
Q9NUZ1-2		no Ensembl transcript
Q9NUZ1-3	SE,AL	
Q9NUZ1-4	SE,AL	
Q9NV06-2		no Ensembl transcript
Q9NV23-2	SE	
Q9NV58-2		no Ensembl transcript
Q9NV58-3		no Ensembl transcript
Q9NV64-2	SE,AL	
Q9NV66-2	SE,A5SS,AL	
Q9NV70-2	SE	
Q9NV72-2	A3SS,AF	
Q9NV79-2	A3SS	
Q9NV79-3		no Ensembl transcript
Q9NV88-2	SE	
Q9NV88-3	A3SS,AF	
Q9NV96-2	SE	
Q9NV96-3	A3SS,AF	
Q9NVA1-2	SE	
Q9NVA1-3		no Ensembl transcript
Q9NVA1-4	SE,A5SS	
Q9NVA1-5	SE	
Q9NVA2-2	SE,AF	
Q9NVA4-2		no Ensembl transcript
Q9NVC3-2		no Ensembl transcript
Q9NVC6-2		no Ensembl transcript
Q9NVD3-2	SE,A5SS,AL	
Q9NVD3-3	SE,AF	
Q9NVD3-4	A5SS,AL	
Q9NVD7-2		no Ensembl transcript
Q9NVE5-2		no Ensembl transcript
Q9NVE5-3		no Ensembl transcript
Q9NVF7-2	SE,A5SS	
Q9NVF9-2	AL	
Q9NVF9-3		canonical and isoform share a transcript
Q9NVG8-2	SE	
Q9NVG8-3		no Ensembl transcript
Q9NVH0-2	A3SS,AF	
Q9NVH1-2		no Ensembl transcript
Q9NVH1-3	SE	
Q9NVH2-2	A5SS	
Q9NVH2-3	A3SS	
Q9NVH2-4	SE	
Q9NVH6-2	SE,AL	
Q9NVH6-3		no Ensembl transcript
Q9NVH6-4	A5SS,AL	
Q9NVH6-5		no Ensembl transcript
Q9NVH6-6	SE	
Q9NVH6-7		no Ensembl transcript
Q9NVH6-8	A3SS,AF	
Q9NVI1-1		identical exon structure
Q9NVI1-2		no Ensembl transcript
Q9NVI1-4	A5SS,AL	
Q9NVI7-2	A3SS	
Q9NVI7-3	A3SS,AF	
Q9NVJ2-2	SE,A5SS	
Q9NVK5-2	SE	
Q9NVK5-3	A5SS,AL	
Q9NVL1-2		no Ensembl transcript
Q9NVL1-3		no Ensembl transcript
Q9NVM4-2		no Ensembl transcript
Q9NVM4-3	SE	
Q9NVM4-4		no Ensembl transcript
Q9NVM9-2		no Ensembl transcript
Q9NVN3-1		canonical and isoform share a transcript
Q9NVN3-3	SE,AF	
Q9NVN3-4	SE,AF,AL	
Q9NVP4-2		no Ensembl transcript
Q9NVP4-3	SE,AL	
Q9NVP4-4	A3SS,AF	
Q9NVP4-5		no Ensembl transcript
Q9NVQ4-2	A3SS,AF	
Q9NVQ4-3	A3SS,AF	
Q9NVR5-2	SE	
Q9NVR7-2	SE,AF	
Q9NVS2-2		no Ensembl transcript
Q9NVS2-3	SE,A5SS	
Q9NVS9-2	SE,A5SS,AL	
Q9NVS9-3	SE	
Q9NVS9-4	SE	
Q9NVT9-2	SE,A3SS	
Q9NVU0-2	SE	
Q9NVU0-3		no Ensembl transcript
Q9NVU0-4	A3SS	
Q9NVU0-5	SE,A3SS	
Q9NVU7-2		canonical and isoform share a transcript
Q9NVV4-2		no Ensembl transcript
Q9NVV5-1		canonical and isoform share a transcript
Q9NVV5-3	SE,AL	
Q9NVV5-4	SE,AL	
Q9NVV5-5	SE,AL	
Q9NVV5-6	SE,AL	
Q9NVV9-2	SE,A5SS	
Q9NVW2-2		no Ensembl transcript
Q9NVX0-2	SE,A3SS	
Q9NVX0-3	SE	
Q9NVX2-2	A3SS,AF	
Q9NVX7-2	A3SS,AF	
Q9NVZ3-2	SE,A5SS	
Q9NVZ3-3		no Ensembl transcript
Q9NVZ3-4	A5SS	
Q9NW08-2	A3SS,AF	
Q9NW13-2	SE	
Q9NW15-2	SE	
Q9NW15-3	SE	
Q9NW15-4	SE	
Q9NW15-5	SE,MXE,AL	
Q9NW38-2	A5SS	
Q9NW64-2	SE,A5SS	
Q9NW68-2	SE,A5SS,AL	
Q9NW68-3	A5SS,A3SS,AL	
Q9NW68-4		no Ensembl transcript
Q9NW68-5		no Ensembl transcript
Q9NW68-6		no Ensembl transcript
Q9NW68-7	A3SS	
Q9NW68-8	SE	
Q9NW68-9	SE	
Q9NW75-2	SE,AL	
Q9NW81-2	SE,A5SS	
Q9NW81-3	SE,MXE,A5SS,AF	
Q9NW81-4	SE,AF	
Q9NW81-5	SE	
Q9NW81-6	SE,A5SS	
Q9NWB1-2	SE,MXE,AF	
Q9NWB1-3	SE	
Q9NWB1-4	SE,MXE,A3SS,AF	
Q9NWB1-5	SE,MXE,A5SS,AF,AL	
Q9NWB6-2	A5SS,AL	
Q9NWB6-3		no Ensembl transcript
Q9NWD8-2	SE,A5SS,AL	
Q9NWF4-2		no Ensembl transcript
Q9NWF9-1		canonical and isoform share a transcript
Q9NWF9-3		no Ensembl transcript
Q9NWH7-2	A5SS	
Q9NWH9-3		no Ensembl transcript
Q9NWK9-2	A5SS,A3SS,RI	
Q9NWM0-2	A5SS,A3SS,RI	
Q9NWM0-3	SE	
Q9NWM0-4	SE,A5SS,A3SS,RI	
Q9NWM0-5		no Ensembl transcript
Q9NWM0-6	SE	
Q9NWM3-2		no Ensembl transcript
Q9NWQ4-1		identical exon structure
Q9NWQ4-4	A5SS,AL	
Q9NWS0-2	A5SS,A3SS,AL	
Q9NWS0-3		no Ensembl transcript
Q9NWS1-2	A3SS,AF	
Q9NWS1-3	A5SS,AL	
Q9NWS1-4	A5SS,AL	
Q9NWS1-5		no Ensembl transcript
Q9NWS1-6	SE,A5SS,A3SS	
Q9NWS1-7	SE,A5SS,A3SS	
Q9NWS6-2		no Ensembl transcript
Q9NWS8-2		no Ensembl transcript
Q9NWS8-3	A5SS,AL	
Q9NWS9-2	A5SS,A3SS,RI	
Q9NWU1-2	A5SS,A3SS,RI	
Q9NWU5-2		no Ensembl transcript
Q9NWU5-3	A3SS,AF	
Q9NWV8-2		no Ensembl transcript
Q9NWV8-3		no Ensembl transcript
Q9NWW0-2	SE	
Q9NWW5-2	SE,AF	
Q9NWW6-2	SE	
Q9NWX5-2	SE,A5SS	
Q9NWZ3-2	A3SS,AF	
Q9NWZ5-2		no Ensembl transcript
Q9NWZ5-3	A5SS,AL	
Q9NWZ5-4	SE,AF	
Q9NX02-2	SE	
Q9NX02-3		no Ensembl transcript
Q9NX02-4	SE	
Q9NX02-5	A5SS,A3SS,RI	
Q9NX04-2	A5SS,AL	
Q9NX05-2	SE,AL	
Q9NX07-2		no Ensembl transcript
Q9NX14-2	A5SS	
Q9NX40-2	A5SS,AL	
Q9NX40-3		no Ensembl transcript
Q9NX40-4	SE	
Q9NX45-2	SE,AL	
Q9NX45-3	SE,AF	
Q9NX52-3	A5SS,AL	
Q9NX55-3		no Ensembl transcript
Q9NX61-2	SE	
Q9NX65-2	A3SS,AF	
Q9NX65-3	A3SS,AF	
Q9NX70-2		identical exon structure
Q9NX78-2		no Ensembl transcript
Q9NX78-3	SE,A5SS,AL	
Q9NX94-2	SE,AF	
Q9NX95-2	SE,AF	
Q9NX95-3	A3SS	
Q9NX95-4	A3SS,AF	
Q9NX95-5	A3SS,AF	
Q9NXA8-2	SE,AL	
Q9NXA8-3	SE	
Q9NXA8-4		identical exon structure
Q9NXB0-2		no Ensembl transcript
Q9NXB0-3		no Ensembl transcript
Q9NXC2-2	A3SS,AF	
Q9NXC2-3		no Ensembl transcript
Q9NXC5-2		no Ensembl transcript
Q9NXD2-2	SE,A3SS,AF,AL	
Q9NXD2-3	SE,A5SS,AL	
Q9NXE4-10		no Ensembl transcript
Q9NXE4-2	SE	
Q9NXE4-3		no Ensembl transcript
Q9NXE4-4		no Ensembl transcript
Q9NXE4-5		no Ensembl transcript
Q9NXE4-6	SE	
Q9NXE4-7		no Ensembl transcript
Q9NXE4-8		no Ensembl transcript
Q9NXE4-9		no Ensembl transcript
Q9NXE8-2		no Ensembl transcript
Q9NXF1-2	A3SS,AF	
Q9NXF8-2	SE	
Q9NXG0-2		no Ensembl transcript
Q9NXG0-3		no Ensembl transcript
Q9NXG6-2	A5SS,AL	
Q9NXG6-3	A5SS,A3SS	
Q9NXH9-2	SE	
Q9NXJ0-2	SE	
Q9NXJ5-2	A3SS,AF	
Q9NXK8-2	AF	
Q9NXL2-1		canonical and isoform share a transcript
Q9NXL6-2	SE	
Q9NXL9-2	SE,A5SS	
Q9NXL9-3	A5SS,AL	
Q9NXL9-4		no Ensembl transcript
Q9NXN4-2	A5SS,AL	
Q9NXP7-2	SE,A5SS,AL	
Q9NXP7-3	SE,A5SS	
Q9NXR1-1		no Ensembl transcript
Q9NXR5-2	SE,A5SS,AL	
Q9NXR7-1		canonical and isoform share a transcript
Q9NXR7-3	SE,AL	
Q9NXR7-4	SE,AL	
Q9NXR8-2	SE,AL	
Q9NXR8-3	SE,A5SS,AL	
Q9NXS2-3	SE	
Q9NXS3-2		no Ensembl transcript
Q9NXT0-2	SE,A5SS	
Q9NXT0-3	A3SS,AF	
Q9NXW2-2	A5SS,AL	
Q9NXW9-2	AL	
Q9NXX6-2	SE,AL	
Q9NXZ2-2	SE,A5SS,AL	
Q9NY12-2		no Ensembl transcript
Q9NY15-2		no Ensembl transcript
Q9NY25-2	A3SS	
Q9NY26-2		no Ensembl transcript
Q9NY27-2		canonical and isoform share a transcript
Q9NY27-3		no Ensembl transcript
Q9NY30-2	A5SS,AL	
Q9NY33-2		no Ensembl transcript
Q9NY33-4	SE	
Q9NY35-2	SE,AL	
Q9NY35-3	SE,AF	
Q9NY46-2		no Ensembl transcript
Q9NY46-3		no Ensembl transcript
Q9NY46-4		no Ensembl transcript
Q9NY47-2	SE	
Q9NY47-3	SE,A3SS	
Q9NY47-4	SE,A3SS,AF	
Q9NY47-5	A3SS	
Q9NY56-2		no Ensembl transcript
Q9NY56-3		no Ensembl transcript
Q9NY56-4		no Ensembl transcript
Q9NY57-2	A3SS,AF	
Q9NY59-2	A5SS	
Q9NY65-2	A3SS,AF	
Q9NY93-2	SE	
Q9NY97-2		no Ensembl transcript
Q9NY99-2	SE	
Q9NYA1-2	A3SS,AF	
Q9NYA1-3	A3SS	
Q9NYB5-2	SE	
Q9NYB5-3	A5SS	
Q9NYB5-4	A5SS,A3SS,AF	
Q9NYB9-2	SE,MXE	
Q9NYB9-3	SE	
Q9NYB9-4		no Ensembl transcript
Q9NYC9-2		no Ensembl transcript
Q9NYC9-3	A3SS,AF	
Q9NYF0-2	A3SS	
Q9NYF5-2	SE	
Q9NYF5-3	SE,MXE,A3SS,AF	
Q9NYF8-2	A3SS	
Q9NYF8-3	SE,A3SS	
Q9NYF8-4	A3SS	
Q9NYG2-2	SE	
Q9NYG5-2	SE,A5SS	
Q9NYG8-2	A3SS,AF	
Q9NYI0-2		no Ensembl transcript
Q9NYI0-3		no Ensembl transcript
Q9NYJ1-2	A3SS	
Q9NYJ7-2	A5SS,AL	
Q9NYJ8-2	SE,AL	
Q9NYK5-2	SE,A5SS	
Q9NYK6-2	A5SS,AL	
Q9NYK6-3	A3SS	
Q9NYL2-2	SE,AL	
Q9NYL2-3	A5SS,AL	
Q9NYL4-2	SE,AL	
Q9NYM4-2	SE	
Q9NYN1-2	SE,AF	
Q9NYN1-3	SE	
Q9NYP3-2		no Ensembl transcript
Q9NYP3-3		no Ensembl transcript
Q9NYP7-2	SE	
Q9NYP7-3	SE,AL	
Q9NYQ3-2	A3SS,AF	
Q9NYQ6-2	SE,AL	
Q9NYQ7-2		no Ensembl transcript
Q9NYR9-2		no Ensembl transcript
Q9NYR9-3	A5SS	
Q9NYR9-4	A5SS,A3SS,RI	
Q9NYS7-2	SE,AF	
Q9NYS7-3	A3SS,AF	
Q9NYT6-2	SE,AL	
Q9NYU1-2	SE,A5SS,AL	
Q9NYU2-2		no Ensembl transcript
Q9NYV4-2	A3SS	
Q9NYV4-3		no Ensembl transcript
Q9NYV6-2	A5SS,AL	
Q9NYV6-3	A3SS,AF	
Q9NYV6-4		no Ensembl transcript
Q9NYW8-2	SE,AL	
Q9NYX4-2	SE,AL	
Q9NYX4-3	A5SS,AL	
Q9NYY1-2	SE	
Q9NYY8-2		no Ensembl transcript
Q9NYZ2-2	A5SS,AL	
Q9NYZ2-4		canonical and isoform share a transcript
Q9NYZ4-2	SE	
Q9NYZ4-3		no Ensembl transcript
Q9NZ01-2		no Ensembl transcript
Q9NZ08-2	A5SS,AL	
Q9NZ09-2	SE	
Q9NZ09-3	SE,A3SS,AF	
Q9NZ09-4	SE,AF	
Q9NZ43-2	SE,A5SS	
Q9NZ43-3	A5SS,AL	
Q9NZ52-2	SE	
Q9NZ52-3	SE,A3SS,AF,AL	
Q9NZ52-4	A3SS,AF	
Q9NZ53-2		no Ensembl transcript
Q9NZ56-2		no Ensembl transcript
Q9NZ71-2		no Ensembl transcript
Q9NZ71-4		no Ensembl transcript
Q9NZ71-5		no Ensembl transcript
Q9NZ71-6	A5SS	
Q9NZ71-7	A3SS	
Q9NZ71-8	AL	
Q9NZ71-9	A3SS,AF	
Q9NZ72-2	A3SS,AF	
Q9NZ81-2	A3SS	
Q9NZ94-2	SE	
Q9NZ94-3	SE	
Q9NZA1-2	SE,AF	
Q9NZA1-3	SE,AF,AL	
Q9NZB2-2	A5SS,AL	
Q9NZB2-4		canonical and isoform share a transcript
Q9NZB2-5	A5SS,A3SS,AL	
Q9NZB2-6	SE	
Q9NZB8-2	SE	
Q9NZB8-3		no Ensembl transcript
Q9NZB8-4	SE,A3SS,AF,AL	
Q9NZB8-5	A5SS,AL	
Q9NZB8-6	A5SS,A3SS,AF,AL	
Q9NZB8-7	SE,A3SS,AF	
Q9NZB8-8		no Ensembl transcript
Q9NZC2-2	SE,A5SS	
Q9NZC2-3	AL	
Q9NZC4-2	SE	
Q9NZC4-3	A3SS,AF	
Q9NZC7-2	SE,AL	
Q9NZC7-3	SE,AL	
Q9NZC7-4	A5SS,AL	
Q9NZC7-5	SE	
Q9NZC7-6	SE,A5SS	
Q9NZC7-7		no Ensembl transcript
Q9NZD1-2	SE,A5SS	
Q9NZD1-3		no Ensembl transcript
Q9NZD8-2	SE	
Q9NZE8-2	A5SS	
Q9NZH0-2	SE,AL	
Q9NZH5-2		no Ensembl transcript
Q9NZH6-2	SE,AF	
Q9NZH6-3	SE	
Q9NZH6-4	SE	
Q9NZH6-5	SE	
Q9NZH7-2	SE,AL	
Q9NZH8-2	SE	
Q9NZI2-2	SE	
Q9NZI2-3	A3SS,AF	
Q9NZI2-4	SE,AF	
Q9NZI2-5	SE,A3SS	
Q9NZI5-2	SE,A3SS,AF	
Q9NZI5-3	A5SS,AL	
Q9NZI7-4	SE	
Q9NZI8-2	SE	
Q9NZJ0-2		no Ensembl transcript
Q9NZJ4-2	A3SS,AF	
Q9NZJ7-2	A5SS	
Q9NZJ7-3		no Ensembl transcript
Q9NZJ9-2	A3SS	
Q9NZJ9-3	A3SS,AF	
Q9NZK5-2	SE,AF	
Q9NZL4-2		no Ensembl transcript
Q9NZL4-3		no Ensembl transcript
Q9NZL6-2	SE,AF	
Q9NZL9-2	SE,AF	
Q9NZL9-3	A5SS,AL	
Q9NZL9-4		no Ensembl transcript
Q9NZL9-5		no Ensembl transcript
Q9NZM1-2		no Ensembl transcript
Q9NZM1-3		no Ensembl transcript
Q9NZM1-4	A5SS,AL	
Q9NZM1-5		no Ensembl transcript
Q9NZM1-6	SE	
Q9NZM1-7	A5SS,AL	
Q9NZM1-8		no Ensembl transcript
Q9NZM3-2	SE	
Q9NZM3-3	A5SS,AL	
Q9NZM3-4		no Ensembl transcript
Q9NZM4-2	A3SS,AF	
Q9NZM6-2		no Ensembl transcript
Q9NZM6-3	AL	
Q9NZM6-4		no Ensembl transcript
Q9NZM6-5	SE,AL	
Q9NZM6-6	SE	
Q9NZM6-7	A3SS	
Q9NZN3-2	SE,A5SS	
Q9NZN4-2	A3SS,AF	
Q9NZN5-2	SE	
Q9NZN8-2		no Ensembl transcript
Q9NZN8-3	A3SS,AF	
Q9NZN8-4		no Ensembl transcript
Q9NZN8-5		no Ensembl transcript
Q9NZN9-2	SE	
Q9NZN9-3	SE	
Q9NZN9-4	A3SS	
Q9NZN9-5	A3SS	
Q9NZQ0-2	SE,AL	
Q9NZQ0-3	SE,A5SS	
Q9NZQ3-2	SE,AL	
Q9NZQ3-3	A3SS	
Q9NZQ3-4		no Ensembl transcript
Q9NZQ3-5		no Ensembl transcript
Q9NZQ7-2	SE	
Q9NZQ7-3		no Ensembl transcript
Q9NZQ7-4		no Ensembl transcript
Q9NZQ8-2		no Ensembl transcript
Q9NZQ8-3		no Ensembl transcript
Q9NZQ9-2		no Ensembl transcript
Q9NZR1-2	SE	
Q9NZR4-2	A5SS,AL	
Q9NZR4-3		no Ensembl transcript
Q9NZR4-4		no Ensembl transcript
Q9NZR4-5	SE,AL	
Q9NZR4-6	SE,AL	
Q9NZR4-7	SE,AL	
Q9NZR4-8	SE,AL	
Q9NZS2-2	SE	
Q9NZS2-3	SE,A5SS	
Q9NZS2-4	SE,A5SS,AL	
Q9NZS9-2		no Ensembl transcript
Q9NZT2-2		no Ensembl transcript
Q9NZU5-2	A3SS,AF	
Q9NZU7-1		canonical and isoform share a transcript
Q9NZU7-2	SE	
Q9NZU7-3		no Ensembl transcript
Q9NZV5-2	SE	
Q9NZZ3-2	SE,A5SS	
Q9P000-2	SE	
Q9P003-2	SE	
Q9P016-2	SE,A5SS	
Q9P035-2	SE	
Q9P055-2		identical exon structure
Q9P055-3	A3SS	
Q9P055-5	SE,A3SS,AF	
Q9P0I2-2		no Ensembl transcript
Q9P0J0-2		no Ensembl transcript
Q9P0J1-2	A3SS,AF	
Q9P0K1-2	SE,MXE	
Q9P0K1-3	A5SS,AL	
Q9P0K1-4	SE,A5SS,AL	
Q9P0K1-5	SE	
Q9P0K7-2	SE,AF	
Q9P0K7-3	SE,AF	
Q9P0K7-4	SE	
Q9P0K8-2	A5SS,AL	
Q9P0L0-2	SE	
Q9P0L1-2	SE,AL	
Q9P0L2-2		no Ensembl transcript
Q9P0L2-3	SE	
Q9P0L9-2		no Ensembl transcript
Q9P0L9-3		no Ensembl transcript
Q9P0L9-4		no Ensembl transcript
Q9P0L9-5		no Ensembl transcript
Q9P0N5-2	A3SS,AF	
Q9P0N5-3	A3SS	
Q9P0N8-2	SE	
Q9P0N9-2	SE	
Q9P0N9-3		no Ensembl transcript
Q9P0N9-4	SE	
Q9P0U3-2	A3SS	
Q9P0U4-2	A5SS	
Q9P0V3-2		no Ensembl transcript
Q9P0V8-2	SE	
Q9P0V9-2		no Ensembl transcript
Q9P0V9-3	SE	
Q9P0W2-2		no Ensembl transcript
Q9P0W2-3		no Ensembl transcript
Q9P0W8-2	SE	
Q9P0W8-3	A5SS,A3SS,RI	
Q9P0X4-2	A5SS,AL	
Q9P0X4-3	SE,A5SS,AL	
Q9P0X4-4	SE	
Q9P104-2	A3SS,AF	
Q9P107-2	SE	
Q9P121-2	A3SS,AF	
Q9P121-3	A5SS,AL	
Q9P121-4	SE	
Q9P126-2	SE	
Q9P127-2		canonical and isoform share a transcript
Q9P1A2-3		no Ensembl transcript
Q9P1A6-2		no Ensembl transcript
Q9P1A6-3		no Ensembl transcript
Q9P1P5-2	A3SS,AF	
Q9P1Q0-2		no Ensembl transcript
Q9P1Q0-3	SE,MXE,AF	
Q9P1Q0-4	A3SS	
Q9P1Q0-5		no Ensembl transcript
Q9P1T7-1		canonical and isoform share a transcript
Q9P1U1-2	A3SS,AF	
Q9P1U1-3	SE	
Q9P1V8-2		no Ensembl transcript
Q9P1W8-2	A3SS,AF	
Q9P1W8-3	SE	
Q9P1W8-4	SE	
Q9P1Y5-2	SE	
Q9P1Y6-2	AL	
Q9P1Y6-3	A3SS	
Q9P1Z2-2	A5SS,AL	
Q9P1Z2-3	A3SS	
Q9P1Z2-4	SE,A3SS	
Q9P1Z9-3		no Ensembl transcript
Q9P202-2	A5SS,AL	
Q9P202-3	A3SS,AF	
Q9P202-4	A3SS,AF	
Q9P203-3	SE,AL	
Q9P203-5	SE,AF	
Q9P206-2	SE,AF	
Q9P206-3	SE,AF	
Q9P206-4	SE	
Q9P209-2	SE,A5SS,AL	
Q9P212-2	SE,AF	
Q9P218-2	A5SS	
Q9P218-3		no Ensembl transcript
Q9P219-2		no Ensembl transcript
Q9P219-3		no Ensembl transcript
Q9P225-2		no Ensembl transcript
Q9P225-3	SE,A5SS,AL	
Q9P227-2	SE,AL	
Q9P241-2		no Ensembl transcript
Q9P242-2		no Ensembl transcript
Q9P242-3		no Ensembl transcript
Q9P243-2	A3SS,AF	
Q9P243-3		no Ensembl transcript
Q9P243-4	SE	
Q9P246-2		no Ensembl transcript
Q9P246-3	SE,AL	
Q9P260-2	SE,MXE	
Q9P267-2	A5SS,AL	
Q9P272-3	A5SS,AL	
Q9P278-2		identical exon structure
Q9P283-2		no Ensembl transcript
Q9P283-3		no Ensembl transcript
Q9P283-4	A3SS,AF	
Q9P287-2	SE,AL	
Q9P287-3		no Ensembl transcript
Q9P287-4	SE,AL	
Q9P289-2	SE	
Q9P289-3	SE	
Q9P2A4-2	A5SS	
Q9P2B7-2	SE,AL	
Q9P2D0-2		no Ensembl transcript
Q9P2D0-3		no Ensembl transcript
Q9P2D1-2	A5SS,AL	
Q9P2D1-3		no Ensembl transcript
Q9P2D1-4	SE,A5SS,A3SS	
Q9P2D3-2		no Ensembl transcript
Q9P2D3-3	SE	
Q9P2D6-2	A3SS	
Q9P2D6-3	SE,MXE,A3SS	
Q9P2D6-4	A5SS,AL	
Q9P2D7-3		no Ensembl transcript
Q9P2D7-6		no Ensembl transcript
Q9P2D7-8		no Ensembl transcript
Q9P2D8-2	A3SS,AF	
Q9P2D8-3	SE	
Q9P2E2-3	A3SS	
Q9P2E3-2		no Ensembl transcript
Q9P2E5-2		no Ensembl transcript
Q9P2E7-2	A5SS,AL	
Q9P2E9-3	A5SS,RI	
Q9P2F5-2		no Ensembl transcript
Q9P2F6-2	SE,AF	
Q9P2F6-3	SE,AF	
Q9P2F6-4	A3SS,AF	
Q9P2F8-2	SE,MXE,AF	
Q9P2G3-2	SE,AL	
Q9P2G9-2	A3SS	
Q9P2H3-2	A3SS,AF	
Q9P2H3-3		no Ensembl transcript
Q9P2H5-2	A3SS,AF	
Q9P2J2-2	A3SS	
Q9P2J5-2	A3SS,AF	
Q9P2J5-3		no Ensembl transcript
Q9P2J8-2		no Ensembl transcript
Q9P2K1-2	SE,A3SS,AF	
Q9P2K1-5	SE,AL	
Q9P2K1-6	SE,AL	
Q9P2K3-2	SE,A5SS,A3SS,AF	
Q9P2K3-3	A3SS,AF	
Q9P2K3-4	A5SS,A3SS,AF,AL	
Q9P2K5-2		no Ensembl transcript
Q9P2K5-3		no Ensembl transcript
Q9P2K5-4	SE,A5SS,AL	
Q9P2K8-2		no Ensembl transcript
Q9P2K8-3	A5SS,AL	
Q9P2K9-2		no Ensembl transcript
Q9P2L0-2	SE	
Q9P2M1-2		no Ensembl transcript
Q9P2M4-2	SE,AF	
Q9P2M7-2		no Ensembl transcript
Q9P2N2-2	SE,A3SS,AF,AL	
Q9P2N2-3	SE,AF,AL	
Q9P2N2-5	A3SS,AF	
Q9P2N4-1		no Ensembl transcript
Q9P2N4-2		no Ensembl transcript
Q9P2N4-4	SE	
Q9P2N6-2	SE,A5SS,AL	
Q9P2N6-3	SE	
Q9P2N6-4		no Ensembl transcript
Q9P2N6-5		no Ensembl transcript
Q9P2N6-6		no Ensembl transcript
Q9P2N6-7		no Ensembl transcript
Q9P2N6-8		no Ensembl transcript
Q9P2N7-2	A3SS,AF	
Q9P2N7-3	SE,AF	
Q9P2N7-4	SE,AF	
Q9P2N7-5	SE,AF	
Q9P2P1-2		no Ensembl transcript
Q9P2P5-2	A3SS,AF,AL	
Q9P2P6-2		no Ensembl transcript
Q9P2P6-3		no Ensembl transcript
Q9P2R3-2	A3SS	
Q9P2R3-4	SE,AF	
Q9P2R6-2	A3SS,AF	
Q9P2R7-2		no Ensembl transcript
Q9P2S2-2	SE,A5SS	
Q9P2S6-2	SE,A3SS,AF	
Q9P2S6-3	SE,MXE,A3SS,AF,AL	
Q9P2S6-4		no Ensembl transcript
Q9P2T0-2	SE	
Q9P2T1-2	A3SS	
Q9P2T1-3	SE	
Q9P2U7-2	A3SS,AF	
Q9P2U7-3		no Ensembl transcript
Q9P2W1-2	A3SS	
Q9P2W1-3	A3SS,AF	
Q9P2W7-2		identical exon structure
Q9P2X0-2	A3SS	
Q9P2X3-2		no Ensembl transcript
Q9P2Y5-2	A3SS,AF	
Q9UBB4-2	SE	
Q9UBB5-3	SE,AL	
Q9UBB6-2	A3SS,AF	
Q9UBB9-2		no Ensembl transcript
Q9UBC1-2	A3SS,AF	
Q9UBC1-3	A5SS	
Q9UBC2-2	A5SS,AL	
Q9UBC2-3	SE,A5SS	
Q9UBC2-4	A5SS,AL	
Q9UBC3-2	SE	
Q9UBC3-3	SE	
Q9UBC3-4		no Ensembl transcript
Q9UBC3-5	SE	
Q9UBC3-6	SE,A3SS,AF	
Q9UBC3-7	SE	
Q9UBC3-8	SE	
Q9UBC7-2	SE,A5SS,AL	
Q9UBD5-2	A3SS	
Q9UBD5-3	A3SS,AF	
Q9UBD9-2	A3SS,AF	
Q9UBE0-2	SE,A5SS,AL	
Q9UBE0-3	SE,A5SS	
Q9UBF2-2	A5SS,AL	
Q9UBF6-2	SE,AL	
Q9UBF6-3	A5SS	
Q9UBF6-4	SE	
Q9UBF8-2	SE	
Q9UBF8-3	A3SS,AF	
Q9UBF9-2	A3SS,AF	
Q9UBG7-2	A3SS	
Q9UBH6-2	SE	
Q9UBI4-2	SE	
Q9UBI4-3	A3SS	
Q9UBI4-4	SE,A3SS	
Q9UBI4-5	SE,A3SS,AF	
Q9UBI4-6	SE	
Q9UBK2-2	SE,AL	
Q9UBK2-3		canonical and isoform share a transcript
Q9UBK2-4		canonical and isoform share a transcript
Q9UBK2-5		no Ensembl transcript
Q9UBK2-6		no Ensembl transcript
Q9UBK2-7		no Ensembl transcript
Q9UBK2-8	SE,AL	
Q9UBK2-9	A3SS,AF	
Q9UBK5-2	A3SS	
Q9UBK7-2	A3SS	
Q9UBK7-3	A5SS	
Q9UBK8-1		canonical and isoform share a transcript
Q9UBK9-2	A3SS	
Q9UBL0-2	SE,AL	
Q9UBL0-3	SE,MXE	
Q9UBL0-4	SE,MXE	
Q9UBL0-5		no Ensembl transcript
Q9UBL0-6		no Ensembl transcript
Q9UBL3-2	SE,A3SS,AF	
Q9UBL3-3	A3SS,AF	
Q9UBL6-2	SE	
Q9UBL9-2	A5SS,A3SS,RI	
Q9UBL9-3	SE	
Q9UBL9-4	A5SS,A3SS,RI	
Q9UBL9-5	SE,A5SS	
Q9UBL9-6	SE,A5SS	
Q9UBL9-7	SE,A5SS,A3SS,RI	
Q9UBM1-2	A3SS,AF	
Q9UBM1-3	SE,A5SS,A3SS,AF	
Q9UBM8-2		identical exon structure
Q9UBN4-2	A5SS,A3SS,RI	
Q9UBN4-3	A5SS,A3SS	
Q9UBN4-4	SE,A5SS,A3SS,RI	
Q9UBN4-5	A5SS	
Q9UBN4-6	SE	
Q9UBN4-7	SE,A5SS,AL	
Q9UBN7-2		no Ensembl transcript
Q9UBP0-2	SE	
Q9UBP0-3	A3SS	
Q9UBP0-4	SE,A3SS	
Q9UBP6-2	SE,A5SS,AL	
Q9UBP9-2	A5SS,AL	
Q9UBP9-3	SE	
Q9UBP9-4	SE,A5SS	
Q9UBQ0-2	SE	
Q9UBQ5-2	A5SS,AL	
Q9UBQ7-2	A5SS,A3SS,AF,AL	
Q9UBR4-2	SE,AF	
Q9UBR5-2	SE	
Q9UBR5-3	SE	
Q9UBR5-4	SE	
Q9UBR5-5	SE,AL	
Q9UBS0-2	SE,AL	
Q9UBS5-2	A3SS,AF	
Q9UBS5-3	SE	
Q9UBS5-4		no Ensembl transcript
Q9UBS5-5	SE,A5SS,AL	
Q9UBS8-2	A3SS,AF	
Q9UBS9-2	SE,A3SS,AF	
Q9UBT2-2	A3SS,AF	
Q9UBT6-2	A5SS,AL	
Q9UBT6-3	SE	
Q9UBT6-4	A3SS,AF,AL	
Q9UBT6-5	SE,A5SS,AL	
Q9UBT6-6	SE,A5SS,AL	
Q9UBT6-7		no Ensembl transcript
Q9UBT6-8		identical exon structure
Q9UBT7-2	SE,AL	
Q9UBT7-3	SE	
Q9UBU3-2	A3SS	
Q9UBU3-3	SE,AF	
Q9UBU3-4	SE,A3SS,AF	
Q9UBU3-5	SE,AF	
Q9UBU3-6	SE,A5SS	
Q9UBU7-2	AL	
Q9UBU8-2	SE	
Q9UBU8-3	A3SS,AF	
Q9UBU9-2	A5SS,AL	
Q9UBV2-2	A5SS,AL	
Q9UBV4-2		no Ensembl transcript
Q9UBW5-2	SE	
Q9UBW5-3	SE,AF	
Q9UBW7-2		no Ensembl transcript
Q9UBX2-2	A5SS,AL	
Q9UBX3-2	A3SS	
Q9UBX7-1		identical exon structure
Q9UBX7-3		no Ensembl transcript
Q9UBX7-4	A5SS,A3SS	
Q9UBX8-2	SE	
Q9UBY9-2	A3SS	
Q9UBY9-3		no Ensembl transcript
Q9UBZ9-2	A3SS	
Q9UBZ9-3		no Ensembl transcript
Q9UC07-2	A5SS,A3SS	
Q9UD71-2	A3SS,AF	
Q9UDT6-2	SE	
Q9UDV7-2	A5SS,RI	
Q9UDW1-2	A5SS,AL	
Q9UDX3-2	A5SS,AL	
Q9UDX4-2	A3SS,AF	
Q9UDX4-3	SE,AF	
Q9UDX5-2	SE,A5SS	
Q9UDY2-2	SE	
Q9UDY2-3		canonical and isoform share a transcript
Q9UDY2-4	SE	
Q9UDY2-5		no Ensembl transcript
Q9UDY2-6	SE,MXE,AF	
Q9UDY2-7	SE,AF	
Q9UDY6-2	A5SS,AL	
Q9UDY8-2	SE	
Q9UEE9-2		no Ensembl transcript
Q9UEF7-2		no Ensembl transcript
Q9UER7-2		no Ensembl transcript
Q9UER7-3	A3SS,AF	
Q9UER7-4	A5SS,A3SS,RI	
Q9UER7-5	A5SS,A3SS	
Q9UET6-2	A3SS	
Q9UEU0-2		no Ensembl transcript
Q9UEW3-2		no Ensembl transcript
Q9UEW8-2		no Ensembl transcript
Q9UEY8-2	SE	
Q9UF11-2	SE	
Q9UF11-3	A3SS,AF	
Q9UF11-4	SE,A3SS,AF	
Q9UF33-2		no Ensembl transcript
Q9UF33-3		no Ensembl transcript
Q9UF56-2		no Ensembl transcript
Q9UF56-3		no Ensembl transcript
Q9UFB7-2		no Ensembl transcript
Q9UFE4-2		no Ensembl transcript
Q9UFF9-2	A3SS,AF	
Q9UFF9-3	SE	
Q9UFG5-2		no Ensembl transcript
Q9UFH2-4		no Ensembl transcript
Q9UG01-2		no Ensembl transcript
Q9UG01-3	A5SS,AL	
Q9UG56-2	SE,AF	
Q9UG63-2	A5SS,AL	
Q9UGB7-2	SE,A5SS,A3SS	
Q9UGC7-2	SE,A5SS	
Q9UGC7-3	A5SS,AF	
Q9UGC7-4	SE,A5SS	
Q9UGH3-2		no Ensembl transcript
Q9UGI6-2	SE,AF	
Q9UGI6-3	A3SS,AF	
Q9UGI8-2	AF	
Q9UGI9-2		no Ensembl transcript
Q9UGJ0-2	A3SS,AF	
Q9UGJ0-3	A3SS,AF	
Q9UGJ1-2	A3SS	
Q9UGK3-2	A3SS	
Q9UGK8-2	SE,A5SS,AL	
Q9UGL1-2	SE	
Q9UGM3-2	SE	
Q9UGM3-3	SE	
Q9UGM3-4		no Ensembl transcript
Q9UGM3-5	SE	
Q9UGM3-6	SE	
Q9UGM3-7	SE,MXE	
Q9UGM3-8		no Ensembl transcript
Q9UGM3-9	SE	
Q9UGM5-2	SE	
Q9UGM6-2	SE,AL	
Q9UGN4-2	SE	
Q9UGN4-3	SE	
Q9UGN4-4	SE	
Q9UGN5-2	A5SS	
Q9UGP5-2	SE,A3SS	
Q9UGQ2-2	SE	
Q9UGQ2-3	SE,MXE,A5SS	
Q9UGQ2-4	SE,A5SS	
Q9UGQ3-2	SE	
Q9UGU0-2	SE,AL	
Q9UGV2-2	SE	
Q9UGV2-3		no Ensembl transcript
Q9UH03-2	A5SS,AL	
Q9UH03-3	SE,A5SS,AL	
Q9UH17-2	SE,A5SS,AL	
Q9UH17-3	A3SS	
Q9UH73-2	SE,A5SS	
Q9UH77-2	A3SS,AF	
Q9UH77-3	A3SS,AF	
Q9UH92-2	SE,A5SS	
Q9UH92-3	A5SS	
Q9UH99-2	A3SS	
Q9UH99-3		no Ensembl transcript
Q9UHA4-2	A3SS	
Q9UHB4-2	A3SS	
Q9UHB4-3	SE,A5SS	
Q9UHB4-4	A3SS	
Q9UHB6-2	A3SS,AF	
Q9UHB6-3	A3SS,AF	
Q9UHB6-4	A3SS	
Q9UHB6-5	A3SS,AF	
Q9UHB7-2	A5SS,AL	
Q9UHB7-3		no Ensembl transcript
Q9UHB9-2		no Ensembl transcript
Q9UHB9-3	A3SS,AF	
Q9UHB9-4	SE	
Q9UHC1-2	SE	
Q9UHC3-2	SE,A5SS	
Q9UHC3-3		identical exon structure
Q9UHC3-4	SE,A5SS,AL	
Q9UHC6-2	A3SS,AF	
Q9UHC7-2	A3SS,AF	
Q9UHC7-3		no Ensembl transcript
Q9UHC7-4	A5SS,AL	
Q9UHC9-2		no Ensembl transcript
Q9UHC9-3	SE,A5SS,AL	
Q9UHC9-4		no Ensembl transcript
Q9UHD0-2		no Ensembl transcript
Q9UHD0-3		no Ensembl transcript
Q9UHD1-2	SE	
Q9UHD8-2	SE,AF	
Q9UHD8-3	A3SS,AF	
Q9UHD8-4	A3SS,AF	
Q9UHD8-5	SE,AF	
Q9UHD8-7	SE	
Q9UHD8-8		no Ensembl transcript
Q9UHD8-9	SE,AF	
Q9UHF0-2	SE,AL	
Q9UHF0-3	SE	
Q9UHF4-2	SE,A3SS,AF	
Q9UHF4-3	A3SS,AF	
Q9UHF7-2	A3SS,AF	
Q9UHF7-3	A3SS,AF	
Q9UHG0-2	A3SS,AF	
Q9UHG3-2		no Ensembl transcript
Q9UHH9-2	SE,AL	
Q9UHH9-3	SE,AL	
Q9UHH9-4	AF,AL	
Q9UHH9-5	AF,AL	
Q9UHH9-6	SE,AL	
Q9UHI5-2	A3SS,AF	
Q9UHI5-3	SE,A3SS,AF	
Q9UHI5-4	SE,AF	
Q9UHI6-2	SE,A5SS,AL	
Q9UHI7-2	A5SS	
Q9UHI7-3		no Ensembl transcript
Q9UHJ3-2		no Ensembl transcript
Q9UHJ9-2	SE	
Q9UHJ9-3	A5SS	
Q9UHJ9-4	A5SS,AL	
Q9UHJ9-5	A5SS,A3SS,AF	
Q9UHK6-2	SE,MXE,AL	
Q9UHK6-4	SE,A5SS	
Q9UHK6-5	A5SS,AL	
Q9UHL0-2	A3SS,AF	
Q9UHL9-2	A3SS	
Q9UHL9-3	A3SS	
Q9UHM6-2	SE	
Q9UHN6-2	SE	
Q9UHP3-1		canonical and isoform share a transcript
Q9UHP3-3	SE	
Q9UHP7-2	A5SS,AL	
Q9UHP7-3	SE,A5SS	
Q9UHP7-5	SE,A5SS	
Q9UHP7-6	SE	
Q9UHP7-7	SE,A5SS	
Q9UHQ1-2	SE	
Q9UHQ1-3	SE	
Q9UHQ1-4	A3SS,AF	
Q9UHQ4-2	SE,A5SS	
Q9UHR5-2	SE	
Q9UHV5-2	A3SS,AF	
Q9UHV5-3	SE,AF	
Q9UHW5-2	A5SS	
Q9UHW5-3	SE,AF	
Q9UHW9-2	SE,AF	
Q9UHW9-3	SE	
Q9UHW9-4	A3SS	
Q9UHW9-5	A3SS	
Q9UHW9-6		no Ensembl transcript
Q9UHX1-2	SE	
Q9UHX1-3	A3SS,AF	
Q9UHX1-4	SE,A3SS,AF	
Q9UHX1-5	SE	
Q9UHX1-6	SE	
Q9UHX3-2	A3SS	
Q9UHX3-3	SE	
Q9UHX3-4	SE	
Q9UHX3-5	SE	
Q9UHX3-6	SE	
Q9UHY7-2	A3SS,AF	
Q9UHY8-2	SE	
Q9UI08-2	SE,AF	
Q9UI08-3	SE,A5SS,AF,AL	
Q9UI08-4		no Ensembl transcript
Q9UI08-5		no Ensembl transcript
Q9UI09-2	SE,A5SS	
Q9UI10-2	A3SS,AF	
Q9UI10-3	A3SS	
Q9UI12-2	SE	
Q9UI17-2		no Ensembl transcript
Q9UI26-2	A3SS,AF	
Q9UI30-2	A3SS	
Q9UI32-2	A5SS,A3SS,AL	
Q9UI33-2	A5SS,AL	
Q9UI33-3	SE	
Q9UI36-2	SE	
Q9UI36-3	SE	
Q9UI36-4	SE,A3SS	
Q9UI40-2	SE	
Q9UI42-2	SE	
Q9UI46-2		no Ensembl transcript
Q9UI47-2		no Ensembl transcript
Q9UIB8-2	A5SS	
Q9UIB8-3	SE,A5SS	
Q9UIB8-4		no Ensembl transcript
Q9UIB8-5	SE,A5SS,AL	
Q9UIB8-6		no Ensembl transcript
Q9UIB8-7	SE,A5SS	
Q9UIC8-2		no Ensembl transcript
Q9UIC8-3	SE	
Q9UID3-2		no Ensembl transcript
Q9UIF7-2	A3SS	
Q9UIF7-3	A3SS	
Q9UIF7-4	A3SS,AF	
Q9UIF7-5	A3SS,AF	
Q9UIF7-6	A3SS,AF	
Q9UIF8-2		no Ensembl transcript
Q9UIF8-3	SE	
Q9UIF8-4		no Ensembl transcript
Q9UIF8-5	SE,A3SS	
Q9UIF9-2		no Ensembl transcript
Q9UIF9-3		no Ensembl transcript
Q9UIG0-2		no Ensembl transcript
Q9UIG5-2		no Ensembl transcript
Q9UIG8-2	A5SS,AL	
Q9UIG8-3		no Ensembl transcript
Q9UIG8-4		no Ensembl transcript
Q9UII2-2	SE,AL	
Q9UII2-3	A5SS,AL	
Q9UII6-4	A3SS,AF	
Q9UII6-5	A3SS,AF	
Q9UIJ7-2	A3SS,AF	
Q9UIJ7-3	SE	
Q9UIK4-2	SE,AL	
Q9UIK5-2	SE,AL	
Q9UIK5-3	A5SS,AL	
Q9UIL1-2		identical exon structure
Q9UIL1-3		identical exon structure
Q9UIL1-4		no Ensembl transcript
Q9UIL4-2	SE	
Q9UIL8-2	A3SS,AF	
Q9UIQ6-2	A3SS,AF	
Q9UIQ6-3		no Ensembl transcript
Q9UIR0-2		no Ensembl transcript
Q9UIR0-3		no Ensembl transcript
Q9UIR0-4		no Ensembl transcript
Q9UIR0-5		no Ensembl transcript
Q9UIR0-6		no Ensembl transcript
Q9UIS9-10	SE,A3SS,AL	
Q9UIS9-11	SE,AL	
Q9UIS9-12	SE,AL	
Q9UIS9-2	SE,AL	
Q9UIS9-4	SE	
Q9UIS9-5	SE	
Q9UIS9-6	SE,AL	
Q9UIS9-7	SE	
Q9UIS9-8	SE	
Q9UIS9-9	SE	
Q9UIV1-2	A5SS,AL	
Q9UIV8-2		no Ensembl transcript
Q9UIX4-2		no Ensembl transcript
Q9UIY3-2		no Ensembl transcript
Q9UJ14-4		no Ensembl transcript
Q9UJ14-5	A5SS,AL	
Q9UJ14-6		no Ensembl transcript
Q9UJ41-3		no Ensembl transcript
Q9UJ41-4	A3SS,AF	
Q9UJ68-2	A3SS,AF	
Q9UJ68-3	SE,AF	
Q9UJ68-4	SE	
Q9UJ68-5		no Ensembl transcript
Q9UJ70-2	A3SS	
Q9UJ78-1		canonical and isoform share a transcript
Q9UJ78-2	SE,A5SS	
Q9UJ78-3		no Ensembl transcript
Q9UJ78-5		no Ensembl transcript
Q9UJ83-2	SE	
Q9UJ83-3	SE	
Q9UJ83-4	SE	
Q9UJ98-2		no Ensembl transcript
Q9UJ98-3	SE	
Q9UJA2-2	SE,AF	
Q9UJA3-2	SE	
Q9UJA3-3	A3SS	
Q9UJA3-4	SE,MXE	
Q9UJA5-2		no Ensembl transcript
Q9UJA5-3		no Ensembl transcript
Q9UJA5-4	A3SS,AF	
Q9UJC3-2		no Ensembl transcript
Q9UJD0-2		no Ensembl transcript
Q9UJF2-2	SE,A3SS,AF	
Q9UJG1-2	SE	
Q9UJG1-3	A5SS	
Q9UJL9-2		no Ensembl transcript
Q9UJP4-2	A5SS,AL	
Q9UJQ1-2	SE	
Q9UJQ4-2	A5SS	
Q9UJS0-2	A3SS	
Q9UJT1-2	SE	
Q9UJT1-3	SE	
Q9UJT1-4	A3SS,AF	
Q9UJT1-5	SE,A5SS	
Q9UJT1-6	SE	
Q9UJT2-2		no Ensembl transcript
Q9UJT9-2	A3SS,AF	
Q9UJU2-2	AL	
Q9UJU2-3		no Ensembl transcript
Q9UJU2-4		no Ensembl transcript
Q9UJU2-5	SE	
Q9UJU2-6	SE,AL	
Q9UJU2-7	SE,MXE,AF	
Q9UJU3-2	A3SS,AF	
Q9UJU6-2	A3SS	
Q9UJU6-3	A3SS	
Q9UJU6-4	SE,A3SS,AF	
Q9UJU6-5	A3SS,AF	
Q9UJU6-6	SE,A3SS	
Q9UJV3-2	A5SS	
Q9UJV8-2	A5SS,AL	
Q9UJW0-2	A3SS,AF	
Q9UJW0-3	SE	
Q9UJW2-2		no Ensembl transcript
Q9UJW3-2	A3SS	
Q9UJW7-2	A5SS	
Q9UJW8-2	A3SS,AF	
Q9UJW8-3	SE	
Q9UJW8-4		canonical and isoform share a transcript
Q9UJX2-2	A5SS,AL	
Q9UJX2-3		no Ensembl transcript
Q9UJX3-2	A5SS,AL	
Q9UJX4-2		no Ensembl transcript
Q9UJX4-3	A3SS,AF	
Q9UJX5-2		no Ensembl transcript
Q9UJX5-3	A5SS	
Q9UJX6-2	A3SS	
Q9UJY5-2		no Ensembl transcript
Q9UJY5-3	A3SS,AF	
Q9UJY5-4	SE	
Q9UJY5-5	A5SS,AL	
Q9UJY5-6	A5SS	
Q9UJZ1-2	SE	
Q9UK00-2	A5SS	
Q9UK12-2	SE,MXE,AF	
Q9UK17-2	SE	
Q9UK23-2	SE	
Q9UK23-3	SE,AL	
Q9UK32-2	SE,AF	
Q9UK41-2	A5SS,RI	
Q9UK53-2	SE,AF	
Q9UK53-3	A3SS,AF	
Q9UK53-4	SE,AF	
Q9UK53-5	A5SS	
Q9UK58-4	SE,AL	
Q9UK58-5	SE,AL	
Q9UK58-6	SE,AL	
Q9UK59-2		no Ensembl transcript
Q9UK61-2	A3SS,AF	
Q9UK61-3	SE,AL	
Q9UK61-4	SE,A3SS	
Q9UK76-2	SE,A5SS	
Q9UK76-3	A3SS,AF	
Q9UK80-2		no Ensembl transcript
Q9UK80-3	A3SS	
Q9UK96-2		no Ensembl transcript
Q9UK97-2	A3SS,AF	
Q9UK97-3	A3SS,AF	
Q9UK99-2	A5SS,AL	
Q9UK99-3	A5SS,A3SS,AL	
Q9UKA1-2	A3SS	
Q9UKA8-2	A3SS	
Q9UKA8-3	SE,A5SS	
Q9UKA8-4	SE,A5SS	
Q9UKA8-5	SE	
Q9UKA8-6	A3SS,AF	
Q9UKA9-2	A3SS	
Q9UKA9-3	A3SS	
Q9UKA9-4	A3SS	
Q9UKA9-5	SE,A5SS,AL	
Q9UKA9-6		no Ensembl transcript
Q9UKB1-2	SE	
Q9UKB1-3	SE,MXE	
Q9UKB3-2	A5SS,AL	
Q9UKC9-2		no Ensembl transcript
Q9UKE5-2	SE	
Q9UKE5-3	SE	
Q9UKE5-4	SE	
Q9UKE5-5	SE	
Q9UKE5-6	SE	
Q9UKE5-7	SE	
Q9UKE5-8	SE	
Q9UKF2-2		no Ensembl transcript
Q9UKF5-2		no Ensembl transcript
Q9UKF5-3		no Ensembl transcript
Q9UKF7-2		no Ensembl transcript
Q9UKG9-2	A5SS,AL	
Q9UKG9-3	SE	
Q9UKI8-2	SE	
Q9UKI8-3		no Ensembl transcript
Q9UKI8-4	SE,AF	
Q9UKI8-5	A3SS,AF	
Q9UKI9-2	SE,AF	
Q9UKI9-3		no Ensembl transcript
Q9UKJ0-2	A5SS,A3SS	
Q9UKJ0-3	A5SS,A3SS,AF	
Q9UKJ1-2		identical exon structure
Q9UKJ1-3	SE	
Q9UKJ1-4	SE,A5SS,AL	
Q9UKJ3-2		canonical and isoform share a transcript
Q9UKJ3-3	SE,AL	
Q9UKL6-2	A3SS,AF	
Q9UKM9-2	SE	
Q9UKN1-2	SE,A3SS	
Q9UKN7-2	A3SS,AF	
Q9UKP3-2	A3SS,AF	
Q9UKP5-2		no Ensembl transcript
Q9UKP5-3		no Ensembl transcript
Q9UKP5-4	AL	
Q9UKQ2-2	A5SS,AL	
Q9UKQ9-2	SE,A5SS,AL	
Q9UKR0-2	A5SS,AL	
Q9UKR0-3	SE,A5SS	
Q9UKR3-2	SE	
Q9UKR8-2	SE,AL	
Q9UKR8-3	SE,MXE,AL	
Q9UKR8-4	SE,AL	
Q9UKS7-2	A5SS	
Q9UKS7-3	SE,AL	
Q9UKS7-4	SE,A5SS	
Q9UKS7-5	SE,AL	
Q9UKS7-6	SE,AL	
Q9UKS7-7	SE,A5SS	
Q9UKS7-8		no Ensembl transcript
Q9UKT4-2	A3SS,AF	
Q9UKT5-2	A5SS,AL	
Q9UKT8-2	SE	
Q9UKT9-10	SE	
Q9UKT9-11	SE	
Q9UKT9-12	SE	
Q9UKT9-13	SE	
Q9UKT9-14	SE,AL	
Q9UKT9-15		no Ensembl transcript
Q9UKT9-16	A3SS,AF	
Q9UKT9-2	SE	
Q9UKT9-3	SE	
Q9UKT9-4	SE	
Q9UKT9-5	SE	
Q9UKT9-6	SE	
Q9UKT9-7	SE	
Q9UKT9-8	SE	
Q9UKT9-9	SE	
Q9UKU0-1		canonical and isoform share a transcript
Q9UKU0-2	SE,MXE,A3SS,AF,AL	
Q9UKU0-3	SE,MXE,A3SS,AF	
Q9UKU0-5		no Ensembl transcript
Q9UKU0-6	SE,A3SS,AF	
Q9UKU0-7	SE,A3SS,AF	
Q9UKU0-8	SE,MXE	
Q9UKU0-9	SE,AF	
Q9UKU7-2	SE	
Q9UKU7-3		no Ensembl transcript
Q9UKU9-2	A3SS,AF	
Q9UKV0-10	A5SS,A3SS,AF,AL	
Q9UKV0-11	SE,A5SS,A3SS,AF,AL	
Q9UKV0-2		no Ensembl transcript
Q9UKV0-3	A5SS,AL	
Q9UKV0-4		no Ensembl transcript
Q9UKV0-5	A5SS,AL	
Q9UKV0-6	SE,A5SS,A3SS,AL	
Q9UKV0-7	A5SS,A3SS,AL	
Q9UKV0-8	SE,A5SS,A3SS,AF,AL	
Q9UKV0-9	SE,A5SS,AL	
Q9UKV3-2	SE,AF	
Q9UKV3-3	SE,AF	
Q9UKV3-5	A3SS	
Q9UKV8-2	SE	
Q9UKW4-2		no Ensembl transcript
Q9UKW4-3	A3SS,AF	
Q9UKW4-4	SE	
Q9UKW6-2	A3SS,AF	
Q9UKW6-3	A5SS,A3SS,AF,AL	
Q9UKW6-4	SE,A3SS,AF	
Q9UKX2-2	SE	
Q9UKX5-2	A5SS	
Q9UKX7-2	A3SS,AF	
Q9UKY3-2		no Ensembl transcript
Q9UKY4-2	A5SS,AL	
Q9UKY7-2	SE,AL	
Q9UKY7-3	SE,A3SS,AF,AL	
Q9UKZ4-2	SE	
Q9UL03-2	A5SS,AL	
Q9UL03-3	A3SS	
Q9UL12-2		no Ensembl transcript
Q9UL15-2		no Ensembl transcript
Q9UL16-2	A3SS,AF	
Q9UL19-2	A5SS,AL	
Q9UL33-2	A3SS	
Q9UL36-2	SE,A5SS,AL	
Q9UL40-2	SE	
Q9UL40-3	SE,A3SS	
Q9UL41-2	A5SS,AL	
Q9UL45-2	AL	
Q9UL49-1		no Ensembl transcript
Q9UL49-2		no Ensembl transcript
Q9UL54-2	A5SS,AL	
Q9UL54-3	A3SS,AF	
Q9UL54-4	A5SS,A3SS,RI	
Q9UL58-2	A5SS,AL	
Q9UL63-2	A3SS,AF	
Q9UL68-3	A5SS,A3SS,AF	
Q9UL68-4	A5SS	
Q9ULA0-2		no Ensembl transcript
Q9ULB1-2	SE,MXE,A5SS	
Q9ULB1-3	SE,A5SS	
Q9ULB1-4		no Ensembl transcript
Q9ULC0-2	SE	
Q9ULC0-3	SE	
Q9ULC4-2		no Ensembl transcript
Q9ULC4-3	SE,AF	
Q9ULC5-3	A3SS,AF	
Q9ULC5-4	SE	
Q9ULC8-2	SE	
Q9ULC8-3	SE,AL	
Q9ULD0-2	SE	
Q9ULD0-3	A3SS,AF	
Q9ULD2-2	SE	
Q9ULD2-3	SE,AF	
Q9ULD2-4	SE,AF	
Q9ULD2-5		no Ensembl transcript
Q9ULD2-6	SE,AF	
Q9ULD2-7	A3SS,AF	
Q9ULD4-2	SE	
Q9ULD4-3	SE	
Q9ULD6-2	SE,AL	
Q9ULD6-3	SE,AL	
Q9ULD6-4		no Ensembl transcript
Q9ULD9-2	A3SS,AF	
Q9ULE0-2		no Ensembl transcript
Q9ULE3-2	A5SS,AL	
Q9ULF5-2		no Ensembl transcript
Q9ULG3-2	A3SS,AF	
Q9ULG6-2		no Ensembl transcript
Q9ULG6-3	A5SS,RI,AL	
Q9ULG6-4		no Ensembl transcript
Q9ULG6-5	A5SS,AL	
Q9ULH0-2	SE,A3SS,AF	
Q9ULH0-3	SE,A3SS,AL	
Q9ULH0-4	SE	
Q9ULH0-5		no Ensembl transcript
Q9ULH1-2		identical exon structure
Q9ULH7-2	SE,AF,AL	
Q9ULH7-3		no Ensembl transcript
Q9ULH7-4	A5SS	
Q9ULH7-5		identical exon structure
Q9ULI0-2		canonical and isoform share a transcript
Q9ULI2-2	A5SS,AL	
Q9ULI3-2		no Ensembl transcript
Q9ULJ1-2	SE,AL	
Q9ULJ1-3	SE,MXE	
Q9ULJ1-4	SE,AL	
Q9ULJ1-5	SE,A3SS,AF,AL	
Q9ULJ1-6	SE,AL	
Q9ULJ3-2	A5SS,A3SS,RI	
Q9ULJ6-3		no Ensembl transcript
Q9ULJ7-2	A3SS,AF	
Q9ULJ8-2		no Ensembl transcript
Q9ULJ8-3	SE,MXE	
Q9ULJ8-4	SE,MXE	
Q9ULJ8-5	SE,MXE	
Q9ULK0-2		no Ensembl transcript
Q9ULK2-2	SE,AL	
Q9ULK2-3	A3SS,AF	
Q9ULK4-2	SE,A5SS,AL	
Q9ULK4-3	SE,A5SS	
Q9ULK4-4	A5SS	
Q9ULK4-5	A5SS,AL	
Q9ULK4-6	SE,A5SS,AL	
Q9ULK6-2	A5SS	
Q9ULK6-3	A5SS,AL	
Q9ULK6-4	SE,AF	
Q9ULL4-2	SE,AF	
Q9ULL5-2		no Ensembl transcript
Q9ULL8-2	A3SS,AF	
Q9ULM0-2		no Ensembl transcript
Q9ULN7-1		no Ensembl transcript
Q9ULP0-2	SE	
Q9ULP0-3	SE,AF	
Q9ULP0-4		no Ensembl transcript
Q9ULP0-5	SE,A5SS	
Q9ULP0-6	SE,AF	
Q9ULP0-7	SE,MXE	
Q9ULP0-8	SE,A3SS	
Q9ULP9-2	SE	
Q9ULQ0-2	A5SS,AL	
Q9ULQ1-2		no Ensembl transcript
Q9ULQ1-3	A3SS,AF	
Q9ULR0-1		canonical and isoform share a transcript
Q9ULR0-2	SE,A5SS,AL	
Q9ULT0-3		no Ensembl transcript
Q9ULT0-4	SE	
Q9ULT6-2	AF	
Q9ULU4-10	A3SS,AF	
Q9ULU4-11	SE	
Q9ULU4-12	A5SS,A3SS,AF	
Q9ULU4-13	SE,A5SS,A3SS,AF	
Q9ULU4-14	A5SS,A3SS,AF	
Q9ULU4-15	SE,A5SS,A3SS,AF	
Q9ULU4-16	SE,A5SS,A3SS,AF	
Q9ULU4-17	SE,A3SS,AF	
Q9ULU4-18	SE,A3SS,AF	
Q9ULU4-19	SE,A3SS,AF	
Q9ULU4-2		no Ensembl transcript
Q9ULU4-20	A3SS,AF	
Q9ULU4-21		no Ensembl transcript
Q9ULU4-22	SE,MXE,A5SS,A3SS,AF	
Q9ULU4-23	SE,MXE,A5SS,A3SS	
Q9ULU4-3		no Ensembl transcript
Q9ULU4-4		no Ensembl transcript
Q9ULU4-5	A3SS,AF	
Q9ULU4-6		no Ensembl transcript
Q9ULU4-7	SE,A3SS,AF	
Q9ULU4-8	SE,MXE,A3SS,AF	
Q9ULU4-9	SE,A5SS	
Q9ULU8-2	SE,A5SS	
Q9ULU8-3	SE,MXE	
Q9ULU8-4		no Ensembl transcript
Q9ULU8-5	SE,AL	
Q9ULV0-2		no Ensembl transcript
Q9ULV0-3	A3SS,AF	
Q9ULV3-2		no Ensembl transcript
Q9ULV3-3	SE,A5SS,A3SS,RI	
Q9ULV3-4	A5SS,A3SS,RI	
Q9ULV3-5	A3SS,AF	
Q9ULV4-2	A3SS,AF	
Q9ULV4-3	A3SS,AF	
Q9ULV5-2	A3SS	
Q9ULV8-2	SE	
Q9ULW0-2	SE	
Q9ULW5-2	A3SS,AF	
Q9ULW6-2		no Ensembl transcript
Q9ULX5-2		no Ensembl transcript
Q9ULX6-2	A5SS	
Q9ULX9-2	A3SS,AF	
Q9ULZ0-1	AF,AL	
Q9ULZ0-3	AF,AL	
Q9ULZ3-2	SE	
Q9ULZ3-3		no Ensembl transcript
Q9ULZ9-2	A3SS,AF	
Q9UM00-1		canonical and isoform share a transcript
Q9UM00-2		no Ensembl transcript
Q9UM11-2	A5SS	
Q9UM11-3	SE,A5SS	
Q9UM21-2	SE,MXE,AF,AL	
Q9UM22-2	SE,A5SS	
Q9UM22-3	SE,AF	
Q9UM44-2	A3SS,AF	
Q9UM54-1		identical exon structure
Q9UM54-2	SE	
Q9UM54-4		no Ensembl transcript
Q9UM54-5		no Ensembl transcript
Q9UM54-6		no Ensembl transcript
Q9UM63-2	A3SS,AF	
Q9UMD9-2	SE	
Q9UMR2-2	SE	
Q9UMR2-3	A3SS,AF	
Q9UMR2-4	SE,AF	
Q9UMR5-2	SE,AL	
Q9UMR5-3	A3SS,AF	
Q9UMR7-2	SE	
Q9UMR7-3	SE	
Q9UMR7-4	SE	
Q9UMS0-2	A3SS,AF	
Q9UMS0-3	A3SS,AF	
Q9UMS5-2	A5SS,AL	
Q9UMS6-2	A5SS,AL	
Q9UMS6-3	A5SS,AL	
Q9UMS6-4	SE,A5SS,AF,AL	
Q9UMS6-5	A3SS,AF	
Q9UMW8-2		no Ensembl transcript
Q9UMX0-2	SE	
Q9UMX0-3		no Ensembl transcript
Q9UMX0-4	SE,A5SS,AL	
Q9UMX1-2	SE,AL	
Q9UMX1-3	A5SS,AL	
Q9UMX2-2		no Ensembl transcript
Q9UMX3-2		no Ensembl transcript
Q9UMX9-2		no Ensembl transcript
Q9UMX9-3		no Ensembl transcript
Q9UMX9-4	A5SS,AL	
Q9UMY1-2		no Ensembl transcript
Q9UMY4-1		no Ensembl transcript
Q9UMY4-3	A5SS	
Q9UMZ2-3	SE	
Q9UMZ2-4	SE	
Q9UMZ2-5	SE	
Q9UMZ2-6	SE,A3SS	
Q9UMZ2-7	SE,MXE	
Q9UMZ2-8	SE,A3SS	
Q9UMZ2-9	SE,A3SS	
Q9UN19-2		no Ensembl transcript
Q9UN30-1		identical exon structure
Q9UN30-2	A3SS,AF	
Q9UN36-2	SE	
Q9UN36-3	A5SS	
Q9UN36-4	SE	
Q9UN36-5	SE	
Q9UN36-6	SE,A3SS,AF	
Q9UN42-2	A5SS	
Q9UN70-2	A5SS,AL	
Q9UN71-2	A5SS,AL	
Q9UN72-2	A5SS,AL	
Q9UN73-2	A5SS	
Q9UN73-3	A5SS,AL	
Q9UN74-2	A5SS,AL	
Q9UN75-2	A5SS,AL	
Q9UN86-2	SE	
Q9UNA1-2	A5SS	
Q9UNE0-2	A5SS,A3SS,RI	
Q9UNE2-2	SE	
Q9UNE7-2	A3SS,AF	
Q9UNF0-2	SE	
Q9UNF1-2		no Ensembl transcript
Q9UNH5-2	A5SS,AL	
Q9UNH5-3	A5SS,AL	
Q9UNH5-4	SE,A5SS,AL	
Q9UNH5-5	SE,AL	
Q9UNH6-2		no Ensembl transcript
Q9UNH6-3		canonical and isoform share a transcript
Q9UNH7-2	A3SS,AF	
Q9UNK4-2	SE,A5SS	
Q9UNL2-2	A5SS	
Q9UNL4-2	A3SS	
Q9UNL4-3	SE	
Q9UNL4-4	A5SS,A3SS	
Q9UNL4-5	A5SS	
Q9UNL4-6		no Ensembl transcript
Q9UNL4-7		no Ensembl transcript
Q9UNL4-8	SE,A5SS,AL	
Q9UNM6-2	SE,A5SS,A3SS,RI	
Q9UNN4-2	SE	
Q9UNN5-2		no Ensembl transcript
Q9UNP4-2	A3SS,AF	
Q9UNP4-3	SE,AF	
Q9UNP9-2	SE,AL	
Q9UNP9-3	SE,AL	
Q9UNQ0-2	A5SS,A3SS	
Q9UNS1-2	A3SS	
Q9UNS2-2	A3SS,AF	
Q9UNT1-2	A3SS	
Q9UNT1-3	A5SS	
Q9UNW1-2	SE,A5SS	
Q9UNW1-3	SE,A5SS,AL	
Q9UNW1-4	SE,AF	
Q9UNW8-2		no Ensembl transcript
Q9UNW8-3	SE,AF	
Q9UNY4-2	A5SS,AL	
Q9UNY5-2	A3SS	
Q9UNZ2-4	SE	
Q9UNZ2-5	SE	
Q9UNZ2-6		no Ensembl transcript
Q9UP52-2	SE,A3SS	
Q9UP52-3		no Ensembl transcript
Q9UP65-2	A5SS,AL	
Q9UP65-3	A3SS,AF	
Q9UP83-2		no Ensembl transcript
Q9UP83-3		no Ensembl transcript
Q9UP95-2	A5SS,AL	
Q9UP95-3		no Ensembl transcript
Q9UP95-4		no Ensembl transcript
Q9UP95-5	SE,AF	
Q9UP95-6	SE,AF	
Q9UP95-7		identical exon structure
Q9UPE1-2		no Ensembl transcript
Q9UPE1-3	A5SS,A3SS,RI	
Q9UPE1-4	A3SS	
Q9UPI3-2	SE,AF	
Q9UPM6-2	SE,A5SS	
Q9UPM6-3	A3SS,AF	
Q9UPM6-4	SE,A5SS,A3SS,AF	
Q9UPM6-5	SE,A5SS,A3SS,AF	
Q9UPM6-6	A3SS,AF	
Q9UPM8-2	A3SS,AF	
Q9UPM9-2	SE,AL	
Q9UPN3-2		no Ensembl transcript
Q9UPN3-3		no Ensembl transcript
Q9UPN3-4		no Ensembl transcript
Q9UPN3-5		no Ensembl transcript
Q9UPN4-2	A5SS	
Q9UPN4-3	SE,A5SS	
Q9UPN6-2	SE,A3SS,AF	
Q9UPN9-2	SE	
Q9UPP1-2	A3SS,AF	
Q9UPP1-3		no Ensembl transcript
Q9UPP1-4	A5SS,A3SS,AF,AL	
Q9UPP1-5	SE,A5SS,A3SS,AF,AL	
Q9UPP2-2	SE,A3SS,AF,AL	
Q9UPQ0-10	SE,A3SS	
Q9UPQ0-2	SE	
Q9UPQ0-3		no Ensembl transcript
Q9UPQ0-4	SE,MXE,A3SS	
Q9UPQ0-5	SE,MXE,A3SS,AF	
Q9UPQ0-6	SE,MXE,A3SS,AF	
Q9UPQ0-7		no Ensembl transcript
Q9UPQ0-8	SE,A3SS,AF	
Q9UPQ0-9	SE,MXE,A3SS,AF	
Q9UPQ3-2	SE	
Q9UPQ3-3	SE,AL	
Q9UPQ4-2		no Ensembl transcript
Q9UPQ7-2	SE,AL	
Q9UPQ7-3		no Ensembl transcript
Q9UPQ9-1		canonical and isoform share a transcript
Q9UPQ9-2	SE,MXE,AF	
Q9UPR0-2		no Ensembl transcript
Q9UPR0-3	A3SS,AF	
Q9UPR6-2	SE,AL	
Q9UPR6-3	SE,A5SS,AL	
Q9UPS6-2	A5SS,RI	
Q9UPS8-2		no Ensembl transcript
Q9UPT5-1		canonical and isoform share a transcript
Q9UPT5-2	SE	
Q9UPT5-4		no Ensembl transcript
Q9UPT5-5	SE,MXE	
Q9UPT5-6	SE	
Q9UPT6-2	A5SS,AL	
Q9UPT9-2	SE,AF	
Q9UPU7-2		identical exon structure
Q9UPU7-3		no Ensembl transcript
Q9UPU9-2		no Ensembl transcript
Q9UPU9-3	SE	
Q9UPV0-2		canonical and isoform share a transcript
Q9UPV9-2	SE,A5SS,AF,AL	
Q9UPV9-3	SE,A5SS,AF,AL	
Q9UPW0-2	SE	
Q9UPW5-2	A3SS	
Q9UPW5-3	SE,A3SS,AF	
Q9UPW6-2	SE	
Q9UPX0-2	SE,AL	
Q9UPX8-1		canonical and isoform share a transcript
Q9UPX8-2		no Ensembl transcript
Q9UPX8-4		no Ensembl transcript
Q9UPY3-2	SE,A5SS	
Q9UPY3-3		no Ensembl transcript
Q9UPY6-2	SE,MXE	
Q9UPY8-2	A5SS	
Q9UPZ3-2	A3SS,AF	
Q9UPZ9-2		no Ensembl transcript
Q9UQ03-2	AF	
Q9UQ07-2		no Ensembl transcript
Q9UQ07-3		no Ensembl transcript
Q9UQ07-4		no Ensembl transcript
Q9UQ07-5	SE	
Q9UQ07-6	A3SS	
Q9UQ13-2	SE	
Q9UQ16-2	SE	
Q9UQ16-3	SE,MXE	
Q9UQ16-4		no Ensembl transcript
Q9UQ16-5	SE,MXE,AL	
Q9UQ26-1		canonical and isoform share a transcript
Q9UQ26-2		no Ensembl transcript
Q9UQ26-3	SE,MXE	
Q9UQ26-4		no Ensembl transcript
Q9UQ26-5		no Ensembl transcript
Q9UQ26-7	SE,AF	
Q9UQ26-8	SE,MXE,AF	
Q9UQ35-2		no Ensembl transcript
Q9UQ35-3		no Ensembl transcript
Q9UQ49-2		no Ensembl transcript
Q9UQ53-2		no Ensembl transcript
Q9UQ53-3	A3SS,AF	
Q9UQ72-2	SE	
Q9UQ74-2	SE,A5SS,AL	
Q9UQ74-3	A5SS,AL	
Q9UQ80-2		no Ensembl transcript
Q9UQ84-4		identical exon structure
Q9UQ88-10		no Ensembl transcript
Q9UQ88-2	A5SS	
Q9UQ88-3		no Ensembl transcript
Q9UQ88-4	A5SS	
Q9UQ88-5		no Ensembl transcript
Q9UQ88-8		no Ensembl transcript
Q9UQ88-9		no Ensembl transcript
Q9UQ90-2	SE,AL	
Q9UQB3-2	SE	
Q9UQB8-2	A5SS,AL	
Q9UQB8-3	A5SS,AL	
Q9UQB8-4	SE,AL	
Q9UQB8-5	SE,AL	
Q9UQB8-6	SE,A3SS,AL	
Q9UQB9-2	A3SS,AF	
Q9UQB9-3	SE,AF	
Q9UQC2-2	A3SS,AF	
Q9UQD0-2	SE,MXE	
Q9UQD0-3	A5SS	
Q9UQD0-4		no Ensembl transcript
Q9UQD0-5	SE	
Q9UQL6-2	SE	
Q9UQL6-3	A3SS	
Q9UQM7-2	SE	
Q9UQN3-2	SE,A3SS	
Q9UQQ1-2	SE	
Q9UQQ1-3		no Ensembl transcript
Q9UQQ1-4	A5SS,A3SS,RI	
Q9UQQ1-5		no Ensembl transcript
Q9UQQ1-6		no Ensembl transcript
Q9UQQ1-7		no Ensembl transcript
Q9UQQ1-8		no Ensembl transcript
Q9UQR0-2	A3SS,AF	
Q9UQR1-2		no Ensembl transcript
Q9XRX5-2		no Ensembl transcript
Q9XRX5-3		no Ensembl transcript
Q9Y210-2	SE	
Q9Y210-3	SE	
Q9Y215-2	SE,AF	
Q9Y215-3	SE	
Q9Y215-4		no Ensembl transcript
Q9Y215-5	SE	
Q9Y215-6		no Ensembl transcript
Q9Y215-7	SE,A5SS,AL	
Q9Y215-8		no Ensembl transcript
Q9Y216-2	A5SS,AL	
Q9Y217-2		no Ensembl transcript
Q9Y219-2	SE	
Q9Y221-2	SE	
Q9Y222-2	SE,AL	
Q9Y222-3	SE,AL	
Q9Y222-4	SE,MXE,AL	
Q9Y222-5	A3SS,AF	
Q9Y223-2	A3SS,AF	
Q9Y223-3		no Ensembl transcript
Q9Y223-4	SE	
Q9Y223-5	SE,A3SS,AF	
Q9Y225-2	A3SS,AF	
Q9Y226-2		no Ensembl transcript
Q9Y227-2	A5SS	
Q9Y228-2	A5SS	
Q9Y228-3	SE,A5SS,AL	
Q9Y230-2	SE	
Q9Y232-2	SE,AF	
Q9Y232-3	A3SS,AF	
Q9Y232-4	A3SS,AF	
Q9Y233-2		canonical and isoform share a transcript
Q9Y236-2	A3SS,AF	
Q9Y237-2	A3SS	
Q9Y237-3	SE,A3SS,AL	
Q9Y238-2		no Ensembl transcript
Q9Y238-3	SE,A5SS	
Q9Y239-2		no Ensembl transcript
Q9Y239-3	SE	
Q9Y241-2	A3SS,AF	
Q9Y243-2	SE,AL	
Q9Y250-2		no Ensembl transcript
Q9Y250-3		no Ensembl transcript
Q9Y250-4	A5SS,A3SS,RI	
Q9Y250-5		no Ensembl transcript
Q9Y250-6		no Ensembl transcript
Q9Y250-7		no Ensembl transcript
Q9Y251-2	SE	
Q9Y251-3	SE	
Q9Y251-4	SE,A5SS,AL	
Q9Y252-2		no Ensembl transcript
Q9Y252-3	A5SS,AL	
Q9Y253-2	A5SS,AL	
Q9Y255-2	A3SS	
Q9Y257-2		no Ensembl transcript
Q9Y259-2		no Ensembl transcript
Q9Y261-2	A3SS	
Q9Y262-2	SE	
Q9Y264-2	SE,A5SS	
Q9Y265-2	SE,A5SS	
Q9Y272-2		identical exon structure
Q9Y274-2	SE	
Q9Y275-2	SE	
Q9Y275-3	SE,A5SS,AL	
Q9Y277-2	SE	
Q9Y279-2	A5SS,AL	
Q9Y279-3	SE	
Q9Y281-3	A3SS,AF	
Q9Y282-2		no Ensembl transcript
Q9Y282-3	SE	
Q9Y283-2	A5SS,A3SS,RI	
Q9Y283-3	SE,AL	
Q9Y285-2	SE	
Q9Y286-2	SE	
Q9Y286-3	SE,A5SS,AL	
Q9Y286-4	SE,A5SS	
Q9Y287-2	SE	
Q9Y296-2	A5SS,A3SS	
Q9Y297-2	SE	
Q9Y2A7-2	SE	
Q9Y2B0-2	A5SS,AL	
Q9Y2B2-2		no Ensembl transcript
Q9Y2B5-2		no Ensembl transcript
Q9Y2C4-2		no Ensembl transcript
Q9Y2C4-3		no Ensembl transcript
Q9Y2C4-4	SE	
Q9Y2C5-2	A3SS,AF	
Q9Y2C5-3	SE	
Q9Y2C5-4	SE,A5SS,A3SS,RI,AF,AL	
Q9Y2C9-2		no Ensembl transcript
Q9Y2D2-2	A3SS,AF	
Q9Y2D2-3	SE,A5SS	
Q9Y2D4-2		no Ensembl transcript
Q9Y2D5-3	SE,A3SS,AF	
Q9Y2D5-5	SE,MXE,AF	
Q9Y2D5-6	SE	
Q9Y2D5-7	SE,AF	
Q9Y2D5-8	SE,AL	
Q9Y2D5-9	SE,MXE,A3SS,AF,AL	
Q9Y2D8-2	SE,AL	
Q9Y2D8-3	A3SS,AF	
Q9Y2E4-2		no Ensembl transcript
Q9Y2E5-2		no Ensembl transcript
Q9Y2E6-2	A3SS,AF	
Q9Y2E8-2	A3SS	
Q9Y2F9-2	A3SS	
Q9Y2G0-2	A3SS,AF	
Q9Y2G0-3	A5SS,AL	
Q9Y2G1-2	SE,MXE,A3SS,AF	
Q9Y2G2-1		canonical and isoform share a transcript
Q9Y2G2-2		no Ensembl transcript
Q9Y2G2-3	SE,MXE,A5SS,A3SS,AL	
Q9Y2G2-4	A3SS	
Q9Y2G2-6	SE,AL	
Q9Y2G2-7		no Ensembl transcript
Q9Y2G4-1		canonical and isoform share a transcript
Q9Y2G4-3	SE,A5SS	
Q9Y2G4-4	SE,MXE,A5SS	
Q9Y2G5-1		canonical and isoform share a transcript
Q9Y2G5-2	A5SS,AL	
Q9Y2G8-2	A3SS,AF	
Q9Y2G9-3	SE,AF	
Q9Y2H0-1		identical exon structure
Q9Y2H0-3	SE,MXE,AF	
Q9Y2H1-2		no Ensembl transcript
Q9Y2H2-2	SE,AL	
Q9Y2H2-3	A5SS,AL	
Q9Y2H2-4	SE,AF	
Q9Y2H6-2	SE,AF	
Q9Y2I1-2		no Ensembl transcript
Q9Y2I1-3		no Ensembl transcript
Q9Y2I1-4	SE,AL	
Q9Y2I2-1		canonical and isoform share a transcript
Q9Y2I2-2	A5SS,AL	
Q9Y2I2-4	SE	
Q9Y2I2-5	SE	
Q9Y2I2-6	SE	
Q9Y2I6-2	SE	
Q9Y2I7-2	SE,A5SS,AL	
Q9Y2I7-3	SE,MXE,A5SS,AL	
Q9Y2I7-4	A5SS,AL	
Q9Y2I8-2	A3SS	
Q9Y2I8-3		no Ensembl transcript
Q9Y2I9-2	SE,AF	
Q9Y2I9-3		no Ensembl transcript
Q9Y2J0-2	SE	
Q9Y2J2-2	SE,A3SS	
Q9Y2J2-3		no Ensembl transcript
Q9Y2J2-4	SE,A3SS,AL	
Q9Y2J4-2	A3SS	
Q9Y2J4-3	A3SS	
Q9Y2J4-4	A3SS,AF	
Q9Y2J8-2	A5SS,AL	
Q9Y2K1-2	A5SS,AL	
Q9Y2K2-6		no Ensembl transcript
Q9Y2K2-7		no Ensembl transcript
Q9Y2K2-8	SE,MXE,A3SS	
Q9Y2K5-2		no Ensembl transcript
Q9Y2K5-3	SE,A3SS,AF	
Q9Y2K7-2		no Ensembl transcript
Q9Y2K7-3	A5SS,AL	
Q9Y2K7-4		no Ensembl transcript
Q9Y2K7-5	SE,AF	
Q9Y2K9-2	AL	
Q9Y2L1-2	SE,MXE	
Q9Y2L5-2		no Ensembl transcript
Q9Y2L6-2		no Ensembl transcript
Q9Y2L9-2	SE,AL	
Q9Y2L9-3	SE	
Q9Y2M0-2	A5SS,AL	
Q9Y2M2-1		no Ensembl transcript
Q9Y2M2-3	A3SS,AF	
Q9Y2M5-2		no Ensembl transcript
Q9Y2N7-2	SE,AF	
Q9Y2N7-3		no Ensembl transcript
Q9Y2N7-4		no Ensembl transcript
Q9Y2N7-5		no Ensembl transcript
Q9Y2N7-6		no Ensembl transcript
Q9Y2N7-7	SE,A3SS,AF	
Q9Y2P5-2	A5SS	
Q9Y2P7-2		canonical and isoform share a transcript
Q9Y2P8-2	A3SS,AF	
Q9Y2Q0-2	SE	
Q9Y2Q0-3	SE,MXE	
Q9Y2Q1-2		no Ensembl transcript
Q9Y2Q1-3		canonical and isoform share a transcript
Q9Y2Q1-4		no Ensembl transcript
Q9Y2Q3-2	A5SS,A3SS,RI	
Q9Y2Q3-3	SE	
Q9Y2Q3-4	SE	
Q9Y2Q5-2		identical exon structure
Q9Y2Q5-3	SE	
Q9Y2R2-2		no Ensembl transcript
Q9Y2R2-3		no Ensembl transcript
Q9Y2R2-4		no Ensembl transcript
Q9Y2R2-5	SE,A5SS,AL	
Q9Y2R2-6		no Ensembl transcript
Q9Y2S2-2	A3SS,AF	
Q9Y2T3-2	A3SS,AF	
Q9Y2T3-3	A5SS,AL	
Q9Y2T4-2	SE,AF	
Q9Y2T4-3	SE,AF	
Q9Y2T4-4	SE,AF	
Q9Y2U2-2	SE,AL	
Q9Y2U2-3	A5SS,AL	
Q9Y2U9-2	A5SS,AL	
Q9Y2V0-2	A3SS,AF	
Q9Y2V3-2	SE,A5SS	
Q9Y2V7-2	SE,AL	
Q9Y2V7-4	SE,A5SS,AL	
Q9Y2W6-3	A5SS,A3SS	
Q9Y2W7-2		no Ensembl transcript
Q9Y2W7-3	SE,AF	
Q9Y2X0-2	A5SS,AL	
Q9Y2X0-3	SE,A5SS,AL	
Q9Y2X0-4		no Ensembl transcript
Q9Y2X0-5		no Ensembl transcript
Q9Y2X7-2		no Ensembl transcript
Q9Y2X7-3	SE	
Q9Y2X9-2	A5SS,A3SS,RI	
Q9Y2Y0-2		no Ensembl transcript
Q9Y2Z0-2	SE	
Q9Y2Z2-2		no Ensembl transcript
Q9Y2Z2-3		no Ensembl transcript
Q9Y2Z2-4	SE	
Q9Y2Z2-5	A3SS,AF	
Q9Y2Z2-6	SE,MXE	
Q9Y2Z9-2	SE,A3SS,AF	
Q9Y2Z9-3	SE,AF	
Q9Y303-2	A5SS,A3SS,RI	
Q9Y303-3	A5SS,A3SS,RI,AL	
Q9Y305-2		no Ensembl transcript
Q9Y305-3	A3SS,AF	
Q9Y305-4	SE	
Q9Y316-2	SE	
Q9Y316-3	SE,AF	
Q9Y320-2	SE	
Q9Y334-2		no Ensembl transcript
Q9Y336-2	SE,AL	
Q9Y343-2	A5SS,AL	
Q9Y345-2		canonical and isoform share a transcript
Q9Y345-3		no Ensembl transcript
Q9Y371-2	SE	
Q9Y371-3	A3SS,AF	
Q9Y383-2	SE,AF	
Q9Y383-3	SE,AF	
Q9Y394-2	A3SS,AF	
Q9Y3A0-2		no Ensembl transcript
Q9Y3A2-2		no Ensembl transcript
Q9Y3A3-2	A3SS,AF	
Q9Y3A3-3	SE	
Q9Y3A6-2	SE,A5SS	
Q9Y3B1-2	SE	
Q9Y3B3-2	A5SS	
Q9Y3B7-2	A5SS	
Q9Y3B7-3	SE,AL	
Q9Y3B8-2		no Ensembl transcript
Q9Y3B8-3		no Ensembl transcript
Q9Y3C1-2		no Ensembl transcript
Q9Y3C1-3		identical exon structure
Q9Y3C4-2	A5SS	
Q9Y3C4-3	SE	
Q9Y3D3-2		no Ensembl transcript
Q9Y3D8-2	SE,AF	
Q9Y3E7-2	A3SS,AF	
Q9Y3E7-3	SE,AF	
Q9Y3E7-4	A5SS,A3SS	
Q9Y3F4-2	SE	
Q9Y3I1-2	SE,A3SS,AF	
Q9Y3I1-3	A3SS,AF	
Q9Y3L3-2	SE,AL	
Q9Y3M8-2	SE,AF	
Q9Y3M8-3	A3SS,AF	
Q9Y3M8-4		no Ensembl transcript
Q9Y3M8-5	A5SS,AL	
Q9Y3M9-2	SE	
Q9Y3P9-2	A5SS,A3SS,AF,AL	
Q9Y3P9-3		no Ensembl transcript
Q9Y3P9-4		no Ensembl transcript
Q9Y3Q0-2	SE,A5SS	
Q9Y3Q3-2	SE,AL	
Q9Y3Q7-2	SE	
Q9Y3Q7-3	A5SS,AL	
Q9Y3Q8-2	A3SS	
Q9Y3R0-2		canonical and isoform share a transcript
Q9Y3R0-3	SE	
Q9Y3R5-2		no Ensembl transcript
Q9Y3S1-2	SE,AL	
Q9Y3S1-3		no Ensembl transcript
Q9Y3S1-4		no Ensembl transcript
Q9Y3T6-3	A5SS,A3SS,RI	
Q9Y3V2-2	A5SS,AL	
Q9Y3V2-3	A5SS,AL	
Q9Y3V2-4	A5SS,AL	
Q9Y3Y2-3	A3SS	
Q9Y3Y2-4	SE	
Q9Y3Y4-2	SE,AF	
Q9Y3Z3-3	SE	
Q9Y3Z3-4	SE	
Q9Y421-2		no Ensembl transcript
Q9Y421-3	A3SS,AF	
Q9Y426-2	A3SS,AF	
Q9Y426-3		no Ensembl transcript
Q9Y442-2		no Ensembl transcript
Q9Y446-2	A3SS,AF	
Q9Y448-2	SE,AL	
Q9Y448-3	SE,A5SS,AL	
Q9Y450-2	SE,AL	
Q9Y450-4	SE	
Q9Y458-2		identical exon structure
Q9Y462-2		no Ensembl transcript
Q9Y462-3	SE	
Q9Y463-2	A3SS	
Q9Y463-3	A5SS,A3SS,RI	
Q9Y466-2	SE,AF	
Q9Y467-3	SE,A5SS,AF,AL	
Q9Y468-1		canonical and isoform share a transcript
Q9Y468-2	A5SS,A3SS,AL	
Q9Y468-3		no Ensembl transcript
Q9Y468-4	SE,AL	
Q9Y471-4		no Ensembl transcript
Q9Y483-2		no Ensembl transcript
Q9Y483-3	A3SS,AF	
Q9Y483-4	SE	
Q9Y484-2	A3SS	
Q9Y484-3	A3SS	
Q9Y490-2	SE	
Q9Y493-2		no Ensembl transcript
Q9Y493-3	A5SS,AL	
Q9Y493-4	SE,A5SS,AL	
Q9Y493-5	SE,A5SS,AL	
Q9Y493-6	SE,A5SS	
Q9Y493-7		no Ensembl transcript
Q9Y4A5-2	SE,A5SS	
Q9Y4B5-2	A3SS,AF	
Q9Y4B5-3	SE,A3SS,AF	
Q9Y4B5-4		no Ensembl transcript
Q9Y4B6-2	A5SS	
Q9Y4B6-3		no Ensembl transcript
Q9Y4C0-3		no Ensembl transcript
Q9Y4C0-4		no Ensembl transcript
Q9Y4C2-2	A5SS,AL	
Q9Y4C5-2		no Ensembl transcript
Q9Y4D1-2	SE	
Q9Y4D1-3		no Ensembl transcript
Q9Y4D7-2		no Ensembl transcript
Q9Y4D8-2		no Ensembl transcript
Q9Y4D8-3		no Ensembl transcript
Q9Y4D8-4		no Ensembl transcript
Q9Y4D8-5		no Ensembl transcript
Q9Y4E1-1		canonical and isoform share a transcript
Q9Y4E1-2		no Ensembl transcript
Q9Y4E1-3		no Ensembl transcript
Q9Y4E1-4	A3SS	
Q9Y4E1-5	SE,A3SS	
Q9Y4E1-6	SE,A3SS	
Q9Y4E5-2	SE	
Q9Y4E5-4	SE,AL	
Q9Y4E6-2	SE	
Q9Y4E8-2	SE	
Q9Y4E8-3		no Ensembl transcript
Q9Y4E8-4	SE,AL	
Q9Y4F1-2		no Ensembl transcript
Q9Y4F1-3	SE,AL	
Q9Y4F3-3		no Ensembl transcript
Q9Y4F3-4	A3SS	
Q9Y4F3-5	A3SS	
Q9Y4F3-6		no Ensembl transcript
Q9Y4F4-2		no Ensembl transcript
Q9Y4F4-3	SE,A5SS,AL	
Q9Y4F5-2	A3SS	
Q9Y4F5-3	A3SS,AF	
Q9Y4F9-2	SE,MXE,AL	
Q9Y4I1-2	SE	
Q9Y4I1-3	SE	
Q9Y4I5-2	A5SS,AL	
Q9Y4I5-3	SE,A5SS,AL	
Q9Y4J8-10	SE,MXE,A3SS,AF	
Q9Y4J8-11	SE,MXE,A3SS,AF	
Q9Y4J8-12	SE,MXE,AL	
Q9Y4J8-13	SE	
Q9Y4J8-14	SE,MXE	
Q9Y4J8-15	SE,AL	
Q9Y4J8-16	SE,MXE,AL	
Q9Y4J8-17	SE,MXE	
Q9Y4J8-2	SE	
Q9Y4J8-3	SE,MXE,AL	
Q9Y4J8-4	SE,MXE,AL	
Q9Y4J8-5	SE,MXE,AL	
Q9Y4J8-6	SE,A3SS,AF	
Q9Y4J8-7	SE,AL	
Q9Y4J8-8	SE,MXE,A3SS,AF,AL	
Q9Y4J8-9	SE,MXE,AL	
Q9Y4K1-2		no Ensembl transcript
Q9Y4L1-2		no Ensembl transcript
Q9Y4P1-2		no Ensembl transcript
Q9Y4P1-3		no Ensembl transcript
Q9Y4P1-4	A5SS,A3SS,AF	
Q9Y4P1-6	A5SS	
Q9Y4P8-2	SE,A5SS	
Q9Y4P8-3	A5SS,A3SS,AF	
Q9Y4P8-4	SE	
Q9Y4P8-5		no Ensembl transcript
Q9Y4P8-6	A5SS	
Q9Y4P9-2		no Ensembl transcript
Q9Y4R7-2	SE,A5SS,A3SS,AF,AL	
Q9Y4R7-5	A5SS,A3SS,AF,AL	
Q9Y4R7-6		no Ensembl transcript
Q9Y4W2-2	SE	
Q9Y4W2-3	SE	
Q9Y4W2-4	SE,A5SS,AL	
Q9Y4X0-2		no Ensembl transcript
Q9Y4X0-3	SE	
Q9Y4X0-4	A3SS	
Q9Y4X4-2		no Ensembl transcript
Q9Y4X4-3	A5SS,AL	
Q9Y4Y9-2	A3SS,AF	
Q9Y508-2		no Ensembl transcript
Q9Y520-2		no Ensembl transcript
Q9Y520-3		no Ensembl transcript
Q9Y520-4		no Ensembl transcript
Q9Y520-5		no Ensembl transcript
Q9Y520-6		no Ensembl transcript
Q9Y520-7		no Ensembl transcript
Q9Y535-2	SE	
Q9Y543-2	SE,AL	
Q9Y548-2	A3SS,AF	
Q9Y561-2	SE	
Q9Y566-2		no Ensembl transcript
Q9Y566-3	SE	
Q9Y570-2		no Ensembl transcript
Q9Y570-3		no Ensembl transcript
Q9Y570-4	A3SS	
Q9Y572-2		no Ensembl transcript
Q9Y572-3	A5SS,AL	
Q9Y573-2	A5SS,AL	
Q9Y574-2	A5SS,AL	
Q9Y575-2	A3SS,AF	
Q9Y575-3		identical exon structure
Q9Y577-2	A5SS,AL	
Q9Y587-2	SE,A5SS,AL	
Q9Y587-3	SE,MXE,AL	
Q9Y587-4	SE,A5SS,AL	
Q9Y592-2		no Ensembl transcript
Q9Y597-2	A3SS	
Q9Y597-3		no Ensembl transcript
Q9Y5A7-2	A5SS	
Q9Y5A9-2	A3SS,AF	
Q9Y5B0-4	SE,A5SS	
Q9Y5B6-2	SE,AL	
Q9Y5B6-3		no Ensembl transcript
Q9Y5B6-4	A5SS,AL	
Q9Y5B8-2	SE	
Q9Y5E9-2	A3SS	
Q9Y5F1-2	A3SS	
Q9Y5F2-2	A3SS	
Q9Y5F6-2	A5SS,AL	
Q9Y5F7-2	A5SS,AL	
Q9Y5F8-2	A5SS,AL	
Q9Y5F9-2	A5SS,AL	
Q9Y5G0-2	A5SS,AL	
Q9Y5G1-2	A5SS,AL	
Q9Y5G2-2	A5SS,AL	
Q9Y5G3-2	A5SS,AL	
Q9Y5G4-2	A5SS,AL	
Q9Y5G5-2	A5SS,AL	
Q9Y5G6-2	A5SS,AL	
Q9Y5G7-2	A5SS,AL	
Q9Y5G8-2	A5SS,AL	
Q9Y5G9-2	A5SS,AL	
Q9Y5H0-2	A5SS,AL	
Q9Y5H1-2	A5SS,AL	
Q9Y5H2-2	A5SS,AL	
Q9Y5H2-3	A5SS	
Q9Y5H3-2	A5SS,AL	
Q9Y5H4-2	A5SS,AL	
Q9Y5H5-2	A5SS,AL	
Q9Y5H6-2	A5SS,AL	
Q9Y5H7-2	A5SS,AL	
Q9Y5H7-3	A5SS,AL	
Q9Y5H8-2	A5SS,AL	
Q9Y5H9-2	A5SS,AL	
Q9Y5H9-3	SE,AL	
Q9Y5I0-2	A5SS,AL	
Q9Y5I1-2	A5SS,AL	
Q9Y5I2-2	A5SS	
Q9Y5I2-3	A5SS,AL	
Q9Y5I3-2	A5SS	
Q9Y5I3-3	A5SS,AL	
Q9Y5I4-2	A5SS,AL	
Q9Y5J3-2	A5SS	
Q9Y5K1-2	SE	
Q9Y5K2-2	SE,A5SS,A3SS,AF	
Q9Y5K3-2	A5SS,AL	
Q9Y5K3-3		no Ensembl transcript
Q9Y5K3-4	SE,AF	
Q9Y5K5-2	SE,A3SS,AL	
Q9Y5K5-3	A3SS	
Q9Y5K5-4	SE,A3SS,AL	
Q9Y5L0-1		no Ensembl transcript
Q9Y5L0-3	SE,AL	
Q9Y5L0-5	SE	
Q9Y5L3-2	A3SS	
Q9Y5L3-3		no Ensembl transcript
Q9Y5N1-2		no Ensembl transcript
Q9Y5N1-3		no Ensembl transcript
Q9Y5N1-4	A3SS	
Q9Y5N1-5		no Ensembl transcript
Q9Y5N1-6		no Ensembl transcript
Q9Y5N1-7		no Ensembl transcript
Q9Y5N5-2	SE	
Q9Y5P2-2	A5SS	
Q9Y5P2-3		no Ensembl transcript
Q9Y5P3-2	A5SS,A3SS,RI	
Q9Y5P4-2	SE	
Q9Y5P4-3	A3SS,AF	
Q9Y5P6-2	A5SS,A3SS,RI	
Q9Y5P8-2		no Ensembl transcript
Q9Y5Q5-2		no Ensembl transcript
Q9Y5Q8-2		no Ensembl transcript
Q9Y5Q8-3	SE	
Q9Y5Q9-2	A5SS,AL	
Q9Y5R5-2	SE,AL	
Q9Y5R5-3		no Ensembl transcript
Q9Y5R6-2		no Ensembl transcript
Q9Y5R6-3		no Ensembl transcript
Q9Y5S8-2		no Ensembl transcript
Q9Y5S8-3	SE	
Q9Y5S9-2	A3SS	
Q9Y5T5-2	A3SS	
Q9Y5T5-3		no Ensembl transcript
Q9Y5T5-4		no Ensembl transcript
Q9Y5T5-5		no Ensembl transcript
Q9Y5U2-2	A5SS,A3SS,RI	
Q9Y5U5-2	SE	
Q9Y5U5-3	A5SS	
Q9Y5V3-2	SE	
Q9Y5W7-2	SE	
Q9Y5W7-3	A3SS,AF	
Q9Y5W7-4	SE	
Q9Y5W8-2	A3SS	
Q9Y5W9-2	SE,AF	
Q9Y5X0-2	A3SS,AF	
Q9Y5X3-2	A5SS,AL	
Q9Y5X4-2	A5SS,AL	
Q9Y5X5-2		no Ensembl transcript
Q9Y5X5-3		no Ensembl transcript
Q9Y5X5-4		no Ensembl transcript
Q9Y5X9-2	A5SS,AL	
Q9Y5Y0-2		no Ensembl transcript
Q9Y5Y5-2	SE,AL	
Q9Y5Z0-2	SE	
Q9Y5Z0-3	SE,A5SS	
Q9Y5Z0-4		no Ensembl transcript
Q9Y5Z0-5		no Ensembl transcript
Q9Y5Z4-2		no Ensembl transcript
Q9Y5Z7-2	SE,A5SS,AL	
Q9Y5Z9-2	SE,AL	
Q9Y600-2	SE	
Q9Y600-3	A3SS,AF	
Q9Y603-2	AF	
Q9Y603-3	A3SS,AF	
Q9Y603-4	SE	
Q9Y603-5	SE,AL	
Q9Y603-6	SE,AL	
Q9Y603-7	SE	
Q9Y603-8	A3SS,AF	
Q9Y606-2	A3SS,AF	
Q9Y608-2	SE	
Q9Y608-3		no Ensembl transcript
Q9Y608-4	SE	
Q9Y608-5	SE	
Q9Y616-2	SE	
Q9Y617-2	SE	
Q9Y618-2		no Ensembl transcript
Q9Y618-4		no Ensembl transcript
Q9Y618-5		no Ensembl transcript
Q9Y620-2	SE,AL	
Q9Y624-2	SE	
Q9Y639-1		identical exon structure
Q9Y639-3	A3SS	
Q9Y639-4		no Ensembl transcript
Q9Y639-5	SE,A3SS	
Q9Y653-2	A3SS	
Q9Y653-3	A3SS	
Q9Y653-4		identical exon structure
Q9Y653-5	A3SS	
Q9Y664-2		no Ensembl transcript
Q9Y666-2		no Ensembl transcript
Q9Y673-2	SE,A3SS	
Q9Y679-3	SE,AL	
Q9Y680-1		identical exon structure
Q9Y680-3	SE,AL	
Q9Y689-2	A3SS,AF	
Q9Y692-2	A3SS	
Q9Y694-2	SE	
Q9Y694-3	SE,A5SS,AL	
Q9Y694-4		no Ensembl transcript
Q9Y697-2	A3SS,AF	
Q9Y697-3	SE	
Q9Y6A1-2	A5SS	
Q9Y6A1-3	A5SS,A3SS,AF	
Q9Y6A1-4	A5SS,A3SS,AF	
Q9Y6A2-2	A3SS,AF	
Q9Y6A2-3		no Ensembl transcript
Q9Y6B2-2		no Ensembl transcript
Q9Y6B7-2		no Ensembl transcript
Q9Y6C2-2	AF	
Q9Y6C5-2	A5SS,AL	
Q9Y6D9-3	SE,A3SS,AF	
Q9Y6D9-4	SE	
Q9Y6E0-2	SE,AF	
Q9Y6E2-2	A5SS,AL	
Q9Y6F1-2		no Ensembl transcript
Q9Y6F6-1		no Ensembl transcript
Q9Y6F6-2		no Ensembl transcript
Q9Y6F6-3		no Ensembl transcript
Q9Y6F6-4		no Ensembl transcript
Q9Y6F6-5		canonical and isoform share a transcript
Q9Y6F6-6	A3SS,AF	
Q9Y6F6-7	A3SS,AF	
Q9Y6F6-8	SE,A3SS,AF	
Q9Y6F8-2	A5SS,AL	
Q9Y6H5-2	SE,A5SS	
Q9Y6H5-3	SE,A5SS	
Q9Y6H5-4	SE	
Q9Y6H5-5	SE	
Q9Y6H5-6	SE,AL	
Q9Y6I3-1		canonical and isoform share a transcript
Q9Y6I3-3	A3SS,AF	
Q9Y6I4-2	SE	
Q9Y6I7-2	SE	
Q9Y6I7-3	SE,AL	
Q9Y6I7-4		no Ensembl transcript
Q9Y6I8-2	SE,A5SS	
Q9Y6J0-2	SE,A5SS	
Q9Y6J8-2		no Ensembl transcript
Q9Y6J8-3		no Ensembl transcript
Q9Y6J8-4	SE	
Q9Y6J8-5		no Ensembl transcript
Q9Y6K1-2	SE,AF	
Q9Y6K1-3	A5SS,AL	
Q9Y6K8-2		no Ensembl transcript
Q9Y6K8-3	A3SS,AF	
Q9Y6K9-2	A3SS,AF	
Q9Y6K9-3	SE	
Q9Y6M0-2		canonical and isoform share a transcript
Q9Y6M0-3	A5SS	
Q9Y6M1-1		canonical and isoform share a transcript
Q9Y6M1-3	SE,AF	
Q9Y6M1-4	SE,AF	
Q9Y6M1-5	SE,AF	
Q9Y6M1-6		no Ensembl transcript
Q9Y6M4-2	SE	
Q9Y6M4-3	SE,MXE	
Q9Y6M4-4	SE,MXE,A3SS	
Q9Y6M4-5	SE,MXE,A3SS,AF	
Q9Y6M4-6	SE,MXE,A3SS,AF	
Q9Y6M7-10	SE,A5SS,AF,AL	
Q9Y6M7-11	SE,A5SS,AF,AL	
Q9Y6M7-12	SE,A5SS,AF	
Q9Y6M7-13	SE,MXE,AF	
Q9Y6M7-14	SE,A5SS,AF,AL	
Q9Y6M7-2	SE	
Q9Y6M7-3		no Ensembl transcript
Q9Y6M7-4		no Ensembl transcript
Q9Y6M7-5		no Ensembl transcript
Q9Y6M7-6	SE,MXE,AF	
Q9Y6M7-7	SE,MXE,AF	
Q9Y6M7-8	SE,MXE,A5SS,AF	
Q9Y6M7-9	SE,AF	
Q9Y6N1-2	SE,AL	
Q9Y6N7-2		no Ensembl transcript
Q9Y6N7-3		no Ensembl transcript
Q9Y6N7-4		no Ensembl transcript
Q9Y6N7-5	SE,MXE,AF	
Q9Y6N7-6	SE,MXE,A3SS,AF	
Q9Y6N9-2	A3SS,AF	
Q9Y6N9-3	A5SS,AL	
Q9Y6N9-4	SE	
Q9Y6N9-5	SE,MXE,A5SS	
Q9Y6P5-2	SE,AF	
Q9Y6P5-3	A3SS,AF	
Q9Y6Q2-2	SE,AL	
Q9Y6Q2-3	SE,AL	
Q9Y6Q3-2	A3SS	
Q9Y6Q3-3	A3SS	
Q9Y6Q5-2	A3SS	
Q9Y6Q6-2	SE	
Q9Y6Q6-3	SE	
Q9Y6Q6-4		canonical and isoform share a transcript
Q9Y6Q6-5		no Ensembl transcript
Q9Y6Q6-6	A3SS	
Q9Y6Q9-2		no Ensembl transcript
Q9Y6Q9-3	A5SS,A3SS	
Q9Y6Q9-4		no Ensembl transcript
Q9Y6Q9-5	A5SS	
Q9Y6R1-2	A3SS,AF	
Q9Y6R1-3	A5SS,A3SS,AF,AL	
Q9Y6R1-4	SE	
Q9Y6R1-5	SE,A5SS,AL	
Q9Y6R4-2	SE	
Q9Y6R9-2	SE	
Q9Y6S9-2	SE,A5SS,AL	
Q9Y6S9-4		no Ensembl transcript
Q9Y6T7-2	A5SS,AL	
Q9Y6U3-2	SE,A5SS,AL	
Q9Y6U3-3	A3SS,AF	
Q9Y6V0-3		no Ensembl transcript
Q9Y6V0-6	A5SS,AL	
Q9Y6V7-2		no Ensembl transcript
Q9Y6W5-2	SE,A5SS	
Q9Y6W6-2		no Ensembl transcript
Q9Y6W8-2	SE,A5SS	
Q9Y6X0-2	SE,AL	
Q9Y6X3-2		no Ensembl transcript
Q9Y6X3-3		no Ensembl transcript
Q9Y6X4-2	SE,A5SS,AL	
Q9Y6X6-2		no Ensembl transcript
Q9Y6X6-3	SE,AL	
Q9Y6X6-4		no Ensembl transcript
Q9Y6X9-2	A3SS,AF	
Q9Y6Y1-2		no Ensembl transcript
Q9Y6Y1-3	SE,AL	
Q9Y6Y1-4	SE,AL	
Q9Y6Y8-2		no Ensembl transcript
Q9Y6Y9-2	SE	
Q9Y6Z4-2		no Ensembl transcript
Q9Y6Z5-2		no Ensembl transcript
W5XKT8-2		no Ensembl transcript
W5XKT8-3		no Ensembl transcript
